level	page_num	block_num	par_num	line_num	word_num	left	top	width	height	conf	text
1	1	0	0	0	0	0	0	360	27017	-1	
2	1	1	0	0	0	0	9	333	26934	-1	
3	1	1	1	0	0	0	9	333	26934	-1	
4	1	1	1	1	0	8	9	325	16	-1	
5	1	1	1	1	1	8	14	1	11	95.090530	1
5	1	1	1	1	2	87	10	8	10	91.531685	规模
5	1	1	1	1	3	127	20	1	4	75.134445	!
5	1	1	1	1	4	178	9	25	15	89.079353	工业
5	1	1	1	1	5	246	11	41	13	46.774860	V3
5	1	1	1	1	6	332	19	1	4	0.000000	;
4	1	1	1	2	0	4	211	42	12	-1	
5	1	1	1	2	1	4	211	12	12	91.838165	总
5	1	1	1	2	2	34	211	12	12	91.838165	计
4	1	1	1	3	0	4	243	40	12	-1	
5	1	1	1	3	1	4	243	40	12	80.524200	采矿
5	1	1	1	3	2	36	239	12	24	92.317413	业
4	1	1	1	4	0	4	275	102	12	-1	
5	1	1	1	4	1	4	275	102	12	37.384377	煤炭
5	1	1	1	4	2	33	271	24	24	95.259354	开采
5	1	1	1	4	3	57	271	14	24	93.305702	和
5	1	1	1	4	4	70	271	19	24	85.827522	洗
5	1	1	1	4	5	88	271	13	24	92.800110	选
5	1	1	1	4	6	100	271	10	24	91.380035	业
4	1	1	1	5	0	18	307	128	12	-1	
5	1	1	1	5	1	18	303	29	24	95.169617	烟煤
5	1	1	1	5	2	47	307	8	12	96.708687	和
5	1	1	1	5	3	60	308	8	11	90.132065	无
5	1	1	1	5	4	75	307	19	12	90.849625	烟煤
5	1	1	1	5	5	101	307	19	12	93.264465	开采
5	1	1	1	5	6	125	307	8	12	84.737595	洗
5	1	1	1	5	7	140	307	6	12	92.691406	选
4	1	1	1	6	0	18	339	76	12	-1	
5	1	1	1	6	1	18	339	76	12	28.343639	RARE
4	1	1	1	7	0	18	371	76	12	-1	
5	1	1	1	7	1	18	371	76	12	36.166084	SERIA
4	1	1	1	8	0	4	403	115	12	-1	
5	1	1	1	8	1	4	403	115	12	81.655128	石油
5	1	1	1	8	2	34	399	11	24	96.599396	和
5	1	1	1	8	3	45	399	15	24	92.346550	天
5	1	1	1	8	4	60	399	15	24	0.000000	然
5	1	1	1	8	5	75	399	12	24	93.061897	气
5	1	1	1	8	6	87	399	23	24	92.895706	开采
5	1	1	1	8	7	109	399	14	24	86.719215	业
4	1	1	1	9	0	18	435	50	12	-1	
5	1	1	1	9	1	18	435	24	12	84.546135	石油
5	1	1	1	9	2	48	435	20	12	95.846420	开采
4	1	1	1	10	0	32	467	76	12	-1	
5	1	1	1	10	1	32	467	24	12	96.644753	陆地
5	1	1	1	10	2	62	463	26	24	93.444267	石油
5	1	1	1	10	3	88	467	20	12	72.622963	开采
4	1	1	1	11	0	32	499	76	12	-1	
5	1	1	1	11	1	32	499	32	12	96.563629	海洋
5	1	1	1	11	2	71	495	17	24	96.212822	石油
5	1	1	1	11	3	88	499	20	12	83.748756	开采
4	1	1	1	12	0	18	531	63	12	-1	
5	1	1	1	12	1	18	531	63	12	91.629753	天
5	1	1	1	12	2	35	527	15	24	25.519314	然
5	1	1	1	12	3	50	527	11	24	93.127365	气
5	1	1	1	12	4	60	531	21	12	92.420326	开采
4	1	1	1	13	0	32	563	89	12	-1	
5	1	1	1	13	1	32	563	89	12	96.274452	陆地
5	1	1	1	13	2	59	559	16	24	92.794479	天
5	1	1	1	13	3	74	559	16	24	74.838402	然
5	1	1	1	13	4	89	559	13	24	93.264587	气
5	1	1	1	13	5	101	559	23	24	95.144958	开采
4	1	1	1	14	0	32	595	141	12	-1	
5	1	1	1	14	1	32	595	24	12	96.522957	海洋
5	1	1	1	14	2	61	596	8	11	92.849892	天
5	1	1	1	14	3	76	595	14	12	86.855881	然
5	1	1	1	14	4	89	591	13	24	93.189598	气
5	1	1	1	14	5	101	596	7	11	96.246117	及
5	1	1	1	14	6	112	596	9	11	93.211647	可
5	1	1	1	14	7	125	595	9	12	5.269079	燃
5	1	1	1	14	8	139	595	8	12	27.747856	冰
5	1	1	1	14	9	151	595	22	12	87.693611	开采
4	1	1	1	15	0	4	626	102	13	-1	
5	1	1	1	15	1	4	627	32	12	84.497444	黑色
5	1	1	1	15	2	43	626	20	13	91.773117	金属
5	1	1	1	15	3	62	622	10	25	90.005943	矿
5	1	1	1	15	4	71	627	17	12	88.897491	采
5	1	1	1	15	5	87	622	13	25	73.252350	选
5	1	1	1	15	6	100	627	6	12	89.488106	业
4	1	1	1	16	0	18	659	50	12	-1	
5	1	1	1	16	1	18	659	50	12	50.376740	铁
5	1	1	1	16	2	35	655	12	24	90.924103	矿
5	1	1	1	16	3	47	659	14	12	83.200562	采
5	1	1	1	16	4	60	655	11	24	71.602928	选
4	1	1	1	17	0	18	691	89	12	-1	
5	1	1	1	17	1	18	691	89	12	21.001152	jail
5	1	1	1	17	2	48	687	2	24	12.421045	s
5	1	1	1	17	3	58	687	22	24	31.645460	Har
5	1	1	1	17	4	84	691	23	12	20.785618	Sei
4	1	1	1	18	0	18	722	115	13	-1	
5	1	1	1	18	1	18	723	11	12	96.940514	其
5	1	1	1	18	2	35	723	7	12	96.932190	他
5	1	1	1	18	3	48	723	20	12	95.508263	黑色
5	1	1	1	18	4	74	722	28	13	92.831940	金属
5	1	1	1	18	5	101	718	12	25	68.700661	矿
5	1	1	1	18	6	112	723	8	12	92.965546	采
5	1	1	1	18	7	126	723	7	12	54.009026	选
4	1	1	1	19	0	4	754	102	13	-1	
5	1	1	1	19	1	4	755	11	12	89.486099	有
5	1	1	1	19	2	17	755	11	12	90.183174	色
5	1	1	1	19	3	34	754	15	13	85.904015	金
5	1	1	1	19	4	56	755	7	12	93.228821	属
5	1	1	1	19	5	62	750	10	25	68.831886	矿
5	1	1	1	19	6	71	755	9	12	85.321365	采
5	1	1	1	19	7	85	755	8	12	47.862782	选
5	1	1	1	19	8	100	755	6	12	89.899780	业
4	1	1	1	20	0	18	786	115	13	-1	
5	1	1	1	20	1	18	786	115	13	94.610504	常用
5	1	1	1	20	2	46	782	12	25	93.282791	有
5	1	1	1	20	3	57	782	18	25	91.528633	色
5	1	1	1	20	4	74	782	15	25	88.801506	金
5	1	1	1	20	5	89	782	13	25	92.971863	属
5	1	1	1	20	6	101	782	12	25	56.390953	矿
5	1	1	1	20	7	112	782	15	25	93.076736	采
5	1	1	1	20	8	126	782	10	25	63.220779	选
4	1	1	1	21	0	32	819	50	12	-1	
5	1	1	1	21	1	32	815	18	24	40.691257	ia
5	1	1	1	21	2	62	815	20	24	23.477989	RIA
4	1	1	1	22	0	32	851	63	12	-1	
5	1	1	1	22	1	32	847	32	24	31.455666	HARA
5	1	1	1	22	2	72	847	23	24	27.342037	SR
4	1	1	1	23	0	32	883	63	12	-1	
5	1	1	1	23	1	32	879	30	24	4.334278	REAR
5	1	1	1	23	2	72	883	23	12	33.983170	SR
4	1	1	1	24	0	32	915	50	12	-1	
5	1	1	1	24	1	32	915	20	12	23.883015	PW
5	1	1	1	24	2	60	911	22	24	46.238785	RIE
4	1	1	1	25	0	32	947	50	12	-1	
5	1	1	1	25	1	32	943	20	24	24.132166	Pha
5	1	1	1	25	2	62	943	20	24	47.870560	RIE
4	1	1	1	26	0	32	979	50	12	-1	
5	1	1	1	26	1	28	975	24	24	27.963390	HAW
5	1	1	1	26	2	60	975	22	24	48.398125	RIE
4	1	1	1	27	0	32	1011	50	12	-1	
5	1	1	1	27	1	32	1011	50	12	47.369080	RRA
4	1	1	1	28	0	32	1042	141	13	-1	
5	1	1	1	28	1	32	1043	11	12	96.940895	其
5	1	1	1	28	2	49	1043	15	12	96.945312	他
5	1	1	1	28	3	71	1038	17	25	96.356956	常用
5	1	1	1	28	4	87	1043	8	12	93.291229	有
5	1	1	1	28	5	98	1043	18	12	93.041504	色
5	1	1	1	28	6	123	1042	20	13	85.666298	金属
5	1	1	1	28	7	142	1038	11	25	85.314850	矿
5	1	1	1	28	8	153	1043	7	12	93.150818	采
5	1	1	1	28	9	165	1043	8	12	89.682831	选
4	1	1	1	29	0	18	1075	76	13	-1	
5	1	1	1	29	1	18	1075	76	13	93.046120	贵金属
5	1	1	1	29	2	62	1071	12	25	72.086006	矿
5	1	1	1	29	3	73	1071	15	25	93.036034	采
5	1	1	1	29	4	87	1071	10	25	91.680336	选
4	1	1	1	30	0	32	1107	50	12	-1	
5	1	1	1	30	1	32	1107	22	12	55.824448	BT
5	1	1	1	30	2	60	1107	22	12	53.776531	RR
4	1	1	1	31	0	32	1139	50	12	-1	
5	1	1	1	31	1	32	1139	20	12	54.204254	RA
5	1	1	1	31	2	60	1135	22	24	0.000000	SRI
4	1	1	1	32	0	18	1170	115	14	-1	
5	1	1	1	32	1	18	1171	24	12	89.884415	稀有
5	1	1	1	32	2	46	1171	30	13	34.321018	稀土
5	1	1	1	32	3	75	1166	13	26	63.614159	全
5	1	1	1	32	4	87	1170	15	13	65.869446	属
5	1	1	1	32	5	101	1166	11	26	72.505714	矿
5	1	1	1	32	6	111	1171	9	12	86.169891	采
5	1	1	1	32	7	124	1171	9	12	64.479141	先
4	1	1	1	33	0	32	1203	63	12	-1	
5	1	1	1	33	1	32	1203	63	12	0.000000	移
5	1	1	1	33	2	49	1199	14	24	0.000000	钼
5	1	1	1	33	3	62	1199	13	24	87.345375	矿
5	1	1	1	33	4	74	1199	14	24	77.279289	采
5	1	1	1	33	5	88	1199	11	24	85.471565	选
4	1	1	1	34	0	32	1235	89	12	-1	
5	1	1	1	34	1	32	1235	89	12	0.000000	LSE
5	1	1	1	34	2	100	1231	24	24	48.726765	RA
4	1	1	1	35	0	4	1267	89	12	-1	
5	1	1	1	35	1	4	1267	20	12	92.280144	非
5	1	1	1	35	2	30	1267	63	12	93.197655	金属
5	1	1	1	35	3	49	1263	11	24	75.655693	矿
5	1	1	1	35	4	60	1263	15	24	92.020302	采
5	1	1	1	35	5	75	1263	12	24	89.784088	选
5	1	1	1	35	6	87	1263	9	24	92.047371	业
4	1	1	1	36	0	18	1299	63	12	-1	
5	1	1	1	36	1	18	1299	63	12	48.748512	土
5	1	1	1	36	2	36	1295	13	24	41.102032	砂
5	1	1	1	36	3	48	1295	14	24	83.787567	石
5	1	1	1	36	4	62	1299	19	12	91.623810	开采
4	1	1	1	37	0	32	1331	102	12	-1	
5	1	1	1	37	1	32	1331	45	12	68.882439	BRA.
5	1	1	1	37	2	86	1331	48	12	26.613827	BERR
4	1	1	1	38	0	32	1363	102	12	-1	
5	1	1	1	38	1	32	1363	24	12	96.426170	建筑
5	1	1	1	38	2	62	1363	28	12	91.586586	装饰
5	1	1	1	38	3	97	1364	6	11	92.919571	用
5	1	1	1	38	4	103	1359	12	24	92.705238	石
5	1	1	1	38	5	115	1364	6	11	92.878128	开
5	1	1	1	38	6	125	1363	9	12	75.123085	采
4	1	1	1	39	0	32	1395	76	12	-1	
5	1	1	1	39	1	32	1395	76	12	83.222168	耐火
5	1	1	1	39	2	62	1391	16	24	80.103607	土
5	1	1	1	39	3	77	1391	11	24	92.365608	石
5	1	1	1	39	4	88	1395	20	12	74.407234	开采
4	1	1	1	40	0	32	1427	128	13	-1	
5	1	1	1	40	1	32	1423	31	25	96.127594	粘土
5	1	1	1	40	2	62	1428	7	11	96.822342	及
5	1	1	1	40	3	74	1427	8	12	96.791916	其
5	1	1	1	40	4	88	1427	7	13	92.890999	他
5	1	1	1	40	5	101	1427	15	12	83.963631	土
5	1	1	1	40	6	123	1428	7	11	92.701241	砂
5	1	1	1	40	7	129	1423	12	25	92.336678	石
5	1	1	1	40	8	140	1427	20	12	91.573135	开采
4	1	1	1	41	0	18	1459	63	12	-1	
5	1	1	1	41	1	18	1459	63	12	95.188728	化
5	1	1	1	41	2	35	1455	15	24	92.106369	学
5	1	1	1	41	3	50	1455	11	24	90.172699	矿
5	1	1	1	41	4	60	1455	11	24	92.547729	开
5	1	1	1	41	5	71	1455	14	24	81.235146	采
4	1	1	1	42	0	18	1491	24	12	-1	
5	1	1	1	42	1	18	1491	24	12	86.930435	采
5	1	1	1	42	2	33	1487	13	24	88.512611	盐
4	1	1	1	43	0	18	1522	141	13	-1	
5	1	1	1	43	1	18	1523	24	12	80.269814	石棉
5	1	1	1	43	2	48	1524	7	11	96.859344	及
5	1	1	1	43	3	60	1523	8	12	96.932816	其
5	1	1	1	43	4	74	1523	15	12	93.098640	他
5	1	1	1	43	5	96	1523	8	12	0.000000	非
5	1	1	1	43	6	109	1522	20	13	93.228745	金属
5	1	1	1	43	7	128	1518	11	25	85.393723	矿
5	1	1	1	43	8	139	1523	7	12	92.914070	采
5	1	1	1	43	9	151	1523	8	12	91.614861	选
4	1	1	1	44	0	32	1555	102	12	-1	
5	1	1	1	44	1	32	1555	102	12	88.803749	石棉
5	1	1	1	44	2	61	1551	14	24	91.907227	、
5	1	1	1	44	3	74	1551	16	24	89.096138	云
5	1	1	1	44	4	89	1551	14	24	89.421463	母
5	1	1	1	44	5	103	1551	11	24	81.280685	矿
5	1	1	1	44	6	113	1551	14	24	79.109810	采
5	1	1	1	44	7	127	1551	11	24	84.412582	选
4	1	1	1	45	0	32	1586	89	13	-1	
5	1	1	1	45	1	32	1586	89	13	47.187790	石墨
5	1	1	1	45	2	62	1582	12	25	91.906555	、
5	1	1	1	45	3	73	1582	16	25	75.472778	滑
5	1	1	1	45	4	88	1582	12	25	92.106728	石
5	1	1	1	45	5	99	1582	15	25	86.353836	采
5	1	1	1	45	6	113	1582	12	25	62.491074	选
4	1	1	1	46	0	32	1618	141	13	-1	
5	1	1	1	46	1	32	1619	11	12	96.923431	其
5	1	1	1	46	2	49	1619	7	12	96.986229	他
5	1	1	1	46	3	62	1619	15	12	93.276184	未
5	1	1	1	46	4	76	1614	13	25	93.040573	列
5	1	1	1	46	5	88	1619	15	12	93.210159	明
5	1	1	1	46	6	110	1619	8	12	67.046402	非
5	1	1	1	46	7	123	1618	20	13	93.244598	金属
5	1	1	1	46	8	142	1614	11	25	79.219589	矿
5	1	1	1	46	9	153	1619	7	12	92.861778	采
5	1	1	1	46	10	165	1619	8	12	91.330986	选
4	1	1	1	47	0	4	1651	128	12	-1	
5	1	1	1	47	1	4	1651	24	12	94.515472	开采
5	1	1	1	47	2	34	1651	20	12	95.783501	专业
5	1	1	1	47	3	58	1652	9	11	93.842781	及
5	1	1	1	47	4	73	1651	28	12	95.184395	辅助
5	1	1	1	47	5	100	1647	13	24	96.252449	性
5	1	1	1	47	6	112	1651	20	12	96.749283	活动
4	1	1	1	48	0	18	1683	193	12	-1	
5	1	1	1	48	1	18	1683	24	12	41.515846	煤炭
5	1	1	1	48	2	47	1683	21	12	95.356865	开采
5	1	1	1	48	3	71	1683	10	12	93.304871	和
5	1	1	1	48	4	84	1683	19	12	80.918327	洗
5	1	1	1	48	5	109	1683	7	12	92.776474	选
5	1	1	1	48	6	116	1679	17	24	96.514832	专业
5	1	1	1	48	7	137	1684	9	11	93.785027	及
5	1	1	1	48	8	152	1679	27	24	96.041481	辅助
5	1	1	1	48	9	179	1683	6	12	96.985603	性
5	1	1	1	48	10	191	1683	20	12	95.574112	活动
4	1	1	1	49	0	18	1715	206	12	-1	
5	1	1	1	49	1	18	1711	31	24	86.408501	石油
5	1	1	1	49	2	48	1715	7	12	96.545166	和
5	1	1	1	49	3	57	1716	11	11	91.553635	天
5	1	1	1	49	4	74	1715	15	12	0.000000	然
5	1	1	1	49	5	89	1711	12	24	93.192650	气
5	1	1	1	49	6	101	1715	19	12	96.573463	开采
5	1	1	1	49	7	126	1715	20	12	96.787079	专业
5	1	1	1	49	8	150	1716	9	11	95.476692	及
5	1	1	1	49	9	165	1715	28	12	95.739609	辅助
5	1	1	1	49	10	192	1711	13	24	95.908562	性
5	1	1	1	49	11	204	1715	20	12	96.848686	活动
4	1	1	1	50	0	18	1747	154	13	-1	
5	1	1	1	50	1	18	1747	11	12	96.942200	其
5	1	1	1	50	2	35	1747	7	12	96.993538	他
5	1	1	1	50	3	46	1747	22	12	96.272644	开采
5	1	1	1	50	4	73	1747	21	12	95.781754	专业
5	1	1	1	50	5	98	1748	9	11	95.382889	及
5	1	1	1	50	6	114	1747	27	13	96.267204	辅助
5	1	1	1	50	7	140	1743	12	25	95.881805	性
5	1	1	1	50	8	151	1747	21	12	96.728378	活动
4	1	1	1	51	0	0	1779	67	12	-1	
5	1	1	1	51	1	0	1779	67	12	96.935555	其
5	1	1	1	51	2	21	1775	11	24	96.191078	他
5	1	1	1	51	3	31	1775	14	24	68.968796	条
5	1	1	1	51	4	45	1779	22	12	83.034378	矿业
4	1	1	1	52	0	4	1843	89	12	-1	
5	1	1	1	52	1	4	1843	11	12	87.105331	农
5	1	1	1	52	2	17	1843	76	12	93.094368	副食
5	1	1	1	52	3	48	1839	14	24	92.697708	品
5	1	1	1	52	4	61	1839	13	24	95.657776	加
5	1	1	1	52	5	73	1839	23	24	96.537636	工业
4	1	1	1	53	0	18	1875	50	12	-1	
5	1	1	1	53	1	18	1875	50	12	92.385521	谷物
5	1	1	1	53	2	50	1871	12	24	63.667786	磨
5	1	1	1	53	3	62	1871	9	24	93.018684	制
4	1	1	1	54	0	32	1907	50	12	-1	
5	1	1	1	54	1	32	1907	24	12	27.682333	稻谷
5	1	1	1	54	2	62	1907	7	12	92.901588	加
5	1	1	1	54	3	74	1908	8	11	91.504509	工
4	1	1	1	55	0	32	1939	50	12	-1	
5	1	1	1	55	1	32	1939	50	12	0.000000	hemT
4	1	1	1	56	0	32	1971	50	12	-1	
5	1	1	1	56	1	32	1971	24	12	91.964684	玉米
5	1	1	1	56	2	62	1971	7	12	93.065521	加
5	1	1	1	56	3	74	1972	8	11	88.435196	工
4	1	1	1	57	0	32	2003	50	12	-1	
5	1	1	1	57	1	32	2003	24	12	94.436836	杂粮
5	1	1	1	57	2	61	2003	8	12	92.945869	加
5	1	1	1	57	3	74	2004	8	11	85.223343	工
4	1	1	1	58	0	32	2035	76	12	-1	
5	1	1	1	58	1	32	2035	11	12	96.919258	其
5	1	1	1	58	2	49	2035	7	12	96.294975	他
5	1	1	1	58	3	58	2035	50	12	93.124802	谷物
5	1	1	1	58	4	89	2031	14	24	68.485588	磨
5	1	1	1	58	5	103	2031	9	24	92.946365	制
4	1	1	1	59	0	18	2067	50	12	-1	
5	1	1	1	59	1	18	2063	31	24	29.382797	饲料
5	1	1	1	59	2	48	2067	7	12	92.659439	加
5	1	1	1	59	3	60	2068	8	11	92.631210	工
4	1	1	1	60	0	32	2099	76	12	-1	
5	1	1	1	60	1	32	2099	76	12	72.820229	宠物
5	1	1	1	60	2	64	2095	14	24	0.000000	词
5	1	1	1	60	3	77	2095	13	24	93.189293	料
5	1	1	1	60	4	89	2095	11	24	93.274376	加
5	1	1	1	60	5	100	2095	12	24	92.764709	工
4	1	1	1	61	0	32	2131	76	13	-1	
5	1	1	1	61	1	32	2131	11	12	95.650475	其
5	1	1	1	61	2	49	2131	15	13	96.850250	他
5	1	1	1	61	3	71	2131	37	12	81.020081	饲料
5	1	1	1	61	4	88	2127	14	25	93.050514	加
5	1	1	1	61	5	101	2127	10	25	92.048325	工
4	1	1	1	62	0	18	2163	63	12	-1	
5	1	1	1	62	1	18	2163	63	12	93.291000	植物
5	1	1	1	62	2	50	2159	12	24	93.082253	油
5	1	1	1	62	3	62	2159	12	24	91.596733	加
5	1	1	1	62	4	74	2159	11	24	90.660187	工
4	1	1	1	63	0	32	2195	89	12	-1	
5	1	1	1	63	1	32	2195	23	12	93.575287	食用
5	1	1	1	63	2	62	2195	28	12	93.187508	植物
5	1	1	1	63	3	89	2191	13	24	92.668953	油
5	1	1	1	63	4	101	2195	7	12	93.238976	加
5	1	1	1	63	5	113	2196	8	11	90.357376	工
4	1	1	1	64	0	32	2227	102	13	-1	
5	1	1	1	64	1	32	2227	19	12	92.064209	非
5	1	1	1	64	2	50	2223	18	24	90.896477	食用
5	1	1	1	64	3	76	2227	27	12	93.292839	植物
5	1	1	1	64	4	103	2223	12	24	93.127518	油
5	1	1	1	64	5	115	2227	6	12	93.156654	加
5	1	1	1	64	6	127	2228	7	12	92.462250	工
4	1	1	1	65	0	18	2259	37	12	-1	
5	1	1	1	65	1	18	2259	19	12	90.954247	制
5	1	1	1	65	2	36	2255	13	24	46.229023	糖
5	1	1	1	65	3	48	2259	7	12	78.934319	业
4	1	1	1	66	0	18	2291	89	12	-1	
5	1	1	1	66	1	18	2291	89	12	39.890930	屠宰
5	1	1	1	66	2	47	2287	14	24	93.141884	及
5	1	1	1	66	3	60	2287	14	24	90.174957	肉
5	1	1	1	66	4	74	2287	12	24	96.457344	类
5	1	1	1	66	5	86	2287	12	24	93.272415	加
5	1	1	1	66	6	98	2287	12	24	91.416367	工
4	1	1	1	67	0	32	2323	50	13	-1	
5	1	1	1	67	1	32	2323	11	12	46.239338	牲
5	1	1	1	67	2	49	2323	7	13	25.438591	瘟
5	1	1	1	67	3	62	2323	7	12	21.147686	屠
5	1	1	1	67	4	74	2323	8	12	70.996040	宰
4	1	1	1	68	0	32	2355	50	12	-1	
5	1	1	1	68	1	32	2355	11	12	54.867764	高
5	1	1	1	68	2	49	2355	7	12	96.787552	类
5	1	1	1	68	3	62	2355	20	12	43.140572	屠宰
4	1	1	1	69	0	33	2387	114	12	-1	
5	1	1	1	69	1	33	2387	9	12	92.642891	内
5	1	1	1	69	2	48	2387	21	12	42.060242	制品
5	1	1	1	69	3	74	2388	8	11	95.261169	及
5	1	1	1	69	4	84	2387	63	12	94.725883	副产品
5	1	1	1	69	5	128	2383	11	24	93.257011	加
5	1	1	1	69	6	138	2383	13	24	92.214355	工
4	1	1	1	70	0	18	2419	63	12	-1	
5	1	1	1	70	1	18	2419	20	12	61.606293	AP
5	1	1	1	70	2	48	2419	33	12	28.866028	BHT
4	1	1	1	71	0	32	2450	89	13	-1	
5	1	1	1	71	1	32	2450	63	13	21.694584	APSR
5	1	1	1	71	2	98	2451	23	12	21.694584	ML
4	1	1	1	72	0	32	2483	167	12	-1	
5	1	1	1	72	1	32	2483	20	12	92.612915	鱼
5	1	1	1	72	2	52	2479	12	24	30.757313	廉
5	1	1	1	72	3	64	2479	24	24	96.163902	制品
5	1	1	1	72	4	88	2484	7	11	95.009834	及
5	1	1	1	72	5	100	2483	8	12	96.055115	水
5	1	1	1	72	6	115	2483	27	12	93.208961	产品
5	1	1	1	72	7	142	2479	12	24	89.290932	干
5	1	1	1	72	8	154	2483	14	12	39.218575	脐
5	1	1	1	72	9	175	2483	6	12	23.356892	制
5	1	1	1	72	10	181	2479	11	24	93.276466	加
5	1	1	1	72	11	191	2484	8	11	86.722031	工
4	1	1	1	73	0	32	2515	115	12	-1	
5	1	1	1	73	1	32	2515	115	12	96.404404	鱼油
5	1	1	1	73	2	61	2511	24	24	93.999565	提取
5	1	1	1	73	3	85	2511	17	24	88.797379	及
5	1	1	1	73	4	101	2511	28	24	95.764893	制品
5	1	1	1	73	5	128	2511	23	24	94.108673	制造
4	1	1	1	74	0	32	2547	89	12	-1	
5	1	1	1	74	1	32	2547	11	12	96.910614	其
5	1	1	1	74	2	49	2547	7	12	96.094261	他
5	1	1	1	74	3	61	2547	8	12	81.187576	水
5	1	1	1	74	4	71	2547	50	12	96.877594	产品
5	1	1	1	74	5	101	2543	13	24	93.122108	加
5	1	1	1	74	6	113	2543	11	24	92.776604	工
4	1	1	1	75	0	18	2579	167	12	-1	
5	1	1	1	75	1	18	2579	24	12	90.053436	蔬菜
5	1	1	1	75	2	47	2585	3	4	86.438202	、
5	1	1	1	75	3	60	2579	16	12	69.007904	菌
5	1	1	1	75	4	75	2575	10	24	92.527473	类
5	1	1	1	75	5	86	2585	3	4	89.443222	、
5	1	1	1	75	6	98	2579	9	12	75.486206	水
5	1	1	1	75	7	113	2580	7	11	93.242249	果
5	1	1	1	75	8	123	2579	10	12	92.805946	和
5	1	1	1	75	9	137	2579	22	12	95.872116	坚果
5	1	1	1	75	10	164	2579	8	12	91.667557	加
5	1	1	1	75	11	177	2580	8	11	86.838600	工
4	1	1	1	76	0	32	2611	50	12	-1	
5	1	1	1	76	1	32	2611	24	12	87.288483	蔬菜
5	1	1	1	76	2	62	2611	7	12	92.902229	加
5	1	1	1	76	3	74	2612	8	11	90.244453	工
4	1	1	1	77	0	32	2643	63	12	-1	
5	1	1	1	77	1	32	2643	63	12	93.046631	食用
5	1	1	1	77	2	62	2639	14	24	90.972321	菌
5	1	1	1	77	3	76	2639	12	24	91.988892	加
5	1	1	1	77	4	88	2639	11	24	91.831085	工
4	1	1	1	78	0	32	2675	89	12	-1	
5	1	1	1	78	1	32	2675	11	12	44.911713	水
5	1	1	1	78	2	49	2676	7	11	93.163063	果
5	1	1	1	78	3	59	2675	10	12	93.007164	和
5	1	1	1	78	4	71	2675	50	12	96.017265	坚果
5	1	1	1	78	5	100	2671	12	24	93.275742	加
5	1	1	1	78	6	112	2671	12	24	91.940765	工
4	1	1	1	79	0	18	2707	102	12	-1	
5	1	1	1	79	1	18	2707	11	12	96.922737	其
5	1	1	1	79	2	35	2707	7	12	93.158257	他
5	1	1	1	79	3	47	2707	8	12	93.108063	农
5	1	1	1	79	4	56	2707	64	12	93.135353	副食
5	1	1	1	79	5	89	2703	11	24	92.971313	品
5	1	1	1	79	6	99	2703	13	24	88.089844	加
5	1	1	1	79	7	111	2703	13	24	92.111427	工
4	1	1	1	80	0	32	2739	115	12	-1	
5	1	1	1	80	1	32	2739	115	12	93.580399	淀粉
5	1	1	1	80	2	61	2735	14	24	96.403610	及
5	1	1	1	80	3	74	2739	29	12	94.213020	淀粉
5	1	1	1	80	4	103	2735	26	24	96.816002	制品
5	1	1	1	80	5	128	2735	23	24	92.063423	制造
4	1	1	1	81	0	32	2771	63	12	-1	
5	1	1	1	81	1	32	2771	19	12	88.193451	豆
5	1	1	1	81	2	50	2767	19	24	95.248215	制品
5	1	1	1	81	3	76	2771	19	12	96.446518	制造
4	1	1	1	82	0	32	2802	50	13	-1	
5	1	1	1	82	1	32	2802	50	13	81.481575	蛋品
5	1	1	1	82	2	62	2798	13	25	92.198128	加
5	1	1	1	82	3	74	2798	12	25	90.609230	工
4	1	1	1	83	0	32	2835	141	12	-1	
5	1	1	1	83	1	32	2835	11	12	96.911888	其
5	1	1	1	83	2	49	2835	7	12	96.259232	他
5	1	1	1	83	3	62	2835	7	12	93.235733	未
5	1	1	1	83	4	76	2835	6	12	93.135147	列
5	1	1	1	83	5	88	2835	8	12	93.079315	明
5	1	1	1	83	6	101	2835	7	12	93.213394	农
5	1	1	1	83	7	115	2835	27	12	93.093628	副食
5	1	1	1	83	8	142	2831	12	24	93.047104	品
5	1	1	1	83	9	154	2835	6	12	90.602676	加
5	1	1	1	83	10	166	2836	7	11	91.999649	工
4	1	1	1	84	0	4	2867	63	12	-1	
5	1	1	1	84	1	4	2867	24	12	93.152710	食品
5	1	1	1	84	2	34	2863	26	24	91.092392	制造
5	1	1	1	84	3	60	2867	7	12	88.691216	业
4	1	1	1	85	0	18	2899	76	12	-1	
5	1	1	1	85	1	18	2899	76	12	5.129013	ASRS
4	1	1	1	86	0	32	2931	89	12	-1	
5	1	1	1	86	1	32	2931	32	12	16.075134	4a.
5	1	1	1	86	2	76	2931	45	12	36.874664	BABE
4	1	1	1	87	0	32	2963	141	13	-1	
5	1	1	1	87	1	32	2963	141	13	54.078476	FRE
5	1	1	1	87	2	94	2959	26	25	22.037701	RS
5	1	1	1	87	3	125	2963	48	13	9.839878	eles
4	1	1	1	88	0	18	2995	141	12	-1	
5	1	1	1	88	1	18	2995	24	12	67.593071	糖果
5	1	1	1	88	2	47	3001	3	4	87.574738	、
5	1	1	1	88	3	60	2996	8	11	85.040062	巧
5	1	1	1	88	4	74	2995	7	12	93.042526	克
5	1	1	1	88	5	86	2995	7	12	88.751038	力
5	1	1	1	88	6	99	2996	8	11	93.056870	及
5	1	1	1	88	7	111	2995	9	12	66.106293	密
5	1	1	1	88	8	126	2995	7	12	51.553238	线
5	1	1	1	88	9	140	2995	19	12	95.663078	制造
4	1	1	1	89	0	32	3027	102	12	-1	
5	1	1	1	89	1	32	3027	102	12	73.068924	糖果
5	1	1	1	89	2	61	3023	14	24	90.267105	、
5	1	1	1	89	3	74	3023	14	24	84.035942	巧
5	1	1	1	89	4	88	3023	12	24	93.020370	克
5	1	1	1	89	5	100	3023	15	24	92.521355	力
5	1	1	1	89	6	115	3023	23	24	96.096863	制造
4	1	1	1	90	0	32	3059	50	12	-1	
5	1	1	1	90	1	32	3059	50	12	53.816792	Beale
4	1	1	1	91	0	18	3091	76	12	-1	
5	1	1	1	91	1	18	3091	24	12	80.764214	方便
5	1	1	1	91	2	48	3091	28	12	93.956932	食品
5	1	1	1	91	3	75	3087	19	24	94.815819	制造
4	1	1	1	92	0	32	3123	89	12	-1	
5	1	1	1	92	1	32	3123	11	12	90.227699	米
5	1	1	1	92	2	48	3129	3	4	84.403618	、
5	1	1	1	92	3	61	3123	17	12	91.344872	面
5	1	1	1	92	4	77	3123	44	12	96.780167	制品
5	1	1	1	92	5	101	3119	23	24	94.340454	制造
4	1	1	1	93	0	32	3155	76	12	-1	
5	1	1	1	93	1	32	3155	76	12	0.000000	RRS
4	1	1	1	94	0	32	3187	63	12	-1	
5	1	1	1	94	1	32	3187	63	12	64.331017	方便
5	1	1	1	94	2	62	3183	14	24	81.713974	面
5	1	1	1	94	3	76	3187	19	12	96.422295	制造
4	1	1	1	95	0	32	3219	102	12	-1	
5	1	1	1	95	1	32	3219	11	12	96.704102	其
5	1	1	1	95	2	47	3219	9	12	95.521683	他
5	1	1	1	95	3	61	3219	29	12	94.264420	方便
5	1	1	1	95	4	89	3215	19	24	96.559715	食品
5	1	1	1	95	5	115	3219	19	12	94.815834	制造
4	1	1	1	96	0	18	3250	63	13	-1	
5	1	1	1	96	1	18	3251	11	12	29.181065	屯
5	1	1	1	96	2	35	3250	28	13	96.707603	制品
5	1	1	1	96	3	62	3246	19	25	94.967842	制造
4	1	1	1	97	0	32	3283	63	12	-1	
5	1	1	1	97	1	32	3283	63	12	88.862282	液体
5	1	1	1	97	2	62	3279	14	24	61.313046	乳
5	1	1	1	97	3	76	3279	14	24	92.368385	制
5	1	1	1	97	4	89	3279	10	24	92.088364	造
4	1	1	1	98	0	32	3315	50	12	-1	
5	1	1	1	98	1	32	3315	19	12	64.672997	屯
5	1	1	1	98	2	58	3315	6	12	92.571976	粉
5	1	1	1	98	3	66	3315	16	12	95.372208	制造
4	1	1	1	99	0	32	3347	89	13	-1	
5	1	1	1	99	1	32	3347	11	12	95.829582	其
5	1	1	1	99	2	48	3347	8	13	93.031685	他
5	1	1	1	99	3	62	3347	15	12	41.602486	乳
5	1	1	1	99	4	76	3347	45	13	96.601089	制品
5	1	1	1	99	5	101	3343	24	25	96.280197	制造
4	1	1	1	100	0	18	3379	76	12	-1	
5	1	1	1	100	1	18	3379	76	12	2.472801	HARE
4	1	1	1	101	0	33	3411	101	13	-1	
5	1	1	1	101	1	33	3411	9	12	88.134026	肉
5	1	1	1	101	2	48	3417	3	4	90.414452	、
5	1	1	1	101	3	61	3411	8	12	57.023220	高
5	1	1	1	101	4	74	3411	8	12	96.120079	类
5	1	1	1	101	5	84	3411	50	13	25.996161	兆头
5	1	1	1	101	6	114	3407	23	25	95.421982	制造
4	1	1	1	102	0	32	3442	89	14	-1	
5	1	1	1	102	1	32	3443	11	12	49.001587	A
5	1	1	1	102	2	45	3442	76	14	17.218895	RA
5	1	1	1	102	3	99	3438	25	26	28.757881	HS
4	1	1	1	103	0	32	3475	115	12	-1	
5	1	1	1	103	1	28	3471	24	24	19.362679	HBS
5	1	1	1	103	2	61	3475	86	12	38.675461	KRM
5	1	1	1	103	3	126	3471	24	24	40.890793	HE
4	1	1	1	104	0	32	3507	102	12	-1	
5	1	1	1	104	1	32	3507	11	12	96.932343	其
5	1	1	1	104	2	49	3507	7	12	96.139473	他
5	1	1	1	104	3	61	3507	29	12	38.128696	浪头
5	1	1	1	104	4	89	3503	19	24	96.645592	食品
5	1	1	1	104	5	115	3507	19	12	96.050240	制造
4	1	1	1	105	0	18	3538	128	13	-1	
5	1	1	1	105	1	18	3539	32	12	93.092461	调味
5	1	1	1	105	2	49	3534	12	25	91.934883	品
5	1	1	1	105	3	60	3545	3	4	92.750351	、
5	1	1	1	105	4	73	3539	8	12	92.232994	发
5	1	1	1	105	5	87	3539	7	12	37.211266	酵
5	1	1	1	105	6	101	3538	19	13	96.759270	制品
5	1	1	1	105	7	126	3539	20	12	95.551826	制造
4	1	1	1	106	0	32	3571	50	12	-1	
5	1	1	1	106	1	32	3571	31	12	94.308868	味精
5	1	1	1	106	2	66	3571	16	12	96.402168	制造
4	1	1	1	107	0	32	3603	154	12	-1	
5	1	1	1	107	1	32	3603	32	12	34.336357	Sh.
5	1	1	1	107	2	76	3603	45	12	0.000000	AERA
5	1	1	1	107	3	138	3603	48	12	0.000000	AAAS
4	1	1	1	108	0	32	3635	154	12	-1	
5	1	1	1	108	1	32	3635	71	12	33.052830	SRA.
5	1	1	1	108	2	110	3635	76	12	13.519831	RRS
4	1	1	1	109	0	18	3667	76	12	-1	
5	1	1	1	109	1	18	3667	11	12	96.919197	其
5	1	1	1	109	2	35	3667	7	12	95.496872	他
5	1	1	1	109	3	44	3667	50	12	91.085587	食品
5	1	1	1	109	4	75	3663	23	24	93.992043	制造
4	1	1	1	110	0	32	3699	76	13	-1	
5	1	1	1	110	1	32	3699	24	13	92.036720	营养
5	1	1	1	110	2	62	3699	20	12	96.757385	食品
5	1	1	1	110	3	88	3695	23	25	32.611923	制造
4	1	1	1	111	0	32	3731	76	12	-1	
5	1	1	1	111	1	32	3731	24	12	89.005890	保健
5	1	1	1	111	2	62	3731	28	12	96.497200	食品
5	1	1	1	111	3	89	3727	19	24	94.430115	制造
4	1	1	1	112	0	32	3762	128	13	-1	
5	1	1	1	112	1	32	3763	11	12	90.822273	冷
5	1	1	1	112	2	48	3763	8	12	33.143730	这
5	1	1	1	112	3	60	3762	22	13	9.296989	饮品
5	1	1	1	112	4	87	3764	8	11	96.147652	及
5	1	1	1	112	5	101	3763	19	12	93.223610	食用
5	1	1	1	112	6	124	3763	10	12	22.220383	冰
5	1	1	1	112	7	138	3763	17	12	88.918961	制
5	1	1	1	112	8	154	3758	10	25	92.016251	造
4	1	1	1	113	0	32	3795	37	12	-1	
5	1	1	1	113	1	32	3795	11	12	74.763069	盐
5	1	1	1	113	2	47	3795	9	12	91.392311	加
5	1	1	1	113	3	61	3796	8	11	92.949257	工
4	1	1	1	114	0	32	3826	128	13	-1	
5	1	1	1	114	1	32	3826	24	13	95.488724	食品
5	1	1	1	114	2	62	3827	15	12	93.174881	及
5	1	1	1	114	3	76	3822	13	25	90.877327	词
5	1	1	1	114	4	88	3827	15	12	93.210777	料
5	1	1	1	114	5	103	3822	19	25	90.435051	添加
5	1	1	1	114	6	128	3827	15	12	92.167404	剂
5	1	1	1	114	7	142	3822	18	25	95.626579	制造
4	1	1	1	115	0	32	3859	115	12	-1	
5	1	1	1	115	1	32	3859	11	12	96.926903	其
5	1	1	1	115	2	49	3859	7	12	96.331619	他
5	1	1	1	115	3	62	3859	7	12	93.262512	未
5	1	1	1	115	4	76	3859	6	12	93.122627	列
5	1	1	1	115	5	88	3859	7	12	90.172630	明
5	1	1	1	115	6	100	3859	8	12	90.053421	食
5	1	1	1	115	7	115	3859	14	12	93.200172	品
5	1	1	1	115	8	128	3855	19	24	92.921547	制造
4	1	1	1	116	0	4	3891	141	12	-1	
5	1	1	1	116	1	4	3892	11	11	89.404320	酒
5	1	1	1	116	2	20	3897	3	4	88.590187	、
5	1	1	1	116	3	33	3891	17	12	30.258045	饮
5	1	1	1	116	4	49	3887	11	24	92.823624	料
5	1	1	1	116	5	60	3891	7	12	92.508232	和
5	1	1	1	116	6	69	3891	76	12	90.160988	精制
5	1	1	1	116	7	100	3887	13	24	67.871658	茶
5	1	1	1	116	8	112	3887	26	24	91.375565	制造
5	1	1	1	116	9	138	3887	11	24	89.221222	业
4	1	1	1	117	0	18	3923	50	12	-1	
5	1	1	1	117	1	18	3923	19	12	89.247551	酒
5	1	1	1	117	2	44	3923	5	12	96.598671	的
5	1	1	1	117	3	52	3923	16	12	96.200867	制造
4	1	1	1	118	0	32	3955	50	12	-1	
5	1	1	1	118	1	32	3955	31	12	94.418877	酒精
5	1	1	1	118	2	66	3955	16	12	96.164391	制造
4	1	1	1	119	0	33	3987	49	12	-1	
5	1	1	1	119	1	33	3987	31	12	91.838593	白酒
5	1	1	1	119	2	66	3983	20	24	95.557404	制造
4	1	1	1	120	0	32	4019	50	12	-1	
5	1	1	1	120	1	32	4019	31	12	88.469444	啤酒
5	1	1	1	120	2	66	4019	16	12	96.295433	制造
4	1	1	1	121	0	32	4051	50	12	-1	
5	1	1	1	121	1	32	4051	32	12	95.912811	黄酒
5	1	1	1	121	2	66	4051	16	12	95.390785	制造
4	1	1	1	122	0	32	4083	63	12	-1	
5	1	1	1	122	1	32	4083	63	12	90.699203	葡萄
5	1	1	1	122	2	64	4079	12	24	92.235840	酒
5	1	1	1	122	3	76	4083	19	12	96.206886	制造
4	1	1	1	123	0	32	4115	63	12	-1	
5	1	1	1	123	1	32	4115	63	12	96.919090	其
5	1	1	1	123	2	49	4111	14	24	92.909294	他
5	1	1	1	123	3	62	4111	14	24	88.566170	酒
5	1	1	1	123	4	76	4115	19	12	96.498993	制造
4	1	1	1	124	0	18	4147	50	12	-1	
5	1	1	1	124	1	18	4147	31	12	63.427689	饮料
5	1	1	1	124	2	52	4147	16	12	95.434929	制造
4	1	1	1	125	0	32	4179	76	12	-1	
5	1	1	1	125	1	32	4179	48	12	17.274103	RRA
5	1	1	1	125	2	86	4179	22	12	32.024445	AS
4	1	1	1	126	0	32	4211	116	12	-1	
5	1	1	1	126	1	32	4211	116	12	32.504379	GE)
5	1	1	1	126	2	77	4207	14	24	80.657265	装
5	1	1	1	126	3	91	4207	24	24	92.325317	饮用
5	1	1	1	126	4	115	4207	14	24	96.498489	水
5	1	1	1	126	5	128	4207	23	24	96.496964	制造
4	1	1	1	127	0	32	4243	141	12	-1	
5	1	1	1	127	1	32	4243	32	12	71.448036	果菜
5	1	1	1	127	2	64	4239	12	24	90.823341	汁
5	1	1	1	127	3	76	4244	6	11	93.286690	及
5	1	1	1	127	4	86	4244	9	11	90.474648	果
5	1	1	1	127	5	100	4243	8	12	28.180180	荣
5	1	1	1	127	6	115	4243	14	12	87.252174	汁
5	1	1	1	127	7	128	4239	19	24	95.366577	饮料
5	1	1	1	127	8	154	4243	19	12	95.117493	制造
4	1	1	1	128	0	32	4275	167	12	-1	
5	1	1	1	128	1	32	4275	19	12	77.192596	含
5	1	1	1	128	2	50	4271	13	24	80.862587	乳
5	1	1	1	128	3	62	4275	16	12	58.138542	饮
5	1	1	1	128	4	77	4271	11	24	92.871017	料
5	1	1	1	128	5	88	4275	8	12	92.651817	和
5	1	1	1	128	6	101	4275	20	12	96.201485	植物
5	1	1	1	128	7	127	4275	19	12	82.332199	蛋白
5	1	1	1	128	8	154	4275	19	12	95.825768	饮料
5	1	1	1	128	9	179	4275	20	12	95.626785	制造
4	1	1	1	129	0	32	4307	76	12	-1	
5	1	1	1	129	1	32	4307	24	12	90.237686	固体
5	1	1	1	129	2	62	4307	28	12	81.677017	饮料
5	1	1	1	129	3	89	4303	19	24	93.651024	制造
4	1	1	1	130	0	32	4339	128	12	-1	
5	1	1	1	130	1	32	4339	11	12	59.720745	茶
5	1	1	1	130	2	49	4339	7	12	88.696678	饮
5	1	1	1	130	3	62	4339	20	12	89.536324	料及
5	1	1	1	130	4	88	4339	7	12	96.477646	其
5	1	1	1	130	5	101	4339	7	12	96.442970	他
5	1	1	1	130	6	113	4339	21	12	88.939217	饮料
5	1	1	1	130	7	140	4339	20	12	95.869179	制造
4	1	1	1	131	0	18	4371	63	12	-1	
5	1	1	1	131	1	18	4371	63	12	95.203545	精制
5	1	1	1	131	2	50	4367	11	24	64.878326	茶
5	1	1	1	131	3	60	4367	13	24	88.835938	加
5	1	1	1	131	4	72	4367	13	24	91.179428	工
4	1	1	1	132	0	4	4403	63	12	-1	
5	1	1	1	132	1	4	4403	24	12	95.508125	烟草
5	1	1	1	132	2	36	4399	24	24	93.199883	制品
5	1	1	1	132	3	60	4403	7	12	87.065071	业
4	1	1	1	133	0	18	4435	50	12	-1	
5	1	1	1	133	1	18	4435	24	12	93.270386	烟叶
5	1	1	1	133	2	47	4435	8	12	89.518845	复
5	1	1	1	133	3	60	4435	8	12	89.972214	烤
4	1	1	1	134	0	18	4467	50	12	-1	
5	1	1	1	134	1	18	4467	50	12	31.739445	Shes
4	1	1	1	135	0	18	4499	102	12	-1	
5	1	1	1	135	1	18	4499	11	12	96.916100	其
5	1	1	1	135	2	35	4499	7	12	95.776939	他
5	1	1	1	135	3	47	4499	29	12	90.710838	烟草
5	1	1	1	135	4	75	4495	19	24	96.623398	制品
5	1	1	1	135	5	101	4499	19	12	96.137428	制造
4	1	1	1	136	0	4	4531	37	12	-1	
5	1	1	1	136	1	4	4531	37	12	66.554825	纺织
5	1	1	1	136	2	33	4524	11	28	92.315475	业
4	1	1	1	137	0	18	4563	115	12	-1	
5	1	1	1	137	1	18	4563	115	12	92.481384	棉纺
5	1	1	1	137	2	48	4559	13	24	89.214661	织
5	1	1	1	137	3	60	4559	13	24	84.294250	及
5	1	1	1	137	4	72	4563	29	12	92.938858	印染
5	1	1	1	137	5	101	4559	12	24	92.617844	精
5	1	1	1	137	6	113	4559	12	24	93.243744	加
5	1	1	1	137	7	125	4559	12	24	92.276115	工
4	1	1	1	138	0	32	4595	63	12	-1	
5	1	1	1	138	1	32	4595	63	12	92.783852	棉纺
5	1	1	1	138	2	62	4591	13	24	79.674324	纱
5	1	1	1	138	3	74	4591	13	24	92.520805	加
5	1	1	1	138	4	86	4591	13	24	91.427399	工
4	1	1	1	139	0	32	4627	63	12	-1	
5	1	1	1	139	1	32	4627	11	12	82.555634	棉
5	1	1	1	139	2	49	4623	27	24	95.476540	织造
5	1	1	1	139	3	76	4627	6	12	93.227013	加
5	1	1	1	139	4	88	4628	7	11	91.582047	工
4	1	1	1	140	0	32	4659	76	12	-1	
5	1	1	1	140	1	32	4659	12	12	83.207214	棉
5	1	1	1	140	2	45	4659	63	12	92.945549	印染
5	1	1	1	140	3	76	4655	12	24	92.389580	精
5	1	1	1	140	4	88	4655	12	24	93.264915	加
5	1	1	1	140	5	100	4655	12	24	92.554375	工
4	1	1	1	141	0	18	4691	115	12	-1	
5	1	1	1	141	1	18	4691	115	12	92.807945	毛纺
5	1	1	1	141	2	48	4687	13	24	88.473671	织
5	1	1	1	141	3	60	4687	13	24	88.225769	及
5	1	1	1	141	4	72	4687	17	24	87.705048	染
5	1	1	1	141	5	89	4687	14	24	92.179817	整
5	1	1	1	141	6	102	4687	13	24	92.681168	精
5	1	1	1	141	7	114	4687	11	24	93.213181	加
5	1	1	1	141	8	125	4687	12	24	92.461922	工
4	1	1	1	142	0	32	4723	102	13	-1	
5	1	1	1	142	1	32	4723	11	12	82.451881	毛
5	1	1	1	142	2	49	4723	7	12	96.869690	条
5	1	1	1	142	3	59	4723	10	12	97.011925	和
5	1	1	1	142	4	71	4723	63	13	49.662704	毛纱
5	1	1	1	142	5	103	4719	12	24	92.767120	线
5	1	1	1	142	6	115	4719	12	24	92.153740	加
5	1	1	1	142	7	127	4719	11	24	92.107651	工
4	1	1	1	143	0	32	4755	63	12	-1	
5	1	1	1	143	1	32	4755	11	12	77.170799	毛
5	1	1	1	143	2	49	4751	27	24	96.321419	织造
5	1	1	1	143	3	76	4755	6	12	93.241394	加
5	1	1	1	143	4	88	4756	7	11	92.161209	工
4	1	1	1	144	0	32	4787	76	12	-1	
5	1	1	1	144	1	32	4787	11	12	86.412621	毛
5	1	1	1	144	2	49	4787	15	12	87.581039	染
5	1	1	1	144	3	71	4787	7	12	91.908081	整
5	1	1	1	144	4	84	4787	6	12	92.619537	精
5	1	1	1	144	5	89	4783	11	24	93.218369	加
5	1	1	1	144	6	100	4788	8	11	92.666222	工
4	1	1	1	145	0	18	4819	115	12	-1	
5	1	1	1	145	1	18	4819	11	12	92.302460	麻
5	1	1	1	145	2	35	4819	7	12	71.280769	纺
5	1	1	1	145	3	48	4819	7	12	87.995758	织
5	1	1	1	145	4	60	4820	8	11	87.746109	及
5	1	1	1	145	5	72	4819	17	12	87.541252	染
5	1	1	1	145	6	96	4819	7	12	92.367851	整
5	1	1	1	145	7	109	4819	6	12	92.530373	精
5	1	1	1	145	8	114	4815	11	24	93.226021	加
5	1	1	1	145	9	125	4820	8	11	92.509850	工
4	1	1	1	146	0	32	4851	128	12	-1	
5	1	1	1	146	1	32	4847	24	24	52.901451	AEST
5	1	1	1	146	2	62	4847	18	24	37.426857	BSH
5	1	1	1	146	3	88	4847	30	24	44.719654	TMDL
5	1	1	1	146	4	138	4851	22	12	45.681274	YY
4	1	1	1	147	0	32	4883	63	12	-1	
5	1	1	1	147	1	32	4883	63	12	92.462021	麻
5	1	1	1	147	2	49	4879	15	24	66.305962	织
5	1	1	1	147	3	64	4879	12	24	91.293648	造
5	1	1	1	147	4	76	4879	12	24	93.190712	加
5	1	1	1	147	5	88	4879	11	24	91.829605	工
4	1	1	1	148	0	32	4915	76	12	-1	
5	1	1	1	148	1	32	4915	11	12	92.151947	麻
5	1	1	1	148	2	49	4915	15	12	82.810921	染
5	1	1	1	148	3	71	4915	7	12	91.917801	整
5	1	1	1	148	4	84	4915	6	12	92.766991	精
5	1	1	1	148	5	89	4911	11	24	93.225891	加
5	1	1	1	148	6	100	4916	8	11	92.566711	工
4	1	1	1	149	0	18	4947	128	12	-1	
5	1	1	1	149	1	18	4947	17	12	87.808495	丝
5	1	1	1	149	2	36	4947	12	12	90.434128	绢
5	1	1	1	149	3	49	4947	19	12	96.469635	纺织
5	1	1	1	149	4	73	4947	15	12	96.825142	及
5	1	1	1	149	5	89	4947	18	12	92.844589	印染
5	1	1	1	149	6	113	4947	7	12	91.590378	精
5	1	1	1	149	7	126	4947	7	12	93.260605	加
5	1	1	1	149	8	138	4948	8	11	93.074265	工
4	1	1	1	150	0	32	4979	50	12	-1	
5	1	1	1	150	1	32	4979	12	12	0.000000	旨
5	1	1	1	150	2	47	4979	9	12	0.000000	丝
5	1	1	1	150	3	62	4979	7	12	93.158691	加
5	1	1	1	150	4	74	4980	8	11	91.708481	工
4	1	1	1	151	0	32	5011	89	12	-1	
5	1	1	1	151	1	32	5011	19	12	80.401146	绢
5	1	1	1	151	2	50	5007	11	24	86.631989	纺
5	1	1	1	151	3	61	5011	8	12	92.336411	和
5	1	1	1	151	4	74	5011	16	12	92.271118	丝
5	1	1	1	151	5	89	5007	13	24	92.997742	织
5	1	1	1	151	6	101	5011	7	12	93.228394	加
5	1	1	1	151	7	113	5012	8	11	91.829063	工
4	1	1	1	152	0	32	5043	76	12	-1	
5	1	1	1	152	1	32	5043	76	12	93.216812	丝印
5	1	1	1	152	2	62	5039	14	24	83.881668	染
5	1	1	1	152	3	76	5039	12	24	92.269791	精
5	1	1	1	152	4	88	5039	12	24	93.260857	加
5	1	1	1	152	5	100	5039	12	24	92.714546	工
4	1	1	1	153	0	18	5075	128	12	-1	
5	1	1	1	153	1	18	5075	11	12	93.290886	化
5	1	1	1	153	2	35	5075	7	12	85.144836	纤
5	1	1	1	153	3	48	5075	20	12	92.990868	织造
5	1	1	1	153	4	74	5076	7	11	94.240356	及
5	1	1	1	153	5	86	5075	29	12	92.475937	印染
5	1	1	1	153	6	114	5070	13	24	92.836708	精
5	1	1	1	153	7	126	5075	7	12	93.252365	加
5	1	1	1	153	8	138	5076	8	11	91.839890	工
4	1	1	1	154	0	32	5107	76	12	-1	
5	1	1	1	154	1	32	5107	19	12	92.997124	化
5	1	1	1	154	2	50	5103	13	24	90.312286	纤
5	1	1	1	154	3	62	5107	16	12	92.557442	织
5	1	1	1	154	4	84	5107	6	12	82.896393	造
5	1	1	1	154	5	89	5103	13	24	93.053917	加
5	1	1	1	154	6	101	5108	7	11	92.494110	工
4	1	1	1	155	0	32	5139	115	13	-1	
5	1	1	1	155	1	32	5139	11	12	93.239037	化
5	1	1	1	155	2	49	5139	15	12	91.415810	纤
5	1	1	1	155	3	63	5135	19	25	91.624222	织物
5	1	1	1	155	4	88	5139	7	12	87.959976	染
5	1	1	1	155	5	101	5139	15	13	88.563171	整
5	1	1	1	155	6	115	5135	13	25	92.457207	精
5	1	1	1	155	7	128	5139	6	12	92.247940	加
5	1	1	1	155	8	140	5140	7	11	92.405144	工
4	1	1	1	156	0	18	5171	180	12	-1	
5	1	1	1	156	1	18	5171	24	12	88.875755	针织
5	1	1	1	156	2	48	5171	16	12	95.958435	或
5	1	1	1	156	3	63	5167	18	24	45.491543	钩针
5	1	1	1	156	4	87	5171	28	12	32.954079	编织
5	1	1	1	156	5	114	5167	13	24	92.977135	物
5	1	1	1	156	6	126	5172	7	11	96.506409	及
5	1	1	1	156	7	138	5171	8	12	96.801445	其
5	1	1	1	156	8	153	5167	26	24	96.215149	制品
5	1	1	1	156	9	179	5171	19	12	96.066505	制造
4	1	1	1	157	0	32	5203	128	12	-1	
5	1	1	1	157	1	32	5203	24	12	89.900436	针织
5	1	1	1	157	2	62	5203	16	12	93.772324	或
5	1	1	1	157	3	77	5199	18	24	51.350471	钩针
5	1	1	1	157	4	100	5203	8	12	0.000000	妨
5	1	1	1	157	5	113	5203	16	12	0.000000	织
5	1	1	1	157	6	128	5199	13	24	92.953552	物
5	1	1	1	157	7	140	5203	20	12	90.032692	织造
4	1	1	1	158	0	32	5235	167	12	-1	
5	1	1	1	158	1	32	5235	32	12	91.586563	针织
5	1	1	1	158	2	71	5235	7	12	93.115807	或
5	1	1	1	158	3	77	5231	10	24	0.993605	钧
5	1	1	1	158	4	86	5235	9	12	91.889732	针
5	1	1	1	158	5	101	5235	16	12	0.000000	编
5	1	1	1	158	6	116	5231	26	24	89.688675	织物
5	1	1	1	158	7	142	5231	18	24	92.853767	印染
5	1	1	1	158	8	166	5235	7	12	91.049248	精
5	1	1	1	158	9	179	5235	7	12	93.223343	加
5	1	1	1	158	10	191	5236	8	11	92.187912	工
4	1	1	1	159	0	32	5267	128	12	-1	
5	1	1	1	159	1	32	5267	32	12	90.546638	针织
5	1	1	1	159	2	71	5267	7	12	93.042328	或
5	1	1	1	159	3	77	5263	10	24	0.000000	钧
5	1	1	1	159	4	86	5267	9	12	91.196266	针
5	1	1	1	159	5	101	5267	7	12	0.000000	编
5	1	1	1	159	6	115	5267	19	12	95.134666	织品
5	1	1	1	159	7	140	5267	20	12	94.888130	制造
4	1	1	1	160	0	18	5299	115	12	-1	
5	1	1	1	160	1	18	5299	11	12	96.518860	家
5	1	1	1	160	2	32	5300	9	11	96.929146	用
5	1	1	1	160	3	44	5299	89	12	78.310738	纺织
5	1	1	1	160	4	75	5295	14	24	92.275993	制
5	1	1	1	160	5	89	5295	14	24	93.182724	成
5	1	1	1	160	6	102	5295	13	24	92.253342	品
5	1	1	1	160	7	114	5295	23	24	93.752319	制造
4	1	1	1	161	0	32	5331	76	12	-1	
5	1	1	1	161	1	32	5331	76	12	95.699753	床上
5	1	1	1	161	2	59	5327	14	24	93.195244	用
5	1	1	1	161	3	73	5327	15	24	90.433090	品
5	1	1	1	161	4	88	5331	20	12	93.298409	制造
4	1	1	1	162	0	32	5363	89	12	-1	
5	1	1	1	162	1	32	5363	89	12	90.677277	毛巾
5	1	1	1	162	2	61	5359	14	24	94.453964	类
5	1	1	1	162	3	74	5363	28	12	96.293747	制品
5	1	1	1	162	4	101	5359	23	24	93.762192	制造
4	1	1	1	163	0	32	5395	128	12	-1	
5	1	1	1	163	1	32	5395	24	12	90.225632	窗帘
5	1	1	1	163	2	61	5401	3	4	0.000000	、
5	1	1	1	163	3	74	5395	21	12	0.000000	布艺
5	1	1	1	163	4	101	5395	7	12	92.720390	类
5	1	1	1	163	5	113	5395	21	12	96.017471	产品
5	1	1	1	163	6	140	5395	20	12	92.518700	制造
4	1	1	1	164	0	32	5427	141	12	-1	
5	1	1	1	164	1	32	5427	11	12	96.926910	其
5	1	1	1	164	2	49	5427	7	12	96.169380	他
5	1	1	1	164	3	59	5427	10	12	96.669449	家
5	1	1	1	164	4	73	5428	8	11	96.633820	用
5	1	1	1	164	5	86	5427	22	12	87.326355	纺织
5	1	1	1	164	6	115	5427	15	12	91.071091	制
5	1	1	1	164	7	136	5427	6	12	91.846359	成
5	1	1	1	164	8	142	5423	12	24	92.755127	品
5	1	1	1	164	9	154	5427	19	12	96.559639	制造
4	1	1	1	165	0	18	5458	128	13	-1	
5	1	1	1	165	1	18	5459	24	12	96.684380	产业
5	1	1	1	165	2	46	5460	8	11	96.986916	用
5	1	1	1	165	3	59	5459	22	12	85.120346	纺织
5	1	1	1	165	4	87	5459	15	12	92.506248	制
5	1	1	1	165	5	101	5454	13	25	93.213982	成
5	1	1	1	165	6	114	5458	6	13	92.793243	品
5	1	1	1	165	7	126	5459	15	12	92.881187	制
5	1	1	1	165	8	140	5454	10	25	90.861938	造
4	1	1	1	166	0	32	5491	76	12	-1	
5	1	1	1	166	1	32	5491	11	12	90.202682	非
5	1	1	1	166	2	45	5491	63	12	88.306732	织造
5	1	1	1	166	3	76	5487	14	24	84.636719	布
5	1	1	1	166	4	89	5487	23	24	94.971275	制造
4	1	1	1	167	0	32	5523	89	12	-1	
5	1	1	1	167	1	32	5523	45	12	36.222809	BB.
5	1	1	1	167	2	88	5523	33	12	17.130289	HHS
4	1	1	1	168	0	32	5555	115	12	-1	
5	1	1	1	168	1	32	5555	115	12	71.966629	纺织
5	1	1	1	168	2	64	5551	11	24	84.103943	带
5	1	1	1	168	3	74	5551	14	24	82.802940	和
5	1	1	1	168	4	88	5551	14	24	61.997711	市
5	1	1	1	168	5	101	5551	14	24	92.854073	子
5	1	1	1	168	6	115	5551	14	24	82.228249	布
5	1	1	1	168	7	128	5551	23	24	92.550789	制造
4	1	1	1	169	0	32	5587	76	12	-1	
5	1	1	1	169	1	32	5587	19	12	23.758326	Eo
5	1	1	1	169	2	74	5587	34	12	28.272800	HE
4	1	1	1	170	0	32	5619	154	12	-1	
5	1	1	1	170	1	32	5619	11	12	96.915154	其
5	1	1	1	170	2	49	5619	7	12	96.025566	他
5	1	1	1	170	3	62	5619	20	12	96.820900	产业
5	1	1	1	170	4	86	5620	8	11	96.689301	用
5	1	1	1	170	5	100	5619	29	12	74.280525	纺织
5	1	1	1	170	6	136	5619	6	12	89.852600	制
5	1	1	1	170	7	148	5619	8	12	93.146301	成
5	1	1	1	170	8	162	5619	6	12	91.697098	品
5	1	1	1	170	9	175	5615	15	24	92.372276	制造
4	1	1	1	171	0	4	5651	102	12	-1	
5	1	1	1	171	1	4	5651	24	12	88.380768	纺织
5	1	1	1	171	2	34	5647	26	24	91.497345	服装
5	1	1	1	171	3	59	5657	3	4	91.811714	、
5	1	1	1	171	4	69	5651	37	12	84.674957	服
5	1	1	1	171	5	88	5647	11	24	36.123154	肇
5	1	1	1	171	6	99	5647	11	24	90.453743	业
4	1	1	1	172	0	18	5683	76	12	-1	
5	1	1	1	172	1	18	5683	11	12	93.294975	机
5	1	1	1	172	2	33	5683	9	12	84.521011	织
5	1	1	1	172	3	44	5683	50	12	95.874474	服装
5	1	1	1	172	4	75	5679	23	24	94.781868	制造
4	1	1	1	173	0	32	5715	102	12	-1	
5	1	1	1	173	1	32	5715	102	12	96.222313	运动
5	1	1	1	173	2	64	5711	11	24	93.275322	机
5	1	1	1	173	3	74	5711	14	24	88.697151	织
5	1	1	1	173	4	88	5711	14	24	84.086220	服
5	1	1	1	173	5	101	5711	14	24	92.207611	装
5	1	1	1	173	6	115	5711	23	24	96.264786	制造
4	1	1	1	174	0	32	5747	102	12	-1	
5	1	1	1	174	1	32	5747	11	12	96.937584	其
5	1	1	1	174	2	49	5747	7	12	95.957596	他
5	1	1	1	174	3	61	5747	8	12	93.305321	机
5	1	1	1	174	4	73	5747	9	12	30.336720	织
5	1	1	1	174	5	88	5748	7	11	90.802696	服
5	1	1	1	174	6	101	5747	7	12	91.623039	装
5	1	1	1	174	7	115	5747	19	12	95.781891	制造
4	1	1	1	175	0	18	5779	141	12	-1	
5	1	1	1	175	1	18	5779	24	12	90.727539	针织
5	1	1	1	175	2	48	5779	16	12	96.318535	或
5	1	1	1	175	3	63	5775	18	24	40.739418	钩针
5	1	1	1	175	4	87	5779	28	12	48.268654	编织
5	1	1	1	175	5	114	5775	19	24	95.956879	服装
5	1	1	1	175	6	140	5779	19	12	93.130814	制造
4	1	1	1	176	0	32	5811	128	12	-1	
5	1	1	1	176	1	32	5811	24	12	95.876503	运动
5	1	1	1	176	2	61	5811	21	12	95.706520	休闲
5	1	1	1	176	3	86	5811	22	12	82.667816	针织
5	1	1	1	176	4	115	5811	27	12	91.053123	服装
5	1	1	1	176	5	142	5807	18	24	95.666275	制造
4	1	1	1	177	0	32	5843	167	12	-1	
5	1	1	1	177	1	32	5843	11	12	96.924568	其
5	1	1	1	177	2	49	5843	7	12	95.962173	他
5	1	1	1	177	3	59	5843	31	12	88.077339	针织
5	1	1	1	177	4	97	5843	6	12	95.474937	或
5	1	1	1	177	5	103	5839	18	24	13.915615	钩针
5	1	1	1	177	6	127	5839	27	24	68.564537	编织
5	1	1	1	177	7	154	5843	27	12	91.909142	服装
5	1	1	1	177	8	181	5839	18	24	94.644203	制造
4	1	1	1	178	0	18	5875	50	12	-1	
5	1	1	1	178	1	18	5875	32	12	84.976028	服饰
5	1	1	1	178	2	52	5875	16	12	96.237877	制造
4	1	1	1	179	0	4	5907	206	13	-1	
5	1	1	1	179	1	4	5907	24	12	79.265724	皮革
5	1	1	1	179	2	33	5913	3	4	91.896179	、
5	1	1	1	179	3	45	5907	9	12	73.109802	毛
5	1	1	1	179	4	60	5907	7	12	91.592796	皮
5	1	1	1	179	5	72	5913	3	4	92.599045	、
5	1	1	1	179	6	84	5908	9	11	33.529301	羽
5	1	1	1	179	7	100	5907	6	12	84.226410	毛
5	1	1	1	179	8	112	5908	7	11	96.589684	及
5	1	1	1	179	9	125	5907	16	12	96.645554	其
5	1	1	1	179	10	147	5903	18	25	96.511780	制品
5	1	1	1	179	11	164	5907	7	12	93.300095	和
5	1	1	1	179	12	176	5907	17	13	91.768486	制
5	1	1	1	179	13	192	5903	12	25	0.000000	鞋
5	1	1	1	179	14	203	5907	7	12	88.656372	业
4	1	1	1	180	0	18	5939	76	12	-1	
5	1	1	1	180	1	18	5939	76	12	87.706993	皮革
5	1	1	1	180	2	47	5935	15	24	0.000000	靶
5	1	1	1	180	3	62	5935	14	24	84.183754	制
5	1	1	1	180	4	75	5935	13	24	93.141197	加
5	1	1	1	180	5	87	5935	11	24	92.806618	工
4	1	1	1	181	0	18	5971	76	12	-1	
5	1	1	1	181	1	18	5971	24	12	87.099083	皮革
5	1	1	1	181	2	48	5971	28	12	94.536728	制品
5	1	1	1	181	3	75	5967	19	24	94.474686	制造
4	1	1	1	182	0	32	6003	76	12	-1	
5	1	1	1	182	1	32	6003	24	12	88.298775	皮革
5	1	1	1	182	2	61	6003	29	12	94.666534	服装
5	1	1	1	182	3	89	5999	19	24	94.064308	制造
4	1	1	1	183	0	32	6035	103	12	-1	
5	1	1	1	183	1	32	6035	32	12	40.413086	ERs
5	1	1	1	183	2	80	6031	26	24	48.750916	CS)
5	1	1	1	183	3	112	6035	23	12	49.539734	HE
4	1	1	1	184	0	32	6067	141	12	-1	
5	1	1	1	184	1	32	6067	11	12	73.811676	皮
5	1	1	1	184	2	47	6067	9	12	87.756058	手
5	1	1	1	184	3	62	6067	7	12	92.109505	套
5	1	1	1	184	4	73	6068	9	11	88.352455	及
5	1	1	1	184	5	85	6067	10	12	88.743248	皮
5	1	1	1	184	6	100	6067	8	12	89.601898	装
5	1	1	1	184	7	115	6067	15	12	86.681526	饰
5	1	1	1	184	8	136	6063	18	24	96.110764	制品
5	1	1	1	184	9	154	6067	19	12	94.988724	制造
4	1	1	1	185	0	32	6099	102	12	-1	
5	1	1	1	185	1	32	6099	11	12	96.926765	其
5	1	1	1	185	2	49	6099	7	12	95.074593	他
5	1	1	1	185	3	59	6099	23	12	94.321556	皮革
5	1	1	1	185	4	88	6095	27	24	94.806183	制品
5	1	1	1	185	5	115	6099	19	12	96.528801	制造
4	1	1	1	186	0	18	6131	115	12	-1	
5	1	1	1	186	1	18	6131	115	12	93.885872	毛皮
5	1	1	1	186	2	47	6127	15	24	36.588535	县
5	1	1	1	186	3	62	6127	12	24	86.541168	制
5	1	1	1	186	4	74	6127	14	24	96.707939	及
5	1	1	1	186	5	87	6127	28	24	96.851700	制品
5	1	1	1	186	6	114	6127	11	24	93.267624	加
5	1	1	1	186	7	125	6127	12	24	92.337395	工
4	1	1	1	187	0	32	6163	76	12	-1	
5	1	1	1	187	1	32	6163	76	12	93.245865	毛皮
5	1	1	1	187	2	61	6159	15	24	0.000000	靶
5	1	1	1	187	3	76	6159	14	24	82.251251	制
5	1	1	1	187	4	89	6159	13	24	93.099236	加
5	1	1	1	187	5	101	6159	11	24	92.637077	工
4	1	1	1	188	0	32	6195	76	12	-1	
5	1	1	1	188	1	32	6195	24	12	92.535835	毛皮
5	1	1	1	188	2	61	6195	21	12	96.332352	服装
5	1	1	1	188	3	88	6195	7	12	93.264389	加
5	1	1	1	188	4	100	6196	8	11	92.972008	工
4	1	1	1	189	0	32	6227	102	13	-1	
5	1	1	1	189	1	32	6227	11	12	96.957985	其
5	1	1	1	189	2	48	6227	8	12	96.402954	他
5	1	1	1	189	3	62	6227	20	12	85.826736	毛皮
5	1	1	1	189	4	88	6227	28	12	96.843117	制品
5	1	1	1	189	5	115	6223	12	25	93.267876	加
5	1	1	1	189	6	126	6228	8	12	89.920525	工
4	1	1	1	190	0	18	6259	142	12	-1	
5	1	1	1	190	1	18	6259	24	12	91.251251	羽毛
5	1	1	1	190	2	46	6260	3	11	41.141148	!
5	1	1	1	190	3	53	6259	9	12	33.550152	线
5	1	1	1	190	4	64	6260	3	11	89.335594	)
5	1	1	1	190	5	74	6259	8	12	91.807404	加
5	1	1	1	190	6	87	6260	8	11	93.108986	工
5	1	1	1	190	7	99	6259	16	12	74.348572	及
5	1	1	1	190	8	118	6259	24	12	92.507378	制品
5	1	1	1	190	9	144	6259	16	12	94.579674	制造
4	1	1	1	191	0	32	6291	77	12	-1	
5	1	1	1	191	1	32	6291	49	12	21.000427	ne)
5	1	1	1	191	2	88	6291	21	12	30.568394	ML
4	1	1	1	192	0	32	6323	103	12	-1	
5	1	1	1	192	1	32	6323	48	12	58.259220	BE)
5	1	1	1	192	2	94	6323	41	12	21.394821	aml
4	1	1	1	193	0	18	6355	37	12	-1	
5	1	1	1	193	1	18	6355	37	12	92.058937	制
5	1	1	1	193	2	38	6351	11	24	82.952881	鞋
5	1	1	1	193	3	48	6351	11	24	90.423851	业
4	1	1	1	194	0	32	6387	89	12	-1	
5	1	1	1	194	1	32	6387	32	12	91.988907	纺织
5	1	1	1	194	2	71	6387	19	12	93.210808	面料
5	1	1	1	194	3	97	6387	6	12	68.182823	鞋
5	1	1	1	194	4	103	6383	18	24	95.352188	制造
4	1	1	1	195	0	32	6419	50	12	-1	
5	1	1	1	195	1	32	6419	32	12	65.837982	皮鞋
5	1	1	1	195	2	66	6419	16	12	96.079239	制造
4	1	1	1	196	0	32	6451	63	12	-1	
5	1	1	1	196	1	32	6451	34	12	11.162357	SAS
5	1	1	1	196	2	72	6451	23	12	11.162357	ae
4	1	1	1	197	0	32	6483	63	12	-1	
5	1	1	1	197	1	32	6483	63	12	48.221851	BREE
4	1	1	1	198	0	32	6515	63	12	-1	
5	1	1	1	198	1	32	6515	63	12	96.929169	其
5	1	1	1	198	2	49	6511	14	24	92.901276	他
5	1	1	1	198	3	62	6515	16	12	92.434486	制
5	1	1	1	198	4	77	6511	11	24	86.258438	鞋
5	1	1	1	198	5	88	6511	11	24	89.087982	业
4	1	1	1	199	0	0	6547	223	13	-1	
5	1	1	1	199	1	0	6547	28	12	95.120766	木村
5	1	1	1	199	2	34	6547	15	13	87.376442	加
5	1	1	1	199	3	48	6543	13	25	92.294991	工
5	1	1	1	199	4	60	6547	15	12	87.711685	和
5	1	1	1	199	5	85	6553	3	4	81.128746	木
5	1	1	1	199	6	87	6543	10	25	93.138916	、
5	1	1	1	199	7	96	6547	10	12	34.504086	攻
5	1	1	1	199	8	111	6553	3	4	71.726875	、
5	1	1	1	199	9	123	6547	9	12	0.000000	藤
5	1	1	1	199	10	137	6553	3	4	68.976830	、
5	1	1	1	199	11	150	6547	8	12	92.859154	棕
5	1	1	1	199	12	163	6553	3	4	85.843895	、
5	1	1	1	199	13	175	6547	18	12	88.279701	草
5	1	1	1	199	14	199	6547	19	12	93.043846	制品
5	1	1	1	199	15	217	6543	10	25	89.447861	业
4	1	1	1	200	0	18	6579	50	12	-1	
5	1	1	1	200	1	18	6579	24	12	82.877831	木材
5	1	1	1	200	2	48	6579	7	12	92.305351	加
5	1	1	1	200	3	60	6580	8	11	93.013794	工
4	1	1	1	201	0	32	6611	50	12	-1	
5	1	1	1	201	1	32	6611	19	12	67.121796	锯
5	1	1	1	201	2	50	6607	13	24	67.125877	材
5	1	1	1	201	3	62	6611	20	12	93.451378	加工
4	1	1	1	202	0	32	6643	50	12	-1	
5	1	1	1	202	1	32	6643	24	12	65.100266	木片
5	1	1	1	202	2	62	6643	7	12	93.204964	加
5	1	1	1	202	3	74	6644	8	11	86.703583	工
4	1	1	1	203	0	32	6675	50	12	-1	
5	1	1	1	203	1	32	6675	19	12	92.618492	单
5	1	1	1	203	2	50	6671	13	24	79.045975	板
5	1	1	1	203	3	62	6675	7	12	93.023338	加
5	1	1	1	203	4	74	6676	8	11	91.575409	工
4	1	1	1	204	0	32	6707	76	12	-1	
5	1	1	1	204	1	32	6707	11	12	96.930382	其
5	1	1	1	204	2	49	6707	15	12	96.888954	他
5	1	1	1	204	3	64	6707	44	12	75.143372	木村
5	1	1	1	204	4	86	6703	14	24	92.593323	加
5	1	1	1	204	5	100	6703	12	24	92.752411	工
4	1	1	1	205	0	18	6739	63	12	-1	
5	1	1	1	205	1	18	6739	11	12	92.521660	人
5	1	1	1	205	2	33	6739	9	12	47.893143	造
5	1	1	1	205	3	48	6739	7	12	82.621437	板
5	1	1	1	205	4	57	6739	24	12	96.561852	制造
4	1	1	1	206	0	32	6771	63	12	-1	
5	1	1	1	206	1	32	6771	63	12	13.377285	RARE
4	1	1	1	207	0	32	6803	63	12	-1	
5	1	1	1	207	1	32	6803	63	12	79.523735	纤维
5	1	1	1	207	2	62	6799	14	24	91.616264	板
5	1	1	1	207	3	76	6803	19	12	96.528549	制造
4	1	1	1	208	0	32	6835	63	12	-1	
5	1	1	1	208	1	32	6835	37	12	74.748047	刨花板
5	1	1	1	208	2	76	6835	19	12	96.570152	制造
4	1	1	1	209	0	32	6867	89	12	-1	
5	1	1	1	209	1	32	6867	19	12	96.912773	其
5	1	1	1	209	2	50	6863	10	24	96.916313	他
5	1	1	1	209	3	59	6867	10	12	91.254768	人
5	1	1	1	209	4	73	6867	17	12	25.491718	造
5	1	1	1	209	5	89	6863	13	24	72.529434	板
5	1	1	1	209	6	101	6867	7	12	89.213577	制
5	1	1	1	209	7	115	6867	6	12	90.578537	造
4	1	1	1	210	0	18	6899	76	12	-1	
5	1	1	1	210	1	18	6899	32	12	84.581055	木质
5	1	1	1	210	2	55	6899	21	12	96.590446	制品
5	1	1	1	210	3	75	6895	19	24	92.997803	制造
4	1	1	1	211	0	32	6931	154	12	-1	
5	1	1	1	211	1	32	6931	24	12	96.408165	建筑
5	1	1	1	211	2	62	6932	6	11	97.002892	用
5	1	1	1	211	3	76	6931	19	12	90.088135	木料
5	1	1	1	211	4	101	6932	7	11	91.199265	及
5	1	1	1	211	5	115	6931	27	12	84.339203	木材
5	1	1	1	211	6	149	6931	7	12	93.199722	组
5	1	1	1	211	7	162	6931	6	12	93.262802	件
5	1	1	1	211	8	167	6927	11	24	93.281647	加
5	1	1	1	211	9	178	6932	8	11	92.503960	工
4	1	1	1	212	0	32	6963	63	12	-1	
5	1	1	1	212	1	32	6963	63	12	77.565613	木门
5	1	1	1	212	2	62	6959	14	24	92.973785	窗
5	1	1	1	212	3	76	6959	14	24	92.830803	制
5	1	1	1	212	4	89	6959	10	24	91.946442	造
4	1	1	1	213	0	32	6995	63	12	-1	
5	1	1	1	213	1	32	6995	63	12	69.738220	木
5	1	1	1	213	2	50	6991	13	24	93.274918	楼
5	1	1	1	213	3	62	6991	14	24	76.200752	梯
5	1	1	1	213	4	76	6991	14	24	90.889503	制
5	1	1	1	213	5	89	6991	10	24	92.451431	造
4	1	1	1	214	0	32	7027	63	13	-1	
5	1	1	1	214	1	32	7027	63	13	45.235271	木
5	1	1	1	214	2	49	7023	12	25	93.288887	地
5	1	1	1	214	3	60	7023	17	25	92.876442	板
5	1	1	1	214	4	76	7023	23	25	95.832115	制造
4	1	1	1	215	0	32	7059	76	12	-1	
5	1	1	1	215	1	32	7059	19	12	63.047176	木
5	1	1	1	215	2	50	7055	13	24	92.624657	制
5	1	1	1	215	3	58	7059	50	12	85.131493	容器
5	1	1	1	215	4	89	7055	23	24	93.544197	制造
4	1	1	1	216	0	32	7091	154	12	-1	
5	1	1	1	216	1	32	7091	11	12	27.954845	坎
5	1	1	1	216	2	47	7091	9	12	90.101395	本
5	1	1	1	216	3	62	7087	26	24	56.869057	制品
5	1	1	1	216	4	88	7092	7	11	93.512543	及
5	1	1	1	216	5	101	7091	7	12	95.985451	其
5	1	1	1	216	6	115	7091	14	12	93.163261	他
5	1	1	1	216	7	128	7087	14	24	54.536530	木
5	1	1	1	216	8	142	7091	26	12	96.539108	制品
5	1	1	1	216	9	167	7087	19	24	92.644882	制造
4	1	1	1	217	0	18	7123	154	12	-1	
5	1	1	1	217	1	18	7123	11	12	86.773972	节
5	1	1	1	217	2	34	7129	3	4	89.566971	、
5	1	1	1	217	3	45	7123	10	12	16.587582	芯
5	1	1	1	217	4	60	7129	3	4	62.929020	、
5	1	1	1	217	5	72	7123	9	12	88.442436	棕
5	1	1	1	217	6	86	7129	3	4	81.063843	、
5	1	1	1	217	7	98	7123	17	12	89.761925	草
5	1	1	1	217	8	114	7119	14	24	96.036621	等
5	1	1	1	217	9	128	7123	26	12	96.157112	制品
5	1	1	1	217	10	161	7119	15	24	94.064682	制造
4	1	1	1	218	0	32	7155	63	12	-1	
5	1	1	1	218	1	32	7155	63	12	91.544327	节制
5	1	1	1	218	2	62	7151	14	24	93.066772	品
5	1	1	1	218	3	76	7155	19	12	96.634239	制造
4	1	1	1	219	0	32	7187	63	12	-1	
5	1	1	1	219	1	32	7187	63	12	37.940487	Baas
4	1	1	1	220	0	32	7219	63	12	-1	
5	1	1	1	220	1	32	7219	19	12	80.937668	棕
5	1	1	1	220	2	50	7215	19	24	95.590614	制品
5	1	1	1	220	3	76	7219	19	12	96.607002	制造
4	1	1	1	221	0	32	7251	102	12	-1	
5	1	1	1	221	1	32	7251	11	12	91.666054	草
5	1	1	1	221	2	47	7252	9	11	78.538483	及
5	1	1	1	221	3	61	7251	8	12	86.049858	其
5	1	1	1	221	4	76	7251	6	12	96.725311	他
5	1	1	1	221	5	84	7251	50	12	96.357315	制品
5	1	1	1	221	6	115	7247	23	24	95.647453	制造
4	1	1	1	222	0	0	7283	67	12	-1	
5	1	1	1	222	1	0	7283	67	12	93.162590	家
5	1	1	1	222	2	19	7279	16	24	87.460129	具
5	1	1	1	222	3	34	7279	16	24	92.232391	制
5	1	1	1	222	4	49	7279	11	24	89.210075	造
5	1	1	1	222	5	60	7279	11	24	90.695709	业
4	1	1	1	223	0	18	7315	76	12	-1	
5	1	1	1	223	1	18	7315	76	12	70.115158	木质
5	1	1	1	223	2	48	7311	11	24	93.203522	家
5	1	1	1	223	3	59	7311	15	24	89.016167	具
5	1	1	1	223	4	74	7311	14	24	92.512863	制
5	1	1	1	223	5	87	7311	11	24	84.549950	造
4	1	1	1	224	0	18	7347	89	12	-1	
5	1	1	1	224	1	18	7343	19	24	45.147720	tis
5	1	1	1	224	2	48	7347	30	12	24.887066	BRS
5	1	1	1	224	3	84	7347	23	12	30.405750	BE
4	1	1	1	225	0	18	7378	76	13	-1	
5	1	1	1	225	1	18	7378	76	13	84.551659	金属
5	1	1	1	225	2	48	7374	13	25	92.850121	家
5	1	1	1	225	3	60	7374	15	25	91.007050	具
5	1	1	1	225	4	74	7374	15	25	92.899551	制
5	1	1	1	225	5	89	7374	8	25	91.220612	造
4	1	1	1	226	0	18	7411	76	12	-1	
5	1	1	1	226	1	18	7411	76	12	93.412056	塑料
5	1	1	1	226	2	48	7407	11	24	93.142616	家
5	1	1	1	226	3	59	7407	15	24	76.484276	具
5	1	1	1	226	4	74	7407	14	24	92.203217	制
5	1	1	1	226	5	87	7407	11	24	83.804253	造
4	1	1	1	227	0	18	7443	76	12	-1	
5	1	1	1	227	1	18	7443	11	12	96.935310	其
5	1	1	1	227	2	35	7443	7	12	96.066376	他
5	1	1	1	227	3	47	7443	8	12	93.064903	家
5	1	1	1	227	4	59	7443	9	12	72.960953	具
5	1	1	1	227	5	74	7443	7	12	85.716621	制
5	1	1	1	227	6	87	7443	7	12	87.644142	造
4	1	1	1	228	0	0	7475	93	12	-1	
5	1	1	1	228	1	0	7475	93	12	94.055534	造纸
5	1	1	1	228	2	34	7471	13	24	93.298332	和
5	1	1	1	228	3	46	7471	17	24	91.425972	纸
5	1	1	1	228	4	63	7475	24	12	88.295364	制品
5	1	1	1	228	5	87	7471	9	24	86.918465	业
4	1	1	1	229	0	18	7507	50	12	-1	
5	1	1	1	229	1	18	7507	31	12	50.484852	纸浆
5	1	1	1	229	2	52	7507	16	12	95.453575	制造
4	1	1	1	230	0	32	7539	63	12	-1	
5	1	1	1	230	1	32	7539	63	12	43.381634	ARATE
4	1	1	1	231	0	32	7571	76	12	-1	
5	1	1	1	231	1	32	7571	37	12	38.657207	ERT
5	1	1	1	231	2	86	7571	22	12	38.657207	AS
4	1	1	1	232	0	18	7603	24	12	-1	
5	1	1	1	232	1	18	7603	24	12	94.229965	造纸
4	1	1	1	233	0	32	7635	102	12	-1	
5	1	1	1	233	1	32	7635	11	12	93.259315	机
5	1	1	1	233	2	49	7635	15	12	86.632446	制
5	1	1	1	233	3	64	7631	11	24	86.084007	纸
5	1	1	1	233	4	74	7636	8	11	88.074493	及
5	1	1	1	233	5	84	7635	50	12	96.091522	纸板
5	1	1	1	233	6	115	7631	23	24	96.431412	制造
4	1	1	1	234	0	32	7667	63	12	-1	
5	1	1	1	234	1	32	7667	63	12	92.711075	手工
5	1	1	1	234	2	62	7663	14	24	75.692261	纸
5	1	1	1	234	3	76	7667	19	12	96.306793	制造
4	1	1	1	235	0	32	7699	63	12	-1	
5	1	1	1	235	1	32	7699	11	12	93.261902	加
5	1	1	1	235	2	47	7700	9	11	90.648506	工
5	1	1	1	235	3	62	7699	7	12	85.781006	纸
5	1	1	1	235	4	71	7699	24	12	96.526665	制造
4	1	1	1	236	0	18	7730	63	13	-1	
5	1	1	1	236	1	18	7731	11	12	85.122368	纸
5	1	1	1	236	2	35	7730	28	13	96.923759	制品
5	1	1	1	236	3	62	7726	19	25	95.076950	制造
4	1	1	1	237	0	32	7763	102	12	-1	
5	1	1	1	237	1	32	7763	11	12	87.445709	纸
5	1	1	1	237	2	49	7763	7	12	92.243561	和
5	1	1	1	237	3	61	7763	21	12	91.788551	纸板
5	1	1	1	237	4	88	7763	20	12	92.069328	容器
5	1	1	1	237	5	115	7763	19	12	96.378906	制造
4	1	1	1	238	0	32	7795	89	12	-1	
5	1	1	1	238	1	32	7795	11	12	96.919846	其
5	1	1	1	238	2	49	7795	7	12	92.713692	他
5	1	1	1	238	3	61	7795	8	12	91.077911	纸
5	1	1	1	238	4	71	7795	50	12	96.888687	制品
5	1	1	1	238	5	101	7791	23	24	94.492836	制造
4	1	1	1	239	0	0	7825	132	14	-1	
5	1	1	1	239	1	0	7825	28	14	95.245293	印刷
5	1	1	1	239	2	32	7827	9	12	95.960732	和
5	1	1	1	239	3	43	7827	24	12	96.745552	记录
5	1	1	1	239	4	71	7827	22	12	90.612968	媒介
5	1	1	1	239	5	97	7827	30	12	65.613945	复制
5	1	1	1	239	6	126	7821	9	26	91.776627	业
4	1	1	1	240	0	18	7859	24	12	-1	
5	1	1	1	240	1	18	7859	24	12	95.212067	印刷
4	1	1	1	241	0	32	7891	76	12	-1	
5	1	1	1	241	1	32	7891	11	12	91.006203	书
5	1	1	1	241	2	48	7897	3	4	87.527809	、
5	1	1	1	241	3	61	7891	8	12	91.717834	报
5	1	1	1	241	4	76	7891	27	12	93.097954	刊印
5	1	1	1	241	5	105	7891	3	12	38.718967	刷
4	1	1	1	242	0	32	7923	50	12	-1	
5	1	1	1	242	1	32	7923	11	12	92.462242	本
5	1	1	1	242	2	45	7923	17	12	89.671379	册
5	1	1	1	242	3	64	7924	6	11	89.435524	印
5	1	1	1	242	4	75	7923	7	12	87.261612	制
4	1	1	1	243	0	32	7955	115	12	-1	
5	1	1	1	243	1	32	7955	115	12	68.115295	包装
5	1	1	1	243	2	62	7951	26	24	76.087006	装潢
5	1	1	1	243	3	88	7951	14	24	95.735260	及
5	1	1	1	243	4	101	7951	14	24	96.684250	其
5	1	1	1	243	5	115	7951	12	24	96.965973	他
5	1	1	1	243	6	127	7951	24	24	94.985062	印刷
4	1	1	1	244	0	18	7987	115	12	-1	
5	1	1	1	244	1	18	7987	24	12	94.721649	装订
5	1	1	1	244	2	45	7988	10	11	92.529327	及
5	1	1	1	244	3	60	7987	21	12	95.747177	印刷
5	1	1	1	244	4	87	7987	20	12	96.947502	相关
5	1	1	1	244	5	111	7987	22	12	95.808975	服务
4	1	1	1	245	0	18	8019	76	12	-1	
5	1	1	1	245	1	18	8019	24	12	94.053658	记录
5	1	1	1	245	2	47	8019	21	12	91.663887	媒介
5	1	1	1	245	3	72	8019	22	12	18.031511	复制
4	1	1	1	246	0	4	8051	206	12	-1	
5	1	1	1	246	1	4	8051	32	12	93.168953	文教
5	1	1	1	246	2	36	8047	11	24	92.164864	、
5	1	1	1	246	3	46	8051	17	12	92.807320	工
5	1	1	1	246	4	72	8057	3	4	92.982468	美
5	1	1	1	246	5	75	8047	11	24	91.656601	、
5	1	1	1	246	6	85	8051	17	12	92.573318	体
5	1	1	1	246	7	102	8047	11	24	91.391052	育
5	1	1	1	246	8	112	8051	8	12	87.306274	和
5	1	1	1	246	9	126	8051	27	12	91.028191	娱乐
5	1	1	1	246	10	153	8047	11	24	93.224258	用
5	1	1	1	246	11	163	8051	16	12	92.708527	品
5	1	1	1	246	12	186	8047	18	24	92.774078	制造
5	1	1	1	246	13	204	8051	6	12	90.174767	业
4	1	1	1	247	0	18	8083	102	12	-1	
5	1	1	1	247	1	18	8083	102	12	94.403938	文教
5	1	1	1	247	2	48	8079	11	24	96.942413	办
5	1	1	1	247	3	59	8083	27	12	90.917313	公用
5	1	1	1	247	4	86	8079	15	24	91.029121	品
5	1	1	1	247	5	101	8079	14	24	92.492569	制
5	1	1	1	247	6	114	8079	10	24	92.053680	造
4	1	1	1	248	0	32	8114	50	13	-1	
5	1	1	1	248	1	32	8114	31	13	96.368668	文具
5	1	1	1	248	2	66	8115	16	12	95.505173	制造
4	1	1	1	249	0	32	8147	50	12	-1	
5	1	1	1	249	1	32	8147	19	12	88.542549	笔
5	1	1	1	249	2	58	8147	6	12	96.679840	的
5	1	1	1	249	3	66	8147	16	12	96.223206	制造
4	1	1	1	250	0	32	8179	128	12	-1	
5	1	1	1	250	1	32	8175	31	24	75.288651	教学
5	1	1	1	250	2	62	8180	6	11	96.771225	用
5	1	1	1	250	3	74	8179	21	12	95.120262	模型
5	1	1	1	250	4	101	8180	7	11	96.661171	及
5	1	1	1	250	5	115	8179	19	12	95.149086	教具
5	1	1	1	250	6	140	8179	20	12	94.377609	制造
4	1	1	1	251	0	32	8211	89	12	-1	
5	1	1	1	251	1	32	8211	89	12	93.145294	墨水
5	1	1	1	251	2	62	8207	14	24	92.669502	、
5	1	1	1	251	3	76	8207	15	24	83.942482	墨
5	1	1	1	251	4	91	8207	12	24	0.000000	汁
5	1	1	1	251	5	103	8207	21	24	94.121613	制造
4	1	1	1	252	0	32	8243	128	13	-1	
5	1	1	1	252	1	32	8243	11	12	96.506828	其
5	1	1	1	252	2	48	8243	16	13	95.348877	他
5	1	1	1	252	3	63	8239	19	25	95.040329	文教
5	1	1	1	252	4	88	8243	7	12	96.884544	办
5	1	1	1	252	5	99	8243	21	12	91.278893	公用
5	1	1	1	252	6	126	8243	8	12	92.689697	品
5	1	1	1	252	7	140	8243	20	12	96.700584	制造
4	1	1	1	253	0	18	8275	50	12	-1	
5	1	1	1	253	1	18	8275	31	12	96.017372	乐器
5	1	1	1	253	2	52	8275	16	12	95.861046	制造
4	1	1	1	254	0	33	8307	62	12	-1	
5	1	1	1	254	1	33	8307	9	12	96.940277	中
5	1	1	1	254	2	48	8307	21	12	92.882248	乐器
5	1	1	1	254	3	75	8307	20	12	96.028175	制造
4	1	1	1	255	0	32	8339	63	12	-1	
5	1	1	1	255	1	32	8339	63	12	88.628319	西
5	1	1	1	255	2	50	8335	13	24	92.936668	乐
5	1	1	1	255	3	62	8335	14	24	95.654327	器
5	1	1	1	255	4	76	8339	19	12	96.300804	制造
4	1	1	1	256	0	32	8371	76	12	-1	
5	1	1	1	256	1	32	8371	32	12	96.527969	电子
5	1	1	1	256	2	64	8367	18	24	95.745888	乐器
5	1	1	1	256	3	88	8371	20	12	93.728119	制造
4	1	1	1	257	0	32	8402	115	13	-1	
5	1	1	1	257	1	32	8403	11	12	96.926155	其
5	1	1	1	257	2	49	8403	15	12	96.982750	他
5	1	1	1	257	3	63	8398	19	25	93.289368	乐器
5	1	1	1	257	4	87	8404	8	11	96.828918	及
5	1	1	1	257	5	101	8402	20	13	65.069305	零件
5	1	1	1	257	6	128	8398	22	25	96.218811	制造
4	1	1	1	258	0	18	8435	141	12	-1	
5	1	1	1	258	1	18	8435	32	12	30.629505	工艺
5	1	1	1	258	2	50	8431	18	24	96.601242	美术
5	1	1	1	258	3	72	8436	9	11	92.413170	及
5	1	1	1	258	4	87	8435	28	12	88.778374	礼仪
5	1	1	1	258	5	114	8431	13	24	93.127579	用
5	1	1	1	258	6	126	8435	7	12	91.962250	品
5	1	1	1	258	7	140	8435	19	12	96.179909	制造
4	1	1	1	259	0	32	8467	89	12	-1	
5	1	1	1	259	1	32	8467	34	12	18.801670	ABT
5	1	1	1	259	2	74	8467	47	12	3.232899	Saw
4	1	1	1	260	0	32	8499	89	12	-1	
5	1	1	1	260	1	32	8499	32	12	92.319626	金属
5	1	1	1	260	2	64	8495	18	24	92.406082	工艺
5	1	1	1	260	3	89	8499	7	12	92.603149	品
5	1	1	1	260	4	101	8499	20	12	93.599030	制造
4	1	1	1	261	0	32	8531	89	12	-1	
5	1	1	1	261	1	32	8531	32	12	43.041729	漆器
5	1	1	1	261	2	64	8527	18	24	91.789047	工艺
5	1	1	1	261	3	89	8531	7	12	92.802696	品
5	1	1	1	261	4	101	8531	20	12	94.619881	制造
4	1	1	1	262	0	32	8563	89	12	-1	
5	1	1	1	262	1	32	8563	11	12	92.679367	花
5	1	1	1	262	2	49	8563	7	12	61.886944	画
5	1	1	1	262	3	58	8563	63	12	92.200317	工艺
5	1	1	1	262	4	89	8559	13	24	91.597641	品
5	1	1	1	262	5	101	8559	23	24	94.384880	制造
4	1	1	1	263	0	32	8595	167	12	-1	
5	1	1	1	263	1	32	8596	11	11	93.253685	天
5	1	1	1	263	2	49	8595	15	12	0.000000	然
5	1	1	1	263	3	71	8595	19	12	95.710533	植物
5	1	1	1	263	4	89	8591	28	24	95.953590	纤维
5	1	1	1	263	5	116	8591	26	24	82.328629	编织
5	1	1	1	263	6	142	8591	26	24	92.638535	工艺
5	1	1	1	263	7	167	8591	13	24	92.980766	品
5	1	1	1	263	8	179	8595	20	12	80.028549	制造
4	1	1	1	264	0	32	8627	115	12	-1	
5	1	1	1	264	1	28	8623	28	24	10.094118	HAP
5	1	1	1	264	2	60	8623	32	24	10.094118	RIAT
5	1	1	1	264	3	100	8627	47	12	26.279287	SH
4	1	1	1	265	0	32	8659	89	12	-1	
5	1	1	1	265	1	32	8659	24	12	31.980438	HE
5	1	1	1	265	2	72	8659	49	12	42.091160	HB
4	1	1	1	266	0	32	8691	141	12	-1	
5	1	1	1	266	1	32	8691	24	12	95.499657	珠宝
5	1	1	1	266	2	62	8691	29	12	46.453972	首饰
5	1	1	1	266	3	91	8687	9	24	95.473389	及
5	1	1	1	266	4	100	8691	8	12	93.301331	有
5	1	1	1	266	5	110	8691	11	12	92.489487	关
5	1	1	1	266	6	127	8691	7	12	90.179718	物
5	1	1	1	266	7	140	8691	7	12	91.955467	品
5	1	1	1	266	8	154	8691	19	12	94.457092	制造
4	1	1	1	267	0	32	8723	167	12	-1	
5	1	1	1	267	1	32	8723	11	12	96.922699	其
5	1	1	1	267	2	49	8723	7	12	96.231544	他
5	1	1	1	267	3	61	8723	29	12	63.056118	工艺
5	1	1	1	267	4	89	8719	19	24	92.132111	美术
5	1	1	1	267	5	112	8723	17	12	93.698715	及
5	1	1	1	267	6	136	8719	18	24	72.715843	礼仪
5	1	1	1	267	7	154	8724	5	11	93.268929	用
5	1	1	1	267	8	166	8723	7	12	92.257973	品
5	1	1	1	267	9	179	8723	20	12	95.645714	制造
4	1	1	1	268	0	18	8755	76	12	-1	
5	1	1	1	268	1	18	8755	76	12	95.896393	体育
5	1	1	1	268	2	48	8751	13	24	93.074257	用
5	1	1	1	268	3	60	8751	16	24	92.072792	品
5	1	1	1	268	4	75	8751	13	24	92.398827	制
5	1	1	1	268	5	87	8751	11	24	87.636406	造
4	1	1	1	269	0	32	8787	50	12	-1	
5	1	1	1	269	1	32	8787	11	12	92.393723	球
5	1	1	1	269	2	47	8787	9	12	86.396553	类
5	1	1	1	269	3	61	8787	21	12	96.043427	制造
4	1	1	1	270	0	32	8819	141	12	-1	
5	1	1	1	270	1	32	8819	24	12	96.528168	专项
5	1	1	1	270	2	62	8819	28	12	96.558784	运动
5	1	1	1	270	3	89	8815	11	24	96.846245	器
5	1	1	1	270	4	100	8819	8	12	96.996445	村
5	1	1	1	270	5	112	8820	9	11	93.157509	及
5	1	1	1	270	6	125	8820	9	11	62.196831	醒
5	1	1	1	270	7	139	8819	8	12	86.774429	件
5	1	1	1	270	8	154	8819	19	12	96.013641	制造
4	1	1	1	271	0	32	8851	76	12	-1	
5	1	1	1	271	1	32	8851	76	12	95.688248	健身
5	1	1	1	271	2	62	8847	13	24	96.374352	器
5	1	1	1	271	3	74	8847	14	24	97.007507	村
5	1	1	1	271	4	88	8851	20	12	67.385178	制造
4	1	1	1	272	0	32	8883	102	12	-1	
5	1	1	1	272	1	32	8883	24	12	95.751808	运动
5	1	1	1	272	2	62	8883	20	12	96.767189	防护
5	1	1	1	272	3	88	8884	6	11	92.831711	用
5	1	1	1	272	4	100	8883	8	12	87.712036	具
5	1	1	1	272	5	113	8883	16	12	91.914780	制
5	1	1	1	272	6	128	8879	10	24	92.193581	造
4	1	1	1	273	0	32	8915	102	12	-1	
5	1	1	1	273	1	32	8915	11	12	96.922089	其
5	1	1	1	273	2	49	8915	7	12	96.373878	他
5	1	1	1	273	3	58	8915	76	12	96.762375	体育
5	1	1	1	273	4	88	8911	12	24	93.202568	用
5	1	1	1	273	5	100	8911	15	24	90.860168	品
5	1	1	1	273	6	115	8911	23	24	95.453026	制造
4	1	1	1	274	0	18	8947	50	12	-1	
5	1	1	1	274	1	18	8947	31	12	93.964249	玩具
5	1	1	1	274	2	52	8947	16	12	95.767754	制造
4	1	1	1	275	0	32	8979	63	12	-1	
5	1	1	1	275	1	32	8979	63	12	93.299767	电玩
5	1	1	1	275	2	61	8975	15	24	84.283646	具
5	1	1	1	275	3	76	8979	19	12	96.328041	制造
4	1	1	1	276	0	32	9011	76	12	-1	
5	1	1	1	276	1	32	9011	19	12	21.285839	塑
5	1	1	1	276	2	50	9007	11	24	4.870052	腕
5	1	1	1	276	3	61	9011	21	12	92.924004	玩具
5	1	1	1	276	4	88	9011	20	12	89.673042	制造
4	1	1	1	277	0	32	9042	76	13	-1	
5	1	1	1	277	1	32	9042	32	13	87.006622	金属
5	1	1	1	277	2	63	9038	19	25	95.526108	玩具
5	1	1	1	277	3	88	9038	23	25	96.167549	制造
4	1	1	1	278	0	32	9075	76	12	-1	
5	1	1	1	278	1	32	9075	32	12	95.498360	弹射
5	1	1	1	278	2	64	9071	18	24	94.470985	玩具
5	1	1	1	278	3	88	9075	20	12	91.994553	制造
4	1	1	1	279	0	32	9107	76	12	-1	
5	1	1	1	279	1	32	9107	24	12	84.394051	娃娃
5	1	1	1	279	2	62	9107	20	12	91.283943	玩具
5	1	1	1	279	3	88	9107	20	12	93.454399	制造
4	1	1	1	280	0	32	9139	180	12	-1	
5	1	1	1	280	1	32	9139	32	12	88.100815	儿童
5	1	1	1	280	2	64	9135	11	24	79.101051	乘
5	1	1	1	280	3	74	9139	8	12	80.416573	骑
5	1	1	1	280	4	88	9140	7	11	0.000000	玩
5	1	1	1	280	5	101	9140	7	11	58.278801	更
5	1	1	1	280	6	113	9139	17	12	90.338837	的
5	1	1	1	280	7	136	9135	17	24	96.553696	童车
5	1	1	1	280	8	152	9139	8	12	95.100510	类
5	1	1	1	280	9	166	9139	20	12	96.706779	产品
5	1	1	1	280	10	193	9139	19	12	96.265701	制造
4	1	1	1	281	0	32	9171	76	12	-1	
5	1	1	1	281	1	32	9171	11	12	96.930466	其
5	1	1	1	281	2	49	9171	7	12	95.746399	他
5	1	1	1	281	3	61	9171	21	12	94.891701	玩具
5	1	1	1	281	4	88	9171	20	12	92.741066	制造
4	1	1	1	282	0	18	9203	141	12	-1	
5	1	1	1	282	1	18	9203	32	12	95.518936	游艺
5	1	1	1	282	2	50	9199	11	24	96.893745	器
5	1	1	1	282	3	60	9203	8	12	97.000175	村
5	1	1	1	282	4	72	9203	17	12	91.801987	及
5	1	1	1	282	5	96	9203	19	12	94.673531	娱乐
5	1	1	1	282	6	114	9199	13	24	93.021866	用
5	1	1	1	282	7	126	9203	7	12	90.544250	品
5	1	1	1	282	8	140	9203	19	12	95.981178	制造
4	1	1	1	283	0	32	9235	154	12	-1	
5	1	1	1	283	1	32	9235	24	12	92.893150	露天
5	1	1	1	283	2	62	9235	29	12	84.140198	游乐
5	1	1	1	283	3	91	9231	17	24	96.885712	场所
5	1	1	1	283	4	115	9235	27	12	96.353966	游乐
5	1	1	1	283	5	142	9231	26	24	96.088120	设备
5	1	1	1	283	6	167	9231	19	24	93.753822	制造
4	1	1	1	284	0	32	9267	167	12	-1	
5	1	1	1	284	1	32	9263	31	24	94.834473	游艺
5	1	1	1	284	2	62	9268	6	11	93.159279	用
5	1	1	1	284	3	74	9267	8	12	92.947067	品
5	1	1	1	284	4	88	9268	7	11	91.887260	及
5	1	1	1	284	5	100	9267	20	12	96.908340	室内
5	1	1	1	284	6	127	9263	27	24	55.530045	游艺
5	1	1	1	284	7	154	9267	14	12	93.285416	器
5	1	1	1	284	8	167	9263	13	24	90.048973	材
5	1	1	1	284	9	179	9267	20	12	93.494629	制造
4	1	1	1	285	0	32	9299	102	12	-1	
5	1	1	1	285	1	32	9299	11	12	96.922966	其
5	1	1	1	285	2	49	9299	15	12	95.971191	他
5	1	1	1	285	3	71	9299	63	12	95.600525	娱乐
5	1	1	1	285	4	89	9295	13	24	92.679314	用
5	1	1	1	285	5	101	9295	14	24	89.563309	品
5	1	1	1	285	6	115	9295	23	24	96.241631	制造
4	1	1	1	286	0	4	9331	167	12	-1	
5	1	1	1	286	1	4	9327	29	24	80.480507	石油
5	1	1	1	286	2	33	9337	3	4	92.563248	、
5	1	1	1	286	3	45	9331	9	12	61.693974	煤
5	1	1	1	286	4	60	9331	7	12	45.215267	炭
5	1	1	1	286	5	72	9332	8	11	84.948723	及
5	1	1	1	286	6	85	9331	8	12	96.921860	其
5	1	1	1	286	7	99	9331	7	12	96.514862	他
5	1	1	1	286	8	111	9331	29	12	67.779030	燃料
5	1	1	1	286	9	139	9327	13	24	96.531494	加
5	1	1	1	286	10	151	9331	20	12	96.249733	工业
4	1	1	1	287	0	18	9363	102	12	-1	
5	1	1	1	287	1	18	9363	32	12	56.232449	精炼
5	1	1	1	287	2	50	9359	26	24	92.635124	石油
5	1	1	1	287	3	75	9359	19	24	96.917542	产品
5	1	1	1	287	4	101	9363	19	12	96.441322	制造
4	1	1	1	288	0	32	9395	141	12	-1	
5	1	1	1	288	1	32	9395	24	12	95.482193	原油
5	1	1	1	288	2	62	9395	7	12	93.258392	加
5	1	1	1	288	3	74	9396	8	11	92.895187	工
5	1	1	1	288	4	86	9396	9	11	84.302765	及
5	1	1	1	288	5	100	9395	29	12	93.460526	石油
5	1	1	1	288	6	136	9391	18	24	96.125374	制品
5	1	1	1	288	7	154	9395	19	12	96.490639	制造
4	1	1	1	289	0	32	9427	76	12	-1	
5	1	1	1	289	1	32	9427	17	12	96.927284	其
5	1	1	1	289	2	49	9427	7	12	95.773857	他
5	1	1	1	289	3	58	9427	50	12	96.135880	原油
5	1	1	1	289	4	89	9423	23	24	94.195053	制造
4	1	1	1	290	0	18	9459	50	12	-1	
5	1	1	1	290	1	18	9459	24	12	47.218544	煤炭
5	1	1	1	290	2	47	9459	8	12	93.227608	加
5	1	1	1	290	3	60	9460	8	11	91.655678	工
4	1	1	1	291	0	32	9491	24	12	-1	
5	1	1	1	291	1	32	9491	24	12	18.046970	ee
4	1	1	1	292	0	32	9523	89	12	-1	
5	1	1	1	292	1	32	9523	89	12	33.013340	HAMAS
5	1	1	1	292	2	112	9519	12	24	25.042519	FE
4	1	1	1	293	0	32	9555	102	12	-1	
5	1	1	1	293	1	32	9555	102	12	39.383945	EA
5	1	1	1	293	2	128	9551	10	24	27.051044	=
4	1	1	1	294	0	32	9587	63	12	-1	
5	1	1	1	294	1	32	9587	63	12	48.159737	煤
5	1	1	1	294	2	50	9583	13	24	91.840485	制
5	1	1	1	294	3	62	9583	14	24	89.049706	品
5	1	1	1	294	4	76	9587	19	12	96.420937	制造
4	1	1	1	295	0	32	9619	76	12	-1	
5	1	1	1	295	1	32	9619	11	12	96.912071	其
5	1	1	1	295	2	49	9619	7	12	96.098305	他
5	1	1	1	295	3	58	9619	50	12	58.107128	煤炭
5	1	1	1	295	4	88	9615	12	24	93.269119	加
5	1	1	1	295	5	100	9615	12	24	92.529152	工
4	1	1	1	296	0	18	9651	89	12	-1	
5	1	1	1	296	1	18	9651	89	12	93.159431	生物
5	1	1	1	296	2	48	9647	14	24	93.203606	质
5	1	1	1	296	3	62	9651	26	12	85.923691	燃料
5	1	1	1	296	4	87	9647	13	24	93.211014	加
5	1	1	1	296	5	99	9647	11	24	85.500038	工
4	1	1	1	297	0	32	9683	115	12	-1	
5	1	1	1	297	1	32	9683	115	12	93.216125	生物
5	1	1	1	297	2	62	9679	14	24	92.955696	质
5	1	1	1	297	3	76	9679	26	24	89.088493	液体
5	1	1	1	297	4	101	9679	26	24	61.782230	燃料
5	1	1	1	297	5	127	9679	24	24	85.717308	生产
4	1	1	1	298	0	32	9715	141	13	-1	
5	1	1	1	298	1	32	9715	24	12	93.171852	生物
5	1	1	1	298	2	62	9715	16	12	93.017105	质
5	1	1	1	298	3	78	9711	25	25	75.312256	致密
5	1	1	1	298	4	110	9715	8	12	96.752411	成
5	1	1	1	298	5	117	9711	11	25	96.652504	型
5	1	1	1	298	6	128	9715	27	12	90.670227	燃料
5	1	1	1	298	7	154	9711	12	25	93.275948	加
5	1	1	1	298	8	165	9716	8	11	89.793137	工
4	1	1	1	299	0	4	9746	154	13	-1	
5	1	1	1	299	1	4	9747	11	12	96.038376	化
5	1	1	1	299	2	21	9747	15	12	96.675232	学
5	1	1	1	299	3	43	9742	17	25	96.065498	原料
5	1	1	1	299	4	59	9747	8	12	96.828506	和
5	1	1	1	299	5	71	9747	17	12	96.274742	化
5	1	1	1	299	6	87	9742	13	25	96.101562	学
5	1	1	1	299	7	100	9746	27	13	95.812843	制品
5	1	1	1	299	8	134	9742	18	25	89.516106	制造
5	1	1	1	299	9	151	9747	7	12	92.212479	业
4	1	1	1	300	0	18	9779	102	12	-1	
5	1	1	1	300	1	18	9779	102	12	95.029167	基础
5	1	1	1	300	2	50	9775	12	24	96.771362	化
5	1	1	1	300	3	62	9775	14	24	95.638458	学
5	1	1	1	300	4	75	9779	26	12	96.645821	原料
5	1	1	1	300	5	101	9775	23	24	95.510437	制造
4	1	1	1	301	0	32	9811	63	12	-1	
5	1	1	1	301	1	32	9811	63	12	96.448929	无
5	1	1	1	301	2	50	9807	11	24	93.214691	机
5	1	1	1	301	3	61	9807	15	24	91.920815	酸
5	1	1	1	301	4	76	9807	14	24	85.374954	制
5	1	1	1	301	5	89	9807	10	24	91.282242	造
4	1	1	1	302	0	32	9843	63	12	-1	
5	1	1	1	302	1	32	9843	63	12	96.393280	无
5	1	1	1	302	2	50	9839	13	24	93.191223	机
5	1	1	1	302	3	62	9839	14	24	86.230316	碱
5	1	1	1	302	4	76	9843	19	12	96.286781	制造
4	1	1	1	303	0	32	9875	63	12	-1	
5	1	1	1	303	1	32	9875	63	12	96.316841	无
5	1	1	1	303	2	50	9871	13	24	93.130539	机
5	1	1	1	303	3	62	9871	14	24	91.836792	盐
5	1	1	1	303	4	76	9875	19	12	95.828850	制造
4	1	1	1	304	0	32	9907	102	12	-1	
5	1	1	1	304	1	32	9907	11	12	92.439476	有
5	1	1	1	304	2	45	9907	11	12	95.784615	机
5	1	1	1	304	3	61	9907	8	12	95.987167	化
5	1	1	1	304	4	76	9907	14	12	96.854622	学
5	1	1	1	304	5	89	9907	45	12	96.732658	原料
5	1	1	1	304	6	115	9903	23	24	96.359329	制造
4	1	1	1	305	0	32	9939	128	13	-1	
5	1	1	1	305	1	32	9939	11	12	96.953697	其
5	1	1	1	305	2	48	9939	8	13	96.765686	他
5	1	1	1	305	3	60	9939	22	12	93.152596	基础
5	1	1	1	305	4	88	9939	15	12	96.978065	化
5	1	1	1	305	5	110	9940	6	11	94.108177	学
5	1	1	1	305	6	115	9935	19	25	96.603569	原料
5	1	1	1	305	7	140	9939	20	12	95.800011	制造
4	1	1	1	306	0	18	9971	50	12	-1	
5	1	1	1	306	1	18	9971	31	12	95.688690	肥料
5	1	1	1	306	2	52	9971	16	12	95.674530	制造
4	1	1	1	307	0	32	10003	50	12	-1	
5	1	1	1	307	1	32	10003	11	12	14.119091	氢
5	1	1	1	307	2	47	10004	9	11	46.900692	肥
5	1	1	1	307	3	61	10003	21	12	93.477844	制造
4	1	1	1	308	0	32	10035	50	12	-1	
5	1	1	1	308	1	32	10035	24	12	10.353441	合肥
5	1	1	1	308	2	61	10035	21	12	93.011551	制造
4	1	1	1	309	0	32	10067	50	12	-1	
5	1	1	1	309	1	32	10067	24	12	10.382290	钾肥
5	1	1	1	309	2	61	10067	21	12	90.619125	制造
4	1	1	1	310	0	32	10099	76	12	-1	
5	1	1	1	310	1	32	10099	11	12	47.102795	复
5	1	1	1	310	2	49	10099	7	12	74.036560	混
5	1	1	1	310	3	58	10099	50	12	92.733528	肥料
5	1	1	1	310	4	89	10095	23	24	94.186844	制造
4	1	1	1	311	0	32	10131	154	12	-1	
5	1	1	1	311	1	32	10131	11	12	91.977921	有
5	1	1	1	311	2	46	10131	10	12	95.437340	机
5	1	1	1	311	3	59	10131	23	12	92.075645	肥料
5	1	1	1	311	4	86	10131	17	12	93.860725	及
5	1	1	1	311	5	103	10127	31	24	87.761467	微生物
5	1	1	1	311	6	139	10131	29	12	90.459641	肥料
5	1	1	1	311	7	167	10127	19	24	92.091919	制造
4	1	1	1	312	0	32	10163	76	12	-1	
5	1	1	1	312	1	32	10163	11	12	96.928375	其
5	1	1	1	312	2	49	10163	7	12	96.338203	他
5	1	1	1	312	3	58	10163	50	12	93.602867	肥料
5	1	1	1	312	4	89	10159	23	24	94.843781	制造
4	1	1	1	313	0	18	10195	50	12	-1	
5	1	1	1	313	1	18	10195	31	12	91.469543	农药
5	1	1	1	313	2	52	10195	16	12	93.914146	制造
4	1	1	1	314	0	32	10227	76	12	-1	
5	1	1	1	314	1	32	10227	11	12	95.893951	化
5	1	1	1	314	2	49	10227	15	12	95.703331	学
5	1	1	1	314	3	64	10227	44	12	96.464806	农药
5	1	1	1	314	4	89	10223	23	24	93.620422	制造
4	1	1	1	315	0	32	10259	180	12	-1	
5	1	1	1	315	1	32	10259	24	12	95.856453	生物
5	1	1	1	315	2	62	10259	7	12	96.652794	化
5	1	1	1	315	3	76	10259	14	12	96.810699	学
5	1	1	1	315	4	97	10255	17	24	92.010765	农药
5	1	1	1	315	5	113	10259	16	12	95.112106	及
5	1	1	1	315	6	128	10255	40	24	70.774185	微生物
5	1	1	1	315	7	167	10255	19	24	93.308266	农药
5	1	1	1	315	8	193	10259	19	12	96.554161	制造
4	1	1	1	316	0	18	10291	193	12	-1	
5	1	1	1	316	1	18	10291	31	12	93.075516	涂料
5	1	1	1	316	2	48	10287	13	24	86.392502	、
5	1	1	1	316	3	60	10291	19	12	92.848343	油
5	1	1	1	316	4	86	10297	3	4	85.793442	墨
5	1	1	1	316	5	89	10287	12	24	86.705666	、
5	1	1	1	316	6	101	10291	15	12	73.541847	颜
5	1	1	1	316	7	116	10287	17	24	94.824821	料及
5	1	1	1	316	8	137	10291	9	12	93.062874	类
5	1	1	1	316	9	150	10291	9	12	86.290222	似
5	1	1	1	316	10	165	10291	28	12	96.941536	产品
5	1	1	1	316	11	192	10287	19	24	94.812714	制造
4	1	1	1	317	0	32	10323	50	12	-1	
5	1	1	1	317	1	32	10323	31	12	95.911469	涂料
5	1	1	1	317	2	66	10323	16	12	96.397156	制造
4	1	1	1	318	0	32	10355	115	12	-1	
5	1	1	1	318	1	32	10355	115	12	96.288361	油墨
5	1	1	1	318	2	62	10351	11	24	95.528000	及
5	1	1	1	318	3	73	10351	14	24	92.931267	类
5	1	1	1	318	4	86	10351	16	24	85.163010	似
5	1	1	1	318	5	101	10351	28	24	96.925674	产品
5	1	1	1	318	6	128	10351	23	24	93.188789	制造
4	1	1	1	319	0	32	10387	76	12	-1	
5	1	1	1	319	1	32	10387	24	12	95.949692	工业
5	1	1	1	319	2	62	10387	28	12	86.176773	颜料
5	1	1	1	319	3	89	10383	19	24	92.891365	制造
4	1	1	1	320	0	32	10419	102	12	-1	
5	1	1	1	320	1	32	10419	102	12	77.702629	工艺
5	1	1	1	320	2	64	10415	24	24	96.721619	美术
5	1	1	1	320	3	88	10419	27	12	87.684105	颜料
5	1	1	1	320	4	115	10415	23	24	96.369705	制造
4	1	1	1	321	0	32	10451	50	12	-1	
5	1	1	1	321	1	32	10451	31	12	94.789680	染料
5	1	1	1	321	2	66	10451	16	12	96.362251	制造
4	1	1	1	322	0	32	10482	141	13	-1	
5	1	1	1	322	1	32	10478	31	25	94.307533	密封
5	1	1	1	322	2	62	10484	6	11	96.947227	用
5	1	1	1	322	3	74	10483	21	12	96.423500	填料
5	1	1	1	322	4	99	10484	9	11	95.727493	及
5	1	1	1	322	5	112	10483	9	12	93.268707	类
5	1	1	1	322	6	126	10483	8	12	88.536880	似
5	1	1	1	322	7	140	10482	15	13	93.151649	品
5	1	1	1	322	8	154	10478	19	25	95.127556	制造
4	1	1	1	323	0	18	10515	76	12	-1	
5	1	1	1	323	1	18	10515	19	12	64.802620	会
5	1	1	1	323	2	44	10515	6	12	96.896774	成
5	1	1	1	323	3	50	10511	12	24	92.361183	村
5	1	1	1	323	4	62	10515	14	12	92.660461	料
5	1	1	1	323	5	75	10511	13	24	92.130920	制
5	1	1	1	323	6	87	10515	7	12	87.139984	造
4	1	1	1	324	0	32	10547	167	12	-1	
5	1	1	1	324	1	32	10547	24	12	35.857502	初级
5	1	1	1	324	2	62	10547	29	12	96.921814	形态
5	1	1	1	324	3	97	10543	17	24	66.006836	塑料
5	1	1	1	324	4	113	10548	8	11	96.519966	及
5	1	1	1	324	5	125	10543	29	24	95.382446	合成
5	1	1	1	324	6	154	10547	20	12	94.817413	树脂
5	1	1	1	324	7	179	10547	20	12	95.132545	制造
4	1	1	1	325	0	32	10579	76	12	-1	
5	1	1	1	325	1	32	10579	37	12	19.743395	SR
5	1	1	1	325	2	86	10579	22	12	19.743395	aS
4	1	1	1	326	0	32	10611	142	12	-1	
5	1	1	1	326	1	32	10611	19	12	49.235771	会
5	1	1	1	326	2	58	10611	4	11	95.220001	成
5	1	1	1	326	3	64	10611	26	12	92.702896	纤维
5	1	1	1	326	4	89	10607	11	24	40.449047	单
5	1	1	1	326	5	101	10611	31	12	27.625160	(聚合
5	1	1	1	326	6	131	10607	10	24	92.660797	)
5	1	1	1	326	7	140	10611	16	12	74.678368	体
5	1	1	1	326	8	158	10611	16	12	92.311653	制造
4	1	1	1	327	0	32	10643	102	12	-1	
5	1	1	1	327	1	32	10643	11	12	96.900558	其
5	1	1	1	327	2	49	10643	7	12	96.010674	他
5	1	1	1	327	3	58	10643	76	12	92.716484	合成
5	1	1	1	327	4	89	10639	11	24	92.903603	村
5	1	1	1	327	5	100	10639	15	24	78.112038	料
5	1	1	1	327	6	115	10639	23	24	96.407570	制造
4	1	1	1	328	0	18	10675	102	12	-1	
5	1	1	1	328	1	18	10675	102	12	96.544586	专用
5	1	1	1	328	2	47	10671	15	24	96.572037	化
5	1	1	1	328	3	62	10671	14	24	96.873825	学
5	1	1	1	328	4	75	10675	26	12	96.911507	产品
5	1	1	1	328	5	101	10671	23	24	96.377754	制造
4	1	1	1	329	0	32	10707	115	12	-1	
5	1	1	1	329	1	32	10707	11	12	95.817368	化
5	1	1	1	329	2	49	10707	15	12	96.192101	学
5	1	1	1	329	3	71	10707	20	12	95.890366	试剂
5	1	1	1	329	4	91	10703	11	24	88.794952	和
5	1	1	1	329	5	101	10707	16	12	91.455009	助
5	1	1	1	329	6	123	10707	6	12	92.890358	剂
5	1	1	1	329	7	128	10703	19	24	92.706421	制造
4	1	1	1	330	0	32	10739	102	12	-1	
5	1	1	1	330	1	32	10739	102	12	96.644165	专项
5	1	1	1	330	2	62	10735	14	24	96.886215	化
5	1	1	1	330	3	76	10735	12	24	96.939980	学
5	1	1	1	330	4	88	10735	12	24	93.216087	用
5	1	1	1	330	5	100	10735	15	24	91.385925	品
5	1	1	1	330	6	115	10735	23	24	93.568924	制造
4	1	1	1	331	0	32	10771	102	12	-1	
5	1	1	1	331	1	32	10771	102	12	84.618309	林产
5	1	1	1	331	2	62	10767	14	24	96.913445	化
5	1	1	1	331	3	76	10767	14	24	96.848854	学
5	1	1	1	331	4	89	10771	26	12	96.920860	产品
5	1	1	1	331	5	115	10767	23	24	96.353340	制造
4	1	1	1	332	0	32	10803	128	12	-1	
5	1	1	1	332	1	32	10799	31	24	88.030304	文化
5	1	1	1	332	2	62	10804	6	11	96.989883	用
5	1	1	1	332	3	73	10803	22	12	96.913422	信息
5	1	1	1	332	4	101	10803	7	12	96.917892	化
5	1	1	1	332	5	115	10803	14	12	92.925949	学
5	1	1	1	332	6	128	10799	13	24	92.596565	品
5	1	1	1	332	7	140	10803	7	12	92.052017	制
5	1	1	1	332	8	154	10803	6	12	84.909782	造
4	1	1	1	333	0	33	10835	153	12	-1	
5	1	1	1	333	1	33	10835	23	12	96.923828	医学
5	1	1	1	333	2	62	10835	20	12	96.789856	生产
5	1	1	1	333	3	87	10836	7	11	95.883957	用
5	1	1	1	333	4	98	10835	23	12	96.382553	信息
5	1	1	1	333	5	128	10835	14	12	96.942284	化
5	1	1	1	333	6	141	10831	13	24	92.829742	学
5	1	1	1	333	7	153	10835	7	12	93.138130	品
5	1	1	1	333	8	167	10835	19	12	96.425964	制造
4	1	1	1	334	0	32	10867	180	12	-1	
5	1	1	1	334	1	32	10867	24	12	94.568596	环境
5	1	1	1	334	2	61	10867	21	12	96.435425	污染
5	1	1	1	334	3	88	10867	7	12	92.965172	处
5	1	1	1	334	4	101	10867	7	12	93.286171	理
5	1	1	1	334	5	115	10867	18	12	96.428528	专用
5	1	1	1	334	6	139	10867	30	12	95.975441	药剂
5	1	1	1	334	7	169	10863	17	24	87.007744	材料
5	1	1	1	334	8	193	10867	19	12	96.437035	制造
4	1	1	1	335	0	32	10899	63	12	-1	
5	1	1	1	335	1	32	10899	63	12	92.453423	动物
5	1	1	1	335	2	62	10895	14	24	38.784691	腕
5	1	1	1	335	3	76	10899	19	12	75.205139	制造
4	1	1	1	336	0	32	10931	128	12	-1	
5	1	1	1	336	1	32	10931	11	12	96.922691	其
5	1	1	1	336	2	49	10931	7	12	95.680992	他
5	1	1	1	336	3	62	10931	19	12	93.264679	专用
5	1	1	1	336	4	88	10931	7	12	96.685944	化
5	1	1	1	336	5	101	10931	7	12	96.965675	学
5	1	1	1	336	6	115	10931	19	12	96.770447	产品
5	1	1	1	336	7	140	10931	20	12	94.056221	制造
4	1	1	1	337	0	18	10963	154	12	-1	
5	1	1	1	337	1	18	10963	20	12	90.299202	昨
5	1	1	1	337	2	47	10969	2	4	92.553810	药
5	1	1	1	337	3	48	10959	13	24	90.708092	、
5	1	1	1	337	4	60	10963	8	12	65.077934	火
5	1	1	1	337	5	74	10964	7	11	92.799957	工
5	1	1	1	337	6	86	10964	8	11	88.733070	及
5	1	1	1	337	7	99	10963	21	12	54.385090	焰火
5	1	1	1	337	8	126	10963	28	12	96.066750	产品
5	1	1	1	337	9	153	10959	19	24	92.822952	制造
4	1	1	1	338	0	32	10995	115	12	-1	
5	1	1	1	338	1	32	10995	11	12	90.447723	昨
5	1	1	1	338	2	49	10995	7	12	92.111145	药
5	1	1	1	338	3	62	10996	7	11	93.290756	及
5	1	1	1	338	4	76	10995	14	12	60.743309	火
5	1	1	1	338	5	97	10995	6	12	93.266914	工
5	1	1	1	338	6	103	10991	26	24	96.580566	产品
5	1	1	1	338	7	128	10991	19	24	93.223427	制造
4	1	1	1	339	0	32	11027	115	13	-1	
5	1	1	1	339	1	32	11027	115	13	19.704657	焰火
5	1	1	1	339	2	60	11023	14	25	84.444458	、
5	1	1	1	339	3	73	11023	15	25	12.791147	蒜
5	1	1	1	339	4	87	11023	15	25	62.478031	炮
5	1	1	1	339	5	101	11023	15	25	91.685234	产
5	1	1	1	339	6	115	11023	13	25	93.195610	品
5	1	1	1	339	7	128	11023	22	25	95.549103	制造
4	1	1	1	340	0	19	11059	101	12	-1	
5	1	1	1	340	1	19	11060	9	11	95.674294	日
5	1	1	1	340	2	36	11060	5	11	96.865547	用
5	1	1	1	340	3	48	11059	7	12	96.773376	化
5	1	1	1	340	4	61	11059	7	12	96.966080	学
5	1	1	1	340	5	70	11059	50	12	96.727173	产品
5	1	1	1	340	6	100	11055	23	24	94.517975	制造
4	1	1	1	341	0	32	11091	102	12	-1	
5	1	1	1	341	1	32	11091	102	12	74.443855	肥皂
5	1	1	1	341	2	61	11087	12	24	92.359535	及
5	1	1	1	341	3	73	11091	30	12	41.300293	洗涤
5	1	1	1	341	4	103	11087	12	24	90.681084	剂
5	1	1	1	341	5	115	11087	23	24	92.867142	制造
4	1	1	1	342	0	32	11123	63	12	-1	
5	1	1	1	342	1	32	11123	63	12	93.104370	化
5	1	1	1	342	2	47	11119	14	24	66.301056	妆
5	1	1	1	342	3	61	11119	15	24	91.647675	品
5	1	1	1	342	4	76	11123	19	12	96.587448	制造
4	1	1	1	343	0	33	11155	101	12	-1	
5	1	1	1	343	1	33	11155	23	12	95.925858	口腔
5	1	1	1	343	2	62	11155	20	12	96.728821	清洁
5	1	1	1	343	3	87	11156	7	11	91.065750	用
5	1	1	1	343	4	101	11155	7	12	92.851349	品
5	1	1	1	343	5	114	11155	20	12	95.916397	制造
4	1	1	1	344	0	32	11187	89	12	-1	
5	1	1	1	344	1	32	11187	89	12	92.735504	香料
5	1	1	1	344	2	62	11183	11	24	92.088684	、
5	1	1	1	344	3	73	11183	15	24	62.247589	香
5	1	1	1	344	4	88	11187	27	12	96.114922	精制
5	1	1	1	344	5	115	11183	9	24	90.150894	造
4	1	1	1	345	0	32	11219	128	12	-1	
5	1	1	1	345	1	32	11219	11	12	96.898743	其
5	1	1	1	345	2	49	11219	7	12	96.061363	他
5	1	1	1	345	3	62	11220	6	11	96.473457	日
5	1	1	1	345	4	76	11220	5	11	96.897156	用
5	1	1	1	345	5	88	11219	7	12	96.889862	化
5	1	1	1	345	6	101	11219	7	12	96.957367	学
5	1	1	1	345	7	115	11219	19	12	96.732925	产品
5	1	1	1	345	8	140	11219	20	12	94.478043	制造
4	1	1	1	346	0	5	11251	62	12	-1	
5	1	1	1	346	1	5	11251	23	12	96.743050	医药
5	1	1	1	346	2	35	11247	26	24	93.152016	制造
5	1	1	1	346	3	61	11251	6	12	91.187508	业
4	1	1	1	347	0	18	11283	115	12	-1	
5	1	1	1	347	1	18	11283	11	12	95.464287	化
5	1	1	1	347	2	35	11283	7	12	95.643196	学
5	1	1	1	347	3	48	11283	28	12	96.818329	药品
5	1	1	1	347	4	83	11279	18	24	93.241638	原料
5	1	1	1	347	5	101	11283	14	12	92.430519	药
5	1	1	1	347	6	114	11279	19	24	92.570068	制造
4	1	1	1	348	0	18	11315	102	12	-1	
5	1	1	1	348	1	18	11315	11	12	95.703941	化
5	1	1	1	348	2	35	11315	7	12	95.609802	学
5	1	1	1	348	3	48	11315	28	12	96.888367	药品
5	1	1	1	348	4	78	11315	23	12	96.237366	制剂
5	1	1	1	348	5	104	11315	16	12	95.931473	制造
4	1	1	1	349	0	19	11347	75	12	-1	
5	1	1	1	349	1	19	11347	9	12	93.108688	中
5	1	1	1	349	2	33	11347	9	12	92.700874	药
5	1	1	1	349	3	44	11347	50	12	95.932281	饮片
5	1	1	1	349	4	75	11343	12	24	93.207825	加
5	1	1	1	349	5	87	11343	11	24	92.387222	工
4	1	1	1	350	0	19	11379	62	12	-1	
5	1	1	1	350	1	19	11379	9	12	95.971107	中
5	1	1	1	350	2	34	11379	16	12	93.107292	成
5	1	1	1	350	3	49	11375	13	24	91.467751	药
5	1	1	1	350	4	57	11379	24	12	95.688667	生产
4	1	1	1	351	0	18	11411	76	12	-1	
5	1	1	1	351	1	18	11411	11	12	83.318634	兽
5	1	1	1	351	2	33	11412	8	11	85.799843	用
5	1	1	1	351	3	44	11411	50	12	96.842216	药品
5	1	1	1	351	4	75	11407	23	24	93.756783	制造
4	1	1	1	352	0	18	11443	102	12	-1	
5	1	1	1	352	1	18	11443	24	12	95.310616	生物
5	1	1	1	352	2	48	11443	28	12	96.866852	药品
5	1	1	1	352	3	78	11443	23	12	96.750885	制品
5	1	1	1	352	4	104	11443	16	12	96.415840	制造
4	1	1	1	353	0	32	11475	76	12	-1	
5	1	1	1	353	1	32	11475	24	12	95.112885	生物
5	1	1	1	353	2	62	11475	28	12	96.844261	药品
5	1	1	1	353	3	89	11471	19	24	92.515869	制造
4	1	1	1	354	0	32	11506	141	13	-1	
5	1	1	1	354	1	32	11506	24	13	96.548531	基因
5	1	1	1	354	2	60	11507	22	12	94.570473	工程
5	1	1	1	354	3	88	11502	26	25	95.379066	药物
5	1	1	1	354	4	113	11507	8	12	93.006348	和
5	1	1	1	354	5	123	11507	11	12	55.135056	闪
5	1	1	1	354	6	137	11507	10	12	0.000000	苗
5	1	1	1	354	7	153	11507	20	12	94.354202	制造
4	1	1	1	355	0	18	11539	141	13	-1	
5	1	1	1	355	1	18	11539	24	12	95.013351	卫生
5	1	1	1	355	2	48	11539	20	12	85.160042	材料
5	1	1	1	355	3	73	11540	8	11	93.492599	及
5	1	1	1	355	4	85	11539	22	13	96.852318	医药
5	1	1	1	355	5	114	11540	5	11	91.907883	用
5	1	1	1	355	6	126	11539	15	12	90.461334	品
5	1	1	1	355	7	140	11535	19	25	96.275772	制造
4	1	1	1	356	0	18	11571	115	12	-1	
5	1	1	1	356	1	18	11571	11	12	92.410873	药
5	1	1	1	356	2	35	11572	6	11	96.903770	用
5	1	1	1	356	3	48	11567	26	24	96.054222	辅料
5	1	1	1	356	4	74	11572	7	11	89.848991	及
5	1	1	1	356	5	83	11571	50	12	93.778809	包装
5	1	1	1	356	6	114	11567	23	24	72.815918	材料
4	1	1	1	357	0	4	11603	89	12	-1	
5	1	1	1	357	1	4	11603	11	12	95.404167	化
5	1	1	1	357	2	21	11603	15	12	95.897362	学
5	1	1	1	357	3	36	11599	26	24	85.109474	纤维
5	1	1	1	357	4	69	11599	18	24	90.949196	制造
5	1	1	1	357	5	87	11603	6	12	89.913277	业
4	1	1	1	358	0	18	11635	154	12	-1	
5	1	1	1	358	1	18	11635	24	12	88.079643	纤维
5	1	1	1	358	2	48	11635	7	12	90.235893	素
5	1	1	1	358	3	62	11635	27	12	95.864571	纤维
5	1	1	1	358	4	96	11631	17	24	96.440750	原料
5	1	1	1	358	5	113	11636	7	11	94.100304	及
5	1	1	1	358	6	126	11635	20	12	95.123444	纤维
5	1	1	1	358	7	153	11635	19	12	93.407997	制造
4	1	1	1	359	0	32	11667	76	12	-1	
5	1	1	1	359	1	32	11667	17	12	93.142853	化
5	1	1	1	359	2	50	11667	6	12	91.380119	纤
5	1	1	1	359	3	62	11667	13	12	0.000000	效
5	1	1	1	359	4	77	11667	5	12	0.000000	粕
5	1	1	1	359	5	84	11667	24	12	93.083069	制造
4	1	1	1	360	0	32	11699	155	12	-1	
5	1	1	1	360	1	32	11699	50	12	54.938438	ASHE
5	1	1	1	360	2	92	11699	66	12	48.867794	ARTS)
5	1	1	1	360	3	164	11699	23	12	34.266983	BE
4	1	1	1	361	0	18	11731	76	12	-1	
5	1	1	1	361	1	18	11731	32	12	52.981110	合成
5	1	1	1	361	2	50	11727	26	24	90.979752	纤维
5	1	1	1	361	3	75	11727	19	24	93.996284	制造
4	1	1	1	362	0	32	11763	76	12	-1	
5	1	1	1	362	1	32	11763	24	12	49.287163	锦纶
5	1	1	1	362	2	62	11763	20	12	91.601761	纤维
5	1	1	1	362	3	89	11763	19	12	94.469444	制造
4	1	1	1	363	0	32	11795	76	12	-1	
5	1	1	1	363	1	32	11795	24	12	71.708878	涤纶
5	1	1	1	363	2	62	11795	20	12	96.080391	纤维
5	1	1	1	363	3	89	11795	19	12	95.258911	制造
4	1	1	1	364	0	32	11827	76	12	-1	
5	1	1	1	364	1	32	11827	11	12	30.296246	且
5	1	1	1	364	2	47	11827	9	12	0.000000	纶
5	1	1	1	364	3	58	11827	50	12	79.575806	纤维
5	1	1	1	364	4	89	11823	23	24	94.515854	制造
4	1	1	1	365	0	32	11859	76	12	-1	
5	1	1	1	365	1	32	11859	11	12	89.452271	维
5	1	1	1	365	2	49	11859	7	12	0.000000	纶
5	1	1	1	365	3	58	11859	50	12	96.068436	纤维
5	1	1	1	365	4	89	11855	23	24	94.489693	制造
4	1	1	1	366	0	32	11891	76	12	-1	
5	1	1	1	366	1	32	11891	24	12	8.574867	丙纶
5	1	1	1	366	2	62	11891	20	12	95.385834	纤维
5	1	1	1	366	3	89	11891	19	12	93.867462	制造
4	1	1	1	367	0	32	11923	76	12	-1	
5	1	1	1	367	1	32	11923	11	12	76.630692	氢
5	1	1	1	367	2	49	11923	7	12	6.144238	纶
5	1	1	1	367	3	58	11923	50	12	95.450516	纤维
5	1	1	1	367	4	89	11919	23	24	94.810150	制造
4	1	1	1	368	0	32	11955	102	12	-1	
5	1	1	1	368	1	32	11955	11	12	96.908936	其
5	1	1	1	368	2	49	11955	7	12	96.251656	他
5	1	1	1	368	3	61	11955	29	12	92.384041	合成
5	1	1	1	368	4	89	11951	19	24	95.175644	纤维
5	1	1	1	368	5	115	11955	19	12	96.076691	制造
4	1	1	1	369	0	18	11987	89	13	-1	
5	1	1	1	369	1	18	11987	89	13	93.027740	生物
5	1	1	1	369	2	48	11983	13	25	92.408569	基
5	1	1	1	369	3	60	11983	15	25	79.281479	材
5	1	1	1	369	4	74	11983	14	25	93.187660	料
5	1	1	1	369	5	87	11983	24	25	81.281616	制造
4	1	1	1	370	0	32	12019	115	13	-1	
5	1	1	1	370	1	32	12019	115	13	92.915184	生物
5	1	1	1	370	2	61	12015	14	24	92.075974	基
5	1	1	1	370	3	74	12015	16	24	84.845787	化
5	1	1	1	370	4	89	12015	14	24	94.398842	学
5	1	1	1	370	5	103	12015	26	24	84.093025	纤维
5	1	1	1	370	6	128	12015	23	24	93.227631	制造
4	1	1	1	371	0	32	12051	154	13	-1	
5	1	1	1	371	1	32	12051	24	12	93.114960	生物
5	1	1	1	371	2	62	12051	7	13	92.943100	基
5	1	1	1	371	3	74	12057	3	4	77.422989	、
5	1	1	1	371	4	88	12047	26	24	87.076332	淀粉
5	1	1	1	371	5	113	12051	8	12	93.167290	基
5	1	1	1	371	6	127	12051	7	12	92.149734	新
5	1	1	1	371	7	140	12051	7	12	93.293221	村
5	1	1	1	371	8	152	12051	16	12	86.969307	料
5	1	1	1	371	9	167	12047	13	24	89.566162	制
5	1	1	1	371	10	179	12051	7	12	84.506393	造
4	1	1	1	372	0	4	12083	102	12	-1	
5	1	1	1	372	1	4	12083	102	12	14.191065	橡胶
5	1	1	1	372	2	33	12079	15	24	93.469742	和
5	1	1	1	372	3	48	12083	27	12	78.576477	塑料
5	1	1	1	372	4	75	12079	24	24	93.184441	制品
5	1	1	1	372	5	99	12079	11	24	79.578674	业
4	1	1	1	373	0	18	12115	63	12	-1	
5	1	1	1	373	1	18	12115	24	12	40.445999	橡胶
5	1	1	1	373	2	48	12111	26	24	91.548943	制品
5	1	1	1	373	3	74	12115	7	12	83.945480	业
4	1	1	1	374	0	32	12147	50	12	-1	
5	1	1	1	374	1	32	12147	31	12	75.363113	轮胎
5	1	1	1	374	2	66	12147	16	12	96.600052	制造
4	1	1	1	375	0	32	12179	115	12	-1	
5	1	1	1	375	1	32	12179	45	12	56.927765	BRR.
5	1	1	1	375	2	88	12179	59	12	0.000000	Bae
4	1	1	1	376	0	32	12211	76	12	-1	
5	1	1	1	376	1	32	12211	24	12	0.000000	橡胶
5	1	1	1	376	2	62	12211	28	12	61.788857	零件
5	1	1	1	376	3	89	12207	19	24	93.713379	制造
4	1	1	1	377	0	32	12243	76	12	-1	
5	1	1	1	377	1	32	12243	76	12	4.381380	Beas
4	1	1	1	378	0	33	12275	140	13	-1	
5	1	1	1	378	1	33	12276	9	11	95.566978	日
5	1	1	1	378	2	49	12276	6	11	96.989616	用
5	1	1	1	378	3	60	12276	9	11	95.743607	及
5	1	1	1	378	4	74	12276	20	12	93.098724	医用
5	1	1	1	378	5	100	12275	8	12	26.189800	攀
5	1	1	1	378	6	113	12275	8	12	0.000000	胺
5	1	1	1	378	7	127	12275	20	12	92.159111	制品
5	1	1	1	378	8	154	12271	22	25	95.927040	制造
4	1	1	1	379	0	32	12307	115	12	-1	
5	1	1	1	379	1	32	12307	115	12	95.776482	运动
5	1	1	1	379	2	64	12303	23	24	96.341255	场地
5	1	1	1	379	3	86	12303	16	24	93.127319	用
5	1	1	1	379	4	101	12303	14	24	88.848480	塑
5	1	1	1	379	5	115	12303	12	24	0.000000	腔
5	1	1	1	379	6	127	12303	14	24	76.175201	制
5	1	1	1	379	7	140	12303	11	24	83.210609	造
4	1	1	1	380	0	32	12339	102	12	-1	
5	1	1	1	380	1	32	12339	11	12	96.890587	其
5	1	1	1	380	2	49	12339	7	12	93.037041	他
5	1	1	1	380	3	62	12339	7	12	30.730038	橡
5	1	1	1	380	4	76	12339	6	12	2.850103	胺
5	1	1	1	380	5	84	12339	50	12	95.024239	制品
5	1	1	1	380	6	115	12335	23	24	96.306061	制造
4	1	1	1	381	0	18	12371	63	12	-1	
5	1	1	1	381	1	18	12371	32	12	92.961769	塑料
5	1	1	1	381	2	55	12367	19	24	93.201210	制品
5	1	1	1	381	3	74	12371	7	12	85.933014	业
4	1	1	1	382	0	32	12403	76	12	-1	
5	1	1	1	382	1	32	12403	76	12	90.367943	塑料
5	1	1	1	382	2	62	12399	13	24	61.113571	薄
5	1	1	1	382	3	74	12399	14	24	0.000000	脐
5	1	1	1	382	4	88	12403	20	12	93.236511	制造
4	1	1	1	383	0	32	12435	128	12	-1	
5	1	1	1	383	1	32	12435	32	12	86.136780	塑料
5	1	1	1	383	2	64	12431	9	24	81.197929	板
5	1	1	1	383	3	74	12441	3	4	90.620781	、
5	1	1	1	383	4	88	12435	14	12	90.758308	管
5	1	1	1	383	5	101	12431	14	24	91.431236	、
5	1	1	1	383	6	115	12435	14	12	92.510674	型
5	1	1	1	383	7	136	12435	6	12	93.233322	材
5	1	1	1	383	8	142	12431	18	24	94.584953	制造
4	1	1	1	384	0	32	12467	141	12	-1	
5	1	1	1	384	1	32	12467	34	12	92.028160	塑料
5	1	1	1	384	2	65	12463	10	24	91.527580	丝
5	1	1	1	384	3	74	12473	3	4	92.095009	、
5	1	1	1	384	4	84	12467	11	12	3.110771	昌
5	1	1	1	384	5	97	12468	11	11	0.000000	及
5	1	1	1	384	6	113	12467	21	12	91.390045	编织
5	1	1	1	384	7	140	12467	7	12	93.084213	品
5	1	1	1	384	8	154	12467	19	12	96.117088	制造
4	1	1	1	385	0	32	12499	76	12	-1	
5	1	1	1	385	1	32	12499	24	12	89.668945	泡沫
5	1	1	1	385	2	62	12499	28	12	74.530914	塑料
5	1	1	1	385	3	89	12495	19	24	95.176765	制造
4	1	1	1	386	0	32	12531	141	12	-1	
5	1	1	1	386	1	32	12527	31	24	93.612183	塑料
5	1	1	1	386	2	62	12531	7	12	89.918304	人
5	1	1	1	386	3	74	12531	8	12	84.363686	造
5	1	1	1	386	4	88	12531	7	12	92.993088	革
5	1	1	1	386	5	100	12537	3	4	83.255386	、
5	1	1	1	386	6	113	12531	21	12	84.149849	合成
5	1	1	1	386	7	139	12531	8	12	93.191292	革
5	1	1	1	386	8	152	12531	16	12	92.744476	制
5	1	1	1	386	9	167	12527	10	24	91.722893	造
4	1	1	1	387	0	32	12563	128	12	-1	
5	1	1	1	387	1	32	12559	29	24	82.982620	塑料
5	1	1	1	387	2	61	12563	29	12	92.531570	包装
5	1	1	1	387	3	89	12559	11	24	92.975121	箱
5	1	1	1	387	4	100	12564	8	11	95.789650	及
5	1	1	1	387	5	113	12563	21	12	95.979729	容器
5	1	1	1	387	6	140	12563	20	12	94.982002	制造
4	1	1	1	388	0	33	12595	101	12	-1	
5	1	1	1	388	1	33	12596	9	11	96.138008	日
5	1	1	1	388	2	50	12596	5	11	96.909439	用
5	1	1	1	388	3	63	12591	26	24	73.819138	塑料
5	1	1	1	388	4	89	12595	19	12	96.846870	制品
5	1	1	1	388	5	114	12595	20	12	93.480408	制造
4	1	1	1	389	0	32	12627	76	12	-1	
5	1	1	1	389	1	32	12627	48	12	5.040245	ASSP
5	1	1	1	389	2	86	12627	22	12	5.040245	HE
4	1	1	1	390	0	32	12659	167	12	-1	
5	1	1	1	390	1	32	12659	32	12	70.012192	塑料
5	1	1	1	390	2	71	12655	17	24	77.893639	零件
5	1	1	1	390	3	88	12660	7	11	96.258385	及
5	1	1	1	390	4	101	12659	7	12	96.436844	其
5	1	1	1	390	5	115	12659	14	12	96.908508	他
5	1	1	1	390	6	136	12655	18	24	70.236320	塑料
5	1	1	1	390	7	154	12659	19	12	96.855453	制品
5	1	1	1	390	8	179	12659	20	12	93.746063	制造
4	1	1	1	391	0	4	12691	102	12	-1	
5	1	1	1	391	1	4	12691	20	12	82.926460	非
5	1	1	1	391	2	30	12691	20	12	96.858315	金属
5	1	1	1	391	3	49	12687	26	24	92.496231	矿物
5	1	1	1	391	4	82	12687	17	24	93.209869	制品
5	1	1	1	391	5	99	12691	7	12	79.390572	业
4	1	1	1	392	0	18	12723	128	12	-1	
5	1	1	1	392	1	18	12723	32	12	62.119110	AR.
5	1	1	1	392	2	62	12719	56	24	8.306370	BRANES
5	1	1	1	392	3	124	12723	22	12	25.814905	HS
4	1	1	1	393	0	32	12755	50	12	-1	
5	1	1	1	393	1	32	12755	11	12	51.290112	水
5	1	1	1	393	2	49	12755	14	12	90.228516	泥
5	1	1	1	393	3	66	12755	4	12	86.956886	制
5	1	1	1	393	4	76	12755	6	12	92.125961	造
4	1	1	1	394	0	32	12787	89	12	-1	
5	1	1	1	394	1	32	12783	60	24	28.038864	BRANES
5	1	1	1	394	2	98	12787	23	12	50.759758	HE
4	1	1	1	395	0	18	12818	180	13	-1	
5	1	1	1	395	1	18	12819	20	12	46.704048	五
5	1	1	1	395	2	37	12814	10	25	90.456017	育
5	1	1	1	395	3	47	12825	3	4	91.989487	、
5	1	1	1	395	4	59	12819	9	12	88.116333	水
5	1	1	1	395	5	74	12819	15	12	93.112938	泥
5	1	1	1	395	6	89	12814	18	25	91.771523	制品
5	1	1	1	395	7	114	12820	6	11	96.794548	及
5	1	1	1	395	8	124	12819	9	12	93.233627	类
5	1	1	1	395	9	137	12819	9	12	92.835136	似
5	1	1	1	395	10	153	12819	19	12	96.894714	制品
5	1	1	1	395	11	179	12819	19	12	94.456573	制造
4	1	1	1	396	0	32	12851	76	12	-1	
5	1	1	1	396	1	32	12851	11	12	63.150135	水
5	1	1	1	396	2	47	12851	9	12	74.364624	泥
5	1	1	1	396	3	58	12851	50	12	94.229820	制品
5	1	1	1	396	4	89	12847	23	24	92.647011	制造
4	1	1	1	397	0	32	12883	89	12	-1	
5	1	1	1	397	1	32	12883	11	12	0.000000	往
5	1	1	1	397	2	49	12883	21	12	91.940071	结构
5	1	1	1	397	3	76	12883	19	12	94.354836	构件
5	1	1	1	397	4	101	12883	20	12	96.118286	制造
4	1	1	1	398	0	32	12915	102	12	-1	
5	1	1	1	398	1	32	12915	102	12	82.890640	石棉
5	1	1	1	398	2	62	12911	14	24	93.125496	水
5	1	1	1	398	3	76	12911	14	24	91.120094	泥
5	1	1	1	398	4	89	12911	13	24	92.557297	制
5	1	1	1	398	5	101	12911	14	24	92.875526	品
5	1	1	1	398	6	115	12911	23	24	96.432251	制造
4	1	1	1	399	0	32	12947	102	12	-1	
5	1	1	1	399	1	32	12947	11	12	91.238586	轻
5	1	1	1	399	2	49	12947	15	12	93.221458	质
5	1	1	1	399	3	71	12947	63	12	96.715233	建筑
5	1	1	1	399	4	91	12943	24	24	92.145103	材料
5	1	1	1	399	5	115	12943	23	24	96.314957	制造
4	1	1	1	400	0	32	12979	128	12	-1	
5	1	1	1	400	1	32	12979	11	12	96.913063	其
5	1	1	1	400	2	49	12979	7	12	96.041344	他
5	1	1	1	400	3	61	12979	8	12	76.045921	水
5	1	1	1	400	4	76	12979	6	12	92.372223	泥
5	1	1	1	400	5	86	12979	9	12	71.169617	类
5	1	1	1	400	6	100	12979	17	12	7.921696	似
5	1	1	1	400	7	116	12975	18	24	96.440971	制品
5	1	1	1	400	8	140	12979	20	12	94.741074	制造
4	1	1	1	401	0	18	13011	154	12	-1	
5	1	1	1	401	1	18	13011	22	12	0.000000	砖
5	1	1	1	401	2	47	13017	3	4	23.122454	瓦
5	1	1	1	401	3	50	13007	11	24	91.122505	、
5	1	1	1	401	4	60	13011	16	12	82.203926	石
5	1	1	1	401	5	75	13007	13	24	90.297234	材
5	1	1	1	401	6	87	13011	7	12	96.538559	等
5	1	1	1	401	7	101	13011	19	12	96.745422	建筑
5	1	1	1	401	8	126	13011	7	12	93.294601	村
5	1	1	1	401	9	138	13011	16	12	91.643158	料
5	1	1	1	401	10	153	13007	13	24	92.105019	制
5	1	1	1	401	11	165	13011	7	12	85.836403	造
4	1	1	1	402	0	32	13043	141	12	-1	
5	1	1	1	402	1	32	13043	32	12	87.966034	粘土
5	1	1	1	402	2	71	13044	7	11	55.218819	砖
5	1	1	1	402	3	77	13039	10	24	24.263119	瓦
5	1	1	1	402	4	86	13044	9	11	93.611252	及
5	1	1	1	402	5	101	13043	28	12	92.554092	建筑
5	1	1	1	402	6	136	13043	6	12	56.148109	砌
5	1	1	1	402	7	142	13039	12	24	92.912819	块
5	1	1	1	402	8	154	13043	19	12	96.390755	制造
4	1	1	1	403	0	32	13075	76	12	-1	
5	1	1	1	403	1	32	13075	76	12	96.367981	建筑
5	1	1	1	403	2	62	13071	14	24	92.852104	用
5	1	1	1	403	3	76	13071	14	24	88.871590	石
5	1	1	1	403	4	89	13071	13	24	85.884460	加
5	1	1	1	403	5	101	13071	11	24	93.160835	工
4	1	1	1	404	0	32	13107	102	12	-1	
5	1	1	1	404	1	32	13107	32	12	94.831963	防水
5	1	1	1	404	2	71	13107	20	12	96.814095	建筑
5	1	1	1	404	3	91	13103	17	24	95.548981	材料
5	1	1	1	404	4	115	13107	19	12	94.697014	制造
4	1	1	1	405	0	32	13139	115	12	-1	
5	1	1	1	405	1	32	13139	20	12	92.354897	隔
5	1	1	1	405	2	52	13135	11	24	89.579147	热
5	1	1	1	405	3	62	13139	7	12	93.258545	和
5	1	1	1	405	4	74	13139	21	12	94.844215	隔音
5	1	1	1	405	5	101	13139	7	12	93.257332	村
5	1	1	1	405	6	113	13139	16	12	91.664917	料
5	1	1	1	405	7	128	13135	13	24	90.376839	制
5	1	1	1	405	8	140	13139	7	12	82.850349	造
4	1	1	1	406	0	32	13171	102	12	-1	
5	1	1	1	406	1	32	13171	11	12	96.908829	其
5	1	1	1	406	2	49	13171	7	12	96.019531	他
5	1	1	1	406	3	58	13171	76	12	96.572243	建筑
5	1	1	1	406	4	91	13167	24	24	92.046280	材料
5	1	1	1	406	5	115	13167	23	24	96.339020	制造
4	1	1	1	407	0	18	13203	50	12	-1	
5	1	1	1	407	1	18	13203	32	12	80.687698	玻璃
5	1	1	1	407	2	52	13203	16	12	95.247299	制造
4	1	1	1	408	0	32	13235	76	12	-1	
5	1	1	1	408	1	32	13235	24	12	93.853134	平板
5	1	1	1	408	2	62	13235	20	12	83.771378	玻璃
5	1	1	1	408	3	89	13235	19	12	93.417458	制造
4	1	1	1	409	0	32	13267	76	12	-1	
5	1	1	1	409	1	32	13267	24	12	96.344849	特种
5	1	1	1	409	2	62	13267	20	12	85.994965	玻璃
5	1	1	1	409	3	89	13267	19	12	93.705231	制造
4	1	1	1	410	0	32	13299	76	12	-1	
5	1	1	1	410	1	32	13299	17	12	96.910675	其
5	1	1	1	410	2	49	13299	12	12	95.933723	他
5	1	1	1	410	3	61	13299	47	12	88.717331	玻璃
5	1	1	1	410	4	89	13295	23	24	93.304718	制造
4	1	1	1	411	0	18	13331	76	12	-1	
5	1	1	1	411	1	18	13331	32	12	79.248802	玻璃
5	1	1	1	411	2	55	13331	21	12	95.907784	制品
5	1	1	1	411	3	75	13327	19	24	93.218010	制造
4	1	1	1	412	0	32	13363	102	12	-1	
5	1	1	1	412	1	32	13363	24	12	96.314301	技术
5	1	1	1	412	2	61	13363	21	12	88.780838	玻璃
5	1	1	1	412	3	89	13363	19	12	95.853592	制品
5	1	1	1	412	4	115	13363	19	12	95.248787	制造
4	1	1	1	413	0	32	13395	76	12	-1	
5	1	1	1	413	1	32	13395	24	12	94.709480	光学
5	1	1	1	413	2	62	13395	20	12	90.201492	玻璃
5	1	1	1	413	3	89	13395	19	12	93.470154	制造
4	1	1	1	414	0	32	13427	76	12	-1	
5	1	1	1	414	1	32	13427	32	12	81.062943	玻璃
5	1	1	1	414	2	64	13423	26	24	41.994682	仪器
5	1	1	1	414	3	89	13423	19	24	94.322990	制造
4	1	1	1	415	0	33	13459	101	12	-1	
5	1	1	1	415	1	33	13460	9	11	95.158920	日
5	1	1	1	415	2	48	13460	7	11	96.989899	用
5	1	1	1	415	3	58	13459	76	12	90.582344	玻璃
5	1	1	1	415	4	90	13455	25	24	96.800896	制品
5	1	1	1	415	5	114	13455	23	24	93.504349	制造
4	1	1	1	416	0	32	13491	102	12	-1	
5	1	1	1	416	1	32	13491	24	12	74.577019	玻璃
5	1	1	1	416	2	62	13491	20	12	74.733147	包装
5	1	1	1	416	3	88	13491	20	12	93.581787	容器
5	1	1	1	416	4	115	13491	19	12	96.092918	制造
4	1	1	1	417	0	32	13523	102	12	-1	
5	1	1	1	417	1	32	13523	102	12	78.313736	玻璃
5	1	1	1	417	2	64	13519	24	24	92.385384	保温
5	1	1	1	417	3	88	13523	27	12	95.310570	容器
5	1	1	1	417	4	115	13519	23	24	96.115166	制造
4	1	1	1	418	0	32	13555	102	13	-1	
5	1	1	1	418	1	32	13555	11	12	92.199181	制
5	1	1	1	418	2	49	13555	7	12	33.420090	读
5	1	1	1	418	3	60	13556	9	11	90.714119	及
5	1	1	1	418	4	73	13555	9	12	92.348343	类
5	1	1	1	418	5	87	13555	16	12	92.144836	似
5	1	1	1	418	6	110	13555	6	12	93.122322	品
5	1	1	1	418	7	115	13551	12	25	93.269051	加
5	1	1	1	418	8	126	13556	8	12	91.387787	工
4	1	1	1	419	0	32	13587	102	12	-1	
5	1	1	1	419	1	32	13587	17	12	96.900459	其
5	1	1	1	419	2	49	13587	12	12	95.927917	他
5	1	1	1	419	3	61	13587	29	12	88.518105	玻璃
5	1	1	1	419	4	92	13587	23	12	94.086266	制品
5	1	1	1	419	5	118	13587	16	12	96.337822	制造
4	1	1	1	420	0	18	13619	219	12	-1	
5	1	1	1	420	1	18	13619	32	12	81.490631	玻璃
5	1	1	1	420	2	57	13615	16	24	94.738037	纤维
5	1	1	1	420	3	72	13619	10	12	96.695839	和
5	1	1	1	420	4	86	13619	29	12	91.542625	玻璃
5	1	1	1	420	5	122	13615	18	24	95.532486	纤维
5	1	1	1	420	6	140	13619	27	12	96.476677	增强
5	1	1	1	420	7	174	13619	19	12	95.270920	塑料
5	1	1	1	420	8	200	13615	18	24	95.729210	制品
5	1	1	1	420	9	218	13619	19	12	96.465164	制造
4	1	1	1	421	0	32	13651	115	12	-1	
5	1	1	1	421	1	32	13651	115	12	81.792152	玻璃
5	1	1	1	421	2	64	13647	23	24	91.865585	纤维
5	1	1	1	421	3	86	13647	14	24	88.492691	及
5	1	1	1	421	4	100	13651	29	12	96.134506	制品
5	1	1	1	421	5	128	13647	23	24	93.128311	制造
4	1	1	1	422	0	32	13683	154	12	-1	
5	1	1	1	422	1	32	13683	32	12	77.676819	玻璃
5	1	1	1	422	2	64	13679	26	24	91.620308	纤维
5	1	1	1	422	3	89	13679	28	24	95.989510	增强
5	1	1	1	422	4	116	13679	18	24	85.271042	塑料
5	1	1	1	422	5	142	13683	26	12	95.667877	制品
5	1	1	1	422	6	167	13679	19	24	91.824165	制造
4	1	1	1	423	0	18	13715	76	12	-1	
5	1	1	1	423	1	18	13715	19	12	77.622124	陶
5	1	1	1	423	2	44	13715	6	12	73.517380	资
5	1	1	1	423	3	55	13715	39	12	96.362785	制品
5	1	1	1	423	4	75	13711	23	24	93.235779	制造
4	1	1	1	424	0	32	13747	102	12	-1	
5	1	1	1	424	1	32	13747	102	12	91.264580	建筑
5	1	1	1	424	2	62	13743	14	24	90.237228	陶
5	1	1	1	424	3	76	13743	14	24	92.831749	资
5	1	1	1	424	4	89	13747	26	12	96.195465	制品
5	1	1	1	424	5	115	13743	23	24	94.366737	制造
4	1	1	1	425	0	32	13779	102	12	-1	
5	1	1	1	425	1	32	13779	102	12	93.196419	卫生
5	1	1	1	425	2	61	13775	15	24	87.599190	陶
5	1	1	1	425	3	76	13775	14	24	92.761864	资
5	1	1	1	425	4	89	13779	26	12	96.299019	制品
5	1	1	1	425	5	115	13775	23	24	96.077003	制造
4	1	1	1	426	0	32	13811	102	12	-1	
5	1	1	1	426	1	32	13811	102	12	92.140625	特种
5	1	1	1	426	2	62	13807	14	24	92.990501	陶
5	1	1	1	426	3	76	13807	14	24	92.094467	资
5	1	1	1	426	4	89	13811	26	12	95.440552	制品
5	1	1	1	426	5	115	13807	23	24	96.086845	制造
4	1	1	1	427	0	33	13843	101	12	-1	
5	1	1	1	427	1	33	13844	9	11	96.235100	日
5	1	1	1	427	2	50	13844	5	11	90.116417	用
5	1	1	1	427	3	62	13843	8	12	92.257111	陶
5	1	1	1	427	4	75	13843	16	12	91.379623	资
5	1	1	1	427	5	90	13839	18	24	96.844139	制品
5	1	1	1	427	6	114	13843	20	12	93.608398	制造
4	1	1	1	428	0	32	13875	102	12	-1	
5	1	1	1	428	1	32	13875	102	12	94.953995	陈设
5	1	1	1	428	2	64	13871	23	24	91.392853	艺术
5	1	1	1	428	3	86	13871	16	24	86.553375	陶
5	1	1	1	428	4	101	13871	14	24	89.550926	资
5	1	1	1	428	5	115	13871	23	24	96.028831	制造
4	1	1	1	429	0	33	13907	75	12	-1	
5	1	1	1	429	1	33	13907	75	12	92.835022	园艺
5	1	1	1	429	2	62	13903	14	24	83.964882	陶
5	1	1	1	429	3	75	13903	14	24	90.432755	资
5	1	1	1	429	4	89	13907	19	12	95.374557	制造
4	1	1	1	430	0	32	13939	102	12	-1	
5	1	1	1	430	1	32	13939	11	12	96.925316	其
5	1	1	1	430	2	49	13939	7	12	92.888847	他
5	1	1	1	430	3	61	13939	9	12	91.084076	陶
5	1	1	1	430	4	76	13939	6	12	92.547501	资
5	1	1	1	430	5	84	13939	50	12	95.064056	制品
5	1	1	1	430	6	115	13935	23	24	96.339096	制造
4	1	1	1	431	0	18	13971	102	12	-1	
5	1	1	1	431	1	18	13971	102	12	9.583693	耐火
5	1	1	1	431	2	48	13967	13	24	93.295891	村
5	1	1	1	431	3	60	13967	16	24	86.131889	料
5	1	1	1	431	4	75	13967	13	24	91.686279	制
5	1	1	1	431	5	87	13967	14	24	93.082718	品
5	1	1	1	431	6	101	13967	23	24	96.430992	制造
4	1	1	1	432	0	32	14003	76	12	-1	
5	1	1	1	432	1	32	14003	24	12	85.137794	石棉
5	1	1	1	432	2	64	14003	26	12	96.642998	制品
5	1	1	1	432	3	89	13999	19	24	92.782288	制造
4	1	1	1	433	0	32	14035	76	12	-1	
5	1	1	1	433	1	32	14036	24	11	90.256752	云母
5	1	1	1	433	2	64	14035	26	12	96.500023	制品
5	1	1	1	433	3	89	14031	19	24	93.185799	制造
4	1	1	1	434	0	32	14067	193	12	-1	
5	1	1	1	434	1	32	14063	31	24	43.878075	耐火
5	1	1	1	434	2	62	14067	8	12	87.810699	陶
5	1	1	1	434	3	76	14067	15	12	92.924789	资
5	1	1	1	434	4	96	14063	18	24	96.707512	制品
5	1	1	1	434	5	113	14068	8	11	96.339127	及
5	1	1	1	434	6	127	14067	7	12	96.098801	其
5	1	1	1	434	7	140	14067	16	12	96.363945	他
5	1	1	1	434	8	162	14063	18	24	77.231918	耐火
5	1	1	1	434	9	179	14067	7	12	93.299126	村
5	1	1	1	434	10	191	14067	16	12	92.940079	料
5	1	1	1	434	11	206	14063	13	24	92.282417	制
5	1	1	1	434	12	218	14067	7	12	87.219215	造
4	1	1	1	435	0	18	14098	180	13	-1	
5	1	1	1	435	1	18	14094	31	25	36.527138	石墨
5	1	1	1	435	2	48	14100	7	11	96.635300	及
5	1	1	1	435	3	60	14099	8	12	96.943886	其
5	1	1	1	435	4	74	14099	15	12	93.082115	他
5	1	1	1	435	5	96	14099	8	12	0.000000	非
5	1	1	1	435	6	109	14098	20	13	94.842484	金属
5	1	1	1	435	7	128	14094	18	25	86.988335	矿物
5	1	1	1	435	8	153	14099	19	12	93.824921	制品
5	1	1	1	435	9	179	14099	19	12	94.714081	制造
4	1	1	1	436	0	32	14131	115	12	-1	
5	1	1	1	436	1	32	14131	115	12	89.801636	石墨
5	1	1	1	436	2	62	14127	14	24	93.202286	及
5	1	1	1	436	3	76	14127	12	24	21.991262	奢
5	1	1	1	436	4	88	14127	15	24	91.493530	素
5	1	1	1	436	5	103	14127	26	24	95.531898	制品
5	1	1	1	436	6	128	14127	23	24	92.152786	制造
4	1	1	1	437	0	32	14163	141	12	-1	
5	1	1	1	437	1	32	14163	11	12	96.928833	其
5	1	1	1	437	2	49	14163	15	12	93.034843	他
5	1	1	1	437	3	71	14163	7	12	67.201164	非
5	1	1	1	437	4	84	14163	7	12	91.444992	金
5	1	1	1	437	5	97	14163	6	12	93.200569	属
5	1	1	1	437	6	103	14159	26	24	93.526657	矿物
5	1	1	1	437	7	128	14159	19	24	96.522522	制品
5	1	1	1	437	8	154	14163	19	12	96.337158	制造
4	1	1	1	438	0	4	14195	154	12	-1	
5	1	1	1	438	1	4	14195	24	12	92.041695	黑色
5	1	1	1	438	2	34	14195	29	12	54.772148	金属
5	1	1	1	438	3	69	14195	6	12	87.733009	治
5	1	1	1	438	4	75	14191	9	24	0.000000	炬
5	1	1	1	438	5	84	14195	9	12	85.000740	和
5	1	1	1	438	6	97	14191	29	24	74.785782	压延
5	1	1	1	438	7	126	14195	6	12	96.475800	加
5	1	1	1	438	8	138	14195	20	12	93.712410	工业
4	1	1	1	439	0	18	14227	24	12	-1	
5	1	1	1	439	1	18	14227	24	12	27.439095	eR
4	1	1	1	440	0	18	14259	24	12	-1	
5	1	1	1	440	1	18	14259	24	12	13.236818	Siac)
4	1	1	1	441	0	18	14291	63	12	-1	
5	1	1	1	441	1	18	14291	63	12	0.000000	EMT
4	1	1	1	442	0	18	14323	63	12	-1	
5	1	1	1	442	1	18	14323	34	12	36.831924	Ras
5	1	1	1	442	2	60	14323	21	12	39.873024	ak
4	1	1	1	443	0	4	14355	154	12	-1	
5	1	1	1	443	1	4	14355	48	12	0.000000	ReSR
5	1	1	1	443	2	60	14355	59	12	0.000000	aE
5	1	1	1	443	3	138	14355	20	12	0.000000	LA
4	1	1	1	444	0	18	14386	102	13	-1	
5	1	1	1	444	1	18	14386	102	13	94.693298	常用
5	1	1	1	444	2	46	14382	12	25	93.274467	有
5	1	1	1	444	3	57	14382	18	25	92.566582	色
5	1	1	1	444	4	74	14382	15	25	90.216286	金
5	1	1	1	444	5	89	14382	13	25	93.085831	属
5	1	1	1	444	6	101	14382	23	25	16.540546	冶炼
4	1	1	1	445	0	32	14419	37	12	-1	
5	1	1	1	445	1	32	14419	37	12	24.204964	ibe
4	1	1	1	446	0	32	14451	50	12	-1	
5	1	1	1	446	1	32	14451	50	12	23.469311	Hea
4	1	1	1	447	0	32	14483	50	12	-1	
5	1	1	1	447	1	32	14483	50	12	25.994978	Ha
4	1	1	1	448	0	32	14515	37	12	-1	
5	1	1	1	448	1	32	14515	12	12	58.503181	锡
5	1	1	1	448	2	49	14515	7	12	54.478661	治
5	1	1	1	448	3	62	14515	7	12	6.504936	炬
4	1	1	1	449	0	32	14547	37	12	-1	
5	1	1	1	449	1	32	14547	37	12	25.893288	Boat
4	1	1	1	450	0	32	14579	37	12	-1	
5	1	1	1	450	1	32	14579	37	12	18.333683	oak
4	1	1	1	451	0	32	14611	37	12	-1	
5	1	1	1	451	1	32	14611	37	12	37.299747	atk
4	1	1	1	452	0	32	14643	37	12	-1	
5	1	1	1	452	1	32	14643	37	12	15.807180	Fak
4	1	1	1	453	0	32	14675	128	12	-1	
5	1	1	1	453	1	32	14675	128	12	0.000000	HitRARBSE
5	1	1	1	453	2	140	14671	24	24	53.107849	a
4	1	1	1	454	0	18	14707	63	13	-1	
5	1	1	1	454	1	18	14707	63	13	0.000000	REE
4	1	1	1	455	0	32	14739	37	12	-1	
5	1	1	1	455	1	32	14739	37	12	19.056530	atk
4	1	1	1	456	0	32	14771	37	12	-1	
5	1	1	1	456	1	32	14771	37	12	28.564672	oak
4	1	1	1	457	0	32	14803	89	12	-1	
5	1	1	1	457	1	32	14803	11	12	96.908653	其
5	1	1	1	457	2	49	14803	7	12	95.562263	他
5	1	1	1	457	3	58	14803	63	12	6.955338	贵金属
5	1	1	1	457	4	103	14799	21	24	10.722198	冶炼
4	1	1	1	458	0	18	14834	102	14	-1	
5	1	1	1	458	1	18	14835	24	12	88.749352	稀有
5	1	1	1	458	2	46	14835	32	13	29.684181	稀土
5	1	1	1	458	3	77	14830	17	26	21.339073	金属
5	1	1	1	458	4	100	14835	20	12	0.064125	冶炼
4	1	1	1	459	0	32	14867	50	12	-1	
5	1	1	1	459	1	32	14867	50	12	0.000000	Oa
4	1	1	1	460	0	32	14899	76	12	-1	
5	1	1	1	460	1	32	14899	48	12	1.036415	LSE
5	1	1	1	460	2	86	14899	22	12	21.657909	a
4	1	1	1	461	0	32	14930	102	13	-1	
5	1	1	1	461	1	32	14931	11	12	96.941582	其
5	1	1	1	461	2	49	14931	15	12	96.950272	他
5	1	1	1	461	3	63	14926	19	25	96.332428	稀有
5	1	1	1	461	4	88	14930	28	13	91.229012	金属
5	1	1	1	461	5	115	14926	19	25	20.327835	冶炼
4	1	1	1	462	0	18	14963	102	12	-1	
5	1	1	1	462	1	18	14963	11	12	91.922707	有
5	1	1	1	462	2	32	14963	10	12	91.113945	色
5	1	1	1	462	3	48	14963	7	12	57.460571	爹
5	1	1	1	462	4	62	14963	14	12	93.099808	属
5	1	1	1	462	5	83	14963	37	12	82.961716	合金
5	1	1	1	462	6	101	14959	23	24	95.138000	制造
4	1	1	1	463	0	18	14995	102	12	-1	
5	1	1	1	463	1	18	14995	11	12	92.631805	有
5	1	1	1	463	2	32	14995	10	12	91.258728	色
5	1	1	1	463	3	48	14995	7	12	14.586973	爹
5	1	1	1	463	4	62	14995	14	12	92.575943	属
5	1	1	1	463	5	83	14995	8	12	82.858704	压
5	1	1	1	463	6	90	14991	11	24	91.340569	延
5	1	1	1	463	7	101	14995	6	12	93.189507	加
5	1	1	1	463	8	113	14996	7	11	90.945816	工
4	1	1	1	464	0	32	15027	63	12	-1	
5	1	1	1	464	1	32	15027	63	12	0.000000	Eh
5	1	1	1	464	2	88	15023	10	24	0.000000	L
4	1	1	1	465	0	32	15059	63	12	-1	
5	1	1	1	465	1	32	15059	63	12	0.000000	BEML
4	1	1	1	466	0	32	15091	89	13	-1	
5	1	1	1	466	1	32	15087	45	25	96.198112	贵金属
5	1	1	1	466	2	84	15091	19	12	94.477097	压延
5	1	1	1	466	3	110	15092	6	11	92.517357	加
5	1	1	1	466	4	115	15087	10	25	92.359764	工
4	1	1	1	467	0	32	15123	128	12	-1	
5	1	1	1	467	1	32	15123	24	12	67.205574	稀有
5	1	1	1	467	2	61	15123	30	12	13.613596	稀土
5	1	1	1	467	3	97	15123	20	12	92.414734	金属
5	1	1	1	467	4	123	15119	19	24	70.815880	压延
5	1	1	1	467	5	142	15123	6	12	90.165245	加
5	1	1	1	467	6	154	15124	6	11	89.292801	工
4	1	1	1	468	0	32	15155	128	12	-1	
5	1	1	1	468	1	32	15155	19	12	96.769562	其
5	1	1	1	468	2	50	15151	11	24	95.786827	他
5	1	1	1	468	3	61	15155	8	12	93.303848	有
5	1	1	1	468	4	71	15155	11	12	92.200569	色
5	1	1	1	468	5	88	15155	15	12	82.512390	金
5	1	1	1	468	6	110	15156	7	11	93.205742	属
5	1	1	1	468	7	123	15155	7	12	90.485229	压
5	1	1	1	468	8	130	15151	12	24	39.777512	延
5	1	1	1	468	9	142	15155	6	12	86.835938	加
5	1	1	1	468	10	154	15156	6	11	91.070847	工
4	1	1	1	469	0	4	15187	63	12	-1	
5	1	1	1	469	1	4	15187	24	12	93.469826	金属
5	1	1	1	469	2	36	15183	24	24	93.223083	制品
5	1	1	1	469	3	60	15187	7	12	87.297684	业
4	1	1	1	470	0	18	15219	115	12	-1	
5	1	1	1	470	1	18	15219	115	12	96.178215	结构
5	1	1	1	470	2	48	15215	16	24	96.732765	性
5	1	1	1	470	3	63	15215	26	24	96.603912	金属
5	1	1	1	470	4	89	15215	26	24	90.430313	制品
5	1	1	1	470	5	114	15215	23	24	92.920853	制造
4	1	1	1	471	0	32	15250	76	13	-1	
5	1	1	1	471	1	32	15250	32	13	85.340073	金属
5	1	1	1	471	2	63	15246	19	25	96.751808	结构
5	1	1	1	471	3	88	15246	23	25	96.088440	制造
4	1	1	1	472	0	32	15283	76	12	-1	
5	1	1	1	472	1	32	15283	24	12	91.946701	金属
5	1	1	1	472	2	64	15283	18	12	96.816765	门窗
5	1	1	1	472	3	88	15283	20	12	94.263199	制造
4	1	1	1	473	0	18	15315	76	12	-1	
5	1	1	1	473	1	18	15315	34	12	89.487480	金属
5	1	1	1	473	2	51	15311	25	24	87.032021	工具
5	1	1	1	473	3	75	15311	19	24	93.233452	制造
4	1	1	1	474	0	32	15347	76	12	-1	
5	1	1	1	474	1	32	15347	24	12	89.821465	切削
5	1	1	1	474	2	62	15347	28	12	83.402580	工具
5	1	1	1	474	3	89	15343	19	24	91.106071	制造
4	1	1	1	475	0	32	15379	63	13	-1	
5	1	1	1	475	1	32	15379	63	13	93.109962	手工
5	1	1	1	475	2	62	15375	13	25	92.890968	具
5	1	1	1	475	3	74	15379	21	13	96.644264	制造
4	1	1	1	476	0	32	15410	154	13	-1	
5	1	1	1	476	1	32	15411	23	12	91.295235	农用
5	1	1	1	476	2	60	15412	9	11	94.756226	及
5	1	1	1	476	3	74	15410	21	13	96.787956	园林
5	1	1	1	476	4	99	15411	17	12	96.853394	用
5	1	1	1	476	5	123	15411	21	12	93.879570	金属
5	1	1	1	476	6	143	15406	25	25	96.255745	工具
5	1	1	1	476	7	175	15406	14	25	96.296059	制造
4	1	1	1	477	0	32	15443	167	12	-1	
5	1	1	1	477	1	32	15444	12	11	70.638000	刀
5	1	1	1	477	2	46	15443	10	12	0.000000	胃
5	1	1	1	477	3	58	15444	11	11	0.000000	及
5	1	1	1	477	4	73	15443	9	12	93.013466	类
5	1	1	1	477	5	86	15443	17	12	86.153671	似
5	1	1	1	477	6	103	15439	12	24	96.487915	日
5	1	1	1	477	7	115	15443	14	12	96.994919	用
5	1	1	1	477	8	136	15443	21	12	79.859146	金属
5	1	1	1	477	9	157	15439	16	24	89.043701	工具
5	1	1	1	477	10	179	15443	20	12	93.621658	制造
4	1	1	1	478	0	32	15475	102	13	-1	
5	1	1	1	478	1	32	15475	11	12	96.952209	其
5	1	1	1	478	2	49	15475	15	12	96.986725	他
5	1	1	1	478	3	71	15475	63	13	80.847267	金属
5	1	1	1	478	4	90	15471	24	25	93.774628	工具
5	1	1	1	478	5	113	15471	25	25	96.507950	制造
4	1	1	1	479	0	18	15506	154	13	-1	
5	1	1	1	479	1	18	15506	154	13	85.661697	集装箱
5	1	1	1	479	2	60	15502	17	25	96.604156	及
5	1	1	1	479	3	76	15502	24	25	89.846199	金属
5	1	1	1	479	4	99	15502	28	25	96.708206	包装
5	1	1	1	479	5	126	15502	28	25	94.315948	容器
5	1	1	1	479	6	153	15502	22	25	96.058006	制造
4	1	1	1	480	0	32	15539	63	12	-1	
5	1	1	1	480	1	32	15539	37	12	74.945381	集装箱
5	1	1	1	480	2	76	15539	19	12	96.117065	制造
4	1	1	1	481	0	32	15571	102	12	-1	
5	1	1	1	481	1	32	15567	31	24	91.269203	金属
5	1	1	1	481	2	62	15571	20	12	92.435890	压力
5	1	1	1	481	3	88	15571	20	12	78.792351	容器
5	1	1	1	481	4	115	15571	19	12	96.021194	制造
4	1	1	1	482	0	32	15603	141	12	-1	
5	1	1	1	482	1	32	15599	31	24	94.578499	金属
5	1	1	1	482	2	62	15603	20	12	83.064972	包装
5	1	1	1	482	3	88	15603	20	12	94.006035	容器
5	1	1	1	482	4	113	15603	16	12	96.900993	及
5	1	1	1	482	5	128	15599	19	24	89.722534	材料
5	1	1	1	482	6	154	15603	19	12	96.017059	制造
4	1	1	1	483	0	18	15634	128	13	-1	
5	1	1	1	483	1	18	15635	32	12	81.482887	金属
5	1	1	1	483	2	57	15635	6	12	89.489380	丝
5	1	1	1	483	3	62	15630	12	25	33.263100	强
5	1	1	1	483	4	73	15636	8	11	92.869835	及
5	1	1	1	483	5	85	15635	9	12	96.574310	其
5	1	1	1	483	6	101	15634	28	13	93.027252	制品
5	1	1	1	483	7	128	15630	18	25	95.528603	制造
4	1	1	1	484	0	18	15667	154	12	-1	
5	1	1	1	484	1	18	15663	29	24	92.856644	建筑
5	1	1	1	484	2	47	15673	3	4	89.279388	、
5	1	1	1	484	3	59	15667	9	12	89.142838	安
5	1	1	1	484	4	74	15667	7	12	96.635612	全
5	1	1	1	484	5	86	15668	7	11	96.654457	用
5	1	1	1	484	6	101	15667	19	12	94.472061	金属
5	1	1	1	484	7	128	15667	26	12	95.414703	制品
5	1	1	1	484	8	153	15663	19	24	94.076408	制造
4	1	1	1	485	0	32	15699	154	12	-1	
5	1	1	1	485	1	32	15695	29	24	92.905922	建筑
5	1	1	1	485	2	61	15705	3	4	90.428360	、
5	1	1	1	485	3	71	15699	11	12	88.250946	家
5	1	1	1	485	4	86	15699	9	12	84.013596	具
5	1	1	1	485	5	100	15700	7	11	96.846298	用
5	1	1	1	485	6	115	15699	27	12	87.702866	金属
5	1	1	1	485	7	142	15695	26	24	90.447708	配件
5	1	1	1	485	8	167	15695	19	24	95.541550	制造
4	1	1	1	486	0	32	15731	167	12	-1	
5	1	1	1	486	1	32	15731	24	12	96.497009	建筑
5	1	1	1	486	2	62	15727	26	24	92.394318	装饰
5	1	1	1	486	3	88	15732	7	11	96.483986	及
5	1	1	1	486	4	100	15731	8	12	93.135941	水
5	1	1	1	486	5	115	15731	14	12	63.342175	暖
5	1	1	1	486	6	136	15731	20	12	96.109535	管道
5	1	1	1	486	7	155	15727	26	24	78.555237	零件
5	1	1	1	486	8	181	15727	18	24	94.567032	制造
4	1	1	1	487	0	32	15762	154	13	-1	
5	1	1	1	487	1	32	15763	24	12	72.744255	安全
5	1	1	1	487	2	61	15769	3	4	91.935562	、
5	1	1	1	487	3	73	15763	9	12	91.079498	消
5	1	1	1	487	4	88	15763	7	12	93.241776	防
5	1	1	1	487	5	101	15763	15	12	96.962502	用
5	1	1	1	487	6	115	15758	28	25	92.738968	金属
5	1	1	1	487	7	142	15758	26	25	92.030838	制品
5	1	1	1	487	8	175	15758	14	25	58.735725	制造
4	1	1	1	488	0	32	15795	180	12	-1	
5	1	1	1	488	1	32	15795	11	12	96.912621	其
5	1	1	1	488	2	49	15795	7	12	95.450897	他
5	1	1	1	488	3	62	15791	26	24	92.547028	建筑
5	1	1	1	488	4	88	15801	2	4	91.194901	、
5	1	1	1	488	5	100	15795	8	12	92.025810	安
5	1	1	1	488	6	115	15795	6	12	96.995178	全
5	1	1	1	488	7	125	15796	8	11	96.995926	用
5	1	1	1	488	8	137	15795	10	12	26.949905	全
5	1	1	1	488	9	151	15795	17	12	7.547998	属
5	1	1	1	488	10	175	15791	18	24	96.366898	制品
5	1	1	1	488	11	193	15795	19	12	82.553917	制造
4	1	1	1	489	0	18	15827	154	12	-1	
5	1	1	1	489	1	18	15823	29	24	88.979355	金属
5	1	1	1	489	2	47	15827	29	12	93.301414	表面
5	1	1	1	489	3	75	15823	13	24	93.185616	处
5	1	1	1	489	4	87	15827	7	12	87.588882	理
5	1	1	1	489	5	99	15828	8	11	92.336243	及
5	1	1	1	489	6	109	15827	63	12	95.850525	热处理
5	1	1	1	489	7	152	15823	12	24	93.267502	加
5	1	1	1	489	8	164	15823	12	24	92.608932	工
4	1	1	1	490	0	18	15859	76	12	-1	
5	1	1	1	490	1	18	15859	76	12	11.474209	eas
4	1	1	1	491	0	32	15891	128	12	-1	
5	1	1	1	491	1	32	15891	74	12	0.000000	SPSRRR
5	1	1	1	491	2	118	15891	42	12	0.000000	aS
4	1	1	1	492	0	32	15923	128	12	-1	
5	1	1	1	492	1	32	15923	128	12	0.000000	BRAHAM
4	1	1	1	493	0	32	15955	102	12	-1	
5	1	1	1	493	1	32	15955	102	12	0.000000	BELASS
5	1	1	1	493	2	114	15951	24	24	49.667362	MS
4	1	1	1	494	0	32	15986	180	13	-1	
5	1	1	1	494	1	32	15986	88	13	0.000000	SRAARRS
5	1	1	1	494	2	132	15987	80	12	4.932947	RANE
4	1	1	1	495	0	18	16019	102	12	-1	
5	1	1	1	495	1	18	16019	102	12	90.866463	金属
5	1	1	1	495	2	48	16015	16	24	92.343758	制
5	1	1	1	495	3	63	16015	13	24	96.320930	日
5	1	1	1	495	4	75	16015	11	24	93.224594	用
5	1	1	1	495	5	86	16015	15	24	89.917999	品
5	1	1	1	495	6	101	16015	23	24	96.021317	制造
4	1	1	1	496	0	32	16051	128	12	-1	
5	1	1	1	496	1	32	16051	32	12	92.523300	金属
5	1	1	1	496	2	71	16052	7	11	92.304855	制
5	1	1	1	496	3	84	16051	19	12	40.100449	厨房
5	1	1	1	496	4	103	16047	12	24	96.495605	用
5	1	1	1	496	5	115	16051	6	12	93.242287	器
5	1	1	1	496	6	127	16051	7	12	77.211342	具
5	1	1	1	496	7	140	16051	7	12	92.083191	制
5	1	1	1	496	8	154	16051	6	12	87.565041	造
4	1	1	1	497	0	32	16083	128	12	-1	
5	1	1	1	497	1	32	16083	24	12	92.639969	金属
5	1	1	1	497	2	64	16083	14	12	92.311119	制
5	1	1	1	497	3	84	16083	6	12	0.000000	占
5	1	1	1	497	4	89	16079	11	24	87.030586	具
5	1	1	1	497	5	100	16083	8	12	92.810562	和
5	1	1	1	497	6	113	16083	16	12	93.252098	器
5	1	1	1	497	7	128	16079	13	24	0.000000	血
5	1	1	1	497	8	140	16083	20	12	93.444931	制造
4	1	1	1	498	0	32	16115	115	12	-1	
5	1	1	1	498	1	32	16115	115	12	91.653511	金属
5	1	1	1	498	2	64	16111	12	24	92.850258	制
5	1	1	1	498	3	76	16111	24	24	96.885445	卫生
5	1	1	1	498	4	100	16111	11	24	96.573090	器
5	1	1	1	498	5	110	16111	5	24	68.894348	有
5	1	1	1	498	6	115	16111	12	24	70.597420	具
5	1	1	1	498	7	127	16111	24	24	93.157951	制造
4	1	1	1	499	0	32	16147	128	12	-1	
5	1	1	1	499	1	32	16147	11	12	96.946983	其
5	1	1	1	499	2	49	16147	7	12	96.750435	他
5	1	1	1	499	3	61	16147	8	12	84.111687	全
5	1	1	1	499	4	74	16147	16	12	89.369560	属
5	1	1	1	499	5	98	16148	5	11	92.941818	制
5	1	1	1	499	6	103	16143	12	24	87.368668	日
5	1	1	1	499	7	115	16148	5	11	93.217644	用
5	1	1	1	499	8	127	16147	7	12	92.945221	品
5	1	1	1	499	9	140	16147	20	12	95.231422	制造
4	1	1	1	500	0	18	16179	141	12	-1	
5	1	1	1	500	1	18	16179	24	12	62.302834	铸造
5	1	1	1	500	2	48	16180	7	11	96.812660	及
5	1	1	1	500	3	62	16179	14	12	96.771194	其
5	1	1	1	500	4	75	16175	11	24	96.935425	他
5	1	1	1	500	5	86	16179	8	12	80.142418	全
5	1	1	1	500	6	99	16179	16	12	74.873535	属
5	1	1	1	500	7	122	16175	18	24	96.542068	制品
5	1	1	1	500	8	140	16179	19	12	83.040298	制造
4	1	1	1	501	0	32	16211	76	12	-1	
5	1	1	1	501	1	32	16211	76	12	91.385956	黑色
5	1	1	1	501	2	59	16207	16	24	64.446228	全
5	1	1	1	501	3	74	16207	16	24	80.438911	属
5	1	1	1	501	4	89	16207	23	24	82.170982	铸造
4	1	1	1	502	0	32	16243	76	12	-1	
5	1	1	1	502	1	32	16243	11	12	89.341347	有
5	1	1	1	502	2	46	16243	10	12	92.412300	色
5	1	1	1	502	3	62	16243	7	12	8.401327	爹
5	1	1	1	502	4	76	16243	14	12	92.800133	属
5	1	1	1	502	5	89	16239	19	24	77.479446	铸造
4	1	1	1	503	0	32	16275	141	12	-1	
5	1	1	1	503	1	32	16275	11	12	1.464043	福
5	1	1	1	503	2	49	16275	7	12	83.336563	件
5	1	1	1	503	3	62	16276	7	11	96.299332	及
5	1	1	1	503	4	76	16275	19	12	54.833321	粉末
5	1	1	1	503	5	100	16275	29	12	83.559273	冶金
5	1	1	1	503	6	136	16271	18	24	95.948311	制品
5	1	1	1	503	7	154	16275	19	12	95.512634	制造
4	1	1	1	504	0	32	16307	180	12	-1	
5	1	1	1	504	1	32	16307	24	12	84.802513	交通
5	1	1	1	504	2	61	16308	8	11	94.003181	及
5	1	1	1	504	3	73	16307	22	12	96.928139	公共
5	1	1	1	504	4	100	16307	29	12	96.109627	管理
5	1	1	1	504	5	128	16303	11	24	96.886848	用
5	1	1	1	504	6	139	16307	8	12	35.634518	全
5	1	1	1	504	7	152	16307	16	12	0.000000	属
5	1	1	1	504	8	175	16303	18	24	93.440918	标牌
5	1	1	1	504	9	193	16307	19	12	95.661049	制造
4	1	1	1	505	0	32	16338	141	13	-1	
5	1	1	1	505	1	32	16339	11	12	96.928696	其
5	1	1	1	505	2	49	16339	7	12	96.981804	他
5	1	1	1	505	3	62	16339	15	12	93.273636	未
5	1	1	1	505	4	76	16334	13	25	93.148590	列
5	1	1	1	505	5	88	16339	7	12	92.708763	明
5	1	1	1	505	6	101	16338	15	13	70.707222	金
5	1	1	1	505	7	115	16334	13	25	93.198967	属
5	1	1	1	505	8	128	16339	27	12	96.339767	制品
5	1	1	1	505	9	154	16334	19	25	94.513138	制造
4	1	1	1	506	0	4	16371	89	12	-1	
5	1	1	1	506	1	4	16371	23	12	96.564522	通用
5	1	1	1	506	2	33	16371	29	12	96.629448	设备
5	1	1	1	506	3	69	16367	18	24	92.590111	制造
5	1	1	1	506	4	87	16371	6	12	90.906799	业
4	1	1	1	507	0	18	16402	115	13	-1	
5	1	1	1	507	1	18	16403	11	12	16.111031	出
5	1	1	1	507	2	34	16403	8	12	87.549881	炉
5	1	1	1	507	3	48	16404	7	11	93.136612	及
5	1	1	1	507	4	60	16404	8	11	92.237061	原
5	1	1	1	507	5	74	16402	15	13	93.165131	动
5	1	1	1	507	6	89	16398	18	25	86.145576	设备
5	1	1	1	507	7	114	16398	22	25	96.192307	制造
4	1	1	1	508	0	32	16435	115	12	-1	
5	1	1	1	508	1	32	16435	115	12	36.182705	锅炉
5	1	1	1	508	2	61	16431	15	24	96.755669	及
5	1	1	1	508	3	76	16431	27	24	95.801254	辅助
5	1	1	1	508	4	103	16431	26	24	91.618095	设备
5	1	1	1	508	5	128	16431	23	24	92.630737	制造
4	1	1	1	509	0	33	16467	101	12	-1	
5	1	1	1	509	1	33	16467	9	12	93.094170	内
5	1	1	1	509	2	48	16467	8	12	8.858967	焰
5	1	1	1	509	3	60	16467	9	12	79.044228	机
5	1	1	1	509	4	72	16468	10	11	87.310524	及
5	1	1	1	509	5	84	16467	50	12	17.342873	配件
5	1	1	1	509	6	114	16463	23	24	95.424797	制造
4	1	1	1	510	0	32	16499	102	12	-1	
5	1	1	1	510	1	32	16499	102	12	83.473717	汽轮机
5	1	1	1	510	2	73	16495	15	24	82.792702	及
5	1	1	1	510	3	88	16495	14	24	89.288132	辅
5	1	1	1	510	4	101	16495	14	24	96.728905	机
5	1	1	1	510	5	115	16495	23	24	96.401253	制造
4	1	1	1	511	0	32	16531	102	12	-1	
5	1	1	1	511	1	32	16531	11	12	74.543800	水
5	1	1	1	511	2	49	16531	20	12	93.632774	轮机
5	1	1	1	511	3	73	16532	9	11	82.788071	及
5	1	1	1	511	4	88	16531	8	12	75.613731	辅
5	1	1	1	511	5	101	16531	7	12	96.688316	机
5	1	1	1	511	6	115	16531	19	12	96.540985	制造
4	1	1	1	512	0	32	16563	102	12	-1	
5	1	1	1	512	1	32	16563	102	12	93.038467	风能
5	1	1	1	512	2	62	16559	14	24	92.017197	原
5	1	1	1	512	3	76	16559	14	24	92.541985	动
5	1	1	1	512	4	89	16563	26	12	96.683243	设备
5	1	1	1	512	5	115	16559	23	24	96.360336	制造
4	1	1	1	513	0	32	16595	102	12	-1	
5	1	1	1	513	1	32	16595	11	12	96.929611	其
5	1	1	1	513	2	49	16595	7	12	92.856636	他
5	1	1	1	513	3	61	16596	8	11	91.603271	原
5	1	1	1	513	4	76	16595	14	12	91.989388	动
5	1	1	1	513	5	89	16595	45	12	96.788948	设备
5	1	1	1	513	6	115	16591	23	24	96.448578	制造
4	1	1	1	514	0	18	16627	102	12	-1	
5	1	1	1	514	1	18	16627	102	12	93.607025	金属
5	1	1	1	514	2	50	16623	12	24	89.701546	加
5	1	1	1	514	3	62	16623	14	24	92.416939	工
5	1	1	1	514	4	75	16623	11	24	93.297829	机
5	1	1	1	514	5	86	16623	15	24	91.491989	械
5	1	1	1	514	6	101	16623	14	24	91.371933	制
5	1	1	1	514	7	114	16623	10	24	91.821320	造
4	1	1	1	515	0	32	16659	102	12	-1	
5	1	1	1	515	1	32	16659	102	12	92.457458	金属
5	1	1	1	515	2	64	16655	24	24	91.677910	切削
5	1	1	1	515	3	88	16655	14	24	58.470901	机
5	1	1	1	515	4	101	16655	14	24	88.322533	床
5	1	1	1	515	5	115	16655	23	24	96.374863	制造
4	1	1	1	516	0	32	16691	102	12	-1	
5	1	1	1	516	1	32	16691	102	12	91.511200	金属
5	1	1	1	516	2	62	16687	16	24	93.099678	成
5	1	1	1	516	3	77	16687	11	24	91.630547	形
5	1	1	1	516	4	88	16687	14	24	92.846878	机
5	1	1	1	516	5	101	16687	14	24	89.422676	床
5	1	1	1	516	6	115	16687	23	24	96.228157	制造
4	1	1	1	517	0	32	16723	76	12	-1	
5	1	1	1	517	1	32	16723	76	12	67.929092	铸造
5	1	1	1	517	2	64	16719	11	24	93.282639	机
5	1	1	1	517	3	74	16719	14	24	92.741318	械
5	1	1	1	517	4	88	16719	14	24	92.930695	制
5	1	1	1	517	5	101	16719	11	24	88.951454	造
4	1	1	1	518	0	32	16754	141	13	-1	
5	1	1	1	518	1	32	16750	32	25	88.875793	金属
5	1	1	1	518	2	63	16755	19	12	93.212212	切割
5	1	1	1	518	3	87	16756	8	11	96.850266	及
5	1	1	1	518	4	99	16754	22	13	96.375305	焊接
5	1	1	1	518	5	128	16754	19	13	94.709152	设备
5	1	1	1	518	6	153	16755	20	12	94.986732	制造
4	1	1	1	519	0	32	16787	141	12	-1	
5	1	1	1	519	1	32	16787	11	12	93.297577	机
5	1	1	1	519	2	47	16787	9	12	72.738014	床
5	1	1	1	519	3	62	16787	20	12	96.764687	功能
5	1	1	1	519	4	88	16787	7	12	93.087555	部
5	1	1	1	519	5	101	16787	7	12	92.656471	件
5	1	1	1	519	6	113	16788	8	11	96.324471	及
5	1	1	1	519	7	127	16787	20	12	96.420349	附件
5	1	1	1	519	8	154	16787	19	12	96.429794	制造
4	1	1	1	520	0	32	16819	128	12	-1	
5	1	1	1	520	1	32	16819	11	12	96.952469	其
5	1	1	1	520	2	49	16819	7	12	96.849510	他
5	1	1	1	520	3	61	16819	8	12	88.868690	全
5	1	1	1	520	4	74	16819	16	12	90.836250	属
5	1	1	1	520	5	89	16815	13	24	91.192497	加
5	1	1	1	520	6	101	16820	7	11	92.421562	工
5	1	1	1	520	7	115	16819	6	12	93.104782	机
5	1	1	1	520	8	127	16819	7	12	93.144363	械
5	1	1	1	520	9	140	16819	20	12	95.407249	制造
4	1	1	1	521	0	18	16851	102	12	-1	
5	1	1	1	521	1	18	16851	24	12	96.624199	物料
5	1	1	1	521	2	48	16851	28	12	92.103958	搬运
5	1	1	1	521	3	75	16847	19	24	96.811920	设备
5	1	1	1	521	4	101	16851	19	12	96.480774	制造
4	1	1	1	522	0	32	16883	115	12	-1	
5	1	1	1	522	1	32	16883	19	12	90.932884	轻
5	1	1	1	522	2	58	16883	6	12	96.826088	小
5	1	1	1	522	3	64	16879	12	24	92.604546	型
5	1	1	1	522	4	76	16883	6	12	90.364166	起
5	1	1	1	522	5	88	16883	7	12	93.001747	重
5	1	1	1	522	6	101	16883	7	12	92.734451	设
5	1	1	1	522	7	115	16883	14	12	92.092461	备
5	1	1	1	522	8	128	16879	13	24	92.574043	制
5	1	1	1	522	9	140	16883	7	12	84.416679	造
4	1	1	1	523	0	32	16915	115	13	-1	
5	1	1	1	523	1	32	16915	115	13	96.043495	生产
5	1	1	1	523	2	62	16911	26	25	96.715851	专用
5	1	1	1	523	3	87	16911	15	25	92.486244	起
5	1	1	1	523	4	101	16911	13	25	92.261421	重
5	1	1	1	523	5	113	16911	15	25	76.174553	机
5	1	1	1	523	6	128	16911	22	25	95.583076	制造
4	1	1	1	524	0	32	16947	102	12	-1	
5	1	1	1	524	1	32	16947	24	12	96.516365	生产
5	1	1	1	524	2	62	16947	19	12	95.914703	专用
5	1	1	1	524	3	88	16947	7	12	93.051659	车
5	1	1	1	524	4	101	16947	7	12	92.233177	辆
5	1	1	1	524	5	115	16947	19	12	94.609253	制造
4	1	1	1	525	0	32	16979	102	13	-1	
5	1	1	1	525	1	32	16979	24	13	96.038628	连续
5	1	1	1	525	2	62	16979	28	12	94.376991	搬运
5	1	1	1	525	3	89	16975	19	24	96.777794	设备
5	1	1	1	525	4	115	16979	19	12	96.551727	制造
4	1	1	1	526	0	32	17011	167	12	-1	
5	1	1	1	526	1	32	17011	24	12	93.208305	电梯
5	1	1	1	526	2	61	17017	3	4	87.469894	、
5	1	1	1	526	3	73	17011	17	12	91.292862	自
5	1	1	1	526	4	97	17011	6	12	92.846519	动
5	1	1	1	526	5	103	17007	18	24	92.412514	扶梯
5	1	1	1	526	6	125	17012	9	11	89.737244	及
5	1	1	1	526	7	140	17011	20	12	95.479317	升降
5	1	1	1	526	8	166	17011	7	12	96.965790	机
5	1	1	1	526	9	179	17011	20	12	96.287590	制造
4	1	1	1	527	0	32	17043	115	12	-1	
5	1	1	1	527	1	32	17043	11	12	93.282700	机
5	1	1	1	527	2	47	17043	9	12	92.542572	械
5	1	1	1	527	3	62	17043	16	12	91.013504	式
5	1	1	1	527	4	77	17039	18	24	82.743835	停车
5	1	1	1	527	5	101	17043	28	12	96.518997	设备
5	1	1	1	527	6	128	17039	19	24	93.750717	制造
4	1	1	1	528	0	32	17075	128	12	-1	
5	1	1	1	528	1	32	17075	11	12	96.915268	其
5	1	1	1	528	2	49	17075	7	12	96.075325	他
5	1	1	1	528	3	61	17075	21	12	96.874146	物料
5	1	1	1	528	4	88	17075	20	12	91.801682	搬运
5	1	1	1	528	5	115	17075	19	12	94.968155	设备
5	1	1	1	528	6	140	17075	20	12	96.089821	制造
4	1	1	1	529	0	18	17107	193	12	-1	
5	1	1	1	529	1	18	17107	11	12	15.527086	泵
5	1	1	1	529	2	34	17113	3	4	76.045807	、
5	1	1	1	529	3	48	17107	17	12	51.214127	阀
5	1	1	1	529	4	73	17113	3	4	92.581192	门
5	1	1	1	529	5	77	17103	9	24	90.501068	、
5	1	1	1	529	6	86	17107	17	12	90.697327	压
5	1	1	1	529	7	109	17107	6	12	90.911987	缩
5	1	1	1	529	8	114	17103	11	24	92.932854	机
5	1	1	1	529	9	125	17108	8	11	94.018753	及
5	1	1	1	529	10	138	17107	8	12	93.185188	类
5	1	1	1	529	11	152	17107	7	12	91.486710	似
5	1	1	1	529	12	165	17107	7	12	93.034187	机
5	1	1	1	529	13	177	17107	16	12	92.952179	械
5	1	1	1	529	14	192	17103	13	24	92.979195	制
5	1	1	1	529	15	204	17107	7	12	88.297470	造
4	1	1	1	530	0	32	17139	102	12	-1	
5	1	1	1	530	1	32	17139	11	12	3.205166	泵
5	1	1	1	530	2	47	17140	9	11	83.458954	及
5	1	1	1	530	3	62	17139	28	12	96.100082	真空
5	1	1	1	530	4	89	17135	19	24	96.747948	设备
5	1	1	1	530	5	115	17139	19	12	96.015984	制造
4	1	1	1	531	0	32	17171	102	12	-1	
5	1	1	1	531	1	32	17171	32	12	96.107414	气体
5	1	1	1	531	2	71	17171	19	12	95.611610	压缩
5	1	1	1	531	3	89	17167	13	24	92.354256	机
5	1	1	1	531	4	101	17171	7	12	92.517708	械
5	1	1	1	531	5	115	17171	14	12	92.204910	制
5	1	1	1	531	6	128	17167	10	24	92.257454	造
4	1	1	1	532	0	32	17203	89	13	-1	
5	1	1	1	532	1	32	17203	89	13	20.889877	阀门
5	1	1	1	532	2	62	17199	13	25	96.890266	和
5	1	1	1	532	3	74	17203	29	13	85.273376	旋塞
5	1	1	1	532	4	103	17199	22	25	96.233055	制造
4	1	1	1	533	0	32	17235	141	12	-1	
5	1	1	1	533	1	32	17235	32	12	77.851143	液压
5	1	1	1	533	2	64	17231	17	24	96.323090	动力
5	1	1	1	533	3	88	17235	7	12	93.286079	机
5	1	1	1	533	4	100	17235	8	12	91.594711	械
5	1	1	1	533	5	113	17236	8	11	95.774651	及
5	1	1	1	533	6	127	17236	7	11	93.202469	元
5	1	1	1	533	7	140	17235	7	12	92.637695	件
5	1	1	1	533	8	154	17235	19	12	95.563766	制造
4	1	1	1	534	0	32	17267	128	12	-1	
5	1	1	1	534	1	32	17267	11	12	0.000000	液
5	1	1	1	534	2	49	17267	15	12	93.072174	力
5	1	1	1	534	3	64	17263	17	24	96.280563	动力
5	1	1	1	534	4	88	17267	7	12	93.289536	机
5	1	1	1	534	5	100	17267	8	12	92.750397	械
5	1	1	1	534	6	115	17267	14	12	92.891548	元
5	1	1	1	534	7	128	17263	13	24	92.815315	件
5	1	1	1	534	8	140	17267	20	12	93.737381	制造
4	1	1	1	535	0	32	17299	141	12	-1	
5	1	1	1	535	1	32	17299	32	12	89.817429	气压
5	1	1	1	535	2	64	17295	17	24	95.387985	动力
5	1	1	1	535	3	88	17299	7	12	93.284752	机
5	1	1	1	535	4	100	17299	8	12	91.990791	械
5	1	1	1	535	5	113	17300	8	11	95.611969	及
5	1	1	1	535	6	127	17300	7	11	93.216454	元
5	1	1	1	535	7	140	17299	7	12	92.534019	件
5	1	1	1	535	8	154	17299	19	12	96.095734	制造
4	1	1	1	536	0	18	17331	154	12	-1	
5	1	1	1	536	1	18	17331	24	12	90.784355	轴承
5	1	1	1	536	2	47	17337	3	4	90.369972	、
5	1	1	1	536	3	59	17331	17	12	56.668266	齿
5	1	1	1	536	4	75	17327	11	24	83.766060	轮
5	1	1	1	536	5	86	17331	8	12	92.873009	和
5	1	1	1	536	6	96	17331	76	12	92.487312	传动
5	1	1	1	536	7	128	17327	12	24	93.001656	部
5	1	1	1	536	8	140	17327	14	24	93.059067	件
5	1	1	1	536	9	153	17327	23	24	94.243652	制造
4	1	1	1	537	0	32	17363	76	12	-1	
5	1	1	1	537	1	32	17363	24	12	75.376892	滚动
5	1	1	1	537	2	61	17363	29	12	30.576162	轴承
5	1	1	1	537	3	89	17359	19	24	94.033554	制造
4	1	1	1	538	0	32	17395	76	12	-1	
5	1	1	1	538	1	32	17395	24	12	86.976067	滑动
5	1	1	1	538	2	61	17395	29	12	23.711386	轴承
5	1	1	1	538	3	89	17391	19	24	93.617119	制造
4	1	1	1	539	0	32	17427	154	12	-1	
5	1	1	1	539	1	32	17427	24	12	83.011330	齿轮
5	1	1	1	539	2	61	17428	9	11	96.315239	及
5	1	1	1	539	3	73	17427	30	12	86.302528	齿轮
5	1	1	1	539	4	113	17433	2	4	92.355423	减
5	1	1	1	539	5	115	17423	5	24	77.427238	、
5	1	1	1	539	6	127	17423	27	24	73.228355	变速
5	1	1	1	539	7	154	17427	14	12	65.658020	箱
5	1	1	1	539	8	167	17423	19	24	94.346535	制造
4	1	1	1	540	0	32	17459	102	12	-1	
5	1	1	1	540	1	32	17459	11	12	96.924126	其
5	1	1	1	540	2	49	17459	7	12	96.054108	他
5	1	1	1	540	3	58	17459	76	12	89.043518	传动
5	1	1	1	540	4	89	17455	13	24	92.990860	部
5	1	1	1	540	5	101	17455	14	24	92.707176	件
5	1	1	1	540	6	115	17455	23	24	95.168121	制造
4	1	1	1	541	0	18	17491	167	12	-1	
5	1	1	1	541	1	18	17491	20	12	61.638699	烘
5	1	1	1	541	2	47	17497	2	4	88.245575	炉
5	1	1	1	541	3	48	17487	11	24	88.490913	、
5	1	1	1	541	4	59	17492	9	11	92.514763	风
5	1	1	1	541	5	74	17491	7	12	93.158211	机
5	1	1	1	541	6	86	17497	3	4	89.721909	、
5	1	1	1	541	7	96	17491	11	12	59.667389	包
5	1	1	1	541	8	111	17491	17	12	69.137138	装
5	1	1	1	541	9	135	17491	7	12	96.754562	等
5	1	1	1	541	10	141	17487	18	24	95.927025	设备
5	1	1	1	541	11	165	17491	20	12	89.854279	制造
4	1	1	1	542	0	32	17523	128	12	-1	
5	1	1	1	542	1	32	17523	19	12	25.396013	烘
5	1	1	1	542	2	50	17519	11	24	90.942986	炉
5	1	1	1	542	3	61	17529	3	4	89.452133	、
5	1	1	1	542	4	73	17523	9	12	0.000000	烷
5	1	1	1	542	5	88	17523	7	12	23.782635	炉
5	1	1	1	542	6	100	17524	8	11	93.260864	及
5	1	1	1	542	7	112	17523	22	12	85.681107	电炉
5	1	1	1	542	8	140	17523	20	12	95.814178	制造
4	1	1	1	543	0	32	17555	89	12	-1	
5	1	1	1	543	1	32	17555	89	12	93.105080	风机
5	1	1	1	543	2	61	17551	11	24	92.086327	、
5	1	1	1	543	3	71	17551	17	24	91.928169	风
5	1	1	1	543	4	88	17551	14	24	75.849785	扇
5	1	1	1	543	5	101	17551	14	24	79.472633	制
5	1	1	1	543	6	115	17551	9	24	87.968719	造
4	1	1	1	544	0	32	17587	180	12	-1	
5	1	1	1	544	1	32	17587	24	12	93.078072	气体
5	1	1	1	544	2	61	17593	3	4	92.108192	、
5	1	1	1	544	3	74	17587	16	12	74.020737	液
5	1	1	1	544	4	89	17583	13	24	92.682594	体
5	1	1	1	544	5	101	17587	7	12	89.428696	分
5	1	1	1	544	6	115	17587	6	12	92.079124	离
5	1	1	1	544	7	127	17587	12	12	86.507652	及
5	1	1	1	544	8	140	17587	26	12	16.363516	纯净
5	1	1	1	544	9	166	17587	27	12	89.276947	设备
5	1	1	1	544	10	196	17587	16	12	96.577080	制造
4	1	1	1	545	0	32	17619	115	12	-1	
5	1	1	1	545	1	32	17619	31	12	91.735336	制冷
5	1	1	1	545	2	62	17615	13	24	91.147758	、
5	1	1	1	545	3	74	17619	13	12	91.916328	空
5	1	1	1	545	4	89	17619	12	12	92.794724	调
5	1	1	1	545	5	101	17619	46	12	94.244705	设备
5	1	1	1	545	6	128	17615	23	24	93.205727	制造
4	1	1	1	546	0	32	17651	115	12	-1	
5	1	1	1	546	1	32	17651	19	12	92.726379	风
5	1	1	1	546	2	50	17647	13	24	93.201965	动
5	1	1	1	546	3	62	17651	8	12	96.956871	和
5	1	1	1	546	4	71	17651	76	12	96.872490	电动
5	1	1	1	546	5	104	17647	25	24	89.981079	工具
5	1	1	1	546	6	128	17647	23	24	93.329865	制造
4	1	1	1	547	0	32	17683	115	12	-1	
5	1	1	1	547	1	32	17683	11	12	0.000000	哮
5	1	1	1	547	2	49	17683	7	12	84.762077	枪
5	1	1	1	547	3	61	17684	8	11	95.508575	及
5	1	1	1	547	4	73	17683	9	12	93.051262	类
5	1	1	1	547	5	88	17683	7	12	88.305664	似
5	1	1	1	547	6	101	17683	7	12	82.667778	器
5	1	1	1	547	7	113	17683	16	12	88.111145	具
5	1	1	1	547	8	128	17679	19	24	92.134315	制造
4	1	1	1	548	0	32	17715	102	12	-1	
5	1	1	1	548	1	32	17715	24	12	76.931038	包装
5	1	1	1	548	2	62	17715	19	12	95.309235	专用
5	1	1	1	548	3	88	17715	20	12	94.542480	设备
5	1	1	1	548	4	115	17715	19	12	96.576828	制造
4	1	1	1	549	0	18	17747	128	12	-1	
5	1	1	1	549	1	18	17747	31	12	93.134491	文化
5	1	1	1	549	2	48	17743	11	24	84.423668	、
5	1	1	1	549	3	59	17747	9	12	89.974152	办
5	1	1	1	549	4	72	17747	21	12	95.673637	公用
5	1	1	1	549	5	98	17747	9	12	93.297775	机
5	1	1	1	549	6	111	17747	9	12	93.009560	械
5	1	1	1	549	7	126	17747	20	12	96.302017	制造
4	1	1	1	550	0	32	17779	76	12	-1	
5	1	1	1	550	1	32	17779	76	12	96.676575	电影
5	1	1	1	550	2	64	17775	11	24	93.284683	机
5	1	1	1	550	3	74	17775	14	24	92.662834	械
5	1	1	1	550	4	88	17775	14	24	93.052605	制
5	1	1	1	550	5	101	17775	11	24	86.852806	造
4	1	1	1	551	0	32	17811	115	12	-1	
5	1	1	1	551	1	32	17811	115	12	95.583496	幻灯
5	1	1	1	551	2	61	17807	14	24	86.385925	及
5	1	1	1	551	3	74	17811	29	12	96.235550	投影
5	1	1	1	551	4	103	17807	26	24	95.522797	设备
5	1	1	1	551	5	128	17807	23	24	92.079964	制造
4	1	1	1	552	0	32	17843	102	12	-1	
5	1	1	1	552	1	32	17843	102	12	83.935860	照相
5	1	1	1	552	2	61	17839	12	24	95.077271	机
5	1	1	1	552	3	73	17839	14	24	80.405785	及
5	1	1	1	552	4	86	17839	14	24	95.708366	器
5	1	1	1	552	5	100	17839	14	24	96.995270	村
5	1	1	1	552	6	113	17839	25	24	93.155014	制造
4	1	1	1	553	0	32	17875	115	12	-1	
5	1	1	1	553	1	32	17875	115	12	78.008018	复印
5	1	1	1	553	2	61	17871	14	24	93.026184	和
5	1	1	1	553	3	74	17871	14	24	0.000000	腑
5	1	1	1	553	4	88	17871	14	24	61.519081	印
5	1	1	1	553	5	101	17871	26	24	96.242424	设备
5	1	1	1	553	6	127	17871	24	24	93.429100	制造
4	1	1	1	554	0	32	17907	154	12	-1	
5	1	1	1	554	1	32	17907	24	12	96.593407	计算
5	1	1	1	554	2	62	17907	7	12	96.923004	器
5	1	1	1	554	3	73	17908	9	11	94.406479	及
5	1	1	1	554	4	86	17907	22	12	89.352509	货币
5	1	1	1	554	5	115	17907	18	12	96.168945	专用
5	1	1	1	554	6	139	17907	29	12	96.433922	设备
5	1	1	1	554	7	175	17903	15	24	95.508194	制造
4	1	1	1	555	0	32	17939	154	13	-1	
5	1	1	1	555	1	32	17939	11	12	95.652321	其
5	1	1	1	555	2	49	17939	15	13	96.942413	他
5	1	1	1	555	3	71	17939	18	12	93.107262	文化
5	1	1	1	555	4	88	17935	11	25	91.695152	、
5	1	1	1	555	5	98	17939	10	12	90.640877	办
5	1	1	1	555	6	112	17939	21	12	96.589195	公用
5	1	1	1	555	7	138	17939	9	12	93.305435	机
5	1	1	1	555	8	151	17939	17	12	93.112450	械
5	1	1	1	555	9	167	17935	19	25	95.745056	制造
4	1	1	1	556	0	18	17970	89	13	-1	
5	1	1	1	556	1	18	17970	89	13	93.126358	通用
5	1	1	1	556	2	48	17966	15	25	78.775734	零
5	1	1	1	556	3	62	17966	13	25	92.965805	部
5	1	1	1	556	4	74	17966	14	25	93.025581	件
5	1	1	1	556	5	87	17966	24	25	96.270660	制造
4	1	1	1	557	0	32	18003	89	12	-1	
5	1	1	1	557	1	32	18003	24	12	92.921860	金属
5	1	1	1	557	2	62	18003	28	12	90.721146	密封
5	1	1	1	557	3	89	17999	13	24	86.066154	件
5	1	1	1	557	4	101	18003	20	12	95.731857	制造
4	1	1	1	558	0	32	18035	63	12	-1	
5	1	1	1	558	1	32	18035	63	12	88.259544	紧
5	1	1	1	558	2	49	18031	14	24	89.157974	固
5	1	1	1	558	3	62	18031	14	24	92.061646	件
5	1	1	1	558	4	76	18035	19	12	96.394218	制造
4	1	1	1	559	0	32	18067	50	12	-1	
5	1	1	1	559	1	32	18067	12	12	86.735962	弹
5	1	1	1	559	2	49	18067	14	12	34.081657	得
5	1	1	1	559	3	66	18067	16	12	32.869701	制造
4	1	1	1	560	0	32	18099	89	12	-1	
5	1	1	1	560	1	32	18099	11	12	93.280113	机
5	1	1	1	560	2	47	18099	9	12	92.497269	械
5	1	1	1	560	3	62	18099	7	12	82.836182	零
5	1	1	1	560	4	76	18099	14	12	92.881378	部
5	1	1	1	560	5	89	18095	13	24	92.850098	件
5	1	1	1	560	6	101	18099	7	12	93.235619	加
5	1	1	1	560	7	113	18100	8	11	91.162292	工
4	1	1	1	561	0	32	18130	115	13	-1	
5	1	1	1	561	1	32	18131	11	12	96.896629	其
5	1	1	1	561	2	49	18131	7	12	96.706970	他
5	1	1	1	561	3	62	18131	19	12	93.115379	通用
5	1	1	1	561	4	88	18130	15	13	0.000000	零
5	1	1	1	561	5	110	18131	6	12	92.526039	部
5	1	1	1	561	6	115	18126	13	25	92.189934	件
5	1	1	1	561	7	128	18126	22	25	96.106125	制造
4	1	1	1	562	0	18	18163	115	12	-1	
5	1	1	1	562	1	18	18163	11	12	96.911041	其
5	1	1	1	562	2	35	18163	7	12	96.333397	他
5	1	1	1	562	3	47	18163	20	12	96.169144	通用
5	1	1	1	562	4	70	18163	63	12	96.103500	设备
5	1	1	1	562	5	101	18159	26	24	91.303314	制造
5	1	1	1	562	6	126	18159	11	24	89.877838	业
4	1	1	1	563	0	32	18195	89	12	-1	
5	1	1	1	563	1	32	18195	89	12	95.586075	工业
5	1	1	1	563	2	61	18191	15	24	96.814102	机
5	1	1	1	563	3	76	18191	11	24	96.994568	器
5	1	1	1	563	4	86	18191	14	24	95.295914	人
5	1	1	1	563	5	100	18191	24	24	93.268265	制造
4	1	1	1	564	0	32	18227	115	12	-1	
5	1	1	1	564	1	32	18227	115	12	96.270531	特殊
5	1	1	1	564	2	61	18223	26	24	96.755493	作业
5	1	1	1	564	3	86	18223	16	24	96.961121	机
5	1	1	1	564	4	101	18223	13	24	96.903709	器
5	1	1	1	564	5	113	18223	13	24	96.184898	人
5	1	1	1	564	6	125	18223	26	24	95.210220	制造
4	1	1	1	565	0	32	18259	102	12	-1	
5	1	1	1	565	1	32	18259	19	12	90.745865	增
5	1	1	1	565	2	50	18255	13	24	93.027000	材
5	1	1	1	565	3	62	18259	28	12	93.561508	制造
5	1	1	1	565	4	89	18255	19	24	93.397804	装备
5	1	1	1	565	5	115	18259	19	12	96.496994	制造
4	1	1	1	566	0	32	18290	154	13	-1	
5	1	1	1	566	1	32	18291	11	12	96.676239	其
5	1	1	1	566	2	49	18291	7	12	96.964714	他
5	1	1	1	566	3	62	18291	15	12	93.249977	未
5	1	1	1	566	4	76	18286	13	25	93.066681	列
5	1	1	1	566	5	88	18291	7	12	93.273911	明
5	1	1	1	566	6	101	18290	19	13	96.831520	通用
5	1	1	1	566	7	126	18290	29	13	96.227722	设备
5	1	1	1	566	8	162	18286	18	25	90.560631	制造
5	1	1	1	566	9	179	18291	7	12	92.199379	业
4	1	1	1	567	0	0	18323	93	12	-1	
5	1	1	1	567	1	0	18323	27	12	95.054169	专用
5	1	1	1	567	2	33	18323	29	12	96.438049	设备
5	1	1	1	567	3	69	18319	18	24	92.130951	制造
5	1	1	1	567	4	87	18323	6	12	91.100624	业
4	1	1	1	568	0	18	18355	180	12	-1	
5	1	1	1	568	1	18	18355	24	12	91.062996	采矿
5	1	1	1	568	2	47	18361	3	4	91.352806	、
5	1	1	1	568	3	60	18355	19	12	14.803391	冶
5	1	1	1	568	4	86	18361	3	4	92.036674	金
5	1	1	1	568	5	89	18351	11	24	89.758720	、
5	1	1	1	568	6	99	18355	16	12	91.981895	建
5	1	1	1	568	7	122	18355	6	12	93.184151	筑
5	1	1	1	568	8	128	18351	17	24	95.183655	专用
5	1	1	1	568	9	152	18355	20	12	96.125969	设备
5	1	1	1	568	10	179	18355	19	12	96.540855	制造
4	1	1	1	569	0	32	18387	76	12	-1	
5	1	1	1	569	1	32	18387	48	12	35.272858	a
5	1	1	1	569	2	88	18387	20	12	25.277748	aS
4	1	1	1	570	0	32	18419	128	12	-1	
5	1	1	1	570	1	32	18419	128	12	37.298107	ERR
5	1	1	1	570	2	86	18415	6	24	37.298107	S
5	1	1	1	570	3	102	18415	28	24	21.113958	aS
5	1	1	1	570	4	138	18415	26	24	20.871019	HS
4	1	1	1	571	0	32	18451	128	12	-1	
5	1	1	1	571	1	32	18451	32	12	96.177277	深海
5	1	1	1	571	2	64	18447	26	24	89.478241	石油
5	1	1	1	571	3	97	18451	20	12	68.574707	钻探
5	1	1	1	571	4	116	18447	18	24	91.391464	设备
5	1	1	1	571	5	140	18451	20	12	95.837852	制造
4	1	1	1	572	0	32	18483	115	12	-1	
5	1	1	1	572	1	32	18483	115	12	96.068909	建筑
5	1	1	1	572	2	64	18479	26	24	94.243858	工程
5	1	1	1	572	3	89	18479	11	24	96.659500	用
5	1	1	1	572	4	100	18479	14	24	91.677452	机
5	1	1	1	572	5	113	18479	16	24	93.073402	械
5	1	1	1	572	6	128	18479	13	24	92.926308	制
5	1	1	1	572	7	140	18479	11	24	85.643837	造
4	1	1	1	573	0	32	18515	154	12	-1	
5	1	1	1	573	1	32	18515	32	12	96.443611	建筑
5	1	1	1	573	2	64	18511	18	24	49.025616	材料
5	1	1	1	573	3	88	18515	20	12	96.913864	生产
5	1	1	1	573	4	115	18515	18	12	96.168175	专用
5	1	1	1	573	5	139	18515	8	12	93.304291	机
5	1	1	1	573	6	151	18515	17	12	93.018059	械
5	1	1	1	573	7	167	18511	13	24	93.057465	制
5	1	1	1	573	8	179	18515	7	12	85.033020	造
4	1	1	1	574	0	32	18547	102	12	-1	
5	1	1	1	574	1	32	18547	19	12	78.975838	治
5	1	1	1	574	2	58	18547	6	12	92.922874	金
5	1	1	1	574	3	64	18543	17	24	89.455368	专用
5	1	1	1	574	4	84	18547	50	12	94.693787	设备
5	1	1	1	574	5	115	18543	23	24	96.544678	制造
4	1	1	1	575	0	32	18579	128	12	-1	
5	1	1	1	575	1	32	18579	24	12	60.781841	隧道
5	1	1	1	575	2	62	18579	29	12	93.070389	施工
5	1	1	1	575	3	97	18575	17	24	96.678375	专用
5	1	1	1	575	4	113	18579	8	12	91.918427	机
5	1	1	1	575	5	127	18579	7	12	93.144257	械
5	1	1	1	575	6	140	18579	20	12	95.533875	制造
4	1	1	1	576	0	18	18610	219	14	-1	
5	1	1	1	576	1	18	18611	21	12	93.058784	化
5	1	1	1	576	2	47	18617	2	4	93.061012	工
5	1	1	1	576	3	48	18606	7	26	0.000000	、
5	1	1	1	576	4	62	18606	27	26	0.000000	木材、
5	1	1	1	576	5	100	18611	17	13	88.881348	非
5	1	1	1	576	6	116	18606	25	26	86.633850	金属
5	1	1	1	576	7	140	18606	13	26	93.279831	加
5	1	1	1	576	8	152	18611	15	12	91.444885	工
5	1	1	1	576	9	166	18606	18	26	96.658974	专用
5	1	1	1	576	10	191	18610	28	13	96.860260	设备
5	1	1	1	576	11	218	18606	19	26	44.064983	制造
4	1	1	1	577	0	32	18643	167	12	-1	
5	1	1	1	577	1	32	18643	24	12	27.026543	SA
5	1	1	1	577	2	80	18643	26	12	54.631798	LE
5	1	1	1	577	3	110	18643	89	12	36.980103	PSR
4	1	1	1	578	0	32	18675	128	12	-1	
5	1	1	1	578	1	32	18675	128	12	0.000000	BRMLSARS
5	1	1	1	578	2	138	18671	26	24	25.675135	HS
4	1	1	1	579	0	32	18707	128	12	-1	
5	1	1	1	579	1	32	18703	31	24	85.705185	塑料
5	1	1	1	579	2	62	18707	7	12	93.266602	加
5	1	1	1	579	3	74	18707	16	12	92.905899	工
5	1	1	1	579	4	89	18703	18	24	96.406105	专用
5	1	1	1	579	5	113	18707	21	12	94.594116	设备
5	1	1	1	579	6	140	18707	20	12	95.265129	制造
4	1	1	1	580	0	32	18739	115	13	-1	
5	1	1	1	580	1	32	18739	20	13	83.976265	木
5	1	1	1	580	2	51	18735	18	25	93.760529	竹村
5	1	1	1	580	3	74	18739	8	12	86.124802	加
5	1	1	1	580	4	87	18740	8	11	92.862617	工
5	1	1	1	580	5	101	18739	7	12	93.068542	机
5	1	1	1	580	6	113	18739	8	12	93.160042	械
5	1	1	1	580	7	128	18739	19	12	95.464195	制造
4	1	1	1	581	0	32	18770	50	13	-1	
5	1	1	1	581	1	32	18770	31	13	95.981735	模具
5	1	1	1	581	2	66	18771	16	12	94.847878	制造
4	1	1	1	582	0	32	18803	167	12	-1	
5	1	1	1	582	1	32	18803	11	12	96.939919	其
5	1	1	1	582	2	49	18803	15	12	92.997765	他
5	1	1	1	582	3	71	18803	7	12	82.173012	非
5	1	1	1	582	4	84	18803	7	12	90.679497	金
5	1	1	1	582	5	97	18803	6	12	93.223495	属
5	1	1	1	582	6	103	18799	11	24	93.265495	加
5	1	1	1	582	7	113	18803	16	12	92.473961	工
5	1	1	1	582	8	128	18799	18	24	96.499954	专用
5	1	1	1	582	9	152	18803	21	12	95.709099	设备
5	1	1	1	582	10	179	18803	20	12	95.573837	制造
4	1	1	1	583	0	18	18835	245	12	-1	
5	1	1	1	583	1	18	18835	24	12	93.219315	食品
5	1	1	1	583	2	47	18841	3	4	89.176033	、
5	1	1	1	583	3	59	18835	18	12	54.805824	饮
5	1	1	1	583	4	86	18841	2	4	93.111160	料
5	1	1	1	583	5	87	18831	13	24	88.154625	、
5	1	1	1	583	6	99	18835	16	12	92.038940	烟
5	1	1	1	583	7	114	18831	13	24	91.520866	草
5	1	1	1	583	8	126	18836	7	11	93.031433	及
5	1	1	1	583	9	140	18835	15	12	85.606461	词
5	1	1	1	583	10	155	18831	11	24	93.093987	料
5	1	1	1	583	11	165	18835	28	12	95.896561	生产
5	1	1	1	583	12	192	18831	18	24	96.680794	专用
5	1	1	1	583	13	216	18835	21	12	95.181396	设备
5	1	1	1	583	14	243	18835	20	12	96.010643	制造
4	1	1	1	584	0	32	18867	219	12	-1	
5	1	1	1	584	1	32	18867	31	12	93.265739	食品
5	1	1	1	584	2	62	18863	14	24	90.100563	、
5	1	1	1	584	3	76	18868	14	11	92.253044	酒
5	1	1	1	584	4	89	18863	11	24	91.312851	、
5	1	1	1	584	5	100	18867	8	12	25.454750	饮
5	1	1	1	584	6	115	18867	19	12	90.505318	料及
5	1	1	1	584	7	139	18867	8	12	81.870697	茶
5	1	1	1	584	8	152	18867	8	12	72.342621	生
5	1	1	1	584	9	164	18867	9	12	93.256866	产
5	1	1	1	584	10	179	18867	19	12	94.555946	专用
5	1	1	1	584	11	205	18867	20	12	95.684662	设备
5	1	1	1	584	12	232	18867	19	12	96.605469	制造
4	1	1	1	585	0	32	18899	154	12	-1	
5	1	1	1	585	1	32	18899	11	12	87.334274	农
5	1	1	1	585	2	49	18899	20	12	92.995461	副食
5	1	1	1	585	3	76	18899	14	12	92.537796	品
5	1	1	1	585	4	89	18895	11	24	93.267914	加
5	1	1	1	585	5	100	18900	8	11	92.676056	工
5	1	1	1	585	6	115	18899	18	12	96.817841	专用
5	1	1	1	585	7	139	18899	29	12	96.338135	设备
5	1	1	1	585	8	175	18895	15	24	93.668861	制造
4	1	1	1	586	0	32	18931	128	12	-1	
5	1	1	1	586	1	32	18931	24	12	84.021317	烟草
5	1	1	1	586	2	61	18931	29	12	96.767296	生产
5	1	1	1	586	3	89	18927	18	24	96.533249	专用
5	1	1	1	586	4	113	18931	21	12	95.187492	设备
5	1	1	1	586	5	140	18931	20	12	95.686104	制造
4	1	1	1	587	0	32	18963	128	12	-1	
5	1	1	1	587	1	32	18963	24	12	64.806625	饲料
5	1	1	1	587	2	62	18963	28	12	96.295464	生产
5	1	1	1	587	3	89	18959	18	24	96.578644	专用
5	1	1	1	587	4	113	18963	21	12	94.457306	设备
5	1	1	1	587	5	140	18963	20	12	95.680023	制造
4	1	1	1	588	0	18	18995	258	12	-1	
5	1	1	1	588	1	18	18991	29	24	92.152748	印刷
5	1	1	1	588	2	47	19001	3	4	92.465302	、
5	1	1	1	588	3	60	18995	16	12	90.091354	制
5	1	1	1	588	4	75	18991	11	24	91.717155	药
5	1	1	1	588	5	86	19001	3	4	63.268391	、
5	1	1	1	588	6	99	18995	16	12	63.268391	日
5	1	1	1	588	7	114	18991	11	24	96.962029	化
5	1	1	1	588	8	125	18996	8	11	93.643135	及
5	1	1	1	588	9	140	18996	14	11	94.418114	日
5	1	1	1	588	10	153	18991	13	24	92.784195	用
5	1	1	1	588	11	165	18995	7	12	92.072685	品
5	1	1	1	588	12	179	18995	19	12	95.508919	生产
5	1	1	1	588	13	204	18995	19	12	94.959343	专用
5	1	1	1	588	14	230	18995	20	12	95.620667	设备
5	1	1	1	588	15	257	18995	19	12	96.382370	制造
4	1	1	1	589	0	32	19026	141	13	-1	
5	1	1	1	589	1	32	19027	20	12	92.190971	制
5	1	1	1	589	2	51	19022	10	25	0.000000	桨
5	1	1	1	589	3	60	19027	10	12	91.287888	和
5	1	1	1	589	4	74	19027	29	12	92.180153	造纸
5	1	1	1	589	5	103	19022	17	25	96.964897	专用
5	1	1	1	589	6	126	19026	21	13	95.758484	设备
5	1	1	1	589	7	153	19027	20	12	95.647980	制造
4	1	1	1	590	0	32	19059	102	12	-1	
5	1	1	1	590	1	32	19059	102	12	93.159157	印刷
5	1	1	1	590	2	64	19055	23	24	86.775917	专用
5	1	1	1	590	3	86	19059	29	12	95.448303	设备
5	1	1	1	590	4	115	19055	23	24	96.482704	制造
4	1	1	1	591	0	33	19091	127	12	-1	
5	1	1	1	591	1	33	19092	9	11	93.854897	日
5	1	1	1	591	2	50	19092	5	11	96.933853	用
5	1	1	1	591	3	62	19091	7	12	93.210777	化
5	1	1	1	591	4	75	19092	7	11	90.642052	工
5	1	1	1	591	5	89	19091	18	12	96.868080	专用
5	1	1	1	591	6	113	19091	21	12	96.381424	设备
5	1	1	1	591	7	140	19091	20	12	93.449379	制造
4	1	1	1	592	0	32	19123	102	12	-1	
5	1	1	1	592	1	32	19123	24	12	96.430832	制药
5	1	1	1	592	2	62	19123	26	12	95.967735	专用
5	1	1	1	592	3	88	19123	27	12	95.874062	设备
5	1	1	1	592	4	118	19123	16	12	96.456596	制造
4	1	1	1	593	0	32	19155	154	12	-1	
5	1	1	1	593	1	32	19155	24	12	85.108330	照明
5	1	1	1	593	2	62	19155	7	12	93.275810	器
5	1	1	1	593	3	74	19155	8	12	79.362389	具
5	1	1	1	593	4	86	19155	9	12	91.651398	生
5	1	1	1	593	5	100	19155	8	12	92.031494	产
5	1	1	1	593	6	115	19155	18	12	96.382706	专用
5	1	1	1	593	7	139	19155	29	12	96.393417	设备
5	1	1	1	593	8	167	19151	19	24	93.805229	制造
4	1	1	1	594	0	32	19187	232	12	-1	
5	1	1	1	594	1	32	19183	43	24	55.621815	琉璃、
5	1	1	1	594	2	74	19187	17	12	81.489716	陶
5	1	1	1	594	3	97	19187	6	12	72.450127	资
5	1	1	1	594	4	103	19183	11	24	93.166603	和
5	1	1	1	594	5	113	19187	8	12	0.000000	挤
5	1	1	1	594	6	127	19187	7	12	59.106056	资
5	1	1	1	594	7	142	19183	24	24	96.650574	制品
5	1	1	1	594	8	166	19187	20	12	96.870651	生产
5	1	1	1	594	9	193	19187	18	12	96.789635	专用
5	1	1	1	594	10	217	19187	21	12	96.330261	设备
5	1	1	1	594	11	245	19187	19	12	94.514519	制造
4	1	1	1	595	0	32	19218	167	13	-1	
5	1	1	1	595	1	32	19219	11	12	96.960762	其
5	1	1	1	595	2	48	19219	8	12	95.707855	他
5	1	1	1	595	3	62	19220	15	11	95.570999	日
5	1	1	1	595	4	76	19214	12	25	93.264320	用
5	1	1	1	595	5	87	19218	8	13	90.616287	品
5	1	1	1	595	6	101	19219	20	12	96.123528	生产
5	1	1	1	595	7	128	19219	18	12	96.457603	专用
5	1	1	1	595	8	153	19219	20	12	92.798538	设备
5	1	1	1	595	9	179	19219	20	12	95.989204	制造
4	1	1	1	596	0	18	19251	206	12	-1	
5	1	1	1	596	1	18	19251	31	12	81.907753	纺织
5	1	1	1	596	2	48	19247	13	24	91.080231	、
5	1	1	1	596	3	60	19251	16	12	71.842194	服
5	1	1	1	596	4	75	19247	11	24	89.973557	装
5	1	1	1	596	5	86	19251	8	12	93.000229	和
5	1	1	1	596	6	96	19251	24	12	56.237411	皮革
5	1	1	1	596	7	125	19251	8	12	92.727112	加
5	1	1	1	596	8	138	19251	16	12	93.137848	工
5	1	1	1	596	9	153	19247	18	24	96.394913	专用
5	1	1	1	596	10	177	19251	21	12	94.965851	设备
5	1	1	1	596	11	204	19251	20	12	95.771881	制造
4	1	1	1	597	0	32	19283	102	12	-1	
5	1	1	1	597	1	32	19283	24	12	77.741959	纺织
5	1	1	1	597	2	62	19283	26	12	94.383171	专用
5	1	1	1	597	3	88	19283	27	12	96.061951	设备
5	1	1	1	597	4	118	19283	16	12	96.258453	制造
4	1	1	1	598	0	32	19315	219	12	-1	
5	1	1	1	598	1	32	19315	24	12	82.288063	皮革
5	1	1	1	598	2	61	19321	3	4	88.327606	、
5	1	1	1	598	3	73	19315	9	12	74.938309	毛
5	1	1	1	598	4	86	19315	9	12	92.498009	皮
5	1	1	1	598	5	98	19316	10	11	87.265800	及
5	1	1	1	598	6	113	19315	17	12	96.830254	其
5	1	1	1	598	7	136	19311	18	24	84.379509	制品
5	1	1	1	598	8	154	19315	6	12	93.273544	加
5	1	1	1	598	9	166	19315	15	12	93.098152	工
5	1	1	1	598	10	181	19311	17	24	96.378136	专用
5	1	1	1	598	11	205	19315	20	12	95.717995	设备
5	1	1	1	598	12	232	19315	19	12	96.548508	制造
4	1	1	1	599	0	32	19347	76	12	-1	
5	1	1	1	599	1	32	19347	24	12	50.359375	a
5	1	1	1	599	2	80	19347	28	12	27.965021	aS
4	1	1	1	600	0	32	19379	76	12	-1	
5	1	1	1	600	1	32	19379	76	12	20.367260	SRLS
4	1	1	1	601	0	18	19411	167	12	-1	
5	1	1	1	601	1	18	19411	24	12	96.844215	电子
5	1	1	1	601	2	47	19411	8	12	96.986137	和
5	1	1	1	601	3	59	19411	22	12	96.773735	电工
5	1	1	1	601	4	87	19411	7	12	93.085350	机
5	1	1	1	601	5	99	19411	8	12	92.200157	械
5	1	1	1	601	6	113	19411	7	12	83.187660	专
5	1	1	1	601	7	126	19412	6	11	96.679314	用
5	1	1	1	601	8	138	19411	21	12	95.566154	设备
5	1	1	1	601	9	165	19411	20	12	95.885284	制造
4	1	1	1	602	0	32	19443	128	13	-1	
5	1	1	1	602	1	32	19443	24	13	96.753929	电工
5	1	1	1	602	2	62	19443	7	12	93.058945	机
5	1	1	1	602	3	74	19443	8	12	93.119263	械
5	1	1	1	602	4	88	19443	19	12	95.872665	专用
5	1	1	1	602	5	113	19443	21	12	89.921524	设备
5	1	1	1	602	6	140	19443	20	12	96.654495	制造
4	1	1	1	603	0	32	19474	141	13	-1	
5	1	1	1	603	1	32	19474	141	13	95.521889	半导体
5	1	1	1	603	2	76	19470	13	25	93.075531	器
5	1	1	1	603	3	88	19470	15	25	86.857628	件
5	1	1	1	603	4	103	19470	24	25	96.889778	专用
5	1	1	1	603	5	126	19470	27	25	95.929649	设备
5	1	1	1	603	6	153	19470	24	25	95.549545	制造
4	1	1	1	604	0	32	19507	180	12	-1	
5	1	1	1	604	1	32	19507	24	12	96.622459	电子
5	1	1	1	604	2	62	19508	7	11	96.787964	元
5	1	1	1	604	3	76	19507	14	12	92.829300	器
5	1	1	1	604	4	97	19507	6	12	92.280701	件
5	1	1	1	604	5	103	19503	12	24	96.858551	与
5	1	1	1	604	6	115	19507	6	12	93.276932	机
5	1	1	1	604	7	125	19507	9	12	25.433474	电
5	1	1	1	604	8	140	19507	28	12	93.055099	组件
5	1	1	1	604	9	167	19503	13	24	93.153999	设
5	1	1	1	604	10	179	19507	7	12	92.578789	备
5	1	1	1	604	11	193	19507	19	12	96.440651	制造
4	1	1	1	605	0	32	19539	128	12	-1	
5	1	1	1	605	1	32	19539	11	12	96.951149	其
5	1	1	1	605	2	49	19539	7	12	96.682808	他
5	1	1	1	605	3	59	19539	31	12	96.336082	电子
5	1	1	1	605	4	89	19535	18	24	96.605965	专用
5	1	1	1	605	5	113	19539	21	12	95.370941	设备
5	1	1	1	605	6	140	19539	20	12	95.917793	制造
4	1	1	1	606	0	18	19571	167	12	-1	
5	1	1	1	606	1	18	19571	11	12	66.367508	农
5	1	1	1	606	2	35	19577	2	4	91.530312	、
5	1	1	1	606	3	45	19571	10	12	91.089569	林
5	1	1	1	606	4	60	19577	3	4	90.066940	、
5	1	1	1	606	5	72	19571	9	12	59.937382	牧
5	1	1	1	606	6	86	19577	3	4	89.102509	、
5	1	1	1	606	7	99	19571	16	12	58.164864	渔
5	1	1	1	606	8	114	19567	18	24	96.135712	专用
5	1	1	1	606	9	138	19571	8	12	93.303986	机
5	1	1	1	606	10	150	19571	9	12	93.192184	械
5	1	1	1	606	11	165	19571	20	12	95.988136	制造
4	1	1	1	607	0	32	19603	63	12	-1	
5	1	1	1	607	1	32	19603	24	12	54.012314	拖拉
5	1	1	1	607	2	59	19603	10	12	95.666878	机
5	1	1	1	607	3	74	19603	21	12	95.679253	制造
4	1	1	1	608	0	32	19634	154	13	-1	
5	1	1	1	608	1	32	19635	11	12	93.165871	机
5	1	1	1	608	2	48	19635	16	12	91.810356	械
5	1	1	1	608	3	71	19635	7	12	96.936157	化
5	1	1	1	608	4	78	19630	17	25	90.336037	农业
5	1	1	1	608	5	99	19636	9	11	78.606445	及
5	1	1	1	608	6	113	19634	21	13	95.095276	园艺
5	1	1	1	608	7	140	19635	7	12	92.910881	机
5	1	1	1	608	8	153	19635	15	12	88.983215	具
5	1	1	1	608	9	175	19635	7	12	91.877060	制
5	1	1	1	608	10	181	19630	8	25	91.813744	造
4	1	1	1	609	0	32	19667	141	12	-1	
5	1	1	1	609	1	32	19667	11	12	92.232635	营
5	1	1	1	609	2	47	19667	9	12	92.320061	林
5	1	1	1	609	3	59	19668	10	11	85.972389	及
5	1	1	1	609	4	76	19667	14	12	86.212418	木
5	1	1	1	609	5	89	19663	11	24	71.343033	竹
5	1	1	1	609	6	100	19667	8	12	81.304405	采
5	1	1	1	609	7	113	19667	8	12	50.811176	做
5	1	1	1	609	8	127	19667	7	12	84.303795	机
5	1	1	1	609	9	139	19667	8	12	92.812630	械
5	1	1	1	609	10	154	19667	19	12	96.544914	制造
4	1	1	1	610	0	32	19699	76	12	-1	
5	1	1	1	610	1	32	19699	76	12	40.541573	畜牧
5	1	1	1	610	2	62	19695	13	24	92.222855	机
5	1	1	1	610	3	74	19695	16	24	92.962547	械
5	1	1	1	610	4	89	19695	13	24	92.879486	制
5	1	1	1	610	5	101	19695	11	24	88.370941	造
4	1	1	1	611	0	32	19731	76	12	-1	
5	1	1	1	611	1	32	19731	76	12	68.775368	渔业
5	1	1	1	611	2	59	19727	14	24	93.303421	机
5	1	1	1	611	3	73	19727	15	24	92.908882	械
5	1	1	1	611	4	88	19727	14	24	92.799255	制
5	1	1	1	611	5	101	19727	11	24	86.825401	造
4	1	1	1	612	0	32	19763	128	12	-1	
5	1	1	1	612	1	32	19763	24	12	91.768303	农林
5	1	1	1	612	2	59	19763	10	12	7.610426	妆
5	1	1	1	612	3	74	19763	16	12	20.098619	渔
5	1	1	1	612	4	89	19759	13	24	93.118523	机
5	1	1	1	612	5	101	19763	7	12	91.563423	械
5	1	1	1	612	6	113	19764	8	11	0.000000	醒
5	1	1	1	612	7	127	19763	7	12	91.735710	件
5	1	1	1	612	8	140	19763	20	12	95.903465	制造
4	1	1	1	613	0	32	19795	102	12	-1	
5	1	1	1	613	1	32	19795	102	12	90.995201	棉花
5	1	1	1	613	2	62	19791	14	24	93.267433	加
5	1	1	1	613	3	76	19791	14	24	92.782364	工
5	1	1	1	613	4	89	19791	11	24	93.299713	机
5	1	1	1	613	5	100	19791	15	24	92.187981	械
5	1	1	1	613	6	115	19791	14	24	91.910103	制
5	1	1	1	613	7	128	19791	10	24	92.003342	造
4	1	1	1	614	0	32	19827	180	13	-1	
5	1	1	1	614	1	32	19827	11	12	96.952354	其
5	1	1	1	614	2	49	19827	15	13	93.269989	他
5	1	1	1	614	3	74	19833	3	4	92.623055	农
5	1	1	1	614	4	76	19823	12	25	91.996529	、
5	1	1	1	614	5	87	19827	8	12	88.417595	林
5	1	1	1	614	6	100	19833	3	4	91.602150	、
5	1	1	1	614	7	113	19827	8	12	0.000000	笋
5	1	1	1	614	8	126	19833	3	4	91.912498	、
5	1	1	1	614	9	138	19827	17	12	33.630630	渔
5	1	1	1	614	10	154	19823	12	25	92.631470	业
5	1	1	1	614	11	165	19827	21	12	63.702362	机械
5	1	1	1	614	12	192	19827	15	12	92.362999	制
5	1	1	1	614	13	206	19823	10	25	91.979462	造
4	1	1	1	615	0	18	19858	141	13	-1	
5	1	1	1	615	1	18	19859	32	12	96.614594	医疗
5	1	1	1	615	2	49	19854	19	25	69.859360	仪器
5	1	1	1	615	3	74	19854	26	25	96.243134	设备
5	1	1	1	615	4	99	19860	8	11	96.560783	及
5	1	1	1	615	5	112	19858	8	13	93.299995	器
5	1	1	1	615	6	126	19859	7	12	92.287643	械
5	1	1	1	615	7	139	19859	15	12	90.746887	制
5	1	1	1	615	8	153	19854	10	25	88.028282	造
4	1	1	1	616	0	33	19891	179	12	-1	
5	1	1	1	616	1	33	19891	28	12	96.011559	医疗
5	1	1	1	616	2	62	19887	26	24	92.635689	诊断
5	1	1	1	616	3	87	19897	3	4	83.858955	、
5	1	1	1	616	4	101	19891	15	12	92.046516	监
5	1	1	1	616	5	116	19887	11	24	91.708755	护
5	1	1	1	616	6	126	19892	13	11	91.172081	及
5	1	1	1	616	7	139	19891	73	12	91.532684	治疗
5	1	1	1	616	8	167	19887	26	24	94.187019	设备
5	1	1	1	616	9	192	19887	23	24	95.863640	制造
4	1	1	1	617	0	33	19923	140	12	-1	
5	1	1	1	617	1	33	19923	23	12	92.976036	口腔
5	1	1	1	617	2	62	19923	7	12	91.604240	科
5	1	1	1	617	3	72	19924	9	11	93.230637	用
5	1	1	1	617	4	87	19923	21	12	96.588463	设备
5	1	1	1	617	5	114	19924	7	11	96.364143	及
5	1	1	1	617	6	128	19923	6	12	93.233322	器
5	1	1	1	617	7	140	19923	7	12	73.649025	具
5	1	1	1	617	8	153	19923	7	12	92.243828	制
5	1	1	1	617	9	167	19923	6	12	87.494095	造
4	1	1	1	618	0	33	19955	218	13	-1	
5	1	1	1	618	1	33	19955	31	12	96.860275	医疗
5	1	1	1	618	2	63	19951	19	24	93.131012	实验
5	1	1	1	618	3	89	19955	6	12	93.195007	室
5	1	1	1	618	4	101	19956	7	11	95.164764	及
5	1	1	1	618	5	114	19956	20	11	95.266754	医用
5	1	1	1	618	6	140	19955	29	12	96.759682	消毒
5	1	1	1	618	7	175	19951	16	24	95.468773	设备
5	1	1	1	618	8	191	19955	9	12	96.421707	和
5	1	1	1	618	9	204	19955	8	13	93.237114	器
5	1	1	1	618	10	218	19955	7	12	81.774529	具
5	1	1	1	618	11	231	19955	7	12	92.338516	制
5	1	1	1	618	12	245	19955	6	12	86.483536	造
4	1	1	1	619	0	33	19987	166	12	-1	
5	1	1	1	619	1	33	19987	31	12	93.187294	医疗
5	1	1	1	619	2	63	19983	11	24	92.596230	、
5	1	1	1	619	3	74	19987	8	12	93.054451	外
5	1	1	1	619	4	86	19987	9	12	93.076424	科
5	1	1	1	619	5	98	19988	10	11	50.701046	及
5	1	1	1	619	6	113	19987	21	12	93.754219	兽医
5	1	1	1	619	7	140	19988	6	11	97.001808	用
5	1	1	1	619	8	152	19987	8	12	93.083160	器
5	1	1	1	619	9	165	19987	8	12	91.690826	械
5	1	1	1	619	10	179	19987	7	12	91.602211	制
5	1	1	1	619	11	192	19987	7	12	82.144096	造
4	1	1	1	620	0	32	20019	167	12	-1	
5	1	1	1	620	1	32	20019	11	12	93.266220	机
5	1	1	1	620	2	47	20019	9	12	91.797783	械
5	1	1	1	620	3	62	20019	20	12	96.568420	治疗
5	1	1	1	620	4	86	20020	9	11	94.984192	及
5	1	1	1	620	5	100	20019	29	12	96.532814	病房
5	1	1	1	620	6	128	20015	19	24	96.037155	护理
5	1	1	1	620	7	154	20019	19	12	95.197449	设备
5	1	1	1	620	8	179	20019	20	12	95.897789	制造
4	1	1	1	621	0	32	20051	76	12	-1	
5	1	1	1	621	1	32	20051	48	12	35.456589	HERS
5	1	1	1	621	2	86	20051	22	12	37.277161	HS
4	1	1	1	622	0	32	20083	50	12	-1	
5	1	1	1	622	1	32	20083	31	12	68.126266	眼镜
5	1	1	1	622	2	66	20083	16	12	77.300987	制造
4	1	1	1	623	0	32	20115	141	12	-1	
5	1	1	1	623	1	32	20115	11	12	96.947128	其
5	1	1	1	623	2	49	20115	7	12	96.085281	他
5	1	1	1	623	3	61	20115	29	12	96.920349	医疗
5	1	1	1	623	4	97	20111	17	24	94.096092	设备
5	1	1	1	623	5	113	20116	8	11	92.302681	及
5	1	1	1	623	6	127	20115	7	12	93.249634	器
5	1	1	1	623	7	140	20115	7	12	87.189560	械
5	1	1	1	623	8	154	20115	14	12	92.545418	制
5	1	1	1	623	9	167	20111	10	24	91.462601	造
4	1	1	1	624	0	18	20147	271	12	-1	
5	1	1	1	624	1	18	20143	29	24	65.177261	环保
5	1	1	1	624	2	47	20153	3	4	91.043549	、
5	1	1	1	624	3	59	20147	30	12	93.878906	邮政、
5	1	1	1	624	4	98	20147	22	12	94.718834	社会
5	1	1	1	624	5	126	20147	20	12	94.745728	公共
5	1	1	1	624	6	152	20143	26	24	96.345184	服务
5	1	1	1	624	7	177	20148	8	11	96.117989	及
5	1	1	1	624	8	191	20147	7	12	96.544708	其
5	1	1	1	624	9	204	20147	7	12	96.595764	他
5	1	1	1	624	10	216	20147	20	12	95.185364	专用
5	1	1	1	624	11	242	20147	29	12	96.497871	设备
5	1	1	1	624	12	270	20143	19	24	94.808731	制造
4	1	1	1	625	0	32	20179	128	12	-1	
5	1	1	1	625	1	32	20179	24	12	91.903877	环境
5	1	1	1	625	2	62	20179	28	12	90.466705	保护
5	1	1	1	625	3	89	20175	18	24	96.323402	专用
5	1	1	1	625	4	113	20179	21	12	94.557457	设备
5	1	1	1	625	5	140	20179	20	12	95.838707	制造
4	1	1	1	626	0	32	20211	128	12	-1	
5	1	1	1	626	1	32	20211	11	12	92.119011	地
5	1	1	1	626	2	47	20211	9	12	85.576790	质
5	1	1	1	626	3	62	20211	28	12	62.166935	勘查
5	1	1	1	626	4	89	20207	18	24	95.661736	专用
5	1	1	1	626	5	113	20211	21	12	94.690544	设备
5	1	1	1	626	6	140	20211	20	12	95.311630	制造
4	1	1	1	627	0	32	20243	141	12	-1	
5	1	1	1	627	1	32	20243	24	12	95.075584	邮政
5	1	1	1	627	2	62	20243	19	12	95.957558	专用
5	1	1	1	627	3	86	20243	9	12	93.278648	机
5	1	1	1	627	4	100	20243	8	12	91.383377	械
5	1	1	1	627	5	113	20244	8	11	95.738213	及
5	1	1	1	627	6	127	20243	7	12	96.631386	器
5	1	1	1	627	7	139	20243	8	12	96.980698	村
5	1	1	1	627	8	152	20243	21	12	93.082893	制造
4	1	1	1	628	0	32	20275	180	12	-1	
5	1	1	1	628	1	32	20275	24	12	89.208160	商业
5	1	1	1	628	2	61	20281	3	4	89.617073	、
5	1	1	1	628	3	73	20275	17	12	75.576126	饮
5	1	1	1	628	4	100	20281	2	4	90.365303	食
5	1	1	1	628	5	101	20271	13	24	91.026054	、
5	1	1	1	628	6	113	20275	16	12	79.063553	服
5	1	1	1	628	7	136	20275	6	12	93.293518	务
5	1	1	1	628	8	142	20271	17	24	96.110207	专用
5	1	1	1	628	9	166	20275	20	12	95.769516	设备
5	1	1	1	628	10	193	20275	19	12	96.538208	制造
4	1	1	1	629	0	32	20307	167	12	-1	
5	1	1	1	629	1	32	20307	24	12	94.164940	社会
5	1	1	1	629	2	62	20307	20	12	95.926147	公共
5	1	1	1	629	3	86	20307	22	12	95.924667	安全
5	1	1	1	629	4	113	20307	21	12	96.269798	设备
5	1	1	1	629	5	140	20308	7	11	96.507446	及
5	1	1	1	629	6	154	20307	14	12	93.242676	器
5	1	1	1	629	7	167	20303	13	24	92.860374	材
5	1	1	1	629	8	179	20307	20	12	94.302330	制造
4	1	1	1	630	0	32	20338	206	13	-1	
5	1	1	1	630	1	32	20338	24	13	83.687134	交通
5	1	1	1	630	2	62	20339	20	12	90.957588	安全
5	1	1	1	630	3	87	20345	3	4	91.500130	、
5	1	1	1	630	4	99	20339	17	12	86.164818	管
5	1	1	1	630	5	115	20334	12	25	92.531937	制
5	1	1	1	630	6	126	20340	8	11	92.505424	及
5	1	1	1	630	7	138	20339	9	12	93.217651	类
5	1	1	1	630	8	151	20339	17	12	92.544975	似
5	1	1	1	630	9	167	20334	18	25	96.583038	专用
5	1	1	1	630	10	192	20339	20	12	94.000908	设备
5	1	1	1	630	11	218	20339	20	12	95.871414	制造
4	1	1	1	631	0	32	20371	115	12	-1	
5	1	1	1	631	1	32	20371	11	12	62.088974	水
5	1	1	1	631	2	49	20367	27	24	16.290112	资源
5	1	1	1	631	3	76	20371	18	12	95.827415	专用
5	1	1	1	631	4	100	20371	8	12	93.302223	机
5	1	1	1	631	5	112	20371	9	12	92.906090	械
5	1	1	1	631	6	127	20371	7	12	92.989594	制
5	1	1	1	631	7	140	20371	7	12	81.637856	造
4	1	1	1	632	0	32	20403	102	12	-1	
5	1	1	1	632	1	32	20403	11	12	96.924377	其
5	1	1	1	632	2	49	20403	7	12	95.749596	他
5	1	1	1	632	3	62	20403	19	12	92.808212	专用
5	1	1	1	632	4	88	20403	20	12	95.705376	设备
5	1	1	1	632	5	115	20403	19	12	96.546959	制造
4	1	1	1	633	0	4	20435	63	12	-1	
5	1	1	1	633	1	4	20435	24	12	89.738457	汽车
5	1	1	1	633	2	34	20431	26	24	91.509651	制造
5	1	1	1	633	3	60	20435	7	12	91.001190	业
4	1	1	1	634	0	18	20467	76	12	-1	
5	1	1	1	634	1	18	20467	76	12	88.936821	汽车
5	1	1	1	634	2	50	20463	12	24	92.341103	整
5	1	1	1	634	3	62	20463	14	24	95.280167	车
5	1	1	1	634	4	75	20463	23	24	95.339378	制造
4	1	1	1	635	0	32	20499	102	12	-1	
5	1	1	1	635	1	32	20499	11	12	80.881050	汽
5	1	1	1	635	2	49	20499	7	12	89.732452	柴
5	1	1	1	635	3	62	20499	8	12	92.517532	油
5	1	1	1	635	4	76	20499	14	12	92.612617	车
5	1	1	1	635	5	97	20499	6	12	91.333145	整
5	1	1	1	635	6	103	20495	12	24	90.738838	车
5	1	1	1	635	7	115	20499	19	12	96.045265	制造
4	1	1	1	636	0	32	20531	102	12	-1	
5	1	1	1	636	1	32	20531	11	12	96.002075	新
5	1	1	1	636	2	49	20531	7	12	92.825974	能
5	1	1	1	636	3	62	20531	7	12	93.267372	源
5	1	1	1	636	4	76	20531	14	12	92.566490	车
5	1	1	1	636	5	97	20531	6	12	85.993912	整
5	1	1	1	636	6	103	20527	12	24	89.209236	车
5	1	1	1	636	7	115	20531	19	12	95.269859	制造
4	1	1	1	637	0	18	20563	102	12	-1	
5	1	1	1	637	1	18	20563	102	12	96.322319	汽车
5	1	1	1	637	2	48	20558	14	24	95.529701	用
5	1	1	1	637	3	62	20558	15	24	96.055794	发
5	1	1	1	637	4	77	20558	24	24	96.565506	动机
5	1	1	1	637	5	101	20558	23	24	94.913696	制造
4	1	1	1	638	0	18	20595	76	12	-1	
5	1	1	1	638	1	18	20595	24	12	90.703400	改装
5	1	1	1	638	2	48	20595	28	12	96.691116	汽车
5	1	1	1	638	3	75	20591	19	24	93.877205	制造
4	1	1	1	639	0	18	20627	76	12	-1	
5	1	1	1	639	1	18	20627	48	12	37.284531	ARSE
5	1	1	1	639	2	72	20627	22	12	54.879112	HS
4	1	1	1	640	0	18	20659	50	12	-1	
5	1	1	1	640	1	18	20659	31	12	90.124786	电车
5	1	1	1	640	2	52	20659	16	12	96.210793	制造
4	1	1	1	641	0	18	20691	115	12	-1	
5	1	1	1	641	1	18	20691	115	12	93.787689	汽车
5	1	1	1	641	2	50	20687	14	24	92.147980	车
5	1	1	1	641	3	63	20687	11	24	92.406075	身
5	1	1	1	641	4	74	20687	12	24	89.892952	、
5	1	1	1	641	5	86	20687	15	24	87.074471	挂
5	1	1	1	641	6	101	20687	14	24	95.452705	车
5	1	1	1	641	7	114	20687	23	24	94.357857	制造
4	1	1	1	642	0	18	20722	128	13	-1	
5	1	1	1	642	1	18	20722	32	13	92.410591	汽车
5	1	1	1	642	2	57	20723	6	12	0.457220	零
5	1	1	1	642	3	62	20718	13	25	92.755875	部
5	1	1	1	642	4	74	20723	7	12	88.253235	件
5	1	1	1	642	5	85	20724	9	11	96.640862	及
5	1	1	1	642	6	99	20723	21	12	32.041378	配件
5	1	1	1	642	7	126	20723	20	12	96.024841	制造
4	1	1	1	643	0	4	20755	258	12	-1	
5	1	1	1	643	1	4	20755	24	12	70.760620	铁路
5	1	1	1	643	2	33	20761	3	4	87.970367	、
5	1	1	1	643	3	48	20755	17	12	89.586952	船
5	1	1	1	643	4	72	20761	3	4	89.595985	舶
5	1	1	1	643	5	75	20751	9	24	91.951927	、
5	1	1	1	643	6	84	20755	17	12	80.518364	航
5	1	1	1	643	7	108	20755	6	12	86.487442	空
5	1	1	1	643	8	114	20751	18	24	96.587265	航天
5	1	1	1	643	9	136	20755	9	12	96.723038	和
5	1	1	1	643	10	150	20755	8	12	96.981491	其
5	1	1	1	643	11	163	20755	8	12	96.577919	他
5	1	1	1	643	12	177	20755	20	12	89.790817	运输
5	1	1	1	643	13	204	20755	19	12	95.115471	设备
5	1	1	1	643	14	229	20751	26	24	91.616257	制造
5	1	1	1	643	15	255	20755	7	12	91.150444	业
4	1	1	1	644	0	18	20787	102	12	-1	
5	1	1	1	644	1	18	20787	24	12	75.334839	铁路
5	1	1	1	644	2	48	20787	28	12	94.589882	运输
5	1	1	1	644	3	75	20783	19	24	96.784851	设备
5	1	1	1	644	4	101	20787	19	12	96.207092	制造
4	1	1	1	645	0	32	20819	76	12	-1	
5	1	1	1	645	1	32	20819	11	12	92.338303	高
5	1	1	1	645	2	49	20819	7	12	88.000175	铁
5	1	1	1	645	3	62	20819	7	12	96.762062	车
5	1	1	1	645	4	76	20819	14	12	96.885193	组
5	1	1	1	645	5	89	20815	19	24	94.972290	制造
4	1	1	1	646	0	32	20851	102	12	-1	
5	1	1	1	646	1	32	20851	102	12	79.635971	铁路
5	1	1	1	646	2	61	20847	14	24	96.610184	机
5	1	1	1	646	3	74	20847	16	24	94.528076	车
5	1	1	1	646	4	89	20847	13	24	90.306252	车
5	1	1	1	646	5	101	20847	14	24	91.556061	辆
5	1	1	1	646	6	115	20847	23	24	95.215698	制造
4	1	1	1	647	0	32	20883	102	12	-1	
5	1	1	1	647	1	32	20883	60	12	32.974033	PRES
5	1	1	1	647	2	106	20883	28	12	22.029600	AS
4	1	1	1	648	0	32	20915	115	12	-1	
5	1	1	1	648	1	32	20915	11	12	92.395645	高
5	1	1	1	648	2	49	20915	7	12	87.768913	铁
5	1	1	1	648	3	62	20911	25	24	90.836685	设备
5	1	1	1	648	4	87	20921	3	4	91.629135	、
5	1	1	1	648	5	98	20916	10	11	79.522995	醒
5	1	1	1	648	6	113	20915	16	12	84.889137	件
5	1	1	1	648	7	128	20911	19	24	95.692429	制造
4	1	1	1	649	0	32	20947	128	12	-1	
5	1	1	1	649	1	32	20947	24	12	79.096703	铁路
5	1	1	1	649	2	61	20947	8	12	96.606247	机
5	1	1	1	649	3	74	20947	16	12	93.642181	车
5	1	1	1	649	4	89	20943	13	24	87.749779	车
5	1	1	1	649	5	101	20947	7	12	89.508179	辆
5	1	1	1	649	6	115	20947	19	12	61.036034	配件
5	1	1	1	649	7	140	20947	20	12	93.914131	制造
4	1	1	1	650	0	32	20979	180	12	-1	
5	1	1	1	650	1	32	20979	24	12	80.375366	铁路
5	1	1	1	650	2	62	20979	19	12	96.309303	专用
5	1	1	1	650	3	88	20975	26	24	96.155769	设备
5	1	1	1	650	4	113	20980	8	11	96.300156	及
5	1	1	1	650	5	127	20979	15	12	96.483826	器
5	1	1	1	650	6	142	20975	9	24	93.299667	村
5	1	1	1	650	7	152	20985	3	4	86.304153	、
5	1	1	1	650	8	164	20980	9	11	57.454376	醒
5	1	1	1	650	9	178	20979	8	12	86.729034	件
5	1	1	1	650	10	193	20979	19	12	96.085686	制造
4	1	1	1	651	0	32	21011	128	12	-1	
5	1	1	1	651	1	32	21011	11	12	96.908852	其
5	1	1	1	651	2	49	21011	7	12	95.105370	他
5	1	1	1	651	3	61	21011	29	12	72.669586	铁路
5	1	1	1	651	4	89	21007	19	24	95.430161	运输
5	1	1	1	651	5	115	21011	19	12	93.953911	设备
5	1	1	1	651	6	140	21011	20	12	95.473442	制造
4	1	1	1	652	0	18	21043	128	12	-1	
5	1	1	1	652	1	18	21043	24	12	88.199181	城市
5	1	1	1	652	2	48	21043	7	12	19.045830	执
5	1	1	1	652	3	62	21043	6	12	92.776871	道
5	1	1	1	652	4	74	21043	20	12	89.254875	交通
5	1	1	1	652	5	101	21043	19	12	95.383583	设备
5	1	1	1	652	6	126	21043	20	12	96.101509	制造
4	1	1	1	653	0	18	21075	115	12	-1	
5	1	1	1	653	1	18	21075	115	12	94.437500	船舶
5	1	1	1	653	2	47	21071	12	24	86.023514	及
5	1	1	1	653	3	59	21071	27	24	95.657066	相关
5	1	1	1	653	4	86	21075	29	12	94.360634	装置
5	1	1	1	653	5	114	21071	23	24	92.508240	制造
4	1	1	1	654	0	32	21107	76	12	-1	
5	1	1	1	654	1	32	21107	32	12	92.761627	金属
5	1	1	1	654	2	71	21103	19	24	94.692085	船舶
5	1	1	1	654	3	89	21107	19	12	93.478928	制造
4	1	1	1	655	0	32	21139	89	13	-1	
5	1	1	1	655	1	32	21139	20	13	38.489071	非
5	1	1	1	655	2	51	21135	26	25	96.870209	金属
5	1	1	1	655	3	76	21135	27	25	82.609596	船舶
5	1	1	1	655	4	103	21135	18	25	95.796082	制造
4	1	1	1	656	0	32	21171	115	12	-1	
5	1	1	1	656	1	32	21171	115	12	93.260773	娱乐
5	1	1	1	656	2	67	21167	9	24	55.283783	船
5	1	1	1	656	3	76	21167	11	24	96.924820	和
5	1	1	1	656	4	86	21171	31	12	93.127815	运动
5	1	1	1	656	5	116	21167	13	24	86.375740	船
5	1	1	1	656	6	128	21167	23	24	92.788368	制造
4	1	1	1	657	0	32	21203	102	12	-1	
5	1	1	1	657	1	32	21203	102	12	35.144176	ARE
5	1	1	1	657	2	86	21199	20	24	35.144176	RS
5	1	1	1	657	3	112	21199	26	24	27.265301	HS
4	1	1	1	658	0	32	21235	50	12	-1	
5	1	1	1	658	1	32	21231	31	24	93.376617	船舶
5	1	1	1	658	2	62	21235	20	12	93.932976	改装
4	1	1	1	659	0	32	21267	50	12	-1	
5	1	1	1	659	1	32	21267	24	12	92.642982	船舶
5	1	1	1	659	2	62	21267	20	12	96.056664	拆除
4	1	1	1	660	0	32	21299	102	12	-1	
5	1	1	1	660	1	32	21299	24	12	96.634277	海洋
5	1	1	1	660	2	62	21299	28	12	93.538483	工程
5	1	1	1	660	3	97	21295	18	24	93.338394	装备
5	1	1	1	660	4	115	21299	19	12	96.541611	制造
4	1	1	1	661	0	32	21331	167	12	-1	
5	1	1	1	661	1	32	21331	24	12	79.781479	航标
5	1	1	1	661	2	62	21331	7	12	96.698303	器
5	1	1	1	661	3	74	21331	8	12	96.948936	村
5	1	1	1	661	4	86	21332	9	11	89.865814	及
5	1	1	1	661	5	101	21331	7	12	96.918961	其
5	1	1	1	661	6	115	21331	6	12	96.934067	他
5	1	1	1	661	7	125	21331	22	12	96.827026	相关
5	1	1	1	661	8	152	21331	29	12	85.339386	装置
5	1	1	1	661	9	181	21327	18	24	94.305603	制造
4	1	1	1	662	0	18	21363	141	12	-1	
5	1	1	1	662	1	18	21363	32	12	91.121880	航空
5	1	1	1	662	2	50	21359	9	24	90.768555	、
5	1	1	1	662	3	59	21363	9	12	86.661682	航
5	1	1	1	662	4	72	21364	9	11	94.835602	天
5	1	1	1	662	5	86	21363	8	12	96.349068	器
5	1	1	1	662	6	99	21364	8	11	94.835968	及
5	1	1	1	662	7	113	21363	20	12	95.927963	设备
5	1	1	1	662	8	140	21363	19	12	96.334480	制造
4	1	1	1	663	0	32	21395	50	12	-1	
5	1	1	1	663	1	32	21395	31	12	89.085907	飞机
5	1	1	1	663	2	66	21395	16	12	96.503098	制造
4	1	1	1	664	0	32	21427	128	12	-1	
5	1	1	1	664	1	32	21427	24	12	92.597000	航天
5	1	1	1	664	2	61	21427	8	12	96.405624	器
5	1	1	1	664	3	74	21428	8	11	95.729095	及
5	1	1	1	664	4	86	21427	31	12	95.674889	运载
5	1	1	1	664	5	116	21423	18	24	78.141960	火箭
5	1	1	1	664	6	140	21427	20	12	94.829384	制造
4	1	1	1	665	0	32	21459	102	12	-1	
5	1	1	1	665	1	32	21459	24	12	92.133713	航天
5	1	1	1	665	2	59	21459	23	12	96.207596	相关
5	1	1	1	665	3	86	21459	22	12	96.131432	设备
5	1	1	1	665	4	115	21459	19	12	96.379898	制造
4	1	1	1	666	0	32	21491	102	12	-1	
5	1	1	1	666	1	32	21491	102	12	78.794090	航空
5	1	1	1	666	2	62	21487	25	24	96.346786	相关
5	1	1	1	666	3	86	21491	29	12	95.579567	设备
5	1	1	1	666	4	115	21487	23	24	96.557816	制造
4	1	1	1	667	0	32	21523	115	12	-1	
5	1	1	1	667	1	32	21523	11	12	96.917427	其
5	1	1	1	667	2	49	21523	7	12	95.764458	他
5	1	1	1	667	3	58	21523	89	12	94.691406	航空
5	1	1	1	667	4	89	21519	25	24	96.575233	航天
5	1	1	1	667	5	113	21519	14	24	94.987373	器
5	1	1	1	667	6	127	21519	24	24	92.870956	制造
4	1	1	1	668	0	18	21555	63	12	-1	
5	1	1	1	668	1	18	21555	63	12	72.617989	摩托
5	1	1	1	668	2	48	21551	14	24	86.503616	车
5	1	1	1	668	3	62	21555	19	12	96.355980	制造
4	1	1	1	669	0	32	21587	89	12	-1	
5	1	1	1	669	1	32	21587	89	12	94.946053	摩托
5	1	1	1	669	2	62	21583	16	24	93.023544	车
5	1	1	1	669	3	77	21583	13	24	83.987015	整
5	1	1	1	669	4	89	21583	13	24	82.233299	车
5	1	1	1	669	5	101	21583	23	24	95.676109	制造
4	1	1	1	670	0	32	21619	141	12	-1	
5	1	1	1	670	1	32	21619	24	12	90.475105	摩托
5	1	1	1	670	2	62	21619	7	12	93.048820	车
5	1	1	1	670	3	76	21619	14	12	73.245300	零
5	1	1	1	670	4	97	21619	6	12	93.140945	部
5	1	1	1	670	5	103	21615	11	24	92.859032	件
5	1	1	1	670	6	113	21620	8	11	93.288254	及
5	1	1	1	670	7	125	21620	9	11	54.993011	醒
5	1	1	1	670	8	139	21619	8	12	80.256516	件
5	1	1	1	670	9	154	21619	19	12	95.912941	制造
4	1	1	1	671	0	19	21651	140	12	-1	
5	1	1	1	671	1	19	21651	32	12	93.440620	自行
5	1	1	1	671	2	51	21647	9	24	93.114441	车
5	1	1	1	671	3	60	21651	8	12	96.916725	和
5	1	1	1	671	4	75	21647	26	24	92.511528	残疾
5	1	1	1	671	5	100	21651	7	12	92.907448	人
5	1	1	1	671	6	111	21651	9	12	78.823120	座
5	1	1	1	671	7	126	21651	7	12	83.436951	车
5	1	1	1	671	8	139	21651	20	12	95.109329	制造
4	1	1	1	672	0	33	21683	62	12	-1	
5	1	1	1	672	1	33	21683	62	12	96.134956	自行
5	1	1	1	672	2	63	21679	13	24	92.894058	车
5	1	1	1	672	3	75	21683	20	12	95.912094	制造
4	1	1	1	673	0	32	21715	89	12	-1	
5	1	1	1	673	1	32	21715	89	12	91.092461	残疾
5	1	1	1	673	2	62	21711	11	24	91.487366	人
5	1	1	1	673	3	73	21711	15	24	82.033028	座
5	1	1	1	673	4	88	21711	14	24	87.768082	车
5	1	1	1	673	5	101	21711	23	24	95.663017	制造
4	1	1	1	674	0	18	21747	63	12	-1	
5	1	1	1	674	1	18	21747	63	12	89.736176	助
5	1	1	1	674	2	36	21743	13	24	92.624435	动
5	1	1	1	674	3	48	21743	14	24	94.375488	车
5	1	1	1	674	4	62	21747	19	12	96.285889	制造
4	1	1	1	675	0	18	21779	154	12	-1	
5	1	1	1	675	1	18	21779	11	12	91.931442	非
5	1	1	1	675	2	33	21779	9	12	92.941956	公
5	1	1	1	675	3	47	21779	8	12	95.974564	路
5	1	1	1	675	4	59	21779	23	12	87.475945	休闲
5	1	1	1	675	5	87	21779	7	12	96.768936	车
5	1	1	1	675	6	99	21780	8	11	92.287338	及
5	1	1	1	675	7	113	21779	15	12	83.115059	零
5	1	1	1	675	8	128	21775	26	24	94.387955	配件
5	1	1	1	675	9	153	21775	19	24	94.649826	制造
4	1	1	1	676	0	18	21811	206	12	-1	
5	1	1	1	676	1	18	21811	32	12	93.168747	潜水
5	1	1	1	676	2	57	21811	7	12	0.000000	救
5	1	1	1	676	3	63	21807	10	24	0.000000	描
5	1	1	1	676	4	72	21812	9	11	82.139671	及
5	1	1	1	676	5	87	21811	7	12	96.429817	其
5	1	1	1	676	6	101	21811	6	12	96.937958	他
5	1	1	1	676	7	113	21811	7	12	88.440636	未
5	1	1	1	676	8	128	21811	6	12	93.047180	列
5	1	1	1	676	9	140	21811	6	12	93.046074	明
5	1	1	1	676	10	152	21811	7	12	92.707581	运
5	1	1	1	676	11	165	21811	7	12	72.468033	输
5	1	1	1	676	12	179	21811	19	12	94.522743	设备
5	1	1	1	676	13	204	21811	20	12	96.055344	制造
4	1	1	1	677	0	32	21843	76	12	-1	
5	1	1	1	677	1	32	21843	24	12	92.510025	潜水
5	1	1	1	677	2	62	21843	20	12	92.494926	装备
5	1	1	1	677	3	89	21843	19	12	94.176781	制造
4	1	1	1	678	0	32	21875	102	12	-1	
5	1	1	1	678	1	32	21875	102	12	31.726555	ATR
5	1	1	1	678	2	112	21871	26	24	32.496635	HS
4	1	1	1	679	0	32	21906	141	13	-1	
5	1	1	1	679	1	32	21907	11	12	96.877052	其
5	1	1	1	679	2	49	21907	7	12	96.975311	他
5	1	1	1	679	3	62	21907	15	12	93.254021	未
5	1	1	1	679	4	76	21902	13	25	93.038322	列
5	1	1	1	679	5	88	21907	7	12	93.266289	明
5	1	1	1	679	6	101	21907	20	12	94.415771	运输
5	1	1	1	679	7	128	21906	19	13	92.450813	设备
5	1	1	1	679	8	153	21907	20	12	96.293533	制造
4	1	1	1	680	0	4	21939	128	12	-1	
5	1	1	1	680	1	4	21939	24	12	96.123169	电气
5	1	1	1	680	2	33	21939	8	12	93.146973	机
5	1	1	1	680	3	48	21939	6	12	92.097847	械
5	1	1	1	680	4	58	21939	10	12	93.224739	和
5	1	1	1	680	5	72	21939	8	12	96.471916	器
5	1	1	1	680	6	85	21939	8	12	97.006386	村
5	1	1	1	680	7	99	21935	27	24	75.689110	制造
5	1	1	1	680	8	126	21939	6	12	89.255249	业
4	1	1	1	681	0	18	21971	50	12	-1	
5	1	1	1	681	1	18	21971	31	12	96.616722	电机
5	1	1	1	681	2	52	21971	16	12	96.091972	制造
4	1	1	1	682	0	32	22003	128	12	-1	
5	1	1	1	682	1	32	22003	19	12	96.504417	发
5	1	1	1	682	2	50	21999	19	24	96.539131	电机
5	1	1	1	682	3	73	22004	9	11	80.159081	及
5	1	1	1	682	4	88	22003	15	12	92.614578	发
5	1	1	1	682	5	103	21999	18	24	96.523865	电机
5	1	1	1	682	6	127	22003	7	12	95.894470	组
5	1	1	1	682	7	140	22003	20	12	94.905640	制造
4	1	1	1	683	0	32	22035	63	12	-1	
5	1	1	1	683	1	32	22035	63	12	94.029701	电动
5	1	1	1	683	2	62	22031	14	24	96.120293	机
5	1	1	1	683	3	76	22035	19	12	96.594841	制造
4	1	1	1	684	0	32	22067	115	12	-1	
5	1	1	1	684	1	32	22067	19	12	71.472069	微
5	1	1	1	684	2	50	22063	13	24	93.179657	特
5	1	1	1	684	3	62	22067	20	12	96.698204	电机
5	1	1	1	684	4	85	22068	10	11	76.940254	及
5	1	1	1	684	5	100	22067	8	12	93.263123	组
5	1	1	1	684	6	115	22067	14	12	92.984474	件
5	1	1	1	684	7	128	22063	19	24	92.778488	制造
4	1	1	1	685	0	32	22099	76	12	-1	
5	1	1	1	685	1	32	22099	11	12	96.948334	其
5	1	1	1	685	2	49	22099	7	12	96.750832	他
5	1	1	1	685	3	61	22099	21	12	95.815887	电机
5	1	1	1	685	4	88	22099	20	12	94.292709	制造
4	1	1	1	686	0	18	22131	128	12	-1	
5	1	1	1	686	1	18	22131	11	12	0.000000	输
5	1	1	1	686	2	35	22132	7	11	41.185299	醒
5	1	1	1	686	3	47	22131	8	12	90.230766	电
5	1	1	1	686	4	59	22132	9	11	95.342598	及
5	1	1	1	686	5	72	22127	29	24	96.528358	控制
5	1	1	1	686	6	101	22131	19	12	95.179543	设备
5	1	1	1	686	7	126	22131	20	12	96.214752	制造
4	1	1	1	687	0	32	22162	167	13	-1	
5	1	1	1	687	1	32	22162	167	13	65.413857	变压器
5	1	1	1	687	2	74	22158	14	25	89.955788	、
5	1	1	1	687	3	87	22158	15	25	83.249138	整
5	1	1	1	687	4	101	22158	15	25	92.057381	流
5	1	1	1	687	5	115	22158	12	25	96.791397	器
5	1	1	1	687	6	126	22158	12	25	96.876823	和
5	1	1	1	687	7	137	22158	31	25	96.148201	电感
5	1	1	1	687	8	167	22158	13	25	96.878044	器
5	1	1	1	687	9	179	22158	24	25	94.332863	制造
4	1	1	1	688	0	32	22194	141	14	-1	
5	1	1	1	688	1	32	22195	32	12	96.674202	电容
5	1	1	1	688	2	63	22190	13	26	96.833412	器
5	1	1	1	688	3	75	22196	7	11	96.289581	及
5	1	1	1	688	4	88	22195	15	12	96.231766	其
5	1	1	1	688	5	102	22190	19	26	70.301491	配套
5	1	1	1	688	6	127	22194	28	13	95.761459	设备
5	1	1	1	688	7	154	22190	19	26	39.547569	制造
4	1	1	1	689	0	32	22227	128	12	-1	
5	1	1	1	689	1	32	22228	12	11	15.833941	醒
5	1	1	1	689	2	47	22227	9	12	81.308380	电
5	1	1	1	689	3	61	22227	21	12	96.616318	开关
5	1	1	1	689	4	86	22223	29	24	96.502022	控制
5	1	1	1	689	5	115	22227	19	12	94.764557	设备
5	1	1	1	689	6	140	22227	20	12	95.952530	制造
4	1	1	1	690	0	32	22259	115	12	-1	
5	1	1	1	690	1	32	22259	115	12	96.850067	电力
5	1	1	1	690	2	61	22255	27	24	96.868362	电子
5	1	1	1	690	3	88	22255	14	24	96.900871	元
5	1	1	1	690	4	101	22255	14	24	92.998611	器
5	1	1	1	690	5	115	22255	14	24	92.751999	件
5	1	1	1	690	6	128	22255	23	24	93.356819	制造
4	1	1	1	691	0	32	22291	128	12	-1	
5	1	1	1	691	1	32	22291	19	12	92.155350	光
5	1	1	1	691	2	58	22291	6	12	71.372040	忧
5	1	1	1	691	3	64	22287	18	24	95.219353	设备
5	1	1	1	691	4	86	22292	9	11	93.999344	及
5	1	1	1	691	5	100	22292	8	11	96.772079	元
5	1	1	1	691	6	115	22291	14	12	93.048248	器
5	1	1	1	691	7	128	22287	13	24	92.592934	件
5	1	1	1	691	8	140	22291	20	12	95.727043	制造
4	1	1	1	692	0	32	22323	154	12	-1	
5	1	1	1	692	1	32	22323	11	12	96.912636	其
5	1	1	1	692	2	49	22323	7	12	93.028999	他
5	1	1	1	692	3	61	22323	8	12	65.877998	输
5	1	1	1	692	4	74	22324	8	11	9.960623	酸
5	1	1	1	692	5	86	22323	9	12	80.590630	电
5	1	1	1	692	6	100	22324	8	11	96.423698	及
5	1	1	1	692	7	112	22323	30	12	95.968407	控制
5	1	1	1	692	8	142	22319	26	24	95.916351	设备
5	1	1	1	692	9	167	22319	19	24	93.434006	制造
4	1	1	1	693	0	18	22355	193	12	-1	
5	1	1	1	693	1	18	22351	32	24	0.000000	BSE.
5	1	1	1	693	2	58	22351	31	24	22.532116	ABST.
5	1	1	1	693	3	98	22355	18	12	43.678879	HS
5	1	1	1	693	4	122	22355	89	12	21.032114	ELH
5	1	1	1	693	5	188	22351	26	24	22.296543	BS
4	1	1	1	694	0	32	22387	89	12	-1	
5	1	1	1	694	1	32	22383	22	24	0.000000	BSE
5	1	1	1	694	2	62	22393	2	4	42.355453	5
5	1	1	1	694	3	72	22383	20	24	17.886076	EBS
5	1	1	1	694	4	97	22387	24	12	38.781288	HL
4	1	1	1	695	0	32	22419	50	12	-1	
5	1	1	1	695	1	32	22419	31	12	88.597252	光纤
5	1	1	1	695	2	66	22419	16	12	96.284119	制造
4	1	1	1	696	0	32	22451	50	12	-1	
5	1	1	1	696	1	32	22451	50	12	23.416706	ei
4	1	1	1	697	0	32	22483	76	12	-1	
5	1	1	1	697	1	32	22479	22	24	22.469486	RES
5	1	1	1	697	2	60	22483	48	12	14.246941	HHS
4	1	1	1	698	0	32	22515	102	12	-1	
5	1	1	1	698	1	32	22515	11	12	96.955063	其
5	1	1	1	698	2	49	22515	7	12	96.851776	他
5	1	1	1	698	3	58	22515	76	12	96.676849	电工
5	1	1	1	698	4	89	22511	11	24	96.955246	器
5	1	1	1	698	5	100	22511	14	24	96.996948	村
5	1	1	1	698	6	113	22511	25	24	92.860870	制造
4	1	1	1	699	0	18	22547	50	12	-1	
5	1	1	1	699	1	18	22547	24	12	95.164200	电池
5	1	1	1	699	2	47	22547	21	12	96.104149	制造
4	1	1	1	700	0	32	22579	89	13	-1	
5	1	1	1	700	1	32	22579	89	13	6.149426	BETES
4	1	1	1	701	0	32	22611	76	12	-1	
5	1	1	1	701	1	32	22611	76	12	23.150936	aS
4	1	1	1	702	0	32	22643	76	13	-1	
5	1	1	1	702	1	32	22643	76	13	21.331177	Foe
4	1	1	1	703	0	32	22675	76	12	-1	
5	1	1	1	703	1	32	22675	37	12	18.469934	FSR
5	1	1	1	703	2	86	22675	22	12	23.248043	AS
4	1	1	1	704	0	32	22707	76	12	-1	
5	1	1	1	704	1	32	22707	11	12	96.951057	其
5	1	1	1	704	2	49	22707	7	12	96.829453	他
5	1	1	1	704	3	59	22707	23	12	96.278282	电池
5	1	1	1	704	4	88	22707	20	12	93.291740	制造
4	1	1	1	705	0	18	22739	102	12	-1	
5	1	1	1	705	1	18	22739	11	12	96.889816	家
5	1	1	1	705	2	33	22740	8	11	96.737747	用
5	1	1	1	705	3	44	22739	76	12	96.977394	电力
5	1	1	1	705	4	74	22735	12	24	92.097160	器
5	1	1	1	705	5	86	22735	15	24	92.739037	具
5	1	1	1	705	6	101	22735	23	24	95.703209	制造
4	1	1	1	706	0	32	22771	115	12	-1	
5	1	1	1	706	1	32	22771	11	12	96.877663	家
5	1	1	1	706	2	46	22772	9	11	96.926338	用
5	1	1	1	706	3	58	22771	89	12	86.811508	制冷
5	1	1	1	706	4	89	22767	22	24	96.851128	电器
5	1	1	1	706	5	110	22767	5	24	64.520996	有
5	1	1	1	706	6	115	22767	12	24	79.238174	具
5	1	1	1	706	7	127	22767	24	24	92.628548	制造
4	1	1	1	707	0	32	22803	115	13	-1	
5	1	1	1	707	1	32	22803	11	12	96.987747	家
5	1	1	1	707	2	46	22804	10	11	96.823997	用
5	1	1	1	707	3	62	22803	20	13	95.660133	空气
5	1	1	1	707	4	88	22803	20	12	96.832458	调节
5	1	1	1	707	5	113	22803	8	12	96.189117	器
5	1	1	1	707	6	128	22799	22	25	95.344337	制造
4	1	1	1	708	0	32	22835	115	12	-1	
5	1	1	1	708	1	32	22835	11	12	96.869629	家
5	1	1	1	708	2	46	22836	9	11	96.933182	用
5	1	1	1	708	3	61	22835	21	12	96.728401	通风
5	1	1	1	708	4	86	22835	22	12	96.348236	电器
5	1	1	1	708	5	110	22831	5	24	65.853615	有
5	1	1	1	708	6	115	22835	6	12	80.892807	具
5	1	1	1	708	7	127	22835	20	12	93.308693	制造
4	1	1	1	709	0	32	22867	115	12	-1	
5	1	1	1	709	1	32	22867	11	12	96.901657	家
5	1	1	1	709	2	46	22868	9	11	96.963730	用
5	1	1	1	709	3	62	22867	28	12	59.287067	厨房
5	1	1	1	709	4	89	22863	19	24	96.734566	电器
5	1	1	1	709	5	110	22863	5	24	70.360001	有
5	1	1	1	709	6	115	22867	6	12	86.651497	具
5	1	1	1	709	7	127	22867	20	12	93.692017	制造
4	1	1	1	710	0	32	22899	141	13	-1	
5	1	1	1	710	1	32	22899	11	12	96.775764	家
5	1	1	1	710	2	46	22900	9	11	96.841866	用
5	1	1	1	710	3	60	22899	22	12	95.738945	清洁
5	1	1	1	710	4	88	22899	20	13	96.762939	卫生
5	1	1	1	710	5	112	22899	22	13	92.747078	电器
5	1	1	1	710	6	138	22899	9	12	92.454132	具
5	1	1	1	710	7	153	22899	20	12	96.511208	制造
4	1	1	1	711	0	32	22931	180	12	-1	
5	1	1	1	711	1	32	22931	11	12	96.533966	家
5	1	1	1	711	2	46	22932	9	11	96.905540	用
5	1	1	1	711	3	62	22927	26	24	93.100464	美容
5	1	1	1	711	4	88	22937	2	4	92.096466	、
5	1	1	1	711	5	100	22931	8	12	9.563398	保
5	1	1	1	711	6	113	22931	16	12	91.624466	健
5	1	1	1	711	7	128	22927	20	24	96.407555	护理
5	1	1	1	711	8	152	22931	21	12	92.614136	电器
5	1	1	1	711	9	178	22931	8	12	90.786026	具
5	1	1	1	711	10	193	22931	19	12	95.103905	制造
4	1	1	1	712	0	32	22962	154	13	-1	
5	1	1	1	712	1	32	22963	11	12	96.845955	家
5	1	1	1	712	2	46	22964	9	11	96.958298	用
5	1	1	1	712	3	59	22963	22	12	96.943260	电力
5	1	1	1	712	4	88	22962	7	13	93.191544	器
5	1	1	1	712	5	99	22963	9	12	91.988396	具
5	1	1	1	712	6	113	22963	20	12	96.501114	专用
5	1	1	1	712	7	140	22963	28	12	40.424896	配件
5	1	1	1	712	8	175	22958	14	25	96.047256	制造
4	1	1	1	713	0	32	22995	128	12	-1	
5	1	1	1	713	1	32	22995	11	12	96.935936	其
5	1	1	1	713	2	49	22995	7	12	96.708931	他
5	1	1	1	713	3	61	22995	8	12	96.821259	家
5	1	1	1	713	4	73	22996	9	11	96.978569	用
5	1	1	1	713	5	85	22995	22	12	96.187744	电力
5	1	1	1	713	6	115	22995	6	12	93.255013	器
5	1	1	1	713	7	127	22995	7	12	78.398193	具
5	1	1	1	713	8	140	22995	7	12	92.369812	制
5	1	1	1	713	9	154	22995	6	12	86.277588	造
4	1	1	1	714	0	18	23027	115	12	-1	
5	1	1	1	714	1	18	23027	11	12	91.643860	非
5	1	1	1	714	2	35	23027	19	12	95.291122	电力
5	1	1	1	714	3	60	23027	8	12	96.638184	家
5	1	1	1	714	4	72	23028	8	11	96.476448	用
5	1	1	1	714	5	86	23027	8	12	96.633484	器
5	1	1	1	714	6	96	23023	5	24	75.544823	有
5	1	1	1	714	7	101	23027	6	12	76.218658	具
5	1	1	1	714	8	113	23027	7	12	91.965836	制
5	1	1	1	714	9	126	23027	7	12	85.110275	造
4	1	1	1	715	0	32	23059	167	12	-1	
5	1	1	1	715	1	32	23055	22	24	32.294022	SES
5	1	1	1	715	2	60	23059	30	12	43.849636	RSI
5	1	1	1	715	3	98	23055	22	24	28.598413	REE
5	1	1	1	715	4	124	23055	10	24	22.904835	Se
5	1	1	1	715	5	144	23059	24	12	31.590748	SSB
4	1	1	1	716	0	32	23091	89	12	-1	
5	1	1	1	716	1	32	23091	89	12	72.899582	太阳
5	1	1	1	716	2	61	23087	15	24	96.036896	能
5	1	1	1	716	3	76	23087	12	24	93.265587	器
5	1	1	1	716	4	88	23087	14	24	79.926834	具
5	1	1	1	716	5	101	23087	14	24	92.275017	制
5	1	1	1	716	6	115	23087	9	24	89.854736	造
4	1	1	1	717	0	32	23123	141	12	-1	
5	1	1	1	717	1	32	23123	11	12	96.924866	其
5	1	1	1	717	2	49	23123	7	12	92.998077	他
5	1	1	1	717	3	62	23123	7	12	72.860329	非
5	1	1	1	717	4	76	23123	18	12	96.759041	电力
5	1	1	1	717	5	100	23123	8	12	96.393326	家
5	1	1	1	717	6	112	23124	8	11	96.925682	用
5	1	1	1	717	7	127	23123	7	12	93.292122	器
5	1	1	1	717	8	139	23123	8	12	73.620285	具
5	1	1	1	717	9	154	23123	19	12	94.611397	制造
4	1	1	1	718	0	18	23155	76	12	-1	
5	1	1	1	718	1	18	23155	76	12	88.754852	照明
5	1	1	1	718	2	48	23151	13	24	93.239037	器
5	1	1	1	718	3	60	23151	14	24	75.124504	具
5	1	1	1	718	4	74	23151	14	24	91.841545	制
5	1	1	1	718	5	87	23151	11	24	83.229431	造
4	1	1	1	719	0	32	23187	63	12	-1	
5	1	1	1	719	1	32	23187	63	12	91.942551	电光
5	1	1	1	719	2	61	23183	15	24	92.491783	源
5	1	1	1	719	3	76	23187	19	12	96.640182	制造
4	1	1	1	720	0	32	23219	76	12	-1	
5	1	1	1	720	1	32	23219	24	12	83.273003	照明
5	1	1	1	720	2	61	23219	21	12	93.930710	灯具
5	1	1	1	720	3	88	23219	20	12	93.316597	制造
4	1	1	1	721	0	32	23251	115	12	-1	
5	1	1	1	721	1	32	23251	24	12	88.384941	舞台
5	1	1	1	721	2	59	23252	10	11	96.377129	及
5	1	1	1	721	3	76	23251	19	12	96.878387	场地
5	1	1	1	721	4	100	23252	7	11	93.177513	用
5	1	1	1	721	5	112	23251	9	12	92.043503	灯
5	1	1	1	721	6	127	23251	7	12	89.282516	制
5	1	1	1	721	7	140	23251	7	12	87.867676	造
4	1	1	1	722	0	32	23282	102	13	-1	
5	1	1	1	722	1	32	23283	32	12	93.521278	智能
5	1	1	1	722	2	63	23278	19	25	95.363342	照明
5	1	1	1	722	3	88	23282	7	13	92.963142	器
5	1	1	1	722	4	99	23283	9	12	92.835587	具
5	1	1	1	722	5	113	23283	21	12	94.817261	制造
4	1	1	1	723	0	32	23315	193	12	-1	
5	1	1	1	723	1	32	23315	11	12	91.083908	灯
5	1	1	1	723	2	46	23316	9	11	92.974594	用
5	1	1	1	723	3	59	23315	23	12	96.886650	电器
5	1	1	1	723	4	88	23311	26	24	96.410355	附件
5	1	1	1	723	5	113	23316	8	11	96.591103	及
5	1	1	1	723	6	127	23315	7	12	96.969261	其
5	1	1	1	723	7	140	23315	8	12	96.635506	他
5	1	1	1	723	8	154	23315	19	12	95.366493	照明
5	1	1	1	723	9	179	23315	7	12	96.997795	器
5	1	1	1	723	10	188	23311	5	24	69.757401	有
5	1	1	1	723	11	193	23315	6	12	80.607643	具
5	1	1	1	723	12	205	23315	20	12	94.159798	制造
4	1	1	1	724	0	18	23347	141	12	-1	
5	1	1	1	724	1	18	23347	11	12	96.923103	其
5	1	1	1	724	2	35	23347	7	12	95.693939	他
5	1	1	1	724	3	45	23347	23	12	96.737671	电气
5	1	1	1	724	4	74	23347	7	12	93.287376	机
5	1	1	1	724	5	86	23347	8	12	91.893501	械
5	1	1	1	724	6	99	23348	8	11	95.971031	及
5	1	1	1	724	7	113	23347	7	12	96.647621	器
5	1	1	1	724	8	125	23347	8	12	96.986938	村
5	1	1	1	724	9	138	23347	21	12	93.666283	制造
4	1	1	1	725	0	32	23379	128	12	-1	
5	1	1	1	725	1	32	23379	24	12	96.029510	电气
5	1	1	1	725	2	59	23379	23	12	93.941277	信号
5	1	1	1	725	3	88	23375	27	24	96.750374	设备
5	1	1	1	725	4	115	23379	27	12	96.421532	装置
5	1	1	1	725	5	142	23375	18	24	91.663246	制造
4	1	1	1	726	0	32	23411	180	12	-1	
5	1	1	1	726	1	32	23411	11	12	96.923180	其
5	1	1	1	726	2	49	23411	7	12	95.852646	他
5	1	1	1	726	3	62	23411	7	12	93.249825	未
5	1	1	1	726	4	76	23411	6	12	93.157776	列
5	1	1	1	726	5	88	23411	8	12	93.083244	明
5	1	1	1	726	6	100	23411	21	12	96.751244	电气
5	1	1	1	726	7	127	23411	7	12	93.289497	机
5	1	1	1	726	8	139	23411	8	12	92.490646	械
5	1	1	1	726	9	152	23412	8	11	95.438049	及
5	1	1	1	726	10	166	23411	7	12	96.392059	器
5	1	1	1	726	11	178	23411	8	12	96.977402	村
5	1	1	1	726	12	191	23411	21	12	93.616898	制造
4	1	1	1	727	0	4	23443	206	12	-1	
5	1	1	1	727	1	4	23443	32	12	96.788544	计算
5	1	1	1	727	2	36	23439	9	24	93.237259	机
5	1	1	1	727	3	46	23449	3	4	91.287300	、
5	1	1	1	727	4	58	23443	9	12	92.949158	通
5	1	1	1	727	5	73	23443	20	12	89.799667	信和
5	1	1	1	727	6	97	23443	9	12	96.735016	其
5	1	1	1	727	7	112	23443	7	12	96.693268	他
5	1	1	1	727	8	123	23443	22	12	96.583961	电子
5	1	1	1	727	9	151	23443	28	12	96.697838	设备
5	1	1	1	727	10	186	23439	18	24	92.705223	制造
5	1	1	1	727	11	204	23443	6	12	90.474976	业
4	1	1	1	728	0	18	23475	63	12	-1	
5	1	1	1	728	1	18	23475	63	12	96.738098	计算
5	1	1	1	728	2	47	23471	14	24	96.903236	机
5	1	1	1	728	3	60	23475	21	12	96.339851	制造
4	1	1	1	729	0	32	23507	89	12	-1	
5	1	1	1	729	1	32	23507	89	12	96.798340	计算
5	1	1	1	729	2	61	23503	15	24	93.189819	机
5	1	1	1	729	3	76	23503	14	24	41.736740	整
5	1	1	1	729	4	89	23503	13	24	96.846664	机
5	1	1	1	729	5	101	23503	23	24	96.123505	制造
4	1	1	1	730	0	32	23539	102	12	-1	
5	1	1	1	730	1	32	23539	102	12	96.793625	计算
5	1	1	1	730	2	61	23535	15	24	93.107292	机
5	1	1	1	730	3	76	23535	14	24	29.257278	零
5	1	1	1	730	4	89	23535	13	24	93.063530	部
5	1	1	1	730	5	101	23535	14	24	92.775307	件
5	1	1	1	730	6	115	23535	23	24	95.705971	制造
4	1	1	1	731	0	32	23571	115	12	-1	
5	1	1	1	731	1	32	23571	115	12	96.861389	计算
5	1	1	1	731	2	61	23567	14	24	96.934143	机
5	1	1	1	731	3	74	23567	14	24	93.295090	外
5	1	1	1	731	4	88	23567	15	24	91.828880	围
5	1	1	1	731	5	103	23567	24	24	94.785156	设备
5	1	1	1	731	6	127	23567	24	24	92.806358	制造
4	1	1	1	732	0	32	23603	154	12	-1	
5	1	1	1	732	1	32	23603	24	12	95.613670	工业
5	1	1	1	732	2	59	23603	31	12	91.309090	控制
5	1	1	1	732	3	89	23599	19	24	94.107468	计算
5	1	1	1	732	4	113	23603	8	12	96.973213	机
5	1	1	1	732	5	125	23604	9	11	79.805420	及
5	1	1	1	732	6	139	23603	29	12	95.378815	系统
5	1	1	1	732	7	175	23599	15	24	93.251518	制造
4	1	1	1	733	0	32	23635	102	12	-1	
5	1	1	1	733	1	32	23635	24	12	96.073158	信息
5	1	1	1	733	2	62	23635	20	12	75.470413	安全
5	1	1	1	733	3	88	23635	20	12	83.147896	设备
5	1	1	1	733	4	115	23635	19	12	96.462517	制造
4	1	1	1	734	0	32	23667	89	12	-1	
5	1	1	1	734	1	32	23667	11	12	96.934097	其
5	1	1	1	734	2	49	23667	7	12	95.982750	他
5	1	1	1	734	3	58	23667	63	12	96.846672	计算
5	1	1	1	734	4	88	23663	14	24	96.944748	机
5	1	1	1	734	5	101	23663	23	24	96.311676	制造
4	1	1	1	735	0	18	23699	76	12	-1	
5	1	1	1	735	1	18	23699	24	12	96.532211	通信
5	1	1	1	735	2	47	23699	29	12	96.520683	设备
5	1	1	1	735	3	75	23695	19	24	95.375961	制造
4	1	1	1	736	0	32	23731	102	12	-1	
5	1	1	1	736	1	32	23731	24	12	96.440430	通信
5	1	1	1	736	2	61	23731	29	12	95.269600	系统
5	1	1	1	736	3	89	23727	19	24	96.787453	设备
5	1	1	1	736	4	115	23731	19	12	96.540123	制造
4	1	1	1	737	0	32	23763	102	12	-1	
5	1	1	1	737	1	32	23763	24	12	96.180023	通信
5	1	1	1	737	2	61	23763	29	12	85.892471	终端
5	1	1	1	737	3	89	23759	19	24	94.989685	设备
5	1	1	1	737	4	115	23763	19	12	96.391907	制造
4	1	1	1	738	0	18	23795	102	12	-1	
5	1	1	1	738	1	18	23795	24	12	94.171547	广播
5	1	1	1	738	2	48	23795	28	12	96.654396	电视
5	1	1	1	738	3	75	23791	19	24	96.633446	设备
5	1	1	1	738	4	101	23795	19	12	96.548447	制造
4	1	1	1	739	0	32	23827	193	12	-1	
5	1	1	1	739	1	32	23827	24	12	93.480270	广播
5	1	1	1	739	2	62	23827	20	12	96.726234	电视
5	1	1	1	739	3	86	23827	21	12	96.090584	节目
5	1	1	1	739	4	115	23827	19	12	95.497528	制作
5	1	1	1	739	5	137	23828	10	11	92.900787	及
5	1	1	1	739	6	154	23827	15	12	95.394890	发
5	1	1	1	739	7	175	23827	6	12	89.602982	射
5	1	1	1	739	8	181	23823	26	24	94.601990	设备
5	1	1	1	739	9	206	23823	19	24	95.286728	制造
4	1	1	1	740	0	32	23859	128	12	-1	
5	1	1	1	740	1	32	23859	24	12	90.102257	广播
5	1	1	1	740	2	62	23859	20	12	96.706680	电视
5	1	1	1	740	3	88	23859	20	12	96.088081	接收
5	1	1	1	740	4	115	23859	19	12	93.605927	设备
5	1	1	1	740	5	140	23859	20	12	95.672684	制造
4	1	1	1	741	0	32	23891	128	12	-1	
5	1	1	1	741	1	32	23891	24	12	93.187508	广播
5	1	1	1	741	2	62	23891	20	12	96.712677	电视
5	1	1	1	741	3	88	23891	19	12	96.528282	专用
5	1	1	1	741	4	113	23891	21	12	28.231049	配件
5	1	1	1	741	5	140	23891	20	12	92.718102	制造
4	1	1	1	742	0	32	23923	102	12	-1	
5	1	1	1	742	1	32	23923	24	12	96.200821	专业
5	1	1	1	742	2	61	23923	21	12	72.548195	音响
5	1	1	1	742	3	88	23923	20	12	96.608406	设备
5	1	1	1	742	4	115	23923	19	12	96.510490	制造
4	1	1	1	743	0	32	23955	219	12	-1	
5	1	1	1	743	1	32	23955	11	12	96.746033	应
5	1	1	1	743	2	49	23956	6	11	96.997551	用
5	1	1	1	743	3	59	23955	23	12	96.819260	电视
5	1	1	1	743	4	88	23951	26	24	96.271988	设备
5	1	1	1	743	5	113	23956	8	11	96.297325	及
5	1	1	1	743	6	127	23955	7	12	96.372292	其
5	1	1	1	743	7	140	23955	7	12	96.891335	他
5	1	1	1	743	8	152	23955	21	12	95.043900	广播
5	1	1	1	743	9	179	23955	28	12	96.872002	电视
5	1	1	1	743	10	206	23951	19	24	96.725952	设备
5	1	1	1	743	11	232	23955	19	12	96.487167	制造
4	1	1	1	744	0	18	23986	115	13	-1	
5	1	1	1	744	1	18	23987	24	12	92.441742	雷达
5	1	1	1	744	2	45	23988	10	11	95.420609	及
5	1	1	1	744	3	57	23988	11	11	91.313484	本
5	1	1	1	744	4	71	23987	10	12	0.000000	套
5	1	1	1	744	5	87	23986	15	13	92.472580	设
5	1	1	1	744	6	101	23982	13	25	89.969521	备
5	1	1	1	744	7	114	23982	22	25	96.233086	制造
4	1	1	1	745	0	18	24019	115	12	-1	
5	1	1	1	745	1	18	24019	20	12	92.217834	非
5	1	1	1	745	2	38	24015	17	24	94.970863	专业
5	1	1	1	745	3	60	24019	21	12	95.160820	视听
5	1	1	1	745	4	83	24019	50	12	95.814003	设备
5	1	1	1	745	5	114	24015	23	24	92.834549	制造
4	1	1	1	746	0	32	24051	63	12	-1	
5	1	1	1	746	1	32	24051	63	12	96.572487	电视
5	1	1	1	746	2	61	24047	15	24	95.495583	机
5	1	1	1	746	3	76	24051	19	12	96.648842	制造
4	1	1	1	747	0	32	24083	76	12	-1	
5	1	1	1	747	1	32	24083	30	12	94.047203	音响
5	1	1	1	747	2	62	24083	28	12	96.414886	设备
5	1	1	1	747	3	92	24083	16	12	94.267044	制造
4	1	1	1	748	0	32	24114	102	13	-1	
5	1	1	1	748	1	32	24115	24	12	96.493858	影视
5	1	1	1	748	2	60	24114	22	13	87.328461	录放
5	1	1	1	748	3	85	24115	23	12	79.586571	设备
5	1	1	1	748	4	113	24115	21	12	95.552109	制造
4	1	1	1	749	0	18	24147	102	12	-1	
5	1	1	1	749	1	18	24147	24	12	87.527390	智能
5	1	1	1	749	2	48	24147	20	12	58.620743	消费
5	1	1	1	749	3	74	24147	20	12	89.145027	设备
5	1	1	1	749	4	101	24147	19	12	96.500977	制造
4	1	1	1	750	0	32	24179	115	12	-1	
5	1	1	1	750	1	32	24180	11	11	92.595932	可
5	1	1	1	750	2	45	24179	102	12	81.152489	穿戴
5	1	1	1	750	3	77	24175	25	24	92.617973	智能
5	1	1	1	750	4	101	24175	28	24	96.538086	设备
5	1	1	1	750	5	128	24175	23	24	92.698715	制造
4	1	1	1	751	0	32	24211	102	12	-1	
5	1	1	1	751	1	32	24211	102	12	90.867416	智能
5	1	1	1	751	2	62	24207	14	24	91.207993	车
5	1	1	1	751	3	76	24207	14	24	89.030830	载
5	1	1	1	751	4	89	24207	13	24	92.839706	设
5	1	1	1	751	5	101	24207	14	24	92.378387	备
5	1	1	1	751	6	115	24207	23	24	96.468704	制造
4	1	1	1	752	0	32	24243	115	12	-1	
5	1	1	1	752	1	32	24243	115	12	92.840630	智能
5	1	1	1	752	2	65	24239	11	24	96.768562	无
5	1	1	1	752	3	76	24239	11	24	96.620743	人
5	1	1	1	752	4	86	24243	29	12	96.109535	飞行
5	1	1	1	752	5	115	24239	14	24	96.940971	器
5	1	1	1	752	6	128	24239	23	24	94.520836	制造
4	1	1	1	753	0	32	24275	115	12	-1	
5	1	1	1	753	1	32	24275	115	12	87.710243	服务
5	1	1	1	753	2	62	24271	26	24	83.141449	消费
5	1	1	1	753	3	88	24271	15	24	95.142090	机
5	1	1	1	753	4	103	24271	11	24	96.861000	器
5	1	1	1	753	5	113	24271	13	24	96.083138	人
5	1	1	1	753	6	125	24271	26	24	93.968765	制造
4	1	1	1	754	0	32	24307	128	12	-1	
5	1	1	1	754	1	32	24307	11	12	96.928787	其
5	1	1	1	754	2	49	24307	7	12	95.660316	他
5	1	1	1	754	3	62	24307	20	12	93.296967	智能
5	1	1	1	754	4	88	24307	8	12	92.940071	消
5	1	1	1	754	5	98	24307	10	12	0.000000	吕
5	1	1	1	754	6	112	24307	22	12	0.000000	设备
5	1	1	1	754	7	140	24307	20	12	95.921417	制造
4	1	1	1	755	0	18	24339	76	12	-1	
5	1	1	1	755	1	18	24339	76	12	96.532928	电子
5	1	1	1	755	2	48	24335	14	24	93.022217	器
5	1	1	1	755	3	62	24335	14	24	92.730904	件
5	1	1	1	755	4	75	24335	23	24	93.950500	制造
4	1	1	1	756	0	32	24371	102	12	-1	
5	1	1	1	756	1	32	24371	32	12	96.529198	电子
5	1	1	1	756	2	71	24371	19	12	96.668884	真空
5	1	1	1	756	3	97	24371	6	12	93.116257	器
5	1	1	1	756	4	103	24367	12	24	92.256393	件
5	1	1	1	756	5	115	24371	19	12	95.997978	制造
4	1	1	1	757	0	32	24402	115	13	-1	
5	1	1	1	757	1	32	24402	115	13	95.983841	半导体
5	1	1	1	757	2	76	24398	13	25	92.783531	分
5	1	1	1	757	3	88	24398	14	25	93.146660	立
5	1	1	1	757	4	101	24398	15	25	93.231514	器
5	1	1	1	757	5	115	24398	13	25	92.483315	件
5	1	1	1	757	6	128	24398	22	25	96.090340	制造
4	1	1	1	758	0	32	24435	76	12	-1	
5	1	1	1	758	1	32	24435	24	12	94.621902	集成
5	1	1	1	758	2	62	24435	28	12	96.951767	电路
5	1	1	1	758	3	89	24431	19	24	93.591309	制造
4	1	1	1	759	0	32	24467	76	12	-1	
5	1	1	1	759	1	32	24467	76	12	95.898064	显示
5	1	1	1	759	2	62	24463	14	24	93.194618	器
5	1	1	1	759	3	76	24463	14	24	92.890694	件
5	1	1	1	759	4	89	24463	23	24	93.762405	制造
4	1	1	1	760	0	32	24498	115	13	-1	
5	1	1	1	760	1	32	24498	115	13	95.425285	半导体
5	1	1	1	760	2	78	24494	24	25	94.163467	照明
5	1	1	1	760	3	101	24494	15	25	93.154243	器
5	1	1	1	760	4	115	24494	13	25	92.983673	件
5	1	1	1	760	5	128	24494	22	25	96.276588	制造
4	1	1	1	761	0	32	24531	89	12	-1	
5	1	1	1	761	1	32	24531	89	12	92.590561	光电
5	1	1	1	761	2	61	24527	15	24	89.550041	子
5	1	1	1	761	3	76	24527	14	24	92.957321	器
5	1	1	1	761	4	89	24527	13	24	92.850662	件
5	1	1	1	761	5	101	24527	23	24	95.778038	制造
4	1	1	1	762	0	32	24563	102	12	-1	
5	1	1	1	762	1	32	24563	11	12	96.946373	其
5	1	1	1	762	2	49	24563	7	12	96.772911	他
5	1	1	1	762	3	58	24563	76	12	96.356041	电子
5	1	1	1	762	4	88	24559	14	24	92.897827	器
5	1	1	1	762	5	101	24559	14	24	92.092545	件
5	1	1	1	762	6	115	24559	23	24	96.244186	制造
4	1	1	1	763	0	18	24595	167	12	-1	
5	1	1	1	763	1	18	24595	24	12	96.391335	电子
5	1	1	1	763	2	48	24596	7	11	93.058853	元
5	1	1	1	763	3	62	24595	6	12	92.394348	件
5	1	1	1	763	4	72	24596	9	11	43.573380	及
5	1	1	1	763	5	86	24595	29	12	88.343353	电子
5	1	1	1	763	6	114	24591	18	24	96.845284	专用
5	1	1	1	763	7	138	24595	8	12	93.296005	村
5	1	1	1	763	8	152	24595	7	12	87.560440	料
5	1	1	1	763	9	165	24595	20	12	95.587875	制造
4	1	1	1	764	0	32	24627	128	12	-1	
5	1	1	1	764	1	32	24627	24	12	96.523079	电阻
5	1	1	1	764	2	62	24627	20	12	94.676727	电容
5	1	1	1	764	3	86	24627	31	12	81.331886	电感
5	1	1	1	764	4	123	24627	6	12	92.214066	元
5	1	1	1	764	5	128	24623	13	24	92.463486	件
5	1	1	1	764	6	140	24627	20	12	93.502777	制造
4	1	1	1	765	0	32	24659	76	12	-1	
5	1	1	1	765	1	32	24659	24	12	96.437584	电子
5	1	1	1	765	2	61	24659	29	12	94.457695	电路
5	1	1	1	765	3	89	24655	19	24	92.722244	制造
4	1	1	1	766	0	32	24691	128	13	-1	
5	1	1	1	766	1	32	24691	32	12	74.902344	敏感
5	1	1	1	766	2	71	24691	6	12	93.186668	元
5	1	1	1	766	3	76	24687	13	25	86.642365	件
5	1	1	1	766	4	88	24692	7	11	96.738571	及
5	1	1	1	766	5	97	24691	63	13	96.862411	传感器
5	1	1	1	766	6	140	24687	24	25	96.464073	制造
4	1	1	1	767	0	32	24722	115	13	-1	
5	1	1	1	767	1	32	24723	11	12	92.951004	电
5	1	1	1	767	2	46	24723	10	12	86.920273	声
5	1	1	1	767	3	62	24723	15	12	93.267677	器
5	1	1	1	767	4	76	24718	12	25	93.125847	件
5	1	1	1	767	5	87	24722	16	13	96.788490	及
5	1	1	1	767	6	103	24718	18	25	72.395126	零件
5	1	1	1	767	7	128	24718	22	25	96.256805	制造
4	1	1	1	768	0	32	24755	102	12	-1	
5	1	1	1	768	1	32	24755	24	12	96.169502	电子
5	1	1	1	768	2	62	24755	19	12	95.490448	专用
5	1	1	1	768	3	88	24755	20	12	91.264938	材料
5	1	1	1	768	4	115	24755	19	12	95.823669	制造
4	1	1	1	769	0	32	24787	102	12	-1	
5	1	1	1	769	1	32	24787	11	12	96.935059	其
5	1	1	1	769	2	49	24787	7	12	96.724701	他
5	1	1	1	769	3	58	24787	76	12	96.476662	电子
5	1	1	1	769	4	88	24783	14	24	93.204582	元
5	1	1	1	769	5	101	24783	14	24	91.878433	件
5	1	1	1	769	6	115	24783	23	24	96.417282	制造
4	1	1	1	770	0	18	24819	102	12	-1	
5	1	1	1	770	1	18	24819	11	12	96.938370	其
5	1	1	1	770	2	35	24819	7	12	96.721512	他
5	1	1	1	770	3	45	24819	23	12	96.350182	电子
5	1	1	1	770	4	74	24819	20	12	96.826378	设备
5	1	1	1	770	5	101	24819	19	12	96.494919	制造
4	1	1	1	771	0	4	24851	89	12	-1	
5	1	1	1	771	1	4	24851	32	12	45.932812	仪器
5	1	1	1	771	2	36	24847	18	24	76.801758	仪表
5	1	1	1	771	3	60	24847	27	24	92.442940	制造
5	1	1	1	771	4	87	24851	6	12	90.961166	业
4	1	1	1	772	0	18	24883	102	12	-1	
5	1	1	1	772	1	18	24883	23	12	96.751320	通用
5	1	1	1	772	2	48	24883	29	12	47.636833	仪器
5	1	1	1	772	3	77	24879	17	24	60.652443	仪表
5	1	1	1	772	4	99	24883	21	12	95.109764	制造
4	1	1	1	773	0	32	24915	154	12	-1	
5	1	1	1	773	1	32	24915	24	12	94.493279	工业
5	1	1	1	773	2	61	24915	21	12	96.397530	自动
5	1	1	1	773	3	88	24911	27	24	95.635292	控制
5	1	1	1	773	4	115	24915	19	12	95.260521	系统
5	1	1	1	773	5	140	24915	28	12	94.298439	装置
5	1	1	1	773	6	167	24911	19	24	93.458595	制造
4	1	1	1	774	0	32	24947	102	13	-1	
5	1	1	1	774	1	32	24947	32	13	95.952171	电工
5	1	1	1	774	2	63	24943	28	25	85.794746	仪器
5	1	1	1	774	3	90	24943	18	25	91.139374	仪表
5	1	1	1	774	4	113	24947	21	12	96.652100	制造
4	1	1	1	775	0	32	24979	154	12	-1	
5	1	1	1	775	1	32	24975	29	24	75.368034	绘图
5	1	1	1	775	2	61	24985	3	4	85.338287	、
5	1	1	1	775	3	73	24979	9	12	91.420135	计
5	1	1	1	775	4	86	24979	9	12	93.136635	算
5	1	1	1	775	5	100	24980	8	11	82.411789	及
5	1	1	1	775	6	112	24979	30	12	93.792725	测量
5	1	1	1	775	7	142	24975	26	24	70.546036	仪器
5	1	1	1	775	8	167	24975	19	24	94.799873	制造
4	1	1	1	776	0	32	25011	102	12	-1	
5	1	1	1	776	1	32	25011	102	12	86.188187	实验
5	1	1	1	776	2	62	25007	13	24	93.297737	分
5	1	1	1	776	3	74	25007	14	24	92.795502	析
5	1	1	1	776	4	88	25007	14	24	42.607727	仪
5	1	1	1	776	5	101	25007	14	24	96.669228	器
5	1	1	1	776	6	115	25007	23	24	95.032059	制造
4	1	1	1	777	0	32	25043	63	12	-1	
5	1	1	1	777	1	32	25043	63	12	96.418900	试验
5	1	1	1	777	2	61	25039	14	24	96.895668	机
5	1	1	1	777	3	74	25043	21	12	95.964325	制造
4	1	1	1	778	0	32	25074	115	13	-1	
5	1	1	1	778	1	32	25074	115	13	35.995056	供应
5	1	1	1	778	2	62	25070	15	25	96.965134	用
5	1	1	1	778	3	76	25070	27	25	92.045349	仪器
5	1	1	1	778	4	103	25070	25	25	41.460480	仪表
5	1	1	1	778	5	128	25070	22	25	96.321342	制造
4	1	1	1	779	0	32	25107	102	12	-1	
5	1	1	1	779	1	32	25107	11	12	96.916931	其
5	1	1	1	779	2	49	25107	7	12	96.182365	他
5	1	1	1	779	3	61	25107	20	12	96.181778	通用
5	1	1	1	779	4	88	25107	20	12	79.360344	仪器
5	1	1	1	779	5	115	25107	19	12	95.942268	制造
4	1	1	1	780	0	18	25139	102	12	-1	
5	1	1	1	780	1	18	25139	23	12	95.395271	专用
5	1	1	1	780	2	48	25139	29	12	51.444607	仪器
5	1	1	1	780	3	77	25135	17	24	64.310623	仪表
5	1	1	1	780	4	99	25139	21	12	96.056686	制造
4	1	1	1	781	0	32	25171	154	12	-1	
5	1	1	1	781	1	32	25171	32	12	93.323006	环境
5	1	1	1	781	2	64	25167	26	24	87.087906	监测
5	1	1	1	781	3	89	25167	19	24	96.762047	专用
5	1	1	1	781	4	115	25171	29	12	48.490456	仪器
5	1	1	1	781	5	143	25167	17	24	64.555122	仪表
5	1	1	1	781	6	166	25171	20	12	93.493996	制造
4	1	1	1	782	0	32	25203	180	12	-1	
5	1	1	1	782	1	32	25203	24	12	87.582550	运输
5	1	1	1	782	2	62	25203	20	12	96.571732	设备
5	1	1	1	782	3	88	25204	7	11	87.924118	及
5	1	1	1	782	4	98	25203	23	12	96.482491	生产
5	1	1	1	782	5	127	25204	6	11	96.755867	用
5	1	1	1	782	6	139	25203	30	12	95.329765	计数
5	1	1	1	782	7	169	25199	17	24	65.509468	仪表
5	1	1	1	782	8	191	25203	21	12	96.318199	制造
4	1	1	1	783	0	32	25235	219	12	-1	
5	1	1	1	783	1	32	25235	24	12	93.258896	导航
5	1	1	1	783	2	61	25241	3	4	91.810143	、
5	1	1	1	783	3	73	25235	20	12	72.939034	测
5	1	1	1	783	4	100	25241	2	4	81.541931	绘
5	1	1	1	783	5	101	25231	11	24	91.470886	、
5	1	1	1	783	6	112	25235	17	12	87.040718	气
5	1	1	1	783	7	128	25231	11	24	88.270844	象
5	1	1	1	783	8	139	25236	8	11	96.728127	及
5	1	1	1	783	9	152	25235	21	12	96.793396	海洋
5	1	1	1	783	10	179	25235	28	12	91.425354	专用
5	1	1	1	783	11	206	25231	19	24	89.352074	仪器
5	1	1	1	783	12	232	25235	19	12	93.576241	制造
4	1	1	1	784	0	32	25267	154	12	-1	
5	1	1	1	784	1	32	25267	11	12	96.018570	家
5	1	1	1	784	2	45	25267	141	12	0.000000	林牧渔
5	1	1	1	784	3	89	25263	26	24	96.847267	专用
5	1	1	1	784	4	115	25263	29	24	37.561188	仪器
5	1	1	1	784	5	143	25263	23	24	63.657669	仪表
5	1	1	1	784	6	166	25263	24	24	94.049225	制造
4	1	1	1	785	0	32	25298	167	13	-1	
5	1	1	1	785	1	32	25299	11	12	92.781944	地
5	1	1	1	785	2	48	25299	16	12	92.858543	质
5	1	1	1	785	3	71	25294	18	25	56.439228	勘探
5	1	1	1	785	4	88	25299	7	12	96.949982	和
5	1	1	1	785	5	99	25299	9	12	93.298157	地
5	1	1	1	785	6	112	25298	9	13	90.332687	震
5	1	1	1	785	7	128	25299	27	12	92.209862	专用
5	1	1	1	785	8	154	25294	19	25	81.688248	仪器
5	1	1	1	785	9	179	25299	20	12	95.488625	制造
4	1	1	1	786	0	32	25331	102	12	-1	
5	1	1	1	786	1	32	25331	32	12	91.344620	教学
5	1	1	1	786	2	64	25327	26	24	96.387573	专用
5	1	1	1	786	3	89	25327	19	24	76.947479	仪器
5	1	1	1	786	4	115	25331	19	12	96.067322	制造
4	1	1	1	787	0	32	25363	154	12	-1	
5	1	1	1	787	1	32	25363	24	12	94.755875	核子
5	1	1	1	787	2	62	25364	7	11	93.004730	及
5	1	1	1	787	3	76	25363	14	12	76.085526	核
5	1	1	1	787	4	97	25363	6	12	59.548119	辐
5	1	1	1	787	5	103	25359	11	24	21.266241	射
5	1	1	1	787	6	113	25363	8	12	73.339058	负
5	1	1	1	787	7	125	25363	17	12	0.000000	量
5	1	1	1	787	8	142	25359	26	24	74.250267	仪器
5	1	1	1	787	9	167	25359	19	24	93.369270	制造
4	1	1	1	788	0	32	25395	102	12	-1	
5	1	1	1	788	1	32	25395	24	12	96.668091	电子
5	1	1	1	788	2	62	25395	28	12	95.655052	测量
5	1	1	1	788	3	89	25391	19	24	78.555107	仪器
5	1	1	1	788	4	115	25395	19	12	96.370461	制造
4	1	1	1	789	0	32	25427	102	12	-1	
5	1	1	1	789	1	32	25427	11	12	96.923927	其
5	1	1	1	789	2	49	25427	7	12	95.846695	他
5	1	1	1	789	3	62	25427	28	12	96.061127	专用
5	1	1	1	789	4	89	25423	19	24	88.007347	仪器
5	1	1	1	789	5	115	25427	19	12	95.986153	制造
4	1	1	1	790	0	18	25459	115	12	-1	
5	1	1	1	790	1	18	25459	115	12	70.555527	钟表
5	1	1	1	790	2	48	25455	14	24	96.701248	与
5	1	1	1	790	3	62	25455	26	24	96.905365	计时
5	1	1	1	790	4	87	25455	28	24	55.928173	仪器
5	1	1	1	790	5	114	25455	23	24	92.816559	制造
4	1	1	1	791	0	18	25491	76	12	-1	
5	1	1	1	791	1	18	25491	32	12	94.624649	光学
5	1	1	1	791	2	50	25487	26	24	57.001183	仪器
5	1	1	1	791	3	75	25487	19	24	94.744087	制造
4	1	1	1	792	0	18	25523	50	12	-1	
5	1	1	1	792	1	18	25523	31	12	88.294334	衡器
5	1	1	1	792	2	52	25523	16	12	95.516518	制造
4	1	1	1	793	0	18	25555	115	12	-1	
5	1	1	1	793	1	18	25555	11	12	96.908005	其
5	1	1	1	793	2	35	25555	7	12	96.528267	他
5	1	1	1	793	3	44	25555	89	12	39.589546	仪器
5	1	1	1	793	4	77	25551	23	24	57.516747	仪表
5	1	1	1	793	5	99	25551	28	24	89.336182	制造
5	1	1	1	793	6	126	25551	11	24	88.406639	业
4	1	1	1	794	0	0	25587	67	12	-1	
5	1	1	1	794	1	0	25587	67	12	96.916229	其
5	1	1	1	794	2	21	25583	14	24	95.845131	他
5	1	1	1	794	3	34	25587	26	12	91.820656	制造
5	1	1	1	794	4	60	25583	11	24	88.478722	业
4	1	1	1	795	0	19	25619	75	12	-1	
5	1	1	1	795	1	19	25620	9	11	95.425507	日
5	1	1	1	795	2	36	25620	6	11	96.930656	用
5	1	1	1	795	3	46	25619	22	12	96.010490	杂品
5	1	1	1	795	4	75	25619	19	12	96.442551	制造
4	1	1	1	796	0	32	25651	180	12	-1	
5	1	1	1	796	1	32	25651	11	12	0.000000	沁
5	1	1	1	796	2	47	25651	9	12	0.000000	毛
5	1	1	1	796	3	62	25651	16	12	93.194870	加
5	1	1	1	796	4	77	25647	11	24	92.846306	工
5	1	1	1	796	5	88	25657	2	4	92.256729	、
5	1	1	1	796	6	100	25651	17	12	92.399178	制
5	1	1	1	796	7	116	25647	10	24	47.989750	刷
5	1	1	1	796	8	125	25652	9	11	95.368431	及
5	1	1	1	796	9	139	25651	21	12	95.514854	清扫
5	1	1	1	796	10	166	25651	20	12	96.897896	工具
5	1	1	1	796	11	193	25651	19	12	96.463837	制造
4	1	1	1	797	0	32	25683	102	12	-1	
5	1	1	1	797	1	32	25683	11	12	96.901283	其
5	1	1	1	797	2	49	25683	7	12	96.251289	他
5	1	1	1	797	3	62	25684	6	11	96.529381	日
5	1	1	1	797	4	76	25684	5	11	96.959373	用
5	1	1	1	797	5	84	25683	50	12	96.635254	杂品
5	1	1	1	797	6	115	25679	23	24	96.332108	制造
4	1	1	1	798	0	4	25715	115	12	-1	
5	1	1	1	798	1	4	25715	11	12	53.073788	让
5	1	1	1	798	2	18	25715	10	12	0.000000	弃
5	1	1	1	798	3	34	25715	28	12	94.076439	资源
5	1	1	1	798	4	61	25711	19	24	96.285957	综合
5	1	1	1	798	5	87	25715	18	12	92.905243	利用
5	1	1	1	798	6	111	25715	8	12	81.394966	业
4	1	1	1	799	0	18	25747	141	12	-1	
5	1	1	1	799	1	18	25747	32	12	92.890091	金属
5	1	1	1	799	2	57	25747	7	12	29.789267	店
5	1	1	1	799	3	63	25743	11	24	76.237053	料
5	1	1	1	799	4	74	25747	8	12	93.280106	和
5	1	1	1	799	5	86	25747	8	12	82.864250	碎
5	1	1	1	799	6	101	25747	6	12	0.000000	悄
5	1	1	1	799	7	113	25747	7	12	85.639847	加
5	1	1	1	799	8	125	25748	8	11	92.587135	工
5	1	1	1	799	9	140	25747	6	12	92.912704	处
5	1	1	1	799	10	152	25747	7	12	90.681892	理
4	1	1	1	800	0	18	25778	154	14	-1	
5	1	1	1	800	1	18	25779	22	13	0.000000	+S
5	1	1	1	800	2	46	25779	59	12	0.000000	ERR
5	1	1	1	800	3	113	25778	59	13	11.770649	BML
4	1	1	1	801	0	4	25810	167	13	-1	
5	1	1	1	801	1	4	25806	32	25	86.323341	金属
5	1	1	1	801	2	35	25811	26	12	93.157776	制品
5	1	1	1	801	3	60	25806	11	25	92.733467	、
5	1	1	1	801	4	70	25811	10	12	93.040436	机
5	1	1	1	801	5	85	25811	8	12	93.096947	械
5	1	1	1	801	6	96	25811	10	12	93.300407	和
5	1	1	1	801	7	110	25811	30	12	96.836243	设备
5	1	1	1	801	8	139	25806	19	25	87.646461	修理
5	1	1	1	801	9	162	25811	9	12	84.538818	业
4	1	1	1	802	0	18	25842	76	13	-1	
5	1	1	1	802	1	18	25843	32	12	83.336487	金属
5	1	1	1	802	2	55	25838	20	25	93.860138	制品
5	1	1	1	802	3	74	25842	20	13	85.067032	修理
4	1	1	1	803	0	18	25874	76	13	-1	
5	1	1	1	803	1	18	25875	23	12	96.908966	通用
5	1	1	1	803	2	46	25875	22	12	96.845863	设备
5	1	1	1	803	3	74	25874	20	13	81.632133	修理
4	1	1	1	804	0	18	25906	76	13	-1	
5	1	1	1	804	1	18	25907	23	12	96.744667	专用
5	1	1	1	804	2	46	25907	22	12	96.888008	设备
5	1	1	1	804	3	74	25906	20	13	84.668930	修理
4	1	1	1	805	0	18	25938	219	13	-1	
5	1	1	1	805	1	18	25939	11	12	0.000000	扶
5	1	1	1	805	2	35	25939	15	12	96.507195	路、
5	1	1	1	805	3	60	25939	29	12	84.158897	船舶
5	1	1	1	805	4	89	25934	10	25	92.128723	、
5	1	1	1	805	5	98	25939	9	12	89.889709	航
5	1	1	1	805	6	114	25939	15	12	92.221695	空
5	1	1	1	805	7	128	25934	18	25	96.821457	航天
5	1	1	1	805	8	151	25939	8	12	96.397774	等
5	1	1	1	805	9	165	25938	28	13	94.539207	运输
5	1	1	1	805	10	192	25934	19	25	96.760284	设备
5	1	1	1	805	11	217	25939	20	12	90.570694	修理
4	1	1	1	806	0	32	25971	102	12	-1	
5	1	1	1	806	1	32	25971	24	12	76.953056	铁路
5	1	1	1	806	2	62	25971	28	12	94.302017	运输
5	1	1	1	806	3	89	25967	19	24	96.762344	设备
5	1	1	1	806	4	115	25971	19	12	89.044342	修理
4	1	1	1	807	0	32	26003	50	12	-1	
5	1	1	1	807	1	32	26003	24	12	89.544907	船舶
5	1	1	1	807	2	62	26003	20	12	90.304100	修理
4	1	1	1	808	0	32	26035	89	12	-1	
5	1	1	1	808	1	32	26035	32	12	88.145248	航空
5	1	1	1	808	2	64	26031	18	24	96.840530	航天
5	1	1	1	808	3	86	26035	9	12	96.498703	器
5	1	1	1	808	4	101	26035	20	12	95.337456	修理
4	1	1	1	809	0	32	26067	102	12	-1	
5	1	1	1	809	1	32	26067	11	12	96.921318	其
5	1	1	1	809	2	49	26067	7	12	95.741814	他
5	1	1	1	809	3	61	26067	29	12	93.914948	运输
5	1	1	1	809	4	89	26063	19	24	96.661163	设备
5	1	1	1	809	5	115	26067	19	12	86.941521	修理
4	1	1	1	810	0	18	26098	76	13	-1	
5	1	1	1	810	1	18	26099	24	12	96.475151	电气
5	1	1	1	810	2	48	26099	20	12	96.810638	设备
5	1	1	1	810	3	74	26098	20	13	88.016991	修理
4	1	1	1	811	0	18	26130	76	13	-1	
5	1	1	1	811	1	18	26131	32	12	93.173767	仪器
5	1	1	1	811	2	49	26126	19	25	78.564110	仪表
5	1	1	1	811	3	71	26130	23	13	75.437080	修理
4	1	1	1	812	0	18	26163	128	12	-1	
5	1	1	1	812	1	18	26163	11	12	96.904190	其
5	1	1	1	812	2	35	26163	7	12	96.407730	他
5	1	1	1	812	3	47	26163	8	12	92.606300	机
5	1	1	1	812	4	62	26163	6	12	92.555786	械
5	1	1	1	812	5	72	26163	10	12	93.211739	和
5	1	1	1	812	6	86	26163	29	12	96.163879	设备
5	1	1	1	812	7	114	26159	19	24	93.199516	修理
5	1	1	1	812	8	138	26163	8	12	92.624237	业
4	1	1	1	813	0	0	26195	226	12	-1	
5	1	1	1	813	1	0	26195	29	12	93.205673	电力
5	1	1	1	813	2	36	26201	3	4	92.422729	、
5	1	1	1	813	3	51	26195	17	12	27.321978	热
5	1	1	1	813	4	77	26201	3	4	92.508812	力
5	1	1	1	813	5	79	26191	11	24	92.485992	、
5	1	1	1	813	6	90	26195	10	12	46.622242	炎
5	1	1	1	813	7	103	26195	11	12	0.000000	气
5	1	1	1	813	8	120	26196	8	11	54.941555	玉
5	1	1	1	813	9	133	26195	9	12	74.066483	水
5	1	1	1	813	10	148	26195	22	12	95.888908	生产
5	1	1	1	813	11	177	26195	7	12	96.346321	和
5	1	1	1	813	12	189	26195	23	12	0.000000	供应
5	1	1	1	813	13	219	26195	7	12	86.686935	业
4	1	1	1	814	0	0	26205	145	34	-1	
5	1	1	1	814	1	0	26205	145	34	27.224861	上
4	1	1	1	815	0	18	26259	50	12	-1	
5	1	1	1	815	1	18	26259	23	12	96.740128	电力
5	1	1	1	815	2	47	26259	21	12	96.538544	生产
4	1	1	1	816	0	32	26291	50	12	-1	
5	1	1	1	816	1	32	26291	50	12	58.818733	火力
5	1	1	1	816	2	64	26287	11	24	92.004471	发
5	1	1	1	816	3	74	26287	11	24	91.950912	电
4	1	1	1	817	0	32	26323	50	12	-1	
5	1	1	1	817	1	32	26319	29	24	93.095833	热电
5	1	1	1	817	2	61	26323	8	12	91.345375	联
5	1	1	1	817	3	76	26323	6	12	87.332741	产
4	1	1	1	818	0	32	26355	50	12	-1	
5	1	1	1	818	1	32	26355	11	12	63.522675	水
5	1	1	1	818	2	47	26355	17	12	84.112396	力
5	1	1	1	818	3	64	26351	11	24	84.412231	发
5	1	1	1	818	4	74	26355	8	12	90.607437	电
4	1	1	1	819	0	32	26387	50	12	-1	
5	1	1	1	819	1	32	26387	50	12	43.624920	BARE
4	1	1	1	820	0	32	26419	50	12	-1	
5	1	1	1	820	1	32	26419	23	12	95.129280	风力
5	1	1	1	820	2	62	26419	7	12	91.654457	发
5	1	1	1	820	3	74	26419	8	12	86.974525	电
4	1	1	1	821	0	32	26451	63	12	-1	
5	1	1	1	821	1	32	26451	24	12	53.748360	太阳
5	1	1	1	821	2	59	26451	10	12	95.117516	能
5	1	1	1	821	3	76	26451	6	12	95.255928	发
5	1	1	1	821	4	88	26451	7	12	90.912643	电
4	1	1	1	822	0	32	26483	76	12	-1	
5	1	1	1	822	1	32	26483	76	12	93.209686	生物
5	1	1	1	822	2	62	26479	14	24	93.054787	质
5	1	1	1	822	3	76	26479	15	24	96.998772	能
5	1	1	1	822	4	91	26479	11	24	94.245613	发
5	1	1	1	822	5	101	26479	11	24	83.951019	电
4	1	1	1	823	0	32	26515	76	12	-1	
5	1	1	1	823	1	32	26515	11	12	96.933517	其
5	1	1	1	823	2	49	26515	7	12	95.668152	他
5	1	1	1	823	3	59	26515	22	12	96.112221	电力
5	1	1	1	823	4	86	26515	22	12	91.578445	生产
4	1	1	1	824	0	18	26547	50	12	-1	
5	1	1	1	824	1	18	26547	24	12	93.086700	电力
5	1	1	1	824	2	48	26547	7	12	0.000000	殿
5	1	1	1	824	3	62	26547	6	12	95.370926	应
4	1	1	1	825	0	18	26579	89	12	-1	
5	1	1	1	825	1	18	26579	23	12	96.629898	热力
5	1	1	1	825	2	48	26579	20	12	96.445290	生产
5	1	1	1	825	3	74	26579	7	12	96.819237	和
5	1	1	1	825	4	86	26579	21	12	58.719463	供应
4	1	1	1	826	0	4	26611	102	12	-1	
5	1	1	1	826	1	4	26611	11	12	0.000000	焰
5	1	1	1	826	2	21	26611	7	12	89.375580	气
5	1	1	1	826	3	30	26611	76	12	96.446739	生产
5	1	1	1	826	4	60	26607	12	24	96.779999	和
5	1	1	1	826	5	72	26611	27	12	48.116600	供应
5	1	1	1	826	6	99	26607	11	24	90.877571	业
4	1	1	1	827	0	18	26643	102	12	-1	
5	1	1	1	827	1	18	26643	11	12	0.000000	焰
5	1	1	1	827	2	35	26643	7	12	87.442513	气
5	1	1	1	827	3	44	26643	76	12	95.814972	生产
5	1	1	1	827	4	74	26639	12	24	96.756851	和
5	1	1	1	827	5	86	26643	27	12	47.482872	供应
5	1	1	1	827	6	113	26639	11	24	90.902733	业
4	1	1	1	828	0	32	26675	115	12	-1	
5	1	1	1	828	1	28	26671	8	24	0.000000	和
5	1	1	1	828	2	32	26675	115	12	58.128811	天然气
5	1	1	1	828	3	76	26671	24	24	96.488846	生产
5	1	1	1	828	4	100	26671	14	24	96.995941	和
5	1	1	1	828	5	113	26671	28	24	80.610428	供应
5	1	1	1	828	6	140	26671	11	24	89.554642	业
4	1	1	1	829	0	32	26707	141	13	-1	
5	1	1	1	829	1	32	26707	32	12	89.947273	液化
5	1	1	1	829	2	63	26703	28	25	92.414452	石油
5	1	1	1	829	3	90	26703	12	25	92.841415	气
5	1	1	1	829	4	101	26707	20	12	96.174675	生产
5	1	1	1	829	5	126	26707	8	12	96.991127	和
5	1	1	1	829	6	138	26707	30	13	92.071465	供应
5	1	1	1	829	7	167	26703	10	25	83.293518	业
4	1	1	1	830	0	32	26739	102	12	-1	
5	1	1	1	830	1	32	26739	24	12	54.982586	煤气
5	1	1	1	830	2	62	26739	20	12	96.397888	生产
5	1	1	1	830	3	88	26739	7	12	96.768288	和
5	1	1	1	830	4	97	26739	37	12	44.223309	供应
5	1	1	1	830	5	127	26735	11	24	90.128464	业
4	1	1	1	831	0	18	26771	141	12	-1	
5	1	1	1	831	1	18	26771	24	12	93.205521	生物
5	1	1	1	831	2	48	26771	7	12	93.146011	质
5	1	1	1	831	3	62	26771	19	12	55.910255	燃气
5	1	1	1	831	4	87	26771	20	12	96.533699	生产
5	1	1	1	831	5	113	26771	7	12	96.754356	和
5	1	1	1	831	6	125	26771	21	12	42.109493	供应
5	1	1	1	831	7	152	26771	7	12	88.912094	业
4	1	1	1	832	0	0	26803	106	12	-1	
5	1	1	1	832	1	0	26803	23	12	30.093636	来
5	1	1	1	832	2	22	26799	13	24	96.973549	的
5	1	1	1	832	3	34	26803	20	12	96.714378	生产
5	1	1	1	832	4	58	26803	9	12	96.571945	和
5	1	1	1	832	5	69	26803	37	12	52.170837	供应
5	1	1	1	832	6	99	26799	11	24	85.049683	业
4	1	1	1	833	0	19	26835	101	12	-1	
5	1	1	1	833	1	19	26831	36	24	92.918625	自来水
5	1	1	1	833	2	61	26835	20	12	96.398026	生产
5	1	1	1	833	3	87	26835	7	12	96.810143	和
5	1	1	1	833	4	99	26835	21	12	44.833565	供应
4	1	1	1	834	0	18	26867	127	12	-1	
5	1	1	1	834	1	18	26867	24	12	94.946281	污水
5	1	1	1	834	2	48	26867	7	12	93.130051	处
5	1	1	1	834	3	62	26867	6	12	93.085091	理
5	1	1	1	834	4	72	26868	9	11	70.901443	及
5	1	1	1	834	5	87	26867	7	12	95.304535	其
5	1	1	1	834	6	101	26867	14	12	93.107857	再
5	1	1	1	834	7	114	26863	13	24	93.256050	生
5	1	1	1	834	8	126	26867	19	12	95.281517	利用
4	1	1	1	835	0	18	26899	76	12	-1	
5	1	1	1	835	1	18	26899	24	12	96.271103	海水
5	1	1	1	835	2	48	26899	28	12	76.096458	淡化
5	1	1	1	835	3	75	26895	13	24	93.290756	处
5	1	1	1	835	4	87	26899	7	12	88.800613	理
4	1	1	1	836	0	18	26931	154	12	-1	
5	1	1	1	836	1	18	26931	11	12	96.904190	其
5	1	1	1	836	2	35	26931	7	12	96.110916	他
5	1	1	1	836	3	47	26931	8	12	76.590179	水
5	1	1	1	836	4	62	26931	14	12	96.986732	的
5	1	1	1	836	5	83	26931	6	12	93.272461	处
5	1	1	1	836	6	89	26927	11	24	93.064552	理
5	1	1	1	836	7	99	26937	3	4	92.337379	、
5	1	1	1	836	8	111	26931	9	12	90.554276	利
5	1	1	1	836	9	125	26932	7	11	96.940849	用
5	1	1	1	836	10	138	26931	16	12	96.861328	与
5	1	1	1	836	11	153	26927	13	24	93.246040	分
5	1	1	1	836	12	165	26932	7	11	17.764778	醒
