1-A-7 国有控股工业企业主要经济指标 (大、中类行业)

单位: 亿元
行业                        ‘state                      固定资产 | Bees | 固定资产 | aR          =                                            负债合计 | 。 流动负全         =             Ae.        ears            =               :              =              =           —             =           gue. | gums | wemm | weee | usee | gene        aan        gusa | wasn | DRE       jo

a it                                                      (28688      650249.25      (219733.48      447679.06      217710.58，      242945.58，       §4332.32       41561.27       10822.57      374844.73      245004.38，       了1972.33      (275427.63      147538.96       66230.76         1059.36       了3905.95        2957.19          666.12        2262.28      384563.90      320636.11         4490.84       17517.42        4458.04        5654.28        4946.83       24013.95       23855.94        5806.24         1371.26
RW At                                                2143     100528.08      30304.78      了3228.95      40902.68      33780.42       4514.68       1277.31        526.75      57580.87      37798.95       了7500.57      42947.21       15719.27       6754.72         92.22       8518.90        (306.17,          2.54         44.71      36979.08      23173.89        217.05       3021.80        ‘771.45,       1004.67        947.45,       ‘1764.24       7488.01        621.59        (295.67
煤炭开采和洗选业                                              1014       56730.27       14181.73       27342.29       12434.92       23048.85         3105.93          586.25          249.61        35768.10       25422.24        4601.19       20962.17         7011.24        (2541.21           68.82,        4109.66.          (249.97,                           4157       2077.31        12548.35          155.61         1683.24          508.16.          686.20          713.86        5125.56        4987.87          358.27          194.12
烟焊和无烟煤开采洗选                                          974        54377.21        13666.23        26340.01        11969.03        22506.95         3025.33          ‘567.88          243.89,        34410.34        24677.67         4482.02        19966.87         6492.24         (2428.71            68.82,         (3732.76          220.37,                            4157        19974.60        12115.24          146.66         1604.36          488.65          667.99          683.98         4927.98         4808.57          310.54          188.20
褐煤开采洗选                                                     36         2336.00          509.76          995.93          465.27          535.96,           79.71            18.06            5.45         1347.36          736.40          117.04          988.64          518.19.          111.88                           376.71            29.60                                            795.65          427.57             8.84           78.29           19.46           18.16           29.88          196.86          178.52           47.73             5.84
其他煤炭采选                                  4       17.06        5.14        6.36        0.61        5.94        0.89        0.31        0.28       10.40        8.16        2.13        6.66        0.82        0.62                   0.20                                        7.07        5.53        0.11        0.60        0.05        0.05                   0.72        0.78                   0.08
百油和天然气开采业                                              118        21889.33        11969.01        37863.06       2492881         3484.33          477.94          142.19           88.08        10051.87         4874.05         1336.93        1183746         3874.89         (2522.95             0.50         1358.82            486                           12.24         9250.53         5358.98           32.39          853.67          110.01          149.23           43.83         1690.80         1563.01          201.39,           49.73
石油开采                                                          48        1543716         8449.44        29271.14        19895.51         2287.98           123.93           120.38            79.45         7519.38         3469.68           965.30         ‘7917.78         (2324.64         1226.74                           1097.91                                                             6693.16         3947.57            26.04          629.58            94.75           124.20            30.99          973.32          873.07          181.34            44.73
天然气开采                                                    70         6452.18         (3519.57        8591.92        5033.30         1196.35          364.01           21.81            8.62        (2532.50         1404.37          371.63         3919.68         1550.25         1296.21            0.50          260.92,            486                          12.24        (2557.36         1411.41            6.35          (224.09.           15.26           (25.03           12.84          717.48          689.94           20.05            5.00
黑色金属矿采选业                                                131         8615.40         1458.60         2433.48          931.59         2131.74          341.88           61.35           30.04         4605.75         (2731.24          329.70         4009.65         1479.70          476.51             4.99          991.75            5.51                             0.94         1867.24         1322.76            5.78          139.39           86.82           92.60          140.31          374.71          353.30            644           10.10
铁矿采选                                                     116        8510.64         1441.90         2404.19          919.11         2106.50          337.38           57.36           27.25         4565.69        2698.15          326.78         3944.96         1471.01          473.50            1.38          989.72            548                            0.94         1845.45         1308.88            5.61          136.37           86.48           92.08          137.01          367.81          346.57            5.70            9.83
mo. FRA SIR                                   14,        93.68        11.90        20.00         8.00        22.14         448         272         2.22        24.34        1741         2.07        69.34         6.19         111         3.04         2.04         0.01                                17.89        10.99         0.15         254         0.33         0.51         3.30         649         6.32         0.74         0.19
有色金属矿采选业                                               257        4135.35         1225.94        2152.57          873.66         1133.19          125.64          128.35           46.77        (2381.65         1650.51          188.87         1753.70          553.52,          (241.95            5.45          (258.21           35.20                           12.72         1521.34          859.46            349          150.19           30.43           32.88           24.59          425.94          417.65           20.87           11.66
常用有色金属矿采选                                             112         2099.73          552.14          979.23          402.70          591.82,            70.02            45.30            17.31          1085.71           661.92            79.53         1014.02          320.41           120.25             276          174.33            20.84                              2.22          800.99          492.58             2.38            66.40            13.77            14.72            20.56          208.81           203.42            12.78             473
贵金属矿采选                                          86       1460.85        529.23        880.91         336.19        371.68         36.86         46.93         10.43        995.17        799.58         74.43        465.68        116.86         52.97          2.22         39.19         11.98                       10.49        405.55        227.11           047         55.23         11.50         13.46          242        100.23         98.65          487          4.99
PARLE RT Rie                                     59        574.77        144.57        (292.44        134.76        169.70         18.77         36.12         19.03        300.77        189.00         34.91        274.00        116.25         68.73          047         44.68          2.38                                    314.80        139.77          0.63         28.57          5.15          4.70          1.61         116.90        115.58          3.21           1.94
非金属矿采选                                                      575          5721.94          652.26           945.36          279.74         (2226.67          214.13           (287.05            95.27         2834.40          1327.45           180.18         (2887.53           639.28           366.21            12.18           (250.72            10.13                               0.05          1020.19          697.44            18.13            82.86            34.21            32.18             3.27           140.66           140.51            20.37             5.98
土砂石开采                                                  482        4472.79          443.98          560.42          104.93         1734.20          144.21          (247.60           77.05         2410.08         1054.92          126.37        2062.72          386.75          230.50           11.03          137.29            7.94                                          640.59.          452.64           10.51           51.96           30.10           26.56            1.64           72.64           69.47           19.72            297
Lee                                       32       392.23        96.84       186.29        87.71        147.86        36.29        18.79         6.63       186.82       111.88        29.09       205.41        83.99        43.25                    39.35         1.39                               194.94       113.05         1.90        11.99         2.66         3.31         0.86        45.30        45.16         0.23         1.02
Seat                                                  42        761.10        106.67        190.49         83.70        298.39.         27.97         17.86          9.55        193.20        142.80         22.00        567.89.        137.61          83.71           0.35         53.25          0.31                                    161.78        119.11          5.23         17.19          1.06          1.69          071          16.26         19.48          0.24          1.75
石棉及其他非金属矿采选        95.82         477         8.16         3.39        46.22         5.65         2.79         2.04        44.31        17.84         273        $1.51        30.92         8.74         0.80        20.83         0.50                     0.05        22.88        12.64         0.50         1.72         0.39         0.63         0.06         646         640         0.18         0.23
开采专业及辅助性活动                                            45         3423.52          815.77         2482.63         1448.63         1750.71          249.03           71.81           16.72         1930.53         1789.62          861.54         1492.99         2156.30          601.56            0.28         1549.74            0.50            254            1.68         (2536.16         2381.20            1.63          111.46            1.75           11.53           21.60            8.04           27.61           12.12           (24.05
煤炭开采和洗选专业及辅助性活动                          b         49.56          9.88         18.38          8.29         30.72         16.18          0.54          0.02         76.61          70.87         11.91         -27.05         11.11           9.99          0.27          0.85                                                   35.79         30.56                        473          231          234          0.02          -2.61          -2.69          2.83          0.77
石油和天然气开采专业及辅助性活动                        7       3368.51         805.56       (2463.79       1440.22       1716.31        231.08         71.28         16.70       1849.37       1715.23        847.87       1519.14       (2144.89.        691.27,          0.01        1548.89          0.50          254          1.68       (2493.22       2344.04          1.63        106.54          -0.60          9.18         21.57         10.35         30.00          9.29         23.23
wet                                               15544     310989.48      了70038.36     145190.47      了0585.16     161710.68      35691.24      38076.00      10133.27     174945.67     138070.55      48055.67     136125.22      61772.50      22012.28        679.31      34661.42       2291.38        341.21        1782.24     246370.23     205455.45       3908.13      12265.53        935.99,       1892.89       2776.39      11419.18      11442.38       (3736.14        ‘783.94
Rel ean Td                                                    850         2802.92          623.20         1206.77          565.85         1690.39          186.14          ‘574.45          (261.87,         1899.28         1526.37          218.65          903.65          729.03          296.84            5.21           382.54           33.37             0.99           10.07         3961.99         3728.05           53.71            87.11            27.16           27.62            0.39           60.27           64.66,           47.58            13.00
谷物磨制                                                       214          524.73          115.56          173.45           53.34          328.56           23.85          128.82           43.72          380.95          307.27           16.38          143.79          106.88           50.64             0.67           41.76             842             0.86            454          478.21          448.64             787           12.84            5.28             3.89             0.06            454            641             7.03             1.38
司料加工                                              87        234.22         52.82         96.00         41.36,        129.19         28.81         24.14          549        114.06         91.15         2147        120.16         ‘37.07         12.69          0.30         21.51          2.50                        0.07        377.66        344.30          772          9.14          1.37          0.84          2.16         15.54         15.76          1.80          1.09
植物油加工                                                     89          571.91           85.48          263.32          174.71          431.44           29.40          184.16           64.23          436.98          395.00           72.96          134.93          106.68           ‘74.78            0.59           28.51            1.67                            1.13         1498.20         1459.11            6.82           15.92            5.09            483           5.20            6.04            6.50           12.71            1.57
制糖业                                                        68          367.33          110.19          (259.88          147.79          212.93           21.51           59.66           44.03          (253.25          206.78           34.74          114.08           75.27           33.49            1.13           39.84            0.11                            0.70          372.30          319.34            447           14.76            475            8.37            0.26           26.93           27.29            2.03            2.80
B= REAAMI                                               247          473.79           93.28          155.87           59.76          250.86.           (26.62           67.02           57.16          313.96          205.57.           30.74          159.82          116.63           55.12            0.74           44.87           15.78            0.13                          705.78          676.66           14.16           16.06            4.10            4.04            1.65           4.00           3.32           13.80            3.36
水产品加工                                       29       111.44        24.78        38.54        12.72        42.66         5.80        19.22        10.77        80.81        59.58         7.60        30.63        26.70        14.94                    10.86         0.26                     0.64        69.70        64.29,         1.24         424         235         0.94        0.72        -3.35         -3.12         4.80         0.70
蔬菜、菌类、水果和坚果加工                              ‘54        205.47         38.74         62.09         23.34        139.90         24.85         25.62          7.86         90.31          75.26         12.40        115.17         36.49,         20.56          047         11.24          4.22                                    111.73         90.32          5.81          461           0.18          0.58          1.19         12.14         12.31           143          0.96
其他农副食品加工                                       62        314.04        102.35        157.62         52.83        154.84         (25.31         65.81         28.61        228.96        185.76         22.66         85.07        223.30         34.62          1.31         183.95          042                        3.00        348.42        325.39          5.62          9.54          4.04          413          0.21          244          2.83          3.99          1.15
食品制造业                                                     395         2180.23          517.13         1020.55          491.22         1080.25          210.14,          195.75           91.43         1109.84          902.72          (250.74,         1070.39          509.49,          179.23           13.59          (267.57           38.31            1.56            9.23         1670.84         1379.82           93.74           91.27            7.06           13.77           63.68          158.29          158.31           19.41           12.14
焙烤食品制造                                     48        80.63        21.52        36.35        14.67        48.32        12.26         4         1.83        40.60        33.37        10.68        40.03        20.28         5.82         0.10         8.36         4.23         0.15         1.63        61.93        47.88         431         485         0.12         0.36         0.27         468         5.11         0.28         0.94
糖果    RARB HAS                                  6         29.09          2.01          3.68          1.66         20.59          071           1.61           0.51          15.92         15.83          451          13.17          9.06          0.10          0.80          8.16                                                  12.65          9.13          0.55          1.26          017          0.04          1.05          2.99          3.01           0.10          0.08
方便食品制造                                          51         145.79         33.87,         58.61         24.74         77.39         31.31           8.24          445        127.44         97.38         21.52         18.36         42.23         21.08                       16.43                        1.08          3.64        105.82         92.51          3.18         10.00          1.90          2.16          0.36          -2.06          -1.96          445          1.66
| it tes                                                       91           722.03          158.46          308.45          148.07          359.72           91.64           45.15           20.69          349.45          (299.74          123.59          372.58          180.34           45.92             8.62          114.82             8.15                              2.83          688.42,          592.12           50.43           21.66             1.04             1.98           45.82,           70.05            70.38             8.29            371
BSR                                          33         88.40         21.04         51.90         28.79         63.42         10.38         34.22         2277         50.87,         45.28          7.20         ‘37.53         35.90         13.91           0.10         21.67          0.08          0.08          0.05         79.54         61.14          2.80          2.84          0.58          0.91           0.05         10.79         10.97          0.19          0.67
调味品、发酵制品制造                                   35        366.25         75.22        119.44         42.74        193.82         19.33         40.22         13.86        154.04        120.06         18.86        212.21         63.70         24.33          1.87         27.08         10.42                                    236.98        192.65         11.79         15.67          0.37          2.79          480         22.56         21.96          0.45          141
其他食品制造                                                   131          748.03          205.01          442.11          230.55          316.99           44.51            62.20           2731          371.52          291.05           64.39,          376.51          157.98           68.07            2.10            71.05            15.43             0.25             1.08          485.51          384.40           20.68           34.98             3.95             5.54           11.32           49.29,           48.84            5.65             3.67
A      斗和精制茶制造业                                        357       10151.73         1121.49        2064.26          923.75        6445.10          430.87,        1827.77          378.94        3678.93        (3257.56         544.13        6472.80          663.04         226.98           19.60          345.93           46.40           11.16           12.96        5371.43        (2645.51          338.25          302.49          -34.88           19.13          486.54        1931.15         1933.89           47.36,           (25.13
酒的制造                                                       197         9542.38         1031.42         1886.82          842.03         6034.65          392.58         1733.91           329.99         (3312.85         2989.68          494.95         6229.52          533.71           171.81            15.98          282.31            41.53            10.99           11.08         5019.70         2385.48          303.77          283.02           -35.00            17.13          484.81         1891.48         1893.35           45.01            22.58
Ra aS                                                      84          424.44           68.71          146.18           72.92,          283.24           19.94           477           34.51          240.36.          193.78           36.47          184.08           91.51           32.49            245           50.27,            4.26            017            1.88          282.48          209.11           29.54           13.41            0.92            1.08            1.01           32.66           33.01            152            1.87
精制茶加工                                                    76          184.91           21.37           31.26            8.80          127.20           18.34           46.15           14.45          125.72           74.09,           12.71           59.19           (37.82           22.68            117           13.36            0.62                                           69.25           50.92,            4.94            6.06            1.04            0.92            0.72            7.01            7.53            0.83            0.67
1S il Sell                                                          85        10742.90         1287.14         (3578.97         (2287.91         (7463.52          405.57,         4264.19          238.15         2114.93         2084.59          852.64         8627.98         1035.81           587.94                           445.14,             2.05                              0.69        13216.22         3849.57          150.46          661.55           -88.69             1.43            96.30         1525.92         1511.64             237            14.34
烟叶复烤                                                           22          470.69            84.41           217.52           133.07           344.61            28.02            79.98            69.90           106.08           103.47            63.00           364.61           235.98           114.90                            121.08                                                               213.69           170.49             468            22.91             -6.86             0.01             0.32            19.79            19.04             2.32             1.43
卷烟制造                                                          39        10083.69         1156.83         3265.40         2104.69         6992.32          333.67         4154.88           151.69         1960.27         1933.52          762.23         8123.41           759.61           466.99,                            291.78             0.16                              0.69        1290144         3614.14          143.89          622.44           -80.99             1.27            95.97         1489.65         1476.18                             12.36
其他烟草制品制造                                       24        188.53         45.90         96.04         50.15        126.59         43.88         29.33         16.56         48.57         47.59         27.40        139.96         40.22          6.05                       32.28          1.89                                    101.10         64.94          1.89         16.20          0.83          0.15                       16.48         16.42          0.05          0.55
纺织业                                                            153         1091.78          319.43          654.42,          318.29          468.74,           65.92,          130.84           78.66          565.23          421.07,           71.00          526.55          (257.05          108.91             0.93          122.06           23.24                             1.90          642.67          593.06.             7.86           29.02           12.92           13.92            424            5.31             5.14           18.06             7.16
棉纺织及印染精加                                             82          830.13          (251.63          531.63          264.53          356.62           45.72           98.92           58.70          456.26,          362.35           ‘57.66          373.87          207.92           89.60            0.78           94.03           21.94                            157          454.36,          432.38            458           17.52           11.92           12.33            4.26           6.73           5.80           14.76            4.99
毛纺织及染整精加                                        8         55.78         10.71         22.16         11.45         26.90          436          9.30          6.07         14.46          6.55          255         41.32,          8.66          1.90                        6.22          0.54                                     76.13         63.75          148          2.20          0.03          0.20          0.06          9.01           8.95                        0.48
麻纺织及染整精加                                        9         21.78          6.40          9.90          3.47         10.33          0.62          3.83          253         15.49         11.60          1.33          6.29          8.25          4.09                        416                                                   8.21           7.32          0.09          0.89          0.28          0.39          0.03          0.04          0.09          041           0.22
丝绢纺织及印染精加工      37.02       0.98       2.63       1.36       7.59       047       445       3.14       7.40       439       0.57      29.62       2.01       1.66       0.16       0.09       0.11                          10.44       9.43       0.08       0.57       0.19       017                 0.14       0.15       0.31       0.16
家用纺织制成品制造                             8       13.35        235        3.51        1.15        8.74        248        2.12        1.16        6.52        649        2n        6.83        171        0.18                   1.53                                       16.27       13.54        0.15        1.26        0.05        0.06                   1.33        1.36        0.04        0.18
产业用纺织制成品制造                                         34          123.21           43.21           76.87           32.74           53.31           10.74           11.37            657           59.80           35.35            5.78           63.41           27.28           10.71                           15.72            0.53                            0.34           71.05           61.38            1.45            5.64            0.34            0.67           0.04            1.80            1.33            2.07            0.74
纺织服装、服讳业                                               239          427.66           98.38          211.26          111.10          275.73           29.98           44.09           24.01          176.65          157.33           37.31          (251.01           81.03           48.07            0.36           (29.53            2.88                             0.20          238.46,          174.11            3.66           61.45            -1.66            0.84            0.26            152            5.50            757            5.83
机织服装制造                                                179,          308.13           67.90          146.62           77.59          200.54,           21.37           32.29           16.56          125.22          114.03           28.14          182.92           58.26,           31.07            0.21           (24.15            2.66                            017          169.72          120.78            2.65           45.63           1.28            0.59            0.06            1.93            407            5.50            438
$+ 20 Be Eat fa 20 ARSE aS                                 31          71.66         18.39         38.00         19.09         44.32,          Tar         10.87          721         (34.56,         30.32          8.02         37.11          17.83         14.91           0.05          2.63          0.21                        0.03         49.76         42.33          0.92          7.39          0.01           0.23          0.19          0.29          1.10          1.32          0.99
服饰制造                                              29         4787         12.09         26.65         14.41          30.87          1.24          0.92          0.24         16.88         12.98          1.15         30.98          4.94          2.08          0.11          275                                                   18.98         11.00          0.08          842          0.37          0.02          0.01          0.12          0.33          0.75          0.46
BS. ER. VERE MADE                          23         99.85         13.44         23.24          9.80         58.62         14.43         10.82          7.08         33.04,         27.95         12.67         66.81          17.87         13.07                        476          0.04                                     72.05         ‘57.26          1.04         10.02          0.06          0.10          0.26          3.99          4.08          0.21           117
皮革制品制造                              b       3.30       0.94       1.83       0.89       218       046       0.03       0.02       1.68       1.67       042       1.62       0.73       0.58                 0.15                                    477       2.66                 2.50       0.02                          0.06       0.07                 0.12
制鞋业                                          15        83.89        10.87        19.07         8.20        46.66        13.68        10.37         6.81        26.31        22.37        11.57        ‘57.58        15.23        10.99                     421         0.04                                64.23        51.60         1.01         7.31         0.06         0.09         0.26         4.09         415         0.04         1.01
AMM LAK 1. BE. SHB                        82        319.94        104.31         176.24         67.17        150.20         26.99         32.88         14.71         194.19        145.08         23.66        125.76         79.98         39.50          1.29         31.33          7.04          0.70          0.11         167.37        149.25          2.38         10.42          mer          3.50          077          243          2.86          7.79          1.87
木材加工       67.62       16.23       26.23        9.94       20.65        211        1.06        0.63       16.51       11.78        2.66       $1.11       19.24       10.12                   7.14        1.87                   0.11       27.76       23.99        0.14        1.06       0.02        017        0.07        2.99        3.28        0.44        0.27
造板制造                                            40        230.06         83.80        142.38         54.06        113.23         20.27         (25.54         11.54        162.57        119.76         17.91         67.49         51.63         (25.03          1.24         21.19          3.46          0.70                      119.48        106.90          1.92          8.00          3.62          3.10          0.70          0.18          0.28          6.30          1.00
木质制品制造                                 16       15.74        2.29        462        2.25       12.90        3.42        5.72        2.24       11.96       10.67        2.38        3.78        6.63        414        0.05        240        0.04                             16.63       15.52        0.23        0.89                   0.14                  0.78        0.74        0.91        0.18
ti. B. &. SSH RHE                       a"       6.52       1.98       3.01       0.93       3.42       1.20       0.55       0.30       3.14       2.88       0.70       3.39       248       0.21                 0.60       1.67                          349       2.84       0.09       047       0.07       0.08                 0.04       0.04       0.13       0.42
家有具制造业                                               23        (243.75         12.02         30.83         18.67        188.04         60.32         12.17          3.30        189.50        180.10         63.17         54.25         12.68          3.98                        7.70          0.74                        0.25        197.67        162.94          2.64         23.70          017          0.54         12.95         22.49         22.51           0.74          0.69
木质家有具制造                                 14,       36.36,        5.91        9.38        3.37       23.61        7.27        6.99        2.29       25.35       21.55        6.63       11.00        6.07        3.39                   1.98        0.51                   0.19       20.10       16.30        1.10        1.37        0.36        0.36        0.01        1.16        117        0.63        0.28
人金属家具制造                                                  b          200.20            371           15.85           12.10          160.42           51.62            416            0.61          159.87          154.38           55.40           40.32,            5.34            0.59                            472            0.04                                          170.49          141.63            0.34           21.67           0.55            0.15           12.94           21.16           2147                            0.33
Stile                                                  110         1631.12          422.34,          920.14          479.30          739.75           76.79          158.04           477         1042.91          845.55          124.01          588.21          379.76          139.09            143          181.44           36.69            0.03           21.09          778.75          710.95           10.84           54.13           12.49           16.14            744            3.89            443           18.65            476
Re HS                                               a"        (251.98         82.73        141.10         55.38        104.22         11.28         11.88          2.25        158.60        123.37         16.32         93.38         79.58         15.22                       $7.22                                      7.13         94.23         83.67          141          5.52          297          3.27          -0.05          1.83          1.83          azz          0.39
造纸                                                          ‘54         1272.11          310.28          719.80          394.44          571.83           50.84          132.66           38.86          821.21          677.82           97.57          450.90          273.43          116.16            1.19          106.06           36.50                           13.52          604.68          559.11            8.25           40.70            9.04           12.35            7.27            0.14            0.61           13.60            3.50
纸制品制造                                       49       107.03        29.33        59.23        29.48        63.70        14.67        13.50         6.60        63.09        44.36,        10.12        43.94        26.75         771         0.24        18.15         0.18         0.03         0.43        79.84        68.17         1.18         7.91         0.48         0.53         0.22         1.92         1.98         1.82         0.87
印刷和记录媒介复制业                                    294       1110.08        230.16        721.15        487.21        651.27,        110.63        108.59         38.58        342.10        288.27        102.23        767.98        346.33        136.86          6.70        189.99          787          1.13          3.78        618.89.        486.70         10.21          85.18          6.27          1.95          444         42.89,         43.76          8.43          7.09
印刷                                                         282         1074.92          224.72          702.54          474.14          626.78          106.23          106.29           37.84          330.30          278.41           99.06          744.62          336.14          134.67            6.70          183.28            6.58            1.13            3.78          601.40          473.01            9.64           82.11            6.29            1.81            418           42.52           43.39,            7.69            6.84
装;    DRAB ARS                                 a"        28.27         481        15.32        10.51        20.12         3.99         1.89         0.65        10.98         9.14         2.98        17.29         488         1.59                     2.00         1.29                                15.05        11.81         0.48         2.62         0.05         0.14         0.20         0.24         0.23         0.69         0.21
记录媒介复制                              b       6.89       0.62       3.30       2.56       437       041       0.40       0.09       0.83       0.72       0.20       6.06       5.31       0.60                 4m                                    244       1.88       0.09       0.45       0.03                 0.05       0.13       0.14       0.06       0.04
教、工美、体育和娱乐用品制造业                               67          352.51           27.63           56.85           an          291.49,           20.90          148.28           41.02          192.71          175.11           38.84          159.79           61.92,           19.04            0.39           39.43            1.13                             1.93         1012.92          955.29            9.96           11.82            141            2.89            941           44.18           44.75            1.07            1.26
文教办公用品制造       13.35       2.04       3.48       141       9.20       1.45       1.82       0.70       2.62       2.24       049       10.73       3.18       1.97                 1.05                           0.16       649       5.34       0.16       1.00       0.09                 3.82       3.91       3.95       0.03       0.10
乐器制造                                               8         39.84          977         17.00          7.23         23.51           1.55         12.90          6.20         12.83          9.21          2.20         27.01         21.93          3.64          0.18         18.09          0.02                                     13.59         10.79          0.65          2.22          0.21           0.05          0.02          0.02          0.01           0.22          0.30
工艺美术及礼仪用品制造                                       41          (284.24           12.46           29.74           16.80          249.69,           16.02          131.29           33.48          169.41          155.86           34.417          114.83           32.13           11.35            0.21           18.30            0.58                            1.69          982.70          931.42            B41            712            1.54            272            5.56           40.29,           40.73            0.40            0.64
本育用品制造                         b      6.16      1.59      3.64      1.05      2.85      0.59      1.00      0.48      1.72      1.67      0.70      444      2.64      2.08              0.44      0.04              0.08      5.97      4.23      0.70      0.84      0.08      0.01      0.01      0.08      0.15      0.26      0.11
游艺器材及娱乐用品制造                          4        8.16        1.73        2.94        1.21        5.52        1.02        1.12        0.10        5.61        5.60        0.93        255        1.84                             1.36        0.48                             254        2.07        0.03        0.50        0.09        0.11                  0.13        0.12        0.15        0.07
Bs ie RS HE HT Ak                                     (259       (21953.65         (7941.28        19370.65        10472.65         (7964.24          875.90         (2927.26          647.43        12473.50         8548.08         2313.13         9480.15         4657.68         1983.02           17.11         (2497.36           72.14           58.98           (24.53        3779786        31146.58           92.65          638.01          160.03          203.06          111.52          565.20          527.32          319.55           39.81
精炼石油产品制造                                               147        17369.64         6135.38        16306.33         9311.54         6318.79          691.84,         (2527.62          569.87,         9165.28         6368.24         1748.75         8204.36         3442.40         1485.18             491          1832.79           36.00            58.98            (24.53        3441012        27909.60            84.26          529.82,          112.24          147.03            77.72          587.56          550.38           178.85            31.18
煤炭加工                                                          SF         3605.22         1631.85         2645.53           916.62         1065.64          146.67          216.81            69.53         2669.94         1852.75          494.53           935.28         1023.25          468.44            12.20          502.11            35.95                                            3082.04         3009.71             8.23            91.41            46.83            51.54            32.29           89.61           -90.14          138.98             744
生物质燃料加工                                          8         56.35         22.97         31.27          8.30         22.69          797          6.88          2.94         42.95         27.01           1.55         13.39         17.50          0.40                       16.91           0.19                                     ‘3742         (34.42          0.08          1.12          1.36          1.58                        0.29          0.20          1.72          0.09
化学原料和化学制品制造业                                      1372       2895542        1181182       (22295.13         9579.71         9347.43         1324.40         1644.75          711.00        17024.32        11734.63         (2441.69        11929.29         7376.49         (2725.82           75.10         3875.11          304.66           63.44          330.22        18930.64        16516.77          220.81          965.71          (251.87,          313.96          210.20          856.52          846.07          ‘597.54           64.20
基础化学原料制造                                              451        11923.94         4945.49         9590.61         4223.77         3415.00          334.85          578.95          234.02,         6906.49         4523.32          933.33         5016.15         3187.56         1163.51           31.79         1528.38          192.04           60.99          210.85         8031.30         7183.29           61.78          367.94           94.09          119.44           61.01          279.20          270.60          286.05           23.57
肥料制造                                                         174         4416.74         1483.13         (3177.38         1569.69         1884.48           168.68          286.48            90.20         (2846.22         2176.75           330.51         1570.52         1067.20          427.73            11.55          568.88            48.91             0.30             9.83         2714.44         2216.01            29.91           133.87           48.80            63.26           51.54          277.87          275.39           41.14            10.09
农药制造                                                      43          886.08          233.02          400.00          161.67          324.64           59.59           63.27           34.93          309.94          239.27           58.88          576.14,          123.93           57.20            1.50           51.63           11.30            0.78            1.53          447.25          363.35            8.98           32.15            046            349            9.53           54.76           54.84            3.63            2.18
=      He . MET     以产品制造                              65          453.05          147.64          267.77           89.95          182.07           37.30           45.83           24.02,          247.03          215.79           66.37          206.02          148.97           41.64            2.38           99.47            4.01                            147          (243.23          206.08            6.12           (24.57            237            2.83            9.88           14.87           14.94            5.63            171
合成材料制造                                                   189,         8566.96         4378.93         7640.55         2993.74         2129.54          390.78          433.72          207.74         5386.63         3509.01           769.00         3180.33         2290.20           823.45            13.38         1329.76            18.86             0.72          104.03         5685.67         5117.61            48.13          (244.57            94.78           109.15            48.05            62.40            58.96,          241.02            14.39
专用化学产品制造                                                271          1365.55           344.96          665.61           (287.93           722.87          205.35           144.95            79.31           743.51           626.86           166.70           621.51           320.97           128.27            13.29           162.93            13.35             0.65             248         1156.15           997.89            17.20            80.14             7.76             9.16             7.24            57.70            58.71            16.30             5.07
炸药     工及焰火产品制造                              135       1085.23        (255.05        501.88        (225.87        485.24        100.53         66.04         24.59        498.26        364.32         86.64        586.98        195.47         66.23          1.21         114.58         12.75                                    474.50        338.46         10.61          71.11          449          6.28         22.60         74.35         77.09          2.96          6.14
上日用化学产品制造                                       44        (257.88         23.61         $1.32,         27.08        203.59         2731         (25.50         16.18         86.24         79.31          30.27        171.64         4247         17.78                       19.47          344                        0.02        178.09         94.07         38.08         11.37          0.87          0.36          0.35         35.37         35.55          0.80          1.03
BZ aledb                                                     544        7430.16         1140.61         2162.40          994.53         3843.91          703.23          730.15          284.56,        2590.70         2168.30          394.16        4839.46         1126.73          432.54           19.34          541.06,          110.38           12.23           11.17        2821.22         1451.08          552.59.          344.66           1.25           27.87          105.11          548.28          542.68           29.93           23.63
学药品原料药制造                                             75          693.22          210.65          442.56,          (227.26          220.07,           48.00            70.22           39.45          300.54          239.94           45.26          392.68          148.97           38.00             5.59           82.63            14.00             2.85             5.90          288.14,          205.46           20.49,           40.01             4.23             548             6.24           21.79           21.23             5.90             3.24
CS aaa                                             126        2181.32          277.98          561.28          276.58         1065.55          131.21          134.17           63.65          786.16          662.46           99.65         1395.16          321.94           98.15            0.88          171.12           48.01            1.55            2.23          831.77          441.21          167.53           99.33           0.03            9.19           44.33          170.30          166.14            5.32            7.02
中药饮片加工                                                  89          498.30           76.53          127.12           40.63          340.22          151.32          107.42           50.41          (245.97,          201.54,           85.34          (252.33           66.81           32.42                           29.88            2.03                            248          (259.35          181.17           31.37           18.89            2.63            2.80            291           26.64           26.83            2.63            1.37
中成药生:                                                      149         1933.13          243.20          449.86.          203.70         1132.91          165.99          264.28           80.74          715.85          613.96          106.89         1217.28          286.10           84.19            0.76          160.56           (34.57            5.95             0.08          836.32          385.73          210.88           84.94            1.55             7.16           29.29          174.76          174.01             677            7.15
兽用药品制造                                          30        170.60         55.34         93.59         38.05         89.13         26.65         18.90         10.93         53.03         47.27         13.45        117.57         32.18         10.80                       21.22          0.10                        0.07         86.96         $2.34         10.95         12.29          0.07          0.37          0.27         10.39         10.48          215          0.84
生物药品制品制造                                             52         1806.52          (245.22,          434.95          187.30          913.48          166.31          121.54           29.55          447.02          367.05           31.08         1359.51          (242.59,          163.44           11.03           58.10            9.76                            0.26          451.63          139.98          105.79           83.10           641            273           21.86          134.39          133.76            6.92            3.16
卫生材料及医药用品制造                             15        46.37         3.43         8.85         5.28        23.89         3.61         272         1.16        15.72        11.13         214        30.65        18.03         1.34                    15.90         0.73         0.02         0.02        17.90        11.57         235         278         0.03         0.06         0.03         1.30         1.35         0.18         0.23
药用辅料及包装材料                                 8       100.70        28.27        44.20        15.74        58.65        10.14        10.89         8.68        26.42        24.96        10.36        ‘14.27        10.12         421         1.09         1.65         1.18         1.85         0.14        49.15        33.61         3.25         3.32        0.21         0.08         0.19         8.71         8.87         0.06         0.63
化学纤维制造4                                                   77        2275.03          660.46,         1340.70          610.11          833.25           85.16          218.29,           97.41         1331.15          935.41          (225.49,          943.89          490.57,          286.28            3.01          174.51           11.86            0.35           14.56         1529.89         1395.34           11.60           67.96           22.93           27.99           13.41           36.97           39.49           39.07            7.05
维素纤维原料及纤维制造                                    24          849.33          (252.27          474.40          212.04,          303.34           16.23          118.58           37.15          525.16          361.30           90.09          324.16          216.75          139.43            177           60.37            1.92                           13.26          730.76          658.83            3.68           25.88           12.68           12.45            1.78           29.43           29.82           16.38            252
合成纤维制造                                                    42         1341.60          370.73          815.71           385.36          505.25           66.31            90.87           55.29          767.38          548.94          125.91          ‘574.22          (241.26,          141.60             1.04           87.40             9.58             0.35             1.29          762.44          702.19             TAT           39.99             9.44           14.75            11.55             8.78            10.75           20.96            4.29
生物基材料制造                                         11          84.11         37.46         50.59         12.70         24.66          2.62          8.84          4.96         38.61         25.16          9.49         45.50         32.56          5.25          0.20         26.74          0.35                        0.02         36.69         34.32,          0.45          2.09          0.81           0.79          0.08          1.24          1.07          1.74          0.25
橡胶和塑料制品业                                               316        2293.32          545.35         1050.01          486.75         1135.86          268.23          220.48          127.08         1096.50          882.57          272.80         1196.82          771.71          271.03            617          436.34,           48.59            3.62            6.13         1350.97         1140.49           37.80          100.93            5.12           13.05            9.27           66.74           70.15           11.62           11.11
#2 Bett] Gal                                                        84         1075.08           312.46          568.43          250.86.          567.30           123.81           127.06            85.04          608.84,          514.90           162.42          466.24          (251.39          150.30             2n            78.17            16.60             3.00             0.60          683.99,          ‘574.71            22.80            47.89,             231             7.36             1.79            (34.53            34.22             442             617
塑料制品业                                                       232         1218.24          232.89          481.58          235.89,          568.56,          144.41            93.43            42.04          487.66          367.67          110.39          730.58          520.32          120.73             3.45           358.17            31.99,             0.52             5.53          666.99,          565.78            15.00            53.04             281             5.69             748            32.21            35.93             7.20             4.94
非金属矿物制品业                                                (2587        17527.26         4745.44         8453.29         3504.79         8676.69         2737.19         1108.18          434.13         9666.22         7828.21         2390.67         7861.04         3671.95         1731.55           62.18         1728.21           119.85            11.87           17.56         7311.80         6208.46          118.50          519.68            73.63          111.64           68.84          414.15          421.30          178.01            42.61
KR. BRAAR HE                                          682         7214.62         (2579.92         5219.10         2480.94         2770.19          318.35          277.76          117.72         3170.15         2792.02          597.86         4044.47         1652.67          857.70            23.10          714.45            40.54             7.34             8.81         (2925.30         (2486.44           $2.72          (229.01             9.80            40.07            12.96          130.97          135.81            98.08            16.48
5襄、水泥制品及类似制品制造                              1191         4657.35          627.22          983.78          344.42        (3334.43         1845.70          219.94          110.50         (3357.37        (2891.97,         1229.87         1299.98          730.91          365.54           11.61          328.08           22.58            148            1.62        2134.31         1807.72           33.75          130.67           35.78           35.23           38.50          143.37          144.43           33.46,           10.22
砖瓦、石材等建筑村料制造                              263       1472.54        194.99        271.37         72.19        823.22        130.72        (262.53         23.53        922.74        561.93        106.47        549.80        191.69         98.94          049         80.31          11.08          0.58          0.31        404.76        331.95          7.88         23.33          6.88          641           1.08         31.98         31.36          7.01          2.13
eas                                              48        776.85        274.59        371.58         92.01        (257.18         62.94         43.16         26.16        461.21        (293.47         88.05        315.64        215.71          88.45          2.23        109.74          8.66          234          4.29        377.73        341.94          347         21.77          673          5.84          1.84         10.25         10.57         10.20          2.00
TR aa aS                                          50        327.46        117.11         189.45         68.40        150.26         43.77         28.93         18.19        177.64        146.38         41.85        149.83         88.69         41.33          1.40         33.92,         11.75          0.05          0.25        192.11         170.17          243         13.36          1.78          214          1.34          5.33          542          2.62          1.52
坡璃纤维和玻璃纤维增强塑料制品制造                          55         1183.26          (548.37,          739.68          190.01          444.79          100.99           85.93           55.08          617.94          392.34           82.55          565.33          234.96,           48.31            0.93          184.35            1.00                            0.37          450.82.          365.36            5.87           36.13            491            971            6.05           56.98           56.91            1.12            4.10
陶瓷制品制造                                          32        126.46         28.22         55.09         22.61         60.02         16.46         13.64          8.33         54.45         40.02         11.71         72.01         $2.32         13.06          1.50         37.39          0.38                                     52.87         4157          1.66          787          049          0.79          0.60          1.83          2.00          2.04          0.76
耐火材料制品制造                                       43        (293.31          38.50         85.02         44.08        141.56         38.93         30.08         19.36        142.21         122.86         44.29,        151.10         62.50         28.83          756         22.89          3.09                        0.14        157.68        135.16          4.02         12.06          0.91           1.61           1.20          474          5.30          0.84          1.45
石墨及其他非金属矿物制品制造                                 223         1475.42          336.53          538.23           190.14          695.05           179.34          146.22            55.26          762.53          587.21           188.01           712.89          442.49,          189.41            13.37          217.07           20.79             0.08             177          616.20          528.14,             6.99           45.48             6.33             9.82             5.28            28.70            29.51            22.63             3.95
SRSBa hae                                         (295        29690.08        11430.78        24227.01        12384.51          9381.79         1177.80         (2617.54          603.63        17543.96        13664.70         4182.99        12144.06         6029.41         2013.10             5.98         3800.17,          272.57            33.59,          102.32        28832.02        27644.80           106.74          792.82          226.17          277.71           225.27            93.32            74.18          430.08            57.11
ER                                                            9          421.27          155.63          (247.38           89.27          216.69           86.57           45.50            274          317.59          287.82           98.32          103.68           59.01            1.54            0.40           57.07                                                          406.39,          397.14            0.05            9.72            242            274           0.09           5.05           545           11.80            0.91
aia                                                          11         2832.93          650.13         1243.07          ‘577.42         1106.03          114.34          275.02           63.62         1750.10         1344.68          335.25         1082.83          483.08           64.95                          417.63            0.50                                         2888.96        (2752.26            7.65           75.48           29.26           30.23           14.06           35.69           30.37           (25.50            431
压延加工                                                      248        26188.24        10557.92       (22589.08        11660.85         ‘7957.91          963.29         2264.10          523.59        15288.86        11892.59         3705.78        10897.32         5398.82         1884.75             5.54         3303.98          266.96           33.59,          102.32       25336.86       24301.62           97.07          698.90          191.19          (241.80          209.27,           69.93           56.08          381.01            51.02
BRASH                                             27        (247.64,         67.09        147.48         56.97        101.17         13.59         32.91          13.68        187.40        139.60         43.64         60.23         88.49         61.86          0.04         21.49          5.10                                    199.81         193.78          1.98          8.72          3.30          2.94          2.03          7.24          6.82         11.77          0.87
有色金属冶炬和压延加工业                                         619        18614.14         4559.43         9453.44         4204.82         8599.65         1183.24         (2873.68          537.13        10381.96         7402.24         1906.54         8227.74         4161.82         1654.88            90.01         2172.14          109.01            20.37           (24.83        (25891.21        24039.00            47.63          542.22          138.64          183.14          355.01          1268.32         1270.20           126.94           44.93
BRABSE A                                                176        11099.43         3023.53         6528.87         (2959.53         4827.30           584.21          1744.22           176.60         6030.00         4480.88          1302.53         5070.38         (2577.36         1032.74            69.82         1320.07            59.83            11.04            19.33        14226.70        13059.26            19.39          275.34            86.71           108.83            78.50           738.58           736.65            75.53            26.86
贵金属冶炼                                                    74        (2231.87          239.04          566.33          320.81          877.26           36.14          275.67           ‘57.44         1296.91          644.71          120.08          934.96          200.11           57.10            5.75          114.45           15.53            7.28                         3178.01         2999.04            3.64           77.19           14.07           26.38          271.59          336.55          335.07            8.84            3.36
PARLE EA                                               57          913.47           83.96          141.44           56.14          589.23           64.03          (268.27           85.96          420.09          308.61           66.24          493.38          180.25           86.88             042           88.66            3.54             0.15             0.60          998.09          920.27             141           28.32             1.99             847             745           46.05           44.10             2.50             1.58
有色人金属合金制造                                             82          940.54          195.40          369.55          161.47          487.39          137.59          106.34           43.02          538.35          348.27          108.91          401.38          217.29          119.41            0.09           89.81            5.07            0.29            2.56          921.61          839.71            7.73           43.26            6.60            7.03            7.01           29.85           31.85            5.78            2.89
有色金属压延加工                                            230         3428.83         1017.50         1847.25          706.87         1818.47          362.26          479.17          174.11         2096.61         1619.77          308.79         1327.64          986.80          358.75           13.93          559.15           (25.05            1.59            2.33         6566.81         6220.73           15.45          118.11           29.27           32.43           9.55          117.29          122.54           34.29,           10.24
金属制品业                                                           741          6502.36         1093.64         (2272.89         1111.86         4130.63          1192.67           934.01           323.56         4111.94         3466.76         1187.50         2390.40          1341.47          539.20            12.52           113.77            54.27             3.63            14.97         4221.70         (3772.57            43.96          292.30            23.64            34.29,            35.63           149.03           154.46            55.79            (25.62
结构性金属制品制造                                            288         2206.53          328.77          527.48          193.94         1541.02          599.08          330.93          115.82         1575.87         1357.29          560.02          630.65          459.86.          236.13             5.90          206.71            10.08             0.68             0.06         1359.31         1227.71            10.76           82.48            13.77           13.63            10.80           27.29           27.55            15.52            6.59
金属工具制造                                          29        139.82         43.01         1014.12         56.81         64.74         13.73         23.83         14.29         67.81          55.57         14.32         72.00         50.45         38.27          017         11.00          0.61                        0.40         80.80         64.80          2.69          8.84          0.67          0.79          0.09          473          5.12          1.10          1.13
集装箱及金属包装容器制造                                     77          506.32          116.66          211.97           90.42          349.10           97.91           93.20           31.16          (274.22          238.33           93.97          232.10          152.70           17.03            3.12          128.63            1.84                            2.08          458.32          399.35            5.88           30.45            0.37            2.16            2.24           23.85           24.88            3.55            3.02
£B#e Rew                                   38        191.93         33.29         80.82         40.80        118.60         41.98         22.19         10.53        104.07         92.37         21.30         87.87         53.83         23.42          0.15         (25.23          2.39          1.89          0.74        174.30        155.39          3.32         10.07          0.82          0.94          0.15          445          4.50          1.89          117
建筑、安全用金属制品制造                               20         97.45          as          9.43          3.70         80.58         4157         13.07          5.27         73.97         66.83         13.29         23.47         11.78          2.24          0.23          7.36          1.95                                    124.64        112.87          0.65          543          1.89          1.53          0.01          3.45          3.62          0.31           0.20
金属表面处理及热处理加工                               34        (257.18         38.92         95.74         56.69        136.82         46.68         21.66         11.61         149.61         136.97         29.04        107.57         52.89,          8.35          0.01          38.31           0.86                        ar        219.05        199.23          1.28         10.44          0.72          1.01           046          6.14          6.01           1.30          0.53
金属制日用品制造                            9       7.04       0.92       2.33       141       5.64       1.87       1.19       0.24       297       2.85       0.95       407       1.56       0.34                 0.99       0.09                 0.14       9.80       8.53       0.21       0.79       0.04       0.03       0.02       0.36       0.35       0.01       0.10
HERE HS Eales                                        246         3096.09          526.53         1243.99          668.09,         1834.15           349.85          427.94          134.64         1863.41         1516.54          454.62         1232.68          558.39,          213.43             2.94          (295.54           36.45             1.06             617         1795.47         1604.69            19.18           143.79             5.45            14.19           21.89            78.76            82.53            32.13            12.90
通用设备制造4                                                      901        13992.61          1604.78         3298.68         1597.50         9381.95         2404.08         1915.10          565.39,         8727.53         ‘7516.36         (2631.77         (5255.41         2104.04          781.68            35.01           973.88           198.40            49.06,            ‘57.24         6849.71          5753.52          187.64          614.31            1.13            48.77            72.37          359.38           375.89            75.42            39.09
IPR Ra SS                                          144,        4554.68          387.59         1003.20          577.93         3291.33          549.75          621.53           7744        (2786.57        (2495.56          818.92         1748.99          702.91          290.28           19.18          284.99,           44.50           19.66           31.68         2141.19         1765.81           $1.42          200.26,          11.41            6.39           18.24          150.27          151.31           13.25            9.02
金属加工机械制造                                            107          974.26          140.47          323.14          174.70          610.06.          128.98          157.77           38.44          525.73          435.73          134.52          448.52.          (244.86.           68.17            3.56          155.50           16.15            0.69            0.78          448.72          378.23           12.74           54.07            0.22            435           13.68           18.94           28.66,            458            5.33
物料搬运设备制造                                              115         3088.87          211.20          415.67          202.03         2108.87          742.37          332.61           176.31         2033.07         1739.08          590.34,         1055.80          335.44          133.28             0.58          107.97           68.04           19.52            6.04         1461.06         1253.75           43.49,          108.06            257           14.07            460           60.10           62.12             7.63             5.63
Ri]. Bt      以机械制造                             144,         1515.22          148.29          341.48          190.19         1148.75          303.70          (252.27          101.10          903.44          817.27          322.06          611.78          262.00           75.16            3.10          142.85           22.76            5.32           12.04          856.56          698.76           (24.95           7744           112            5.84            9.27           69.28           69.50            TAT            5.46
轴承、齿轮和传动部件制造                               82        662.26        124.02        321.22        162.80        417.95        124.45        112.37         45.13        432.65        357.75        150.54        239.06,        154.14         59.14          1.30         84.79          5.20          0.16          3.55        374.93        315.98          9.12         37.71          3.78          414          1.97         10.52         10.01          11.23          3.67
烘炉、风机、包装等设备制造                             99        956.96         95.84        176.57         75.39        623.56        181.20        147.44         45.26        593.17,        510.49,        168.87        363.78        135.55         54.11          449         53.17         18.09          3.50          218        490.07,        412.31          16.27         45.44          3.94          5.62         12.82         22.95         23.07          772          2.89
化、办公用机械制造                                   16        224.00         11.27         23.55         11.77        111.69         21.52         34.54         19.69        107.87         97.68         27.90        116.14         45.79          3.08                       26.51          15.56          017          0.48         80.35         66.21          3.95          8.94          0.32          1.05          4.20          4.66          472          1.85          0.69
BARSa wes                                              122         1324.41          435.53          609.39,          170.20          572.50          175.10          123.43           42.88          914.93          692.19          250.39          409.48          141.65           77.19            1.84           56.37            5.82            0.01            0.43          680.63          615.54,            9.96           47.56            459            4.94            1.34           -1.31            2.03           17.44            437
其他通用设备制造业                                             72          691.96,           50.56,           84.46           32.50          497.23          177.01          133.14           19.14          430.10          370.60          168.24          261.86           81.71           21.26             0.96           61.72            2.28             0.02             0.07          316.21          (246.94           15.75           (34.83             1.13             237            6.25           23.96           24.49            4.26            2.04
专用设备制造4                                                      924        11967.13         1278.99         2523.06         1176.08         8212.98         (2502.55         2137.35           762.43         ‘7668.87         6543.00         (2294.40         4296.27         (2270.24          852.45            20.53         1227.84          155.89             3.73             9.73         5737.63         4762.74          174.87          526.12            47.93            83.63            ‘34.75          205.93          (217.94          130.38            35.35
采矿、冶金、建筑专用设备制造                                399         6506.16          745.05         1498.17          708.03         4523.02         1535.03         1184.68          461.03         4367.28         3644.26         1229.68         (2137.65         1325.62          475.93           15.13          741.45           87.29            2.56            3.26         3088.63         2583.84           99.15          249.12           33.00           5271            13.47           94.01          101.98           60.75           18.37
T、木村、非金属加工专用设备制造                          89         1064.69          181.75          340.37          153.76          698.77          184.91          186.55           33.14,          691.64,          614.69.          170.26          373.04          (251.37,          117.51            143          124.35            4.92            0.58            258          522.68          459.51            7.34           45.48            8.15            8.84            0.69            465            463           20.66            3.35
食品、饮料、烟草及词料生产专用设备制造                  25        206.04         21.56         58.14         36.57        170.19         27.53         83.73         11.81          92.53         91.45         53.43        113.51          38.46          9.81           0.15         28.41           0.09                                    131.69         92.19          3.16         19.25          0.27          0.13          1.08         17.93         17.93          0.04          0.89
Enh . lz    日化及日用品生产专用设备制造                17        140.47         19.06         39.95         16.65         88.44         20.09,         26.92          3.96         82.84         76.36         19.70         ‘57.62         36.92          8.44                       28.47                                                  69.66,         56.91          287          7.03          0.34          0.69                        254          2.56          1.30          0.68
纺织、服装和皮革加工专用设备制造                        26        239.39.         23.65         75.43         42.15        165.49         35.44         32.96         13.74        140.90        107.71         $7.21          98.49         67.25         21.80          046         42.53          2.26          0.18          0.02        137.08        114.67          428         14.07          0.59          143          0.50          2.92          460          3.62          1.20
电子和电工机械专用设备制造                             69        916.89         58.10         85.21         26.82        734.64        163.41        271.58        113.04        573.05        499.02        194.26        343.08         96.06         50.38                       34.29,         10.52          0.01           0.84        416.84,        332.87          9.31         64.18          0.36          3.94          2.94         12.33         13.32         22.07          2.08
4. BERRA                                  34          424.54           59.67          138.76           76.75          (274.95           30.34           ‘74.76           46.33          309.16          275.31           91.86          115.39           78.90           (24.56            0.86           ‘$1.95            152                            0.01          364.26          312.54           10.20           (25.98           -0.66            2.10            3.66           20.25           20.79            272            254
医疗仪器设备及器械制造                                 7        236.46         32.56         49.38         16.75        121.79         17.07         29.11           9.09        104.77         97.45         (24.44        131.69         39.87          9.55          1.20         18.46         10.30          0.36                       96.42         59.95         12.39         16.41          047          0.58          2.20         10.55         10.51          246          117
环保、邮政、社会公共服务及其他专用设备制造                228         2232.50          137.58          (237.64           98.60         1435.71          488.73          (247.07           70.29         1306.71         1136.74          453.56          925.80          335.79          134.47             1.31          157.93           38.98             0.02            3.02          910.36          750.25           26.18           84.61             7.61            13.21            10.22           40.76           41.63           16.87            5.05
5 we                                                         936,        39269.76         4900.84        13217.14         7766.92        22996.27         65692.49         2597.32         1358.02        23853.43        20814.87        10486.26        15416.33         6280.42         1759.67          109.52         3355.60           140.62             8.02          906.09        35101.95        30772.01           698.13         1710.77           64.66            90.01           584.50         1664.72         1691.42          664.97,            83.02
汽车整车制造                                                   169,        30570.06         3434.58         9823.31         5894.31        1739113         4783.11         1624.38          865.35        18708.62        16208.98         8314.42        1186144         4537.39         1222.27           68.19         2430.76          100.47                           715.71        27161.49        23781.31          563.18         1227.33           65.83           61.69          499.70         1276.68         1297.69          (585.34,           49.28
学车用发动机制造                                              39         1249.43          304.78          799.16          483.14,          761.61          272.42          142.54           71.74          676.62          620.07,          301.41          (572.81          383.06           94.20           19.70          185.38            438                            79.40         1243.01         1097.03           18.36           67.32           0.55            347            0.20           58.44           58.82,           24.88            3.11
改装汽车制造                                          93        736.32        111.23        (227.67        112.73        511.08        186.02        107.49         43.56,        504.29,        435.38        155.25        232.03        149.36         40.73          1.27        101.77          456          0.26          1.29        604.84,        522.52         21.46         39.36          344          5.08          0.38         16.11          17.54         11.48          3.28
气车车身、挂车制造                                     17        124.94         45.02         78.37         32.57         76.60         20.23         15.23          5.72         76.03         63.84         (25.51         48.90         20.69          7.98                       12.49                        0.21                       80.36         66.77          1.91           8.95          0.10          0.50          0.13          2.60          2n           1.76          0.79
学车和部件及配件制造                                          617         6581.87         1004.62         (2287.97         1244.10         4250.81         1430.48          707.68          371.66         3886.88         (3485.62         1688.91         2694.99.         1186.02          394.49           20.36          621.30            31.21             7.55          109.69         6003.67         5295.81            93.21           367.81            1.78            19.57            84.09          310.85          314.63            41.51            26.55
铁路、船舶、航空航天和其他运输设备制造业                    686       24847.77        3377.85         6683.44        3205.44       17394.24         3914.91         4719.88          609.49,       16285.16       14361.05         5993.13         8656.26        4364.17         1704.14           4174        2312.02          109.10            971           92.11        1244861        10759.35          173.39         1064.29          -28.28           71.05           54.36          505.17,          512.58          125.13           71.25
铁路运输设备制造                                              177         5090.66          616.25         1286.06          638.51         3481.31         1381.67          671.62          158.58         2829.09         (2581.97,         1682.76         (2274.10          963.36          358.19             8.79          569.95            35.03             8.36           13.42         (2657.35         2126.64           76.22          264.64            2.21            11.46           16.33          205.74          208.23             477           16.55
it rh HIB ei ie eS                                         56          849.52          120.48          195.98           75.49          566.92,          197.24           99.91           28.22          594.81          547.73          380.79          (254.71          200.13           96.80                           97.34            1.85            0.75            2.89          442.35          388.80            9.06           (31.53           0.18            1.00            1.29           12.32           12.69            443            1.89
船舶及相关装置制造                                          142         7260.72         1017.99        2047.89          988.27        5273.03          416.81         1116.22           69.41         5350.71         4522.82         1199.13         1910.01         1565.73          641.26,            0.03          855.78           11.32                           57.34        ‘3197.77        2909.08           16.66          241.11          -19.08           31.61            6.05           50.51           54.27           43.91           16.19
航空、航天器及设备制造                                      281        11517.40         1598.92         3094.95         1469.07         7994.92         1900.72         2815.85          346.04         ‘7441.56         6650.45         2703.94         4156.97         1599.10          598.11           32.92          772.78           59.37            0.61           10.07         6030.01         5229.10           69.32          515.96,           6.58           26.64           29.84          (233.77          (234.44           70.12           35.37
摩托车制造       102.59        21.09        51.69        30.34        58.51        11.41        11.18         5.95        53.30        43.56,        20.04        49.29,        32.41         8.03                    14.87         1.38                     8.13        98.68        86.70         1.85         9.11         -0.23         0.32         0.84         1.63         1.74         1.76         0.99
自行车和残疾人座车制造                          4       10.00        1.54        291        1.37        8.10        254        2.26        0.80        480        453        247        5.20        0.84        0.74                   0.10                                       11.68       10.05        0.10        0.63        0.03        0.01        0.01        0.93        0.94        0.11        0.12
KR RE He AE HIE                 6       14.55       1.45       349       2.04       9.29       3.01       2.38       049       9.69       8.80       281       486       1.76       1.00                 0.60       0.15                           7.90       6.38       0.16       1.13       0.03       0.01       0.01       0.21       0.21       0.04       0.14
电气机械和器材制造业                                              776        11176.00         1205.45         2208.25           966.46         ‘7519.57         (2963.43         1294.08           512.06,         7317.51         6352.74         2926.26         3858.49         2033.74          671.77            31.39         1204.33            81.38             5.11            25.38         7636.61         6658.45           207.57          483.71            29.18            42.91            (25.57          (246.40           (246.81           104.68            29.91
电机制造                                                       173         3440.02          231.77          479.91          238.57         2512.00          896.33          415.14,           77.35         (2574.33         (2230.89         1069.75          865.69          486.42          204.24            3.61          (254.15             9.60             0.27             0.16         1910.69         1720.19           71.82          115.89            474           10.19             756            -2.18            -0.34           54.57            6.22
输配电及控制设备制造                                          301         3522.04          393.47          721.62          320.36         2448.64         1039.66          440.74          219.91         2172.70         1997.69          981.04         1349.34          678.08          258.99,            12.68          358.42           (36.55             0.97            10.48         2320.25         1964.11            64.59,          155.75             842            11.80             5.09          126.32          127.41            13.04             9.43
FBS . ASH ESE Ree TSB a                             128         1455.13          189.29          390.57          196.52          987.39          381.23          152.44           86.16          896.26          117.79          195.64          (558.87,          (253.31           82.08           12.08          128.70           (24.45            3.86            214         1416.50         1236.25           30.17           83.78           11.59           13.11            276           49.22           48.27            548            445
电池制造                                                       91         1866.38          298.90          432.91          120.02         1007.40          456.62          176.45           78.16         1128.48          899.00          485.82,          737.90          480.02           90.31             1.73          380.87            1.45                             5.66         1116.77          995.41           15.58           75.90            3.02            434           1.02           13.15           13.11           29.30            5.36
家用电力器具制造                                       29        511.65         50.32,        100.25         49.14        283.90         67.54         36.92         24.27        296.02.        268.03         70.39        215.63         69.96,         21.94          0.25         33.68          8.50                        5.60        518.44,        437.34         18.66         (25.10          0.76          2.24         10.59         46.67         45.14          049          2.88
非电力家用器具制造                                      4          8.63          0.04          0.32          0.27          5.39          1.63          1.96          049          7.59          6.96          214          1.04          1.38                                      1.37          0.01                                      247          1.92          0.12          0.29          0.07          0.05          0.01          0.24          0.24          0.26          0.02
照明器有具制造                                          27        188.97         (25.48         61.36         35.68        136.29         64.36,         (37.00         (24.56        136.87        129.25         ‘74.45         52.09         23.36          9.10                       12.76          0.20          0.01           1.29        (254.34,        223.06          424         18.55          0.70          0.96          0.59          8.00          7.99          1.45          1.18
其他电气机械及器村制造                             23       183.20        16.19        21.31         5.91        138.56        56.05        33.44,         1.15       105.26       103.14        47.04        77.94        41.21         5.11         1.04        34.38         0.61                     0.06        97.44        80.16         237         847        0.13         0.22         0.01         5.46         548         0.09         0.37
计算机、通信和其他电子设备制造业                            1014       33164.89        ‘7557.32       13291.71         5501.42       17459.49        4697.68         3602.67         1116.69       1747704       11888.51         4471.02       15686.42         9205.35         (2354.21           66.74        6476.23          222.04,           37.75           62.41        1619143        1347156          473.50         1771.19           94.03          (215.51           75.81          329.03          333.02          632.07           80.95
十算机制造                                                   112         1998.78           97.39          174.07           7743         1458.13          471.85          399.16          114.83         1186.50          923.44          427.13          812.28          232.12           67.24            3.76          119.07           37.28            3.27            149         1829.36         1629.63           45.02          115.82            1.54            8.88           13.24           49.38           49.47            8.81            488
通信设备制造                                                 146         5051.53          333.53          603.89,          269.05         (3753.30          860.79          909.98          (250.34,         (2959.68         (2258.95          888.67         2091.85          753.29          155.85            2.92          559.19.           33.34            046            1.53         3394.02         (2449.12          200.98          555.19.          11.28           41.12            644          196.55          197.82           27.00           16.55
播电视设备制造                                       17        389.63        180.57        289.81         108.28        152.25         39.26         22.99          2.66        195.38        141.59         43.60        194.25        168.19        152.90                       11.18          1.66          0.03          242        166.53        140.12          3.62         13.87          2.00          485          5.90         10.78         10.90          3.66          0.77
雷达及配套设备制造                                           43         1047.89          118.36          (223.56          104.80          782.12          203.30          239.30           19.89          673.50          573.99          (241.42,          374.39          138.50           81.68                           53.35            276                            0.40          360.99          (294.83            5.90           53.44            2.65            6.21            0.99            2.12            240           16.99            3.30
非专业视听设备制造                                           29        2320.53          221.97          372.11          147.64         1648.69          394.68          334.89          129.47         1581.96         1338.63          463.43          738.57          182.92           25.84            0.50          155.36            0.51            0.67            0.05         (2227.54         1995.88           6741          105.09            9.90           17.30           19.30           50.43           44.52            9.73            6.53
智能消费设备制造                                       28        349.88         29.95         45.00         15.05        (248.81         106.89         50.31         21.48        (215.95        185.99         98.30        133.93         31.70         13.22          0.35         15.10          2.89                        0.13        299.35        (244.10          5.22         32.64          0.60          0.80          -2.78         14.35         14.56          452          1.70
电子器件制造                                                 286        16744.12         5616.49        10029.63         4197.66         6359.96         1750.97         1022.95          356.10         8370.81         4658.94         1664.87         8371.31         6860.31         1548.61           33.71         $143.72           65.05           18.03           51.08         5070.31         4428.37           84.05          616.18           81.10          112.54           11.86         -229.61         -225.98          518.39           29.22
电      件及电子专用材料制造                                    300         4391.53           882.04         1436.60          641.73         (2475.88           747.07          439.83           166.02         1827.64         1436.71           496.90         (2564.45           752.71           (267.95            24.20           382.85            71.88            15.29             4.96         (2459.77         2020.57           43.70          216.46,             7.33            20.94            15.29          188.48           192.51            39.96            15.34
其他电子设备制造                                             53          871.00           77.03          117.04           39.79          580.34,          122.87          183.25           55.91          465.61          370.27          146.70          405.39,           85.62           40.91            1.30           36.40            6.66                            0.35          383.58          (268.95           1771           62.51            0.19            2.90            5.56           46.56           46.82            3.01            2.65
仪器仪表制造4                                                  286        2736.89          268.12          470.27          202.86         1811.46          558.55          290.73           79.42         1404.85         1258.79          552.18         1332.02          405.28          122.47            4.03          220.62           53.27            0.54            3.23         1287.38         1016.05           55.05          143.85            424           10.74           $1.05          118.42          119.93           13.69            8.99
通用仪器仪表制造                                               163         2012.69          169.81           277.74          108.53         1336.18          414.48           197.43            53.40         1064.62          976.84          425.40           948.05          271.70            59.28             3.61           161.44           44.24             0.54             2.25           956.86          760.62           42.51            89.10             3.88             8.84           47.65           107.94          108.91             5.85             485
专用仪器仪表制造                                       69        377.10         41.26         79.45         38.39        263.84,         82.52         54.07         14.97        188.13        150.44         67.00        188.97         73.86         32.87          0.03         ‘37.57          261                                    164.88        122.82          757         27.86          0.57          1.18          1.86          9.21           9.48          3.15          1.84
光学仪器制造                                          32        271.05         4751          95.73         48.13        161.12         43.60         26.26          6.93        115.22        102.92         48.01         155.83         47.12         24.06,          0.26         16.39          5.52                        0.90        127.91         104.71          3.16         20.22          0.27          0.58          144          0.58          0.44          4.23          1.85
衡器制造                                     4       14.24        242        3.86        144       10.65        3.53        3.59        0.59        6.79        5.06        1.64        745        246        211                   0.03        0.24                   0.08        847        631        047        1.33        0.03        0.04                   0.33        0.37                   0.11
其他仪器仪表制造业                                     16         56.72          6.92         12.88          5.97         34.99         13.56          758          2.26         28.92         (22.43          9.83         27.81           787          3.68          0.13          3.40          0.66                                     25.04         19.06          0.68          4.70          0.04          0.10          0.09          0.99          1.06          046          0.30
Hibwlest                                           18       (2587.84        433.12,        846.89,        407.21       1237.35        239.49        (269.78         49.07       1923.34        904.28        403.33,        673.70        217.16        102.81          2.20        101.35         15.19         0.06         0.22        830.40,        709.15,         4.00         94.52,         248         3.26         3.60         41.90         45.47         了7.15         了.37
次弃资源综合利用业                                             256         1150.74          (294.28          490.20          191.13          728.67          192.17          112.29           53.31          728.33          593.58          157.96          422.41          258.99,           99.59           21.27          126.51            8.77            1.75            1.09        2283.41         (2167.49            8.73           35.64            9.30            9.69            2n           $1.12,           53.82           11.55            3.29
金属废料和碎屑加工处理                                      155          798.58          161.59          269.34          103.87          562.90          142.03           74.22,           49.55          540.30          447.95           98.88          (258.28          152.69           47.86           20.72           77.07            678            0.12            0.14         1928.64         1850.00            6.14           20.20            6.37            645            144           (37.02           40.30            5.97            2.33
42 BNR Bho Le                              101         362.17        132.68        220.86         87.26        165.77         50.14         38.07          3.76        188.03        145.62         59.08        164.14        106.31         $1.74          0.55         49.45          1.99          1.63          0.95        354.77        3749          2.59         15.44          2.94          3.24          1.27         14.10         13.52          5.57          0.97
金属制品、机械和设备修理半                               199,       3699.96        412.14,        870.64        432.45       1552.13        339.43        354.57         36.02       1800.06       1194.81        485.35       1899.89        831.30        126.55          5.97        676.96          3.65          1.95         16.23       1366.51        1177.53          8.23        128.67         14.11         22.79         $1.53         96.25         97.52          3.33         14.22
金属制品修理                         6      3.75      0.24      1.15      0.90      347      0.67      0.36      0.09      1.96      1.79      1.05      1.79      1.13      0.61              0.52                              9.25      8.39      0.04      0.35              0.01              0.44      0.45              0.06
通用设备修理                                          18         66.50          6.69         15.32          8.62         40.19         17.76          4.09          144         40.07         35.54         14.13         26.43         11.38          617          049          4m           0.01                                     53.99,         48.58          0.13          3.39          0.09          0.20          0.53          2.07          214          0.30          1.76
专用设备修理                                                 47          704.00           52.35          119.19           63.52          (269.53           72.84           15.31            3.82          (251.90          213.16           83.02          452.10          177.68           23.60                          151.37            2.65            0.05                          307.32          (274.52            0.78           18.82            234            3.09           18.69           28.13           28.27            042            216
铁路、船舶、航空航天等运输设备修理                           83         (2532.03          316.75          662.95          323.53         1061.88          213.66,          307.62           22.82         1402.57          866.40          348.68         1129.46          582.36            87.96             1.34          475.06             0.05             1.89            16.06          866.32          737.15             6.54            93.17            11.77            18.85            30.26           57.49           58.40             2.38             7.96
电气设备修理                                          24        253.31          12.65         19.84          7.19         83.39         16.64          3.45          0.26         33.94,         28.57         14.41        219.37,         44.55          2.20          414         37.39          0.69                        0.12         68.43         58.40          0.64          6.01          0.07          0.29          1.98          452          464          0.24          1.27
其他机械和设备修理业                                   20        140.09         23.45         52.09         28.59         93.69         17.76         23.74          7.60         69.30         49.06,         23.77         70.79         14.06          5.87                        7.90          0.25                        0.05         60.55         49.91           0.10          6.86          0.03          0.35          0.07          3.60          3.62                        0.99
电力、热力    气及水生产和供应业                  11001     238731.69     119390.34     229259.65     106222.73     47454.48      14126.40      2207.96       162.56     142318.18     69134.89      16416.09     96355.20     了70047.20     37463.77       287.83     30725.62       359.64       322.37       435.32     101214.58     92006.77       365.65      2230.10      2750.60      2756.72       1222.98      4830.53      4925.55       1448.51        291.65
电     热力生产和世应业                                        7497      201950.26      107251.49      209404.79        98734.25        36140.08        1233147         1732.57           51.84      120468.03        58027.09        14231.08        81423.93        62885.09        33508.27          (215.56,       27881.34          279.45          210.12          338.74        6672.38        79056.04           44.37         1681.67         (2496.74         (2469.92         1114.20         4229.84         4281.16         1204.72          (228.97
电力生产                                                          6181       100636.97        61392.89       107982.67        43260.25        19146.52         8083.49         1431.02            29.86        67128.37        (27347.95         5214.10        33462.35        25897.51          9693.41           198.47        15205.69           (256.24           207.70           325.45        28395.46        22661.82            16.35           649.42,         1718.20          1658.41           466.88         3438.88         3435.56           859.21            69.96
BARR                                                        358        92383.30        42556.66        95687.98        53073.36        13383.17         (3798.86          164.80            16.31        46745.95        26938.21         8168.71        45627.81        35636.26        23105.65            10.99        12058.24             8.66             1.19            10.49        55997.04        54115.77            14.11           905.41          698.45          732.77          615.07,          830.41           840.35          212.06          141.84
热力生产和供应                                                 958         8929.99         3301.93         5734.14         2400.64         3610.40          449.12          136.75             5.66         6593.71         3740.93          848.28         (2333.76         1351.32          709.22             6.09          617.41            14.54             1.23             2.80         (2279.88         (2278.45            13.91           126.83            80.09            78.74            32.24           -39.45             5.25          133.45            17.18
AE = 40H Bk                                               1104,        10002.19         3602.38         5719.51         2029.32         3430.12          478.88          197.71            71.44         5915.71         3913.04          854.19         4086.48         2316.03          870.41           34.91         1234.09           38.25           83.72           53.61        10907.15        10171.06          140.51          194.16           60.91            80.21           47.13          407.18          411.90          101.74           16.37
mE 40H Bk                                            1099,         9976.80         3594.93         5709.34         2026.59         (3417.44          477.63          196.84           71.23         5903.75         3907.34          852.73         4073.05         2303.88          869.15           34.91         1223.31            38.13           83.72           53.61        10895.69        10160.74          139.66          193.55           61.00           80.14           47.13          406.98          411.69,          101.74           16.32
AE = 40H ek                           b       (25.39        745       10.18        272       12.68        1.25        0.88        0.21       11.97        5.70        146       13.42       12.15        1.26                  10.78        0.12                             11.46       10.32        0.86        0.61        0.09        0.07                   0.20        0.21                   0.05
水的生产和供应业                                                  2400        26779.25         8536.47        14135.35         5459.17         7884.28          1316.05           277.67            39.28        15934.44         了7194.75          1330.82        10844.80         4846.08         3085.09            (37.35          1610.19            41.94            28.53            42.97         3635.05         (2779.67           180.77           354.27           192.96          206.58            61.65           193.50           (232.49,           142.05            46.31
自来水生产和供应                                            1671        20081.20         6684.75        11199.30         4396.72         5810.59.          589.63          (243.07           36.11        12015.98         5418.22          924.67         8065.22         3344.25         (2219.22           24.32,         1018.59           25.17           (25.29           ‘31.67         2649.93         2060.97          178.92          (293.35          114.86          123.86           50.15           60.88           96.26          119.35           39.78
亏水处理及其再生利用                                         708         6563.81         1787.38         2839.19         1029.93         2039.53          719.07           34.27            297         3824.66         1738.11          389.76         2739.15         1463.37          846.81            13.03          573.45           16.77            2.00           11.30          957.63          698.98             1.73           58.01            75.95           80.74           11.50          130.32          133.92           21.51             6.36
海水淡化处理                                  b       32.87       12.00       19.73        7.73        7.83        291        0.13        0.05       25.14       17.33       10.81        7.73       14.35        479                   9.56                                        447        3.25        0.11        0.50        0.35        0.45                   0.28        0.28        0.29        0.02
其他水的处理、利用与分醒                           16       101.36        $2.34        77.13        24.79        26.32         444         0.20         0.14        68.65        21.10         5.58        32.71        24.11        14.26                     8.60                     1.25                    23.02        16.46         0.01         241         1.80         1.53                     2.02         2.03         0.90         0.15
