"area_fips","own_code","industry_code","agglvl_code","size_code","year","qtr","disclosure_code","qtrly_estabs","month1_emplvl","month2_emplvl","month3_emplvl","total_qtrly_wages","taxable_qtrly_wages","qtrly_contributions","avg_wkly_wage","lq_disclosure_code","lq_qtrly_estabs","lq_month1_emplvl","lq_month2_emplvl","lq_month3_emplvl","lq_total_qtrly_wages","lq_taxable_qtrly_wages","lq_qtrly_contributions","lq_avg_wkly_wage","oty_disclosure_code","oty_qtrly_estabs_chg","oty_qtrly_estabs_pct_chg","oty_month1_emplvl_chg","oty_month1_emplvl_pct_chg","oty_month2_emplvl_chg","oty_month2_emplvl_pct_chg","oty_month3_emplvl_chg","oty_month3_emplvl_pct_chg","oty_total_qtrly_wages_chg","oty_total_qtrly_wages_pct_chg","oty_taxable_qtrly_wages_chg","oty_taxable_qtrly_wages_pct_chg","oty_qtrly_contributions_chg","oty_qtrly_contributions_pct_chg","oty_avg_wkly_wage_chg","oty_avg_wkly_wage_pct_chg"
"US000","0","10","10","0","2026","1","",12381750,154172010,154387351,154771941,3320292610180,1248591815398,21241971315,1654,"",1.00,1.00,1.00,1.00,1.00,1.00,1.00,1.00,"",418060,3.5,541787,0.4,165867,0.1,85572,0.1,129258047423,4.1,76374285110,6.5,984144571,4.9,62,3.9
"US000","1","10","11","0","2026","1","",60124,2728805,2733574,2712974,80410250448,0,0,2270,"",1.00,1.00,1.00,1.00,1.00,0.00,0.00,1.00,"",-950,-1.6,-274394,-9.1,-261224,-8.7,-270855,-9.1,-1221023016,-1.5,0,0.0,0,0.0,173,8.2
"US000","1","101","12","0","2026","1","",163,49102,48608,48722,1618626506,0,0,2551,"",1.00,1.00,1.00,1.00,1.00,0.00,0.00,1.00,"",-3,-1.8,-3918,-7.4,-4408,-8.3,-4300,-8.1,207290226,14.7,0,0.0,0,0.0,503,24.6
"US000","1","1011","13","0","2026","1","",73,2559,2598,2846,68658874,0,0,1980,"",1.00,1.00,1.00,1.00,1.00,0.00,0.00,1.00,"",-2,-2.7,-559,-17.9,-519,-16.7,-490,-14.7,-7089064,-9.4,0,0.0,0,0.0,154,8.4
"US000","1","1012","13","0","2026","1","",4,25,25,26,836352,0,0,2540,"",1.00,1.00,1.00,1.00,1.00,0.00,0.00,1.00,"",0,0.0,0,0.0,0,0.0,1,4.0,53500,6.8,0,0.0,0,0.0,131,5.4
"US000","1","1013","13","0","2026","1","",86,46518,45985,45850,1549131280,0,0,2584,"",1.00,1.00,1.00,1.00,1.00,0.00,0.00,1.00,"",-1,-1.1,-3359,-6.7,-3889,-7.8,-3811,-7.7,214325790,16.1,0,0.0,0,0.0,522,25.3
"US000","1","102","12","0","2026","1","",59961,2679703,2684966,2664252,78791623942,0,0,2265,"",1.00,1.00,1.00,1.00,1.00,0.00,0.00,1.00,"",-947,-1.6,-270476,-9.2,-256816,-8.7,-266555,-9.1,-1428313242,-1.8,0,0.0,0,0.0,167,8.0
"US000","1","1021","13","0","2026","1","",30277,651543,661530,660891,13592863284,0,0,1589,"",1.00,1.00,1.00,1.00,1.00,0.00,0.00,1.00,"",-403,-1.3,-14888,-2.2,-2587,-0.4,-2296,-0.3,544332934,4.2,0,0.0,0,0.0,79,5.2
"US000","1","1022","13","0","2026","1","",152,6062,6034,6043,174386424,0,0,2219,"",1.00,1.00,1.00,1.00,1.00,0.00,0.00,1.00,"",1,0.7,-521,-7.9,-533,-8.1,-470,-7.2,5791353,3.4,0,0.0,0,0.0,240,12.1
"US000","1","1023","13","0","2026","1","",827,10217,9740,9785,486509845,0,0,3775,"",1.00,1.00,1.00,1.00,1.00,0.00,0.00,1.00,"",-5,-0.6,-3387,-24.9,-3779,-28.0,-3622,-27.0,-88960365,-15.5,0,0.0,0,0.0,498,15.2
"US000","1","1024","13","0","2026","1","",1537,65523,63645,63172,1883243848,0,0,2260,"",1.00,1.00,1.00,1.00,1.00,0.00,0.00,1.00,"",10,0.7,-7930,-10.8,-9704,-13.2,-9800,-13.4,-49263341,-2.5,0,0.0,0,0.0,231,11.4
"US000","1","1025","13","0","2026","1","",1511,421977,419424,418979,13083353275,0,0,2395,"",1.00,1.00,1.00,1.00,1.00,0.00,0.00,1.00,"",53,3.6,-27088,-6.0,-28710,-6.4,-26033,-5.8,-73274946,-0.6,0,0.0,0,0.0,133,5.9
"US000","1","1026","13","0","2026","1","",1419,41934,41796,41881,720524257,0,0,1324,"",1.00,1.00,1.00,1.00,1.00,0.00,0.00,1.00,"",-6,-0.4,-3225,-7.1,-3649,-8.0,-3675,-8.1,7023459,1.0,0,0.0,0,0.0,115,9.5
"US000","1","1027","13","0","2026","1","",158,3498,3482,3471,69300474,0,0,1530,"",1.00,1.00,1.00,1.00,1.00,0.00,0.00,1.00,"",-8,-4.8,-1544,-30.6,-1551,-30.8,-1511,-30.3,-17555491,-20.2,0,0.0,0,0.0,199,15.0
"US000","1","1028","13","0","2026","1","",24076,1478946,1479310,1460025,48781327133,0,0,2548,"",1.00,1.00,1.00,1.00,1.00,0.00,0.00,1.00,"",-591,-2.4,-211893,-12.5,-206305,-12.2,-219149,-13.1,-1756418358,-3.5,0,0.0,0,0.0,241,10.4
"US000","1","1029","13","0","2026","1","",4,3,5,5,115402,0,0,2049,"",1.00,1.00,1.00,1.00,1.00,0.00,0.00,1.00,"",2,100.0,0,0.0,2,66.7,1,25.0,11513,11.1,0,0.0,0,0.0,-348,-14.5
"US000","1","11","14","0","2026","1","",73,2559,2598,2846,68658874,0,0,1980,"",1.00,1.00,1.00,1.00,1.00,0.00,0.00,1.00,"",-2,-2.7,-559,-17.9,-519,-16.7,-490,-14.7,-7089064,-9.4,0,0.0,0,0.0,154,8.4
"US000","1","111","15","0","2026","1","",1,3,3,3,106571,0,0,2733,"",1.00,1.00,1.00,1.00,1.00,0.00,0.00,1.00,"",-1,-50.0,1,50.0,1,50.0,1,50.0,29540,38.3,0,0.0,0,0.0,-230,-7.8
"US000","1","1111","16","0","2026","1","",1,3,3,3,106571,0,0,2733,"",1.00,1.00,1.00,1.00,1.00,0.00,0.00,1.00,"",-1,-50.0,1,50.0,1,50.0,1,50.0,29540,38.3,0,0.0,0,0.0,-230,-7.8
"US000","1","11111","17","0","2026","1","",1,3,3,3,106571,0,0,2733,"",1.00,1.00,1.00,1.00,1.00,0.00,0.00,1.00,"",-1,-50.0,1,50.0,1,50.0,1,50.0,29540,38.3,0,0.0,0,0.0,-230,-7.8
"US000","1","111110","18","0","2026","1","",1,3,3,3,106571,0,0,2733,"",1.00,1.00,1.00,1.00,1.00,0.00,0.00,1.00,"",-1,-50.0,1,50.0,1,50.0,1,50.0,29540,38.3,0,0.0,0,0.0,-230,-7.8
"US000","1","112","15","0","2026","1","",2,14,13,13,310813,0,0,1793,"",1.00,1.00,1.00,1.00,1.00,0.00,0.00,1.00,"",0,0.0,-5,-26.3,-6,-31.6,-6,-31.6,-24100,-7.2,0,0.0,0,0.0,437,32.2
"US000","1","1125","16","0","2026","1","",2,14,13,13,310813,0,0,1793,"",1.00,1.00,1.00,1.00,1.00,0.00,0.00,1.00,"",0,0.0,-5,-26.3,-6,-31.6,-6,-31.6,-24100,-7.2,0,0.0,0,0.0,437,32.2
"US000","1","11251","17","0","2026","1","",2,14,13,13,310813,0,0,1793,"",1.00,1.00,1.00,1.00,1.00,0.00,0.00,1.00,"",0,0.0,-5,-26.3,-6,-31.6,-6,-31.6,-24100,-7.2,0,0.0,0,0.0,437,32.2
"US000","1","112511","18","0","2026","1","",2,14,13,13,310813,0,0,1793,"",1.00,1.00,1.00,1.00,1.00,0.00,0.00,1.00,"",0,0.0,-5,-26.3,-6,-31.6,-6,-31.6,-24100,-7.2,0,0.0,0,0.0,437,32.2
"US000","1","113","15","0","2026","1","",69,2535,2575,2824,68161668,0,0,1983,"",1.00,1.00,1.00,1.00,1.00,0.00,0.00,1.00,"",-1,-1.4,-555,-18.0,-513,-16.6,-485,-14.7,-7101423,-9.4,0,0.0,0,0.0,152,8.3
"US000","1","1131","16","0","2026","1","",69,2535,2575,2824,68161668,0,0,1983,"",1.00,1.00,1.00,1.00,1.00,0.00,0.00,1.00,"",-1,-1.4,-555,-18.0,-513,-16.6,-485,-14.7,-7101423,-9.4,0,0.0,0,0.0,152,8.3
"US000","1","11311","17","0","2026","1","",69,2535,2575,2824,68161668,0,0,1983,"",1.00,1.00,1.00,1.00,1.00,0.00,0.00,1.00,"",-1,-1.4,-555,-18.0,-513,-16.6,-485,-14.7,-7101423,-9.4,0,0.0,0,0.0,152,8.3
"US000","1","113110","18","0","2026","1","",69,2535,2575,2824,68161668,0,0,1983,"",1.00,1.00,1.00,1.00,1.00,0.00,0.00,1.00,"",-1,-1.4,-555,-18.0,-513,-16.6,-485,-14.7,-7101423,-9.4,0,0.0,0,0.0,152,8.3
"US000","1","114","15","0","2026","1","",1,7,7,6,79822,0,0,921,"",1.00,1.00,1.00,1.00,1.00,0.00,0.00,1.00,"",0,0.0,0,0.0,-1,-12.5,0,0.0,6919,9.5,0,0.0,0,0.0,120,15.0
"US000","1","1142","16","0","2026","1","",1,7,7,6,79822,0,0,921,"",1.00,1.00,1.00,1.00,1.00,0.00,0.00,1.00,"",0,0.0,0,0.0,-1,-12.5,0,0.0,6919,9.5,0,0.0,0,0.0,120,15.0
"US000","1","11421","17","0","2026","1","",1,7,7,6,79822,0,0,921,"",1.00,1.00,1.00,1.00,1.00,0.00,0.00,1.00,"",0,0.0,0,0.0,-1,-12.5,0,0.0,6919,9.5,0,0.0,0,0.0,120,15.0
"US000","1","114210","18","0","2026","1","",1,7,7,6,79822,0,0,921,"",1.00,1.00,1.00,1.00,1.00,0.00,0.00,1.00,"",0,0.0,0,0.0,-1,-12.5,0,0.0,6919,9.5,0,0.0,0,0.0,120,15.0
"US000","1","22","14","0","2026","1","",195,9077,9115,9147,334311505,0,0,2822,"",1.00,1.00,1.00,1.00,1.00,0.00,0.00,1.00,"",-18,-8.5,-864,-8.7,-842,-8.5,-791,-8.0,-9247709,-2.7,0,0.0,0,0.0,165,6.2
"US000","1","221","15","0","2026","1","",195,9077,9115,9147,334311505,0,0,2822,"",1.00,1.00,1.00,1.00,1.00,0.00,0.00,1.00,"",-18,-8.5,-864,-8.7,-842,-8.5,-791,-8.0,-9247709,-2.7,0,0.0,0,0.0,165,6.2
"US000","1","2211","16","0","2026","1","",190,8530,8568,8599,313925124,0,0,2819,"",1.00,1.00,1.00,1.00,1.00,0.00,0.00,1.00,"",-18,-8.7,-645,-7.0,-637,-6.9,-578,-6.3,-9071259,-2.8,0,0.0,0,0.0,114,4.2
"US000","1","22111","17","0","2026","1","",79,5708,5723,5741,205860521,0,0,2766,"",1.00,1.00,1.00,1.00,1.00,0.00,0.00,1.00,"",-13,-14.1,-409,-6.7,-413,-6.7,-382,-6.2,-8851996,-4.1,0,0.0,0,0.0,70,2.6
"US000","1","221111","18","0","2026","1","",63,1621,1625,1635,58029874,0,0,2744,"",1.00,1.00,1.00,1.00,1.00,0.00,0.00,1.00,"",-15,-19.2,-168,-9.4,-177,-9.8,-163,-9.1,-2761876,-4.5,0,0.0,0,0.0,141,5.4
"US000","1","221112","18","0","2026","1","",13,947,968,974,35165517,0,0,2809,"",1.00,1.00,1.00,1.00,1.00,0.00,0.00,1.00,"",3,30.0,-55,-5.5,-39,-3.9,-34,-3.4,-328706,-0.9,0,0.0,0,0.0,94,3.5
"US000","1","221113","18","0","2026","1","",3,3140,3130,3132,112665130,0,0,2765,"",1.00,1.00,1.00,1.00,1.00,0.00,0.00,1.00,"",-1,-25.0,-186,-5.6,-197,-5.9,-185,-5.6,-5761414,-4.9,0,0.0,0,0.0,24,0.9
"US000","1","22112","17","0","2026","1","",111,2822,2845,2858,108064603,0,0,2925,"",1.00,1.00,1.00,1.00,1.00,0.00,0.00,1.00,"",-5,-4.3,-236,-7.7,-224,-7.3,-196,-6.4,-219263,-0.2,0,0.0,0,0.0,203,7.5
"US000","1","221121","18","0","2026","1","",79,2195,2204,2211,85694012,0,0,2992,"",1.00,1.00,1.00,1.00,1.00,0.00,0.00,1.00,"",-6,-7.1,-197,-8.2,-186,-7.8,-165,-6.9,-619588,-0.7,0,0.0,0,0.0,209,7.5
"US000","1","221122","18","0","2026","1","",32,627,641,647,22370591,0,0,2696,"",1.00,1.00,1.00,1.00,1.00,0.00,0.00,1.00,"",1,3.2,-39,-5.9,-38,-5.6,-31,-4.6,400325,1.8,0,0.0,0,0.0,190,7.6
"US000","1","2213","16","0","2026","1","",5,547,547,548,20386381,0,0,2865,"",1.00,1.00,1.00,1.00,1.00,0.00,0.00,1.00,"",0,0.0,-219,-28.6,-205,-27.3,-213,-28.0,-176450,-0.9,0,0.0,0,0.0,783,37.6
"US000","1","22131","17","0","2026","1","",5,547,547,548,20386381,0,0,2865,"",1.00,1.00,1.00,1.00,1.00,0.00,0.00,1.00,"",0,0.0,-219,-28.6,-205,-27.3,-213,-28.0,-176450,-0.9,0,0.0,0,0.0,783,37.6
"US000","1","221310","18","0","2026","1","",5,547,547,548,20386381,0,0,2865,"",1.00,1.00,1.00,1.00,1.00,0.00,0.00,1.00,"",0,0.0,-219,-28.6,-205,-27.3,-213,-28.0,-176450,-0.9,0,0.0,0,0.0,783,37.6
"US000","1","23","14","0","2026","1","",4,25,25,26,836352,0,0,2540,"",1.00,1.00,1.00,1.00,1.00,0.00,0.00,1.00,"",0,0.0,0,0.0,0,0.0,1,4.0,53500,6.8,0,0.0,0,0.0,131,5.4
"US000","1","237","15","0","2026","1","",4,25,25,26,836352,0,0,2540,"",1.00,1.00,1.00,1.00,1.00,0.00,0.00,1.00,"",0,0.0,0,0.0,0,0.0,1,4.0,53500,6.8,0,0.0,0,0.0,131,5.4
"US000","1","2371","16","0","2026","1","",4,25,25,26,836352,0,0,2540,"",1.00,1.00,1.00,1.00,1.00,0.00,0.00,1.00,"",0,0.0,0,0.0,0,0.0,1,4.0,53500,6.8,0,0.0,0,0.0,131,5.4
"US000","1","23713","17","0","2026","1","",4,25,25,26,836352,0,0,2540,"",1.00,1.00,1.00,1.00,1.00,0.00,0.00,1.00,"",0,0.0,0,0.0,0,0.0,1,4.0,53500,6.8,0,0.0,0,0.0,131,5.4
"US000","1","237130","18","0","2026","1","",4,25,25,26,836352,0,0,2540,"",1.00,1.00,1.00,1.00,1.00,0.00,0.00,1.00,"",0,0.0,0,0.0,0,0.0,1,4.0,53500,6.8,0,0.0,0,0.0,131,5.4
"US000","1","31-33","14","0","2026","1","",86,46518,45985,45850,1549131280,0,0,2584,"",1.00,1.00,1.00,1.00,1.00,0.00,0.00,1.00,"",-1,-1.1,-3359,-6.7,-3889,-7.8,-3811,-7.7,214325790,16.1,0,0.0,0,0.0,522,25.3
"US000","1","323","15","0","2026","1","",50,2472,2427,2436,85996761,0,0,2706,"",1.00,1.00,1.00,1.00,1.00,0.00,0.00,1.00,"",0,0.0,-259,-9.5,-291,-10.7,-309,-11.3,-7525956,-8.0,0,0.0,0,0.0,72,2.7
"US000","1","3231","16","0","2026","1","",50,2472,2427,2436,85996761,0,0,2706,"",1.00,1.00,1.00,1.00,1.00,0.00,0.00,1.00,"",0,0.0,-259,-9.5,-291,-10.7,-309,-11.3,-7525956,-8.0,0,0.0,0,0.0,72,2.7
"US000","1","32311","17","0","2026","1","",50,2472,2427,2436,85996761,0,0,2706,"",1.00,1.00,1.00,1.00,1.00,0.00,0.00,1.00,"",0,0.0,-259,-9.5,-291,-10.7,-309,-11.3,-7525956,-8.0,0,0.0,0,0.0,72,2.7
"US000","1","323111","18","0","2026","1","",25,925,900,893,33928963,0,0,2881,"",1.00,1.00,1.00,1.00,1.00,0.00,0.00,1.00,"",0,0.0,-240,-20.6,-249,-21.7,-280,-23.9,-8449525,-19.9,0,0.0,0,0.0,76,2.7
"US000","1","323117","18","0","2026","1","",25,1547,1527,1543,52067798,0,0,2602,"",1.00,1.00,1.00,1.00,1.00,0.00,0.00,1.00,"",0,0.0,-19,-1.2,-42,-2.7,-29,-1.8,923569,1.8,0,0.0,0,0.0,95,3.8
"US000","1","332","15","0","2026","1","",4,3326,3220,3206,78459847,0,0,1857,"",1.00,1.00,1.00,1.00,1.00,0.00,0.00,1.00,"",-1,-20.0,-889,-21.1,-976,-23.3,-963,-23.1,-16173954,-17.1,0,0.0,0,0.0,121,7.0
"US000","1","3321","16","0","2026","1","",1,236,238,235,9686281,0,0,3153,"",1.00,1.00,1.00,1.00,1.00,0.00,0.00,1.00,"",0,0.0,-87,-26.9,-84,-26.1,-85,-26.6,-3597173,-27.1,0,0.0,0,0.0,-24,-0.8
"US000","1","33211","17","0","2026","1","",1,236,238,235,9686281,0,0,3153,"",1.00,1.00,1.00,1.00,1.00,0.00,0.00,1.00,"",0,0.0,-87,-26.9,-84,-26.1,-85,-26.6,-3597173,-27.1,0,0.0,0,0.0,-24,-0.8
"US000","1","332119","18","0","2026","1","",1,236,238,235,9686281,0,0,3153,"",1.00,1.00,1.00,1.00,1.00,0.00,0.00,1.00,"",0,0.0,-87,-26.9,-84,-26.1,-85,-26.6,-3597173,-27.1,0,0.0,0,0.0,-24,-0.8
"US000","1","3329","16","0","2026","1","",3,3090,2982,2971,68773566,0,0,1755,"",1.00,1.00,1.00,1.00,1.00,0.00,0.00,1.00,"",-1,-25.0,-802,-20.6,-892,-23.0,-878,-22.8,-12576781,-15.5,0,0.0,0,0.0,139,8.6
"US000","1","33299","17","0","2026","1","",3,3090,2982,2971,68773566,0,0,1755,"",1.00,1.00,1.00,1.00,1.00,0.00,0.00,1.00,"",-1,-25.0,-802,-20.6,-892,-23.0,-878,-22.8,-12576781,-15.5,0,0.0,0,0.0,139,8.6
"US000","1","332993","18","0","2026","1","",1,1491,1477,1477,29864239,0,0,1550,"",1.00,1.00,1.00,1.00,1.00,0.00,0.00,1.00,"",0,0.0,-146,-8.9,-168,-10.2,-152,-9.3,-1354988,-4.3,0,0.0,0,0.0,83,5.7
"US000","1","332994","18","0","2026","1","",2,1599,1505,1494,38909327,0,0,1953,"",1.00,1.00,1.00,1.00,1.00,0.00,0.00,1.00,"",-1,-33.3,-656,-29.1,-724,-32.5,-726,-32.7,-11221793,-22.4,0,0.0,0,0.0,227,13.2
"US000","1","336","15","0","2026","1","",14,40045,39660,39534,1366966946,0,0,2646,"",1.00,1.00,1.00,1.00,1.00,0.00,0.00,1.00,"",0,0.0,-2085,-4.9,-2504,-5.9,-2419,-5.8,240652607,21.4,0,0.0,0,0.0,587,28.5
"US000","1","3364","16","0","2026","1","",1,2204,2119,2065,45151926,0,0,1631,"",1.00,1.00,1.00,1.00,1.00,0.00,0.00,1.00,"",0,0.0,-473,-17.7,-558,-20.8,-588,-22.2,-20596075,-31.3,0,0.0,0,0.0,-264,-13.9
"US000","1","33641","17","0","2026","1","",1,2204,2119,2065,45151926,0,0,1631,"",1.00,1.00,1.00,1.00,1.00,0.00,0.00,1.00,"",0,0.0,-473,-17.7,-558,-20.8,-588,-22.2,-20596075,-31.3,0,0.0,0,0.0,-264,-13.9
"US000","1","336411","18","0","2026","1","",1,2204,2119,2065,45151926,0,0,1631,"",1.00,1.00,1.00,1.00,1.00,0.00,0.00,1.00,"",0,0.0,-473,-17.7,-558,-20.8,-588,-22.2,-20596075,-31.3,0,0.0,0,0.0,-264,-13.9
"US000","1","3366","16","0","2026","1","",13,37841,37541,37469,1321815020,0,0,2703,"",1.00,1.00,1.00,1.00,1.00,0.00,0.00,1.00,"",0,0.0,-1612,-4.1,-1946,-4.9,-1831,-4.7,261248682,24.6,0,0.0,0,0.0,633,30.6
"US000","1","33661","17","0","2026","1","",13,37841,37541,37469,1321815020,0,0,2703,"",1.00,1.00,1.00,1.00,1.00,0.00,0.00,1.00,"",0,0.0,-1612,-4.1,-1946,-4.9,-1831,-4.7,261248682,24.6,0,0.0,0,0.0,633,30.6
"US000","1","336611","18","0","2026","1","",13,37841,37541,37469,1321815020,0,0,2703,"",1.00,1.00,1.00,1.00,1.00,0.00,0.00,1.00,"",0,0.0,-1612,-4.1,-1946,-4.9,-1831,-4.7,261248682,24.6,0,0.0,0,0.0,633,30.6
"US000","1","339","15","0","2026","1","",18,675,678,674,17707726,0,0,2016,"",1.00,1.00,1.00,1.00,1.00,0.00,0.00,1.00,"",0,0.0,-126,-15.7,-118,-14.8,-120,-15.1,-2626907,-12.9,0,0.0,0,0.0,53,2.7
"US000","1","3399","16","0","2026","1","",18,675,678,674,17707726,0,0,2016,"",1.00,1.00,1.00,1.00,1.00,0.00,0.00,1.00,"",0,0.0,-126,-15.7,-118,-14.8,-120,-15.1,-2626907,-12.9,0,0.0,0,0.0,53,2.7
"US000","1","33991","17","0","2026","1","",18,675,678,674,17707726,0,0,2016,"",1.00,1.00,1.00,1.00,1.00,0.00,0.00,1.00,"",0,0.0,-126,-15.7,-118,-14.8,-120,-15.1,-2626907,-12.9,0,0.0,0,0.0,53,2.7
"US000","1","339910","18","0","2026","1","",18,675,678,674,17707726,0,0,2016,"",1.00,1.00,1.00,1.00,1.00,0.00,0.00,1.00,"",0,0.0,-126,-15.7,-118,-14.8,-120,-15.1,-2626907,-12.9,0,0.0,0,0.0,53,2.7
"US000","1","44-45","14","0","2026","1","",713,36321,36280,36234,407706240,0,0,864,"",1.00,1.00,1.00,1.00,1.00,0.00,0.00,1.00,"",0,0.0,-3488,-8.8,-3593,-9.0,-3249,-8.2,1317613,0.3,0,0.0,0,0.0,77,9.8
"US000","1","441","15","0","2026","1","",39,123,128,127,1254996,0,0,766,"",1.00,1.00,1.00,1.00,1.00,0.00,0.00,1.00,"",1,2.6,-10,-7.5,1,0.8,-3,-2.3,72642,6.1,0,0.0,0,0.0,66,9.4
"US000","1","4413","16","0","2026","1","",39,123,128,127,1254996,0,0,766,"",1.00,1.00,1.00,1.00,1.00,0.00,0.00,1.00,"",1,2.6,-10,-7.5,1,0.8,-3,-2.3,72642,6.1,0,0.0,0,0.0,66,9.4
"US000","1","44133","17","0","2026","1","",39,123,128,127,1254996,0,0,766,"",1.00,1.00,1.00,1.00,1.00,0.00,0.00,1.00,"",1,2.6,-10,-7.5,1,0.8,-3,-2.3,72642,6.1,0,0.0,0,0.0,66,9.4
"US000","1","441330","18","0","2026","1","",39,123,128,127,1254996,0,0,766,"",1.00,1.00,1.00,1.00,1.00,0.00,0.00,1.00,"",1,2.6,-10,-7.5,1,0.8,-3,-2.3,72642,6.1,0,0.0,0,0.0,66,9.4
"US000","1","444","15","0","2026","1","",1,32,32,34,411157,0,0,968,"",1.00,1.00,1.00,1.00,1.00,0.00,0.00,1.00,"",0,0.0,-4,-11.1,-4,-11.1,-2,-5.6,42450,11.5,0,0.0,0,0.0,180,22.8
"US000","1","4442","16","0","2026","1","",1,32,32,34,411157,0,0,968,"",1.00,1.00,1.00,1.00,1.00,0.00,0.00,1.00,"",0,0.0,-4,-11.1,-4,-11.1,-2,-5.6,42450,11.5,0,0.0,0,0.0,180,22.8
"US000","1","44424","17","0","2026","1","",1,32,32,34,411157,0,0,968,"",1.00,1.00,1.00,1.00,1.00,0.00,0.00,1.00,"",0,0.0,-4,-11.1,-4,-11.1,-2,-5.6,42450,11.5,0,0.0,0,0.0,180,22.8
"US000","1","444240","18","0","2026","1","",1,32,32,34,411157,0,0,968,"",1.00,1.00,1.00,1.00,1.00,0.00,0.00,1.00,"",0,0.0,-4,-11.1,-4,-11.1,-2,-5.6,42450,11.5,0,0.0,0,0.0,180,22.8
"US000","1","445","15","0","2026","1","",204,9079,9043,9094,147126389,0,0,1248,"",1.00,1.00,1.00,1.00,1.00,0.00,0.00,1.00,"",1,0.5,-1108,-10.9,-1227,-11.9,-1059,-10.4,5993452,4.2,0,0.0,0,0.0,184,17.3
"US000","1","4451","16","0","2026","1","",204,9079,9043,9094,147126389,0,0,1248,"",1.00,1.00,1.00,1.00,1.00,0.00,0.00,1.00,"",1,0.5,-1108,-10.9,-1227,-11.9,-1059,-10.4,5993452,4.2,0,0.0,0,0.0,184,17.3
"US000","1","44511","17","0","2026","1","",176,8534,8498,8555,142112758,0,0,1282,"",1.00,1.00,1.00,1.00,1.00,0.00,0.00,1.00,"",2,1.1,-1051,-11.0,-1167,-12.1,-1000,-10.5,6275690,4.6,0,0.0,0,0.0,194,17.8
"US000","1","445110","18","0","2026","1","",176,8534,8498,8555,142112758,0,0,1282,"",1.00,1.00,1.00,1.00,1.00,0.00,0.00,1.00,"",2,1.1,-1051,-11.0,-1167,-12.1,-1000,-10.5,6275690,4.6,0,0.0,0,0.0,194,17.8
"US000","1","44513","17","0","2026","1","",28,545,545,539,5013631,0,0,710,"",1.00,1.00,1.00,1.00,1.00,0.00,0.00,1.00,"",-1,-3.4,-57,-9.5,-60,-9.9,-59,-9.9,-282238,-5.3,0,0.0,0,0.0,33,4.9
"US000","1","445131","18","0","2026","1","",27,542,542,536,4992913,0,0,711,"",1.00,1.00,1.00,1.00,1.00,0.00,0.00,1.00,"",-1,-3.6,-57,-9.5,-61,-10.1,-59,-9.9,-281325,-5.3,0,0.0,0,0.0,34,5.0
"US000","1","445132","18","0","2026","1","",1,3,3,3,20718,0,0,531,"",1.00,1.00,1.00,1.00,1.00,0.00,0.00,1.00,"",0,0.0,0,0.0,1,50.0,0,0.0,-913,-4.2,0,0.0,0,0.0,-93,-14.9
"US000","1","449","15","0","2026","1","",63,587,581,584,5595710,0,0,737,"",1.00,1.00,1.00,1.00,1.00,0.00,0.00,1.00,"",0,0.0,-1110,-65.4,-1114,-65.7,-1117,-65.7,-1902834,-25.4,0,0.0,0,0.0,397,116.8
"US000","1","4491","16","0","2026","1","",56,192,185,188,1735110,0,0,709,"",1.00,1.00,1.00,1.00,1.00,0.00,0.00,1.00,"",0,0.0,-12,-5.9,-14,-7.0,-12,-6.0,106631,6.5,0,0.0,0,0.0,86,13.8
"US000","1","44911","17","0","2026","1","",1,19,19,19,154853,0,0,627,"",1.00,1.00,1.00,1.00,1.00,0.00,0.00,1.00,"",0,0.0,-3,-13.6,-3,-13.6,-3,-13.6,-27197,-14.9,0,0.0,0,0.0,-10,-1.6
"US000","1","449110","18","0","2026","1","",1,19,19,19,154853,0,0,627,"",1.00,1.00,1.00,1.00,1.00,0.00,0.00,1.00,"",0,0.0,-3,-13.6,-3,-13.6,-3,-13.6,-27197,-14.9,0,0.0,0,0.0,-10,-1.6
"US000","1","44912","17","0","2026","1","",55,173,166,169,1580257,0,0,718,"",1.00,1.00,1.00,1.00,1.00,0.00,0.00,1.00,"",0,0.0,-9,-4.9,-11,-6.2,-9,-5.1,133828,9.3,0,0.0,0,0.0,96,15.4
"US000","1","449129","18","0","2026","1","",55,173,166,169,1580257,0,0,718,"",1.00,1.00,1.00,1.00,1.00,0.00,0.00,1.00,"",0,0.0,-9,-4.9,-11,-6.2,-9,-5.1,133828,9.3,0,0.0,0,0.0,96,15.4
"US000","1","4492","16","0","2026","1","",7,395,396,396,3860600,0,0,751,"",1.00,1.00,1.00,1.00,1.00,0.00,0.00,1.00,"",0,0.0,-1098,-73.5,-1100,-73.5,-1105,-73.6,-2009465,-34.2,0,0.0,0,0.0,449,148.7
"US000","1","44921","17","0","2026","1","",7,395,396,396,3860600,0,0,751,"",1.00,1.00,1.00,1.00,1.00,0.00,0.00,1.00,"",0,0.0,-1098,-73.5,-1100,-73.5,-1105,-73.6,-2009465,-34.2,0,0.0,0,0.0,449,148.7
"US000","1","449210","18","0","2026","1","",7,395,396,396,3860600,0,0,751,"",1.00,1.00,1.00,1.00,1.00,0.00,0.00,1.00,"",0,0.0,-1098,-73.5,-1100,-73.5,-1105,-73.6,-2009465,-34.2,0,0.0,0,0.0,449,148.7
"US000","1","455","15","0","2026","1","",286,24646,24617,24497,235021214,0,0,735,"",1.00,1.00,1.00,1.00,1.00,0.00,0.00,1.00,"",-1,-0.3,-611,-2.4,-609,-2.4,-452,-1.8,-3414622,-1.4,0,0.0,0,0.0,6,0.8
"US000","1","4551","16","0","2026","1","",215,15883,15856,15757,157232156,0,0,764,"",1.00,1.00,1.00,1.00,1.00,0.00,0.00,1.00,"",0,0.0,-728,-4.4,-729,-4.4,-589,-3.6,-1210894,-0.8,0,0.0,0,0.0,26,3.5
"US000","1","45511","17","0","2026","1","",215,15883,15856,15757,157232156,0,0,764,"",1.00,1.00,1.00,1.00,1.00,0.00,0.00,1.00,"",0,0.0,-728,-4.4,-729,-4.4,-589,-3.6,-1210894,-0.8,0,0.0,0,0.0,26,3.5
"US000","1","455110","18","0","2026","1","",215,15883,15856,15757,157232156,0,0,764,"",1.00,1.00,1.00,1.00,1.00,0.00,0.00,1.00,"",0,0.0,-728,-4.4,-729,-4.4,-589,-3.6,-1210894,-0.8,0,0.0,0,0.0,26,3.5
"US000","1","4552","16","0","2026","1","",71,8763,8761,8740,77789058,0,0,683,"",1.00,1.00,1.00,1.00,1.00,0.00,0.00,1.00,"",-1,-1.4,117,1.4,120,1.4,137,1.6,-2203728,-2.8,0,0.0,0,0.0,-30,-4.2
"US000","1","45521","17","0","2026","1","",71,8763,8761,8740,77789058,0,0,683,"",1.00,1.00,1.00,1.00,1.00,0.00,0.00,1.00,"",-1,-1.4,117,1.4,120,1.4,137,1.6,-2203728,-2.8,0,0.0,0,0.0,-30,-4.2
"US000","1","455211","18","0","2026","1","",27,5250,5254,5236,58223118,0,0,854,"",1.00,1.00,1.00,1.00,1.00,0.00,0.00,1.00,"",-1,-3.6,152,3.0,150,2.9,164,3.2,-2686433,-4.4,0,0.0,0,0.0,-66,-7.2
"US000","1","455219","18","0","2026","1","",44,3513,3507,3504,19565940,0,0,429,"",1.00,1.00,1.00,1.00,1.00,0.00,0.00,1.00,"",0,0.0,-35,-1.0,-30,-0.8,-27,-0.8,482705,2.5,0,0.0,0,0.0,14,3.4
"US000","1","457","15","0","2026","1","",53,1209,1218,1229,12499147,0,0,789,"",1.00,1.00,1.00,1.00,1.00,0.00,0.00,1.00,"",2,3.9,-52,-4.1,-48,-3.8,-27,-2.1,92467,0.7,0,0.0,0,0.0,32,4.2
"US000","1","4571","16","0","2026","1","",53,1209,1218,1229,12499147,0,0,789,"",1.00,1.00,1.00,1.00,1.00,0.00,0.00,1.00,"",2,3.9,-52,-4.1,-48,-3.8,-27,-2.1,92467,0.7,0,0.0,0,0.0,32,4.2
"US000","1","45711","17","0","2026","1","",50,1181,1190,1201,12272291,0,0,793,"",1.00,1.00,1.00,1.00,1.00,0.00,0.00,1.00,"",2,4.2,-53,-4.3,-47,-3.8,-28,-2.3,85287,0.7,0,0.0,0,0.0,33,4.3
"US000","1","457110","18","0","2026","1","",50,1181,1190,1201,12272291,0,0,793,"",1.00,1.00,1.00,1.00,1.00,0.00,0.00,1.00,"",2,4.2,-53,-4.3,-47,-3.8,-28,-2.3,85287,0.7,0,0.0,0,0.0,33,4.3
"US000","1","45712","17","0","2026","1","",3,28,28,28,226856,0,0,623,"",1.00,1.00,1.00,1.00,1.00,0.00,0.00,1.00,"",0,0.0,1,3.7,-1,-3.4,1,3.7,7180,3.3,0,0.0,0,0.0,12,2.0
"US000","1","457120","18","0","2026","1","",3,28,28,28,226856,0,0,623,"",1.00,1.00,1.00,1.00,1.00,0.00,0.00,1.00,"",0,0.0,1,3.7,-1,-3.4,1,3.7,7180,3.3,0,0.0,0,0.0,12,2.0
"US000","1","458","15","0","2026","1","",3,40,40,39,313216,0,0,607,"",1.00,1.00,1.00,1.00,1.00,0.00,0.00,1.00,"",0,0.0,2,5.3,-1,-2.4,0,0.0,44280,16.5,0,0.0,0,0.0,81,15.4
"US000","1","4581","16","0","2026","1","",3,40,40,39,313216,0,0,607,"",1.00,1.00,1.00,1.00,1.00,0.00,0.00,1.00,"",0,0.0,2,5.3,-1,-2.4,0,0.0,44280,16.5,0,0.0,0,0.0,81,15.4
"US000","1","45811","17","0","2026","1","",3,40,40,39,313216,0,0,607,"",1.00,1.00,1.00,1.00,1.00,0.00,0.00,1.00,"",0,0.0,2,5.3,-1,-2.4,0,0.0,44280,16.5,0,0.0,0,0.0,81,15.4
"US000","1","458110","18","0","2026","1","",3,40,40,39,313216,0,0,607,"",1.00,1.00,1.00,1.00,1.00,0.00,0.00,1.00,"",0,0.0,2,5.3,-1,-2.4,0,0.0,44280,16.5,0,0.0,0,0.0,81,15.4
"US000","1","459","15","0","2026","1","",64,605,621,630,5484411,0,0,682,"",1.00,1.00,1.00,1.00,1.00,0.00,0.00,1.00,"",-3,-4.5,-595,-49.6,-591,-48.8,-589,-48.3,389778,7.7,0,0.0,0,0.0,358,110.5
"US000","1","4591","16","0","2026","1","",46,183,190,196,1211104,0,0,491,"",1.00,1.00,1.00,1.00,1.00,0.00,0.00,1.00,"",-2,-4.2,-10,-5.2,-10,-5.0,0,0.0,15786,1.3,0,0.0,0,0.0,23,4.9
"US000","1","45911","17","0","2026","1","",44,182,189,195,1195909,0,0,488,"",1.00,1.00,1.00,1.00,1.00,0.00,0.00,1.00,"",-2,-4.3,-9,-4.7,-9,-4.5,1,0.5,23472,2.0,0,0.0,0,0.0,24,5.2
"US000","1","459110","18","0","2026","1","",44,182,189,195,1195909,0,0,488,"",1.00,1.00,1.00,1.00,1.00,0.00,0.00,1.00,"",-2,-4.3,-9,-4.7,-9,-4.5,1,0.5,23472,2.0,0,0.0,0,0.0,24,5.2
"US000","1","45912","17","0","2026","1","",2,1,1,1,15195,0,0,1169,"",1.00,1.00,1.00,1.00,1.00,0.00,0.00,1.00,"",0,0.0,-1,-50.0,-1,-50.0,-1,-50.0,-7686,-33.6,0,0.0,0,0.0,289,32.8
"US000","1","459120","18","0","2026","1","",2,1,1,1,15195,0,0,1169,"",1.00,1.00,1.00,1.00,1.00,0.00,0.00,1.00,"",0,0.0,-1,-50.0,-1,-50.0,-1,-50.0,-7686,-33.6,0,0.0,0,0.0,289,32.8
"US000","1","4592","16","0","2026","1","",1,1,1,1,35263,0,0,2713,"",1.00,1.00,1.00,1.00,1.00,0.00,0.00,1.00,"",0,0.0,0,0.0,0,0.0,0,0.0,465,1.3,0,0.0,0,0.0,36,1.3
"US000","1","45921","17","0","2026","1","",1,1,1,1,35263,0,0,2713,"",1.00,1.00,1.00,1.00,1.00,0.00,0.00,1.00,"",0,0.0,0,0.0,0,0.0,0,0.0,465,1.3,0,0.0,0,0.0,36,1.3
"US000","1","459210","18","0","2026","1","",1,1,1,1,35263,0,0,2713,"",1.00,1.00,1.00,1.00,1.00,0.00,0.00,1.00,"",0,0.0,0,0.0,0,0.0,0,0.0,465,1.3,0,0.0,0,0.0,36,1.3
"US000","1","4594","16","0","2026","1","",2,1,1,1,13602,0,0,1046,"",1.00,1.00,1.00,1.00,1.00,0.00,0.00,1.00,"",0,0.0,0,0.0,0,0.0,0,0.0,134,1.0,0,0.0,0,0.0,10,1.0
"US000","1","45942","17","0","2026","1","",2,1,1,1,13602,0,0,1046,"",1.00,1.00,1.00,1.00,1.00,0.00,0.00,1.00,"",0,0.0,0,0.0,0,0.0,0,0.0,134,1.0,0,0.0,0,0.0,10,1.0
"US000","1","459420","18","0","2026","1","",2,1,1,1,13602,0,0,1046,"",1.00,1.00,1.00,1.00,1.00,0.00,0.00,1.00,"",0,0.0,0,0.0,0,0.0,0,0.0,134,1.0,0,0.0,0,0.0,10,1.0
"US000","1","4599","16","0","2026","1","",15,420,429,432,4224442,0,0,761,"",1.00,1.00,1.00,1.00,1.00,0.00,0.00,1.00,"",-1,-6.2,-585,-58.2,-581,-57.5,-589,-57.7,373393,9.7,0,0.0,0,0.0,468,159.7
"US000","1","45992","17","0","2026","1","",1,4,4,4,57773,0,0,1111,"",1.00,1.00,1.00,1.00,1.00,0.00,0.00,1.00,"",0,0.0,3,300.0,3,300.0,1,33.3,29827,106.7,0,0.0,0,0.0,-179,-13.9
"US000","1","459920","18","0","2026","1","",1,4,4,4,57773,0,0,1111,"",1.00,1.00,1.00,1.00,1.00,0.00,0.00,1.00,"",0,0.0,3,300.0,3,300.0,1,33.3,29827,106.7,0,0.0,0,0.0,-179,-13.9
"US000","1","45999","17","0","2026","1","",14,416,425,428,4166669,0,0,758,"",1.00,1.00,1.00,1.00,1.00,0.00,0.00,1.00,"",-1,-6.7,-588,-58.6,-584,-57.9,-590,-58.0,343566,9.0,0,0.0,0,0.0,467,160.5
"US000","1","459999","18","0","2026","1","",14,416,425,428,4166669,0,0,758,"",1.00,1.00,1.00,1.00,1.00,0.00,0.00,1.00,"",-1,-6.7,-588,-58.6,-584,-57.9,-590,-58.0,343566,9.0,0,0.0,0,0.0,467,160.5
"US000","1","48-49","14","0","2026","1","",29369,606145,616135,615510,12850845539,0,0,1614,"",1.00,1.00,1.00,1.00,1.00,0.00,0.00,1.00,"",-385,-1.3,-10536,-1.7,1848,0.3,1744,0.3,552263030,4.5,0,0.0,0,0.0,75,4.9
"US000","1","481","15","0","2026","1","",3,20,16,25,212620,0,0,804,"",1.00,1.00,1.00,1.00,1.00,0.00,0.00,1.00,"",0,0.0,5,33.3,0,0.0,2,8.7,18136,9.3,0,0.0,0,0.0,-27,-3.2
"US000","1","4812","16","0","2026","1","",3,20,16,25,212620,0,0,804,"",1.00,1.00,1.00,1.00,1.00,0.00,0.00,1.00,"",0,0.0,5,33.3,0,0.0,2,8.7,18136,9.3,0,0.0,0,0.0,-27,-3.2
"US000","1","48121","17","0","2026","1","",3,20,16,25,212620,0,0,804,"",1.00,1.00,1.00,1.00,1.00,0.00,0.00,1.00,"",0,0.0,5,33.3,0,0.0,2,8.7,18136,9.3,0,0.0,0,0.0,-27,-3.2
"US000","1","481219","18","0","2026","1","",3,20,16,25,212620,0,0,804,"",1.00,1.00,1.00,1.00,1.00,0.00,0.00,1.00,"",0,0.0,5,33.3,0,0.0,2,8.7,18136,9.3,0,0.0,0,0.0,-27,-3.2
"US000","1","483","15","0","2026","1","",1,109,109,111,3092735,0,0,2169,"",1.00,1.00,1.00,1.00,1.00,0.00,0.00,1.00,"",0,0.0,-7,-6.0,-6,-5.2,-5,-4.3,406057,15.1,0,0.0,0,0.0,382,21.4
"US000","1","4831","16","0","2026","1","",1,109,109,111,3092735,0,0,2169,"",1.00,1.00,1.00,1.00,1.00,0.00,0.00,1.00,"",0,0.0,-7,-6.0,-6,-5.2,-5,-4.3,406057,15.1,0,0.0,0,0.0,382,21.4
"US000","1","48311","17","0","2026","1","",1,109,109,111,3092735,0,0,2169,"",1.00,1.00,1.00,1.00,1.00,0.00,0.00,1.00,"",0,0.0,-7,-6.0,-6,-5.2,-5,-4.3,406057,15.1,0,0.0,0,0.0,382,21.4
"US000","1","483113","18","0","2026","1","",1,109,109,111,3092735,0,0,2169,"",1.00,1.00,1.00,1.00,1.00,0.00,0.00,1.00,"",0,0.0,-7,-6.0,-6,-5.2,-5,-4.3,406057,15.1,0,0.0,0,0.0,382,21.4
"US000","1","484","15","0","2026","1","",2,2,2,2,93115,0,0,3581,"",1.00,1.00,1.00,1.00,1.00,0.00,0.00,1.00,"",0,0.0,-1,-33.3,-1,-33.3,-1,-33.3,-16737,-15.2,0,0.0,0,0.0,764,27.1
"US000","1","4841","16","0","2026","1","",2,2,2,2,93115,0,0,3581,"",1.00,1.00,1.00,1.00,1.00,0.00,0.00,1.00,"",0,0.0,-1,-33.3,-1,-33.3,-1,-33.3,-16737,-15.2,0,0.0,0,0.0,764,27.1
"US000","1","48412","17","0","2026","1","",2,2,2,2,93115,0,0,3581,"",1.00,1.00,1.00,1.00,1.00,0.00,0.00,1.00,"",0,0.0,-1,-33.3,-1,-33.3,-1,-33.3,-16737,-15.2,0,0.0,0,0.0,764,27.1
"US000","1","484121","18","0","2026","1","",2,2,2,2,93115,0,0,3581,"",1.00,1.00,1.00,1.00,1.00,0.00,0.00,1.00,"",0,0.0,-1,-33.3,-1,-33.3,-1,-33.3,-16737,-15.2,0,0.0,0,0.0,764,27.1
"US000","1","487","15","0","2026","1","",2,105,108,105,1290360,0,0,936,"",1.00,1.00,1.00,1.00,1.00,0.00,0.00,1.00,"",0,0.0,-7,-6.2,-8,-6.9,-12,-10.3,73328,6.0,0,0.0,0,0.0,122,15.0
"US000","1","4879","16","0","2026","1","",2,105,108,105,1290360,0,0,936,"",1.00,1.00,1.00,1.00,1.00,0.00,0.00,1.00,"",0,0.0,-7,-6.2,-8,-6.9,-12,-10.3,73328,6.0,0,0.0,0,0.0,122,15.0
"US000","1","48799","17","0","2026","1","",2,105,108,105,1290360,0,0,936,"",1.00,1.00,1.00,1.00,1.00,0.00,0.00,1.00,"",0,0.0,-7,-6.2,-8,-6.9,-12,-10.3,73328,6.0,0,0.0,0,0.0,122,15.0
"US000","1","487990","18","0","2026","1","",2,105,108,105,1290360,0,0,936,"",1.00,1.00,1.00,1.00,1.00,0.00,0.00,1.00,"",0,0.0,-7,-6.2,-8,-6.9,-12,-10.3,73328,6.0,0,0.0,0,0.0,122,15.0
"US000","1","488","15","0","2026","1","",129,12402,12403,12493,551829096,0,0,3414,"",1.00,1.00,1.00,1.00,1.00,0.00,0.00,1.00,"",-1,-0.8,-385,-3.0,-324,-2.5,-233,-1.8,61407369,12.5,0,0.0,0,0.0,454,15.3
"US000","1","4881","16","0","2026","1","",129,12402,12403,12493,551829096,0,0,3414,"",1.00,1.00,1.00,1.00,1.00,0.00,0.00,1.00,"",-1,-0.8,-385,-3.0,-324,-2.5,-233,-1.8,61407369,12.5,0,0.0,0,0.0,454,15.3
"US000","1","48811","17","0","2026","1","",129,12402,12403,12493,551829096,0,0,3414,"",1.00,1.00,1.00,1.00,1.00,0.00,0.00,1.00,"",-1,-0.8,-385,-3.0,-324,-2.5,-233,-1.8,61407369,12.5,0,0.0,0,0.0,454,15.3
"US000","1","488111","18","0","2026","1","",128,12386,12386,12477,551696955,0,0,3418,"",1.00,1.00,1.00,1.00,1.00,0.00,0.00,1.00,"",-1,-0.8,-384,-3.0,-324,-2.5,-232,-1.8,61401875,12.5,0,0.0,0,0.0,455,15.4
"US000","1","488119","18","0","2026","1","",1,16,17,16,132141,0,0,622,"",1.00,1.00,1.00,1.00,1.00,0.00,0.00,1.00,"",0,0.0,-1,-5.9,0,0.0,-1,-5.9,5494,4.3,0,0.0,0,0.0,49,8.6
"US000","1","491","15","0","2026","1","",29222,592155,602148,601421,12284770875,0,0,1579,"",1.00,1.00,1.00,1.00,1.00,0.00,0.00,1.00,"",-384,-1.3,-10139,-1.7,2185,0.4,1982,0.3,490527271,4.2,0,0.0,0,0.0,68,4.5
"US000","1","4911","16","0","2026","1","",29222,592155,602148,601421,12284770875,0,0,1579,"",1.00,1.00,1.00,1.00,1.00,0.00,0.00,1.00,"",-384,-1.3,-10139,-1.7,2185,0.4,1982,0.3,490527271,4.2,0,0.0,0,0.0,68,4.5
"US000","1","49111","17","0","2026","1","",29222,592155,602148,601421,12284770875,0,0,1579,"",1.00,1.00,1.00,1.00,1.00,0.00,0.00,1.00,"",-384,-1.3,-10139,-1.7,2185,0.4,1982,0.3,490527271,4.2,0,0.0,0,0.0,68,4.5
"US000","1","491110","18","0","2026","1","",29222,592155,602148,601421,12284770875,0,0,1579,"",1.00,1.00,1.00,1.00,1.00,0.00,0.00,1.00,"",-384,-1.3,-10139,-1.7,2185,0.4,1982,0.3,490527271,4.2,0,0.0,0,0.0,68,4.5
"US000","1","493","15","0","2026","1","",10,1352,1349,1353,9556738,0,0,544,"",1.00,1.00,1.00,1.00,1.00,0.00,0.00,1.00,"",0,0.0,-2,-0.1,2,0.1,11,0.8,-152394,-1.6,0,0.0,0,0.0,-10,-1.8
"US000","1","4931","16","0","2026","1","",10,1352,1349,1353,9556738,0,0,544,"",1.00,1.00,1.00,1.00,1.00,0.00,0.00,1.00,"",0,0.0,-2,-0.1,2,0.1,11,0.8,-152394,-1.6,0,0.0,0,0.0,-10,-1.8
"US000","1","49311","17","0","2026","1","",8,1300,1297,1298,7989222,0,0,473,"",1.00,1.00,1.00,1.00,1.00,0.00,0.00,1.00,"",0,0.0,11,0.9,14,1.1,18,1.4,103961,1.3,0,0.0,0,0.0,1,0.2
"US000","1","493110","18","0","2026","1","",8,1300,1297,1298,7989222,0,0,473,"",1.00,1.00,1.00,1.00,1.00,0.00,0.00,1.00,"",0,0.0,11,0.9,14,1.1,18,1.4,103961,1.3,0,0.0,0,0.0,1,0.2
"US000","1","49319","17","0","2026","1","",2,52,52,55,1567516,0,0,2275,"",1.00,1.00,1.00,1.00,1.00,0.00,0.00,1.00,"",0,0.0,-13,-20.0,-12,-18.8,-7,-11.3,-256355,-14.1,0,0.0,0,0.0,71,3.2
"US000","1","493190","18","0","2026","1","",2,52,52,55,1567516,0,0,2275,"",1.00,1.00,1.00,1.00,1.00,0.00,0.00,1.00,"",0,0.0,-13,-20.0,-12,-18.8,-7,-11.3,-256355,-14.1,0,0.0,0,0.0,71,3.2
"US000","1","51","14","0","2026","1","",152,6062,6034,6043,174386424,0,0,2219,"",1.00,1.00,1.00,1.00,1.00,0.00,0.00,1.00,"",1,0.7,-521,-7.9,-533,-8.1,-470,-7.2,5791353,3.4,0,0.0,0,0.0,240,12.1
"US000","1","512","15","0","2026","1","",6,37,39,39,380521,0,0,764,"",1.00,1.00,1.00,1.00,1.00,0.00,0.00,1.00,"",0,0.0,3,8.8,2,5.4,3,8.3,15458,4.2,0,0.0,0,0.0,-23,-2.9
"US000","1","5121","16","0","2026","1","",6,37,39,39,380521,0,0,764,"",1.00,1.00,1.00,1.00,1.00,0.00,0.00,1.00,"",0,0.0,3,8.8,2,5.4,3,8.3,15458,4.2,0,0.0,0,0.0,-23,-2.9
"US000","1","51213","17","0","2026","1","",2,2,2,2,4729,0,0,182,"",1.00,1.00,1.00,1.00,1.00,0.00,0.00,1.00,"",0,0.0,0,0.0,0,0.0,0,0.0,-1792,-27.5,0,0.0,0,0.0,-69,-27.5
"US000","1","512131","18","0","2026","1","",2,2,2,2,4729,0,0,182,"",1.00,1.00,1.00,1.00,1.00,0.00,0.00,1.00,"",0,0.0,0,0.0,0,0.0,0,0.0,-1792,-27.5,0,0.0,0,0.0,-69,-27.5
"US000","1","51219","17","0","2026","1","",4,35,37,37,375792,0,0,796,"",1.00,1.00,1.00,1.00,1.00,0.00,0.00,1.00,"",0,0.0,3,9.4,2,5.7,3,8.8,17250,4.8,0,0.0,0,0.0,-23,-2.8
"US000","1","512199","18","0","2026","1","",4,35,37,37,375792,0,0,796,"",1.00,1.00,1.00,1.00,1.00,0.00,0.00,1.00,"",0,0.0,3,9.4,2,5.7,3,8.8,17250,4.8,0,0.0,0,0.0,-23,-2.8
"US000","1","513","15","0","2026","1","",7,122,122,122,3320297,0,0,2094,"",1.00,1.00,1.00,1.00,1.00,0.00,0.00,1.00,"",0,0.0,0,0.0,-2,-1.6,-1,-0.8,262215,8.6,0,0.0,0,0.0,182,9.5
"US000","1","5131","16","0","2026","1","",7,122,122,122,3320297,0,0,2094,"",1.00,1.00,1.00,1.00,1.00,0.00,0.00,1.00,"",0,0.0,0,0.0,-2,-1.6,-1,-0.8,262215,8.6,0,0.0,0,0.0,182,9.5
"US000","1","51311","17","0","2026","1","",1,59,59,58,1486501,0,0,1949,"",1.00,1.00,1.00,1.00,1.00,0.00,0.00,1.00,"",0,0.0,-1,-1.7,-3,-4.8,-4,-6.5,225312,17.9,0,0.0,0,0.0,367,23.2
"US000","1","513110","18","0","2026","1","",1,59,59,58,1486501,0,0,1949,"",1.00,1.00,1.00,1.00,1.00,0.00,0.00,1.00,"",0,0.0,-1,-1.7,-3,-4.8,-4,-6.5,225312,17.9,0,0.0,0,0.0,367,23.2
"US000","1","51313","17","0","2026","1","",4,46,46,47,1151211,0,0,1911,"",1.00,1.00,1.00,1.00,1.00,0.00,0.00,1.00,"",0,0.0,5,12.2,5,12.2,7,17.5,146696,14.6,0,0.0,0,0.0,11,0.6
"US000","1","513130","18","0","2026","1","",4,46,46,47,1151211,0,0,1911,"",1.00,1.00,1.00,1.00,1.00,0.00,0.00,1.00,"",0,0.0,5,12.2,5,12.2,7,17.5,146696,14.6,0,0.0,0,0.0,11,0.6
"US000","1","51314","17","0","2026","1","",1,13,13,13,552756,0,0,3271,"",1.00,1.00,1.00,1.00,1.00,0.00,0.00,1.00,"",0,0.0,-5,-27.8,-5,-27.8,-5,-27.8,-118362,-17.6,0,0.0,0,0.0,403,14.1
"US000","1","513140","18","0","2026","1","",1,13,13,13,552756,0,0,3271,"",1.00,1.00,1.00,1.00,1.00,0.00,0.00,1.00,"",0,0.0,-5,-27.8,-5,-27.8,-5,-27.8,-118362,-17.6,0,0.0,0,0.0,403,14.1
"US000","1","51319","17","0","2026","1","",1,4,4,4,129829,0,0,2497,"",1.00,1.00,1.00,1.00,1.00,0.00,0.00,1.00,"",0,0.0,1,33.3,1,33.3,1,33.3,8569,7.1,0,0.0,0,0.0,-612,-19.7
"US000","1","513199","18","0","2026","1","",1,4,4,4,129829,0,0,2497,"",1.00,1.00,1.00,1.00,1.00,0.00,0.00,1.00,"",0,0.0,1,33.3,1,33.3,1,33.3,8569,7.1,0,0.0,0,0.0,-612,-19.7
"US000","1","518","15","0","2026","1","",1,993,987,992,21844481,0,0,1696,"",1.00,1.00,1.00,1.00,1.00,0.00,0.00,1.00,"",0,0.0,-196,-16.5,-195,-16.5,-172,-14.8,2251871,11.5,0,0.0,0,0.0,417,32.6
"US000","1","5182","16","0","2026","1","",1,993,987,992,21844481,0,0,1696,"",1.00,1.00,1.00,1.00,1.00,0.00,0.00,1.00,"",0,0.0,-196,-16.5,-195,-16.5,-172,-14.8,2251871,11.5,0,0.0,0,0.0,417,32.6
"US000","1","51821","17","0","2026","1","",1,993,987,992,21844481,0,0,1696,"",1.00,1.00,1.00,1.00,1.00,0.00,0.00,1.00,"",0,0.0,-196,-16.5,-195,-16.5,-172,-14.8,2251871,11.5,0,0.0,0,0.0,417,32.6
"US000","1","518210","18","0","2026","1","",1,993,987,992,21844481,0,0,1696,"",1.00,1.00,1.00,1.00,1.00,0.00,0.00,1.00,"",0,0.0,-196,-16.5,-195,-16.5,-172,-14.8,2251871,11.5,0,0.0,0,0.0,417,32.6
"US000","1","519","15","0","2026","1","",138,4910,4886,4890,148841125,0,0,2339,"",1.00,1.00,1.00,1.00,1.00,0.00,0.00,1.00,"",1,0.7,-328,-6.3,-338,-6.5,-300,-5.8,3261809,2.2,0,0.0,0,0.0,193,9.0
"US000","1","5192","16","0","2026","1","",138,4910,4886,4890,148841125,0,0,2339,"",1.00,1.00,1.00,1.00,1.00,0.00,0.00,1.00,"",1,0.7,-328,-6.3,-338,-6.5,-300,-5.8,3261809,2.2,0,0.0,0,0.0,193,9.0
"US000","1","51921","17","0","2026","1","",138,4910,4886,4890,148841125,0,0,2339,"",1.00,1.00,1.00,1.00,1.00,0.00,0.00,1.00,"",1,0.7,-328,-6.3,-338,-6.5,-300,-5.8,3261809,2.2,0,0.0,0,0.0,193,9.0
"US000","1","519210","18","0","2026","1","",138,4910,4886,4890,148841125,0,0,2339,"",1.00,1.00,1.00,1.00,1.00,0.00,0.00,1.00,"",1,0.7,-328,-6.3,-338,-6.5,-300,-5.8,3261809,2.2,0,0.0,0,0.0,193,9.0
"US000","1","52","14","0","2026","1","",820,10189,9713,9757,486337724,0,0,3784,"",1.00,1.00,1.00,1.00,1.00,0.00,0.00,1.00,"",-5,-0.6,-3391,-25.0,-3782,-28.0,-3623,-27.1,-88978294,-15.5,0,0.0,0,0.0,502,15.3
"US000","1","521","15","0","2026","1","",1,0,0,0,276203,0,0,0,"",1.00,0.00,0.00,0.00,1.00,0.00,0.00,0.00,"",0,0.0,0,0.0,0,0.0,-1,-100.0,-55690,-16.8,0,0.0,0,0.0,-76591,-100.0
"US000","1","5211","16","0","2026","1","",1,0,0,0,276203,0,0,0,"",1.00,0.00,0.00,0.00,1.00,0.00,0.00,0.00,"",0,0.0,0,0.0,0,0.0,-1,-100.0,-55690,-16.8,0,0.0,0,0.0,-76591,-100.0
"US000","1","52111","17","0","2026","1","",1,0,0,0,276203,0,0,0,"",1.00,0.00,0.00,0.00,1.00,0.00,0.00,0.00,"",0,0.0,0,0.0,0,0.0,-1,-100.0,-55690,-16.8,0,0.0,0,0.0,-76591,-100.0
"US000","1","521110","18","0","2026","1","",1,0,0,0,276203,0,0,0,"",1.00,0.00,0.00,0.00,1.00,0.00,0.00,0.00,"",0,0.0,0,0.0,0,0.0,-1,-100.0,-55690,-16.8,0,0.0,0,0.0,-76591,-100.0
"US000","1","522","15","0","2026","1","",638,4226,4202,4277,150098777,0,0,2726,"",1.00,1.00,1.00,1.00,1.00,0.00,0.00,1.00,"",-3,-0.5,-2362,-35.9,-2336,-35.7,-2204,-34.0,-47300708,-24.0,0,0.0,0,0.0,403,17.3
"US000","1","5221","16","0","2026","1","",3,2,2,2,59312,0,0,2281,"",1.00,1.00,1.00,1.00,1.00,0.00,0.00,1.00,"",0,0.0,0,0.0,0,0.0,0,0.0,9343,18.7,0,0.0,0,0.0,359,18.7
"US000","1","52218","17","0","2026","1","",3,2,2,2,59312,0,0,2281,"",1.00,1.00,1.00,1.00,1.00,0.00,0.00,1.00,"",0,0.0,0,0.0,0,0.0,0,0.0,9343,18.7,0,0.0,0,0.0,359,18.7
"US000","1","522180","18","0","2026","1","",3,2,2,2,59312,0,0,2281,"",1.00,1.00,1.00,1.00,1.00,0.00,0.00,1.00,"",0,0.0,0,0.0,0,0.0,0,0.0,9343,18.7,0,0.0,0,0.0,359,18.7
"US000","1","5222","16","0","2026","1","",635,4224,4200,4275,150039465,0,0,2727,"",1.00,1.00,1.00,1.00,1.00,0.00,0.00,1.00,"",-3,-0.5,-2362,-35.9,-2336,-35.7,-2204,-34.0,-47310051,-24.0,0,0.0,0,0.0,404,17.4
"US000","1","52229","17","0","2026","1","",635,4224,4200,4275,150039465,0,0,2727,"",1.00,1.00,1.00,1.00,1.00,0.00,0.00,1.00,"",-3,-0.5,-2362,-35.9,-2336,-35.7,-2204,-34.0,-47310051,-24.0,0,0.0,0,0.0,404,17.4
"US000","1","522292","18","0","2026","1","",286,2260,2235,2246,67076069,0,0,2296,"",1.00,1.00,1.00,1.00,1.00,0.00,0.00,1.00,"",-1,-0.3,-1384,-38.0,-1383,-38.2,-1343,-37.4,-33482425,-33.3,0,0.0,0,0.0,157,7.3
"US000","1","522299","18","0","2026","1","",349,1964,1965,2029,82963396,0,0,3213,"",1.00,1.00,1.00,1.00,1.00,0.00,0.00,1.00,"",-2,-0.6,-978,-33.2,-953,-32.7,-861,-29.8,-13827626,-14.3,0,0.0,0,0.0,660,25.9
"US000","1","523","15","0","2026","1","",4,5,5,5,150151,0,0,2310,"",1.00,1.00,1.00,1.00,1.00,0.00,0.00,1.00,"",0,0.0,0,0.0,0,0.0,0,0.0,5300,3.7,0,0.0,0,0.0,82,3.7
"US000","1","5239","16","0","2026","1","",4,5,5,5,150151,0,0,2310,"",1.00,1.00,1.00,1.00,1.00,0.00,0.00,1.00,"",0,0.0,0,0.0,0,0.0,0,0.0,5300,3.7,0,0.0,0,0.0,82,3.7
"US000","1","52391","17","0","2026","1","",1,0,0,0,0,0,0,0,"",1.00,0.00,0.00,0.00,0.00,0.00,0.00,0.00,"",0,0.0,0,0.0,0,0.0,0,0.0,0,0.0,0,0.0,0,0.0,0,0.0
"US000","1","523910","18","0","2026","1","",1,0,0,0,0,0,0,0,"",1.00,0.00,0.00,0.00,0.00,0.00,0.00,0.00,"",0,0.0,0,0.0,0,0.0,0,0.0,0,0.0,0,0.0,0,0.0,0,0.0
"US000","1","52394","17","0","2026","1","",3,5,5,5,150151,0,0,2310,"",1.00,1.00,1.00,1.00,1.00,0.00,0.00,1.00,"",0,0.0,0,0.0,0,0.0,0,0.0,5300,3.7,0,0.0,0,0.0,82,3.7
"US000","1","523940","18","0","2026","1","",3,5,5,5,150151,0,0,2310,"",1.00,1.00,1.00,1.00,1.00,0.00,0.00,1.00,"",0,0.0,0,0.0,0,0.0,0,0.0,5300,3.7,0,0.0,0,0.0,82,3.7
"US000","1","524","15","0","2026","1","",176,5952,5500,5469,335584519,0,0,4577,"",1.00,1.00,1.00,1.00,1.00,0.00,0.00,1.00,"",-2,-1.1,-1028,-14.7,-1445,-20.8,-1417,-20.6,-41618560,-11.0,0,0.0,0,0.0,394,9.4
"US000","1","5241","16","0","2026","1","",124,5666,5214,5183,326004544,0,0,4684,"",1.00,1.00,1.00,1.00,1.00,0.00,0.00,1.00,"",-3,-2.4,-975,-14.7,-1390,-21.0,-1366,-20.9,-40340568,-11.0,0,0.0,0,0.0,413,9.7
"US000","1","52412","17","0","2026","1","",124,5666,5214,5183,326004544,0,0,4684,"",1.00,1.00,1.00,1.00,1.00,0.00,0.00,1.00,"",-3,-2.4,-975,-14.7,-1390,-21.0,-1366,-20.9,-40340568,-11.0,0,0.0,0,0.0,413,9.7
"US000","1","524126","18","0","2026","1","",2,8,7,7,255876,0,0,2684,"",1.00,1.00,1.00,1.00,1.00,0.00,0.00,1.00,"",0,0.0,-8,-50.0,-8,-53.3,-8,-53.3,-300550,-54.0,0,0.0,0,0.0,-107,-3.8
"US000","1","524128","18","0","2026","1","",122,5658,5207,5176,325748668,0,0,4686,"",1.00,1.00,1.00,1.00,1.00,0.00,0.00,1.00,"",-3,-2.4,-967,-14.6,-1382,-21.0,-1358,-20.8,-40040018,-10.9,0,0.0,0,0.0,412,9.6
"US000","1","5242","16","0","2026","1","",52,286,286,286,9579975,0,0,2577,"",1.00,1.00,1.00,1.00,1.00,0.00,0.00,1.00,"",1,2.0,-53,-15.6,-55,-16.1,-51,-15.1,-1277992,-11.8,0,0.0,0,0.0,113,4.6
"US000","1","52421","17","0","2026","1","",43,180,180,180,6003744,0,0,2566,"",1.00,1.00,1.00,1.00,1.00,0.00,0.00,1.00,"",1,2.4,-34,-15.9,-36,-16.7,-32,-15.1,-836476,-12.2,0,0.0,0,0.0,107,4.4
"US000","1","524210","18","0","2026","1","",43,180,180,180,6003744,0,0,2566,"",1.00,1.00,1.00,1.00,1.00,0.00,0.00,1.00,"",1,2.4,-34,-15.9,-36,-16.7,-32,-15.1,-836476,-12.2,0,0.0,0,0.0,107,4.4
"US000","1","52429","17","0","2026","1","",9,106,106,106,3576231,0,0,2595,"",1.00,1.00,1.00,1.00,1.00,0.00,0.00,1.00,"",0,0.0,-19,-15.2,-19,-15.2,-19,-15.2,-441516,-11.0,0,0.0,0,0.0,123,5.0
"US000","1","524292","18","0","2026","1","",3,11,11,11,294443,0,0,2059,"",1.00,1.00,1.00,1.00,1.00,0.00,0.00,1.00,"",0,0.0,-2,-15.4,-2,-15.4,-2,-15.4,15587,5.6,0,0.0,0,0.0,409,24.8
"US000","1","524298","18","0","2026","1","",6,95,95,95,3281788,0,0,2657,"",1.00,1.00,1.00,1.00,1.00,0.00,0.00,1.00,"",0,0.0,-17,-15.2,-17,-15.2,-17,-15.2,-457103,-12.2,0,0.0,0,0.0,89,3.5
"US000","1","525","15","0","2026","1","",1,6,6,6,228074,0,0,2924,"",1.00,1.00,1.00,1.00,1.00,0.00,0.00,1.00,"",0,0.0,-1,-14.3,-1,-14.3,-1,-14.3,-8636,-3.6,0,0.0,0,0.0,323,12.4
"US000","1","5251","16","0","2026","1","",1,6,6,6,228074,0,0,2924,"",1.00,1.00,1.00,1.00,1.00,0.00,0.00,1.00,"",0,0.0,-1,-14.3,-1,-14.3,-1,-14.3,-8636,-3.6,0,0.0,0,0.0,323,12.4
"US000","1","52511","17","0","2026","1","",1,6,6,6,228074,0,0,2924,"",1.00,1.00,1.00,1.00,1.00,0.00,0.00,1.00,"",0,0.0,-1,-14.3,-1,-14.3,-1,-14.3,-8636,-3.6,0,0.0,0,0.0,323,12.4
"US000","1","525110","18","0","2026","1","",1,6,6,6,228074,0,0,2924,"",1.00,1.00,1.00,1.00,1.00,0.00,0.00,1.00,"",0,0.0,-1,-14.3,-1,-14.3,-1,-14.3,-8636,-3.6,0,0.0,0,0.0,323,12.4
"US000","1","53","14","0","2026","1","",7,28,27,28,172121,0,0,479,"",1.00,1.00,1.00,1.00,1.00,0.00,0.00,1.00,"",0,0.0,4,16.7,3,12.5,1,3.7,17929,11.6,0,0.0,0,0.0,5,1.1
"US000","1","531","15","0","2026","1","",1,9,9,9,68849,0,0,588,"",1.00,1.00,1.00,1.00,1.00,0.00,0.00,1.00,"",0,0.0,-2,-18.2,-2,-18.2,-4,-30.8,-12781,-15.7,0,0.0,0,0.0,50,9.3
"US000","1","5311","16","0","2026","1","",1,9,9,9,68849,0,0,588,"",1.00,1.00,1.00,1.00,1.00,0.00,0.00,1.00,"",0,0.0,-2,-18.2,-2,-18.2,-4,-30.8,-12781,-15.7,0,0.0,0,0.0,50,9.3
"US000","1","53111","17","0","2026","1","",1,9,9,9,68849,0,0,588,"",1.00,1.00,1.00,1.00,1.00,0.00,0.00,1.00,"",0,0.0,-2,-18.2,-2,-18.2,-4,-30.8,-12781,-15.7,0,0.0,0,0.0,50,9.3
"US000","1","531110","18","0","2026","1","",1,9,9,9,68849,0,0,588,"",1.00,1.00,1.00,1.00,1.00,0.00,0.00,1.00,"",0,0.0,-2,-18.2,-2,-18.2,-4,-30.8,-12781,-15.7,0,0.0,0,0.0,50,9.3
"US000","1","532","15","0","2026","1","",6,19,18,19,103272,0,0,426,"",1.00,1.00,1.00,1.00,1.00,0.00,0.00,1.00,"",0,0.0,6,46.2,5,38.5,5,35.7,30710,42.3,0,0.0,0,0.0,7,1.7
"US000","1","5322","16","0","2026","1","",6,19,18,19,103272,0,0,426,"",1.00,1.00,1.00,1.00,1.00,0.00,0.00,1.00,"",0,0.0,6,46.2,5,38.5,5,35.7,30710,42.3,0,0.0,0,0.0,7,1.7
"US000","1","53228","17","0","2026","1","",6,19,18,19,103272,0,0,426,"",1.00,1.00,1.00,1.00,1.00,0.00,0.00,1.00,"",0,0.0,6,46.2,5,38.5,5,35.7,30710,42.3,0,0.0,0,0.0,7,1.7
"US000","1","532289","18","0","2026","1","",6,19,18,19,103272,0,0,426,"",1.00,1.00,1.00,1.00,1.00,0.00,0.00,1.00,"",0,0.0,6,46.2,5,38.5,5,35.7,30710,42.3,0,0.0,0,0.0,7,1.7
"US000","1","54","14","0","2026","1","",1370,63884,61998,61512,1860453823,0,0,2291,"",1.00,1.00,1.00,1.00,1.00,0.00,0.00,1.00,"",6,0.4,-7883,-11.0,-9673,-13.5,-9793,-13.7,-50180582,-2.6,0,0.0,0,0.0,238,11.6
"US000","1","541","15","0","2026","1","",1370,63884,61998,61512,1860453823,0,0,2291,"",1.00,1.00,1.00,1.00,1.00,0.00,0.00,1.00,"",6,0.4,-7883,-11.0,-9673,-13.5,-9793,-13.7,-50180582,-2.6,0,0.0,0,0.0,238,11.6
"US000","1","5411","16","0","2026","1","",1,6,6,6,224167,0,0,2874,"",1.00,1.00,1.00,1.00,1.00,0.00,0.00,1.00,"",0,0.0,-8,-57.1,-7,-53.8,-8,-57.1,-183210,-45.0,0,0.0,0,0.0,581,25.3
"US000","1","54111","17","0","2026","1","",1,6,6,6,224167,0,0,2874,"",1.00,1.00,1.00,1.00,1.00,0.00,0.00,1.00,"",0,0.0,-8,-57.1,-7,-53.8,-8,-57.1,-183210,-45.0,0,0.0,0,0.0,581,25.3
"US000","1","541110","18","0","2026","1","",1,6,6,6,224167,0,0,2874,"",1.00,1.00,1.00,1.00,1.00,0.00,0.00,1.00,"",0,0.0,-8,-57.1,-7,-53.8,-8,-57.1,-183210,-45.0,0,0.0,0,0.0,581,25.3
"US000","1","5412","16","0","2026","1","",76,810,813,822,13988095,0,0,1320,"",1.00,1.00,1.00,1.00,1.00,0.00,0.00,1.00,"",1,1.3,-11,-1.3,-19,-2.3,-19,-2.3,879211,6.7,0,0.0,0,0.0,107,8.8
"US000","1","54121","17","0","2026","1","",76,810,813,822,13988095,0,0,1320,"",1.00,1.00,1.00,1.00,1.00,0.00,0.00,1.00,"",1,1.3,-11,-1.3,-19,-2.3,-19,-2.3,879211,6.7,0,0.0,0,0.0,107,8.8
"US000","1","541211","18","0","2026","1","",4,163,161,164,1111014,0,0,525,"",1.00,1.00,1.00,1.00,1.00,0.00,0.00,1.00,"",-1,-20.0,-4,-2.4,-8,-4.7,-4,-2.4,-380904,-25.5,0,0.0,0,0.0,-158,-23.1
"US000","1","541214","18","0","2026","1","",1,7,7,7,301778,0,0,3316,"",1.00,1.00,1.00,1.00,1.00,0.00,0.00,1.00,"",0,0.0,-3,-30.0,-3,-30.0,-3,-30.0,30705,11.3,0,0.0,0,0.0,1231,59.0
"US000","1","541219","18","0","2026","1","",71,640,645,651,12575303,0,0,1499,"",1.00,1.00,1.00,1.00,1.00,0.00,0.00,1.00,"",2,2.9,-4,-0.6,-8,-1.2,-12,-1.8,1229410,10.8,0,0.0,0,0.0,163,12.2
"US000","1","5413","16","0","2026","1","",873,51484,49618,49165,1415250060,0,0,2173,"",1.00,1.00,1.00,1.00,1.00,0.00,0.00,1.00,"",24,2.8,-5859,-10.2,-7656,-13.4,-7795,-13.7,-16574487,-1.2,0,0.0,0,0.0,247,12.8
"US000","1","54131","17","0","2026","1","",13,2649,2620,2669,79881323,0,0,2322,"",1.00,1.00,1.00,1.00,1.00,0.00,0.00,1.00,"",-1,-7.1,-1,0.0,-10,-0.4,28,1.1,3404381,4.5,0,0.0,0,0.0,94,4.2
"US000","1","541310","18","0","2026","1","",13,2649,2620,2669,79881323,0,0,2322,"",1.00,1.00,1.00,1.00,1.00,0.00,0.00,1.00,"",-1,-7.1,-1,0.0,-10,-0.4,28,1.1,3404381,4.5,0,0.0,0,0.0,94,4.2
"US000","1","54133","17","0","2026","1","",859,48831,46995,46493,1335300616,0,0,2165,"",1.00,1.00,1.00,1.00,1.00,0.00,0.00,1.00,"",25,3.0,-5859,-10.7,-7646,-14.0,-7822,-14.4,-19991688,-1.5,0,0.0,0,0.0,254,13.3
"US000","1","541330","18","0","2026","1","",859,48831,46995,46493,1335300616,0,0,2165,"",1.00,1.00,1.00,1.00,1.00,0.00,0.00,1.00,"",25,3.0,-5859,-10.7,-7646,-14.0,-7822,-14.4,-19991688,-1.5,0,0.0,0,0.0,254,13.3
"US000","1","54138","17","0","2026","1","",1,4,3,3,68121,0,0,1572,"",1.00,1.00,1.00,1.00,1.00,0.00,0.00,1.00,"",0,0.0,1,33.3,0,0.0,-1,-25.0,12820,23.2,0,0.0,0,0.0,296,23.2
"US000","1","541380","18","0","2026","1","",1,4,3,3,68121,0,0,1572,"",1.00,1.00,1.00,1.00,1.00,0.00,0.00,1.00,"",0,0.0,1,33.3,0,0.0,-1,-25.0,12820,23.2,0,0.0,0,0.0,296,23.2
"US000","1","5415","16","0","2026","1","",77,168,165,166,3159526,0,0,1461,"",1.00,1.00,1.00,1.00,1.00,0.00,0.00,1.00,"",3,4.1,4,2.4,1,0.6,1,0.6,294311,10.3,0,0.0,0,0.0,120,8.9
"US000","1","54151","17","0","2026","1","",77,168,165,166,3159526,0,0,1461,"",1.00,1.00,1.00,1.00,1.00,0.00,0.00,1.00,"",3,4.1,4,2.4,1,0.6,1,0.6,294311,10.3,0,0.0,0,0.0,120,8.9
"US000","1","541511","18","0","2026","1","",23,31,28,29,480068,0,0,1259,"",1.00,1.00,1.00,1.00,1.00,0.00,0.00,1.00,"",1,4.5,-4,-11.4,-6,-17.6,-6,-17.1,34084,7.6,0,0.0,0,0.0,269,27.2
"US000","1","541513","18","0","2026","1","",54,137,137,137,2679458,0,0,1504,"",1.00,1.00,1.00,1.00,1.00,0.00,0.00,1.00,"",4,8.0,8,6.2,7,5.4,7,5.4,260227,10.8,0,0.0,0,0.0,69,4.8
"US000","1","5416","16","0","2026","1","",79,699,707,706,24532559,0,0,2681,"",1.00,1.00,1.00,1.00,1.00,0.00,0.00,1.00,"",3,3.9,-155,-18.1,-139,-16.4,-140,-16.5,-3831114,-13.5,0,0.0,0,0.0,110,4.3
"US000","1","54161","17","0","2026","1","",56,100,106,105,1821576,0,0,1352,"",1.00,1.00,1.00,1.00,1.00,0.00,0.00,1.00,"",3,5.7,1,1.0,8,8.2,7,7.1,178904,10.9,0,0.0,0,0.0,67,5.2
"US000","1","541611","18","0","2026","1","",3,11,11,12,189076,0,0,1283,"",1.00,1.00,1.00,1.00,1.00,0.00,0.00,1.00,"",0,0.0,0,0.0,0,0.0,2,20.0,-5264,-2.7,0,0.0,0,0.0,-118,-8.4
"US000","1","541612","18","0","2026","1","",4,20,22,23,362563,0,0,1287,"",1.00,1.00,1.00,1.00,1.00,0.00,0.00,1.00,"",0,0.0,2,11.1,3,15.8,3,15.0,33657,10.2,0,0.0,0,0.0,-45,-3.4
"US000","1","541613","18","0","2026","1","",28,51,53,51,1020884,0,0,1520,"",1.00,1.00,1.00,1.00,1.00,0.00,0.00,1.00,"",1,3.7,4,8.5,7,15.2,5,10.9,147005,16.8,0,0.0,0,0.0,69,4.8
"US000","1","541614","18","0","2026","1","",21,18,20,19,249053,0,0,1008,"",1.00,1.00,1.00,1.00,1.00,0.00,0.00,1.00,"",2,10.5,-5,-21.7,-2,-9.1,-3,-13.6,3506,1.4,0,0.0,0,0.0,162,19.1
"US000","1","54162","17","0","2026","1","",17,503,505,506,19527111,0,0,2976,"",1.00,1.00,1.00,1.00,1.00,0.00,0.00,1.00,"",0,0.0,-136,-21.3,-128,-20.2,-127,-20.1,-3408968,-14.9,0,0.0,0,0.0,198,7.1
"US000","1","541620","18","0","2026","1","",17,503,505,506,19527111,0,0,2976,"",1.00,1.00,1.00,1.00,1.00,0.00,0.00,1.00,"",0,0.0,-136,-21.3,-128,-20.2,-127,-20.1,-3408968,-14.9,0,0.0,0,0.0,198,7.1
"US000","1","54169","17","0","2026","1","",6,96,96,95,3183872,0,0,2560,"",1.00,1.00,1.00,1.00,1.00,0.00,0.00,1.00,"",0,0.0,-20,-17.2,-19,-16.5,-20,-17.4,-601050,-15.9,0,0.0,0,0.0,36,1.4
"US000","1","541690","18","0","2026","1","",6,96,96,95,3183872,0,0,2560,"",1.00,1.00,1.00,1.00,1.00,0.00,0.00,1.00,"",0,0.0,-20,-17.2,-19,-16.5,-20,-17.4,-601050,-15.9,0,0.0,0,0.0,36,1.4
"US000","1","5417","16","0","2026","1","",97,7061,7000,6972,283492714,0,0,3110,"",1.00,1.00,1.00,1.00,1.00,0.00,0.00,1.00,"",-11,-10.2,-843,-10.7,-871,-11.1,-852,-10.9,-3708725,-1.3,0,0.0,0,0.0,302,10.8
"US000","1","54171","17","0","2026","1","",96,7061,6999,6971,283492314,0,0,3111,"",1.00,1.00,1.00,1.00,1.00,0.00,0.00,1.00,"",-11,-10.3,-841,-10.6,-872,-11.1,-852,-10.9,-3705525,-1.3,0,0.0,0,0.0,302,10.8
"US000","1","541713","18","0","2026","1","",18,2612,2600,2618,97973077,0,0,2888,"",1.00,1.00,1.00,1.00,1.00,0.00,0.00,1.00,"",-9,-33.3,433,19.9,426,19.6,456,21.1,33448987,51.8,0,0.0,0,0.0,602,26.3
"US000","1","541714","18","0","2026","1","",2,37,38,36,1642317,0,0,3414,"",1.00,1.00,1.00,1.00,1.00,0.00,0.00,1.00,"",-1,-33.3,-13,-26.0,-12,-24.0,-13,-26.5,-511822,-23.8,0,0.0,0,0.0,78,2.3
"US000","1","541715","18","0","2026","1","",76,4412,4361,4317,183876920,0,0,3242,"",1.00,1.00,1.00,1.00,1.00,0.00,0.00,1.00,"",-1,-1.3,-1261,-22.2,-1286,-22.8,-1295,-23.1,-36642690,-16.6,0,0.0,0,0.0,236,7.9
"US000","1","54172","17","0","2026","1","",1,0,1,1,400,0,0,46,"",1.00,0.00,1.00,1.00,1.00,0.00,0.00,1.00,"",0,0.0,-2,-100.0,1,100.0,0,0.0,-3200,-88.9,0,0.0,0,0.0,-231,-83.4
"US000","1","541720","18","0","2026","1","",1,0,1,1,400,0,0,46,"",1.00,0.00,1.00,1.00,1.00,0.00,0.00,1.00,"",0,0.0,-2,-100.0,1,100.0,0,0.0,-3200,-88.9,0,0.0,0,0.0,-231,-83.4
"US000","1","5418","16","0","2026","1","",46,173,174,169,2865986,0,0,1282,"",1.00,1.00,1.00,1.00,1.00,0.00,0.00,1.00,"",0,0.0,5,3.0,1,0.6,1,0.6,359863,14.4,0,0.0,0,0.0,146,12.9
"US000","1","54185","17","0","2026","1","",41,148,148,145,2496740,0,0,1307,"",1.00,1.00,1.00,1.00,1.00,0.00,0.00,1.00,"",0,0.0,3,2.1,-2,-1.3,-1,-0.7,330251,15.2,0,0.0,0,0.0,173,15.3
"US000","1","541850","18","0","2026","1","",41,148,148,145,2496740,0,0,1307,"",1.00,1.00,1.00,1.00,1.00,0.00,0.00,1.00,"",0,0.0,3,2.1,-2,-1.3,-1,-0.7,330251,15.2,0,0.0,0,0.0,173,15.3
"US000","1","54187","17","0","2026","1","",2,8,8,7,117735,0,0,1181,"",1.00,1.00,1.00,1.00,1.00,0.00,0.00,1.00,"",0,0.0,-1,-11.1,-1,-11.1,-1,-12.5,1026,0.9,0,0.0,0,0.0,145,14.0
"US000","1","541870","18","0","2026","1","",2,8,8,7,117735,0,0,1181,"",1.00,1.00,1.00,1.00,1.00,0.00,0.00,1.00,"",0,0.0,-1,-11.1,-1,-11.1,-1,-12.5,1026,0.9,0,0.0,0,0.0,145,14.0
"US000","1","54189","17","0","2026","1","",3,17,18,17,251511,0,0,1116,"",1.00,1.00,1.00,1.00,1.00,0.00,0.00,1.00,"",0,0.0,3,21.4,4,28.6,3,21.4,28586,12.8,0,0.0,0,0.0,-109,-8.9
"US000","1","541890","18","0","2026","1","",3,17,18,17,251511,0,0,1116,"",1.00,1.00,1.00,1.00,1.00,0.00,0.00,1.00,"",0,0.0,3,21.4,4,28.6,3,21.4,28586,12.8,0,0.0,0,0.0,-109,-8.9
"US000","1","5419","16","0","2026","1","",121,3483,3515,3506,116940716,0,0,2569,"",1.00,1.00,1.00,1.00,1.00,0.00,0.00,1.00,"",-14,-10.4,-1016,-22.6,-983,-21.9,-981,-21.9,-27416431,-19.0,0,0.0,0,0.0,98,4.0
"US000","1","54194","17","0","2026","1","",2,420,448,448,3763771,0,0,660,"",1.00,1.00,1.00,1.00,1.00,0.00,0.00,1.00,"",0,0.0,-4,-0.9,-7,-1.5,-19,-4.1,204059,5.7,0,0.0,0,0.0,50,8.2
"US000","1","541940","18","0","2026","1","",2,420,448,448,3763771,0,0,660,"",1.00,1.00,1.00,1.00,1.00,0.00,0.00,1.00,"",0,0.0,-4,-0.9,-7,-1.5,-19,-4.1,204059,5.7,0,0.0,0,0.0,50,8.2
"US000","1","54199","17","0","2026","1","",119,3063,3067,3058,113176945,0,0,2843,"",1.00,1.00,1.00,1.00,1.00,0.00,0.00,1.00,"",-14,-10.5,-1012,-24.8,-976,-24.1,-962,-23.9,-27620490,-19.6,0,0.0,0,0.0,166,6.2
"US000","1","541990","18","0","2026","1","",119,3063,3067,3058,113176945,0,0,2843,"",1.00,1.00,1.00,1.00,1.00,0.00,0.00,1.00,"",-14,-10.5,-1012,-24.8,-976,-24.1,-962,-23.9,-27620490,-19.6,0,0.0,0,0.0,166,6.2
"US000","1","56","14","0","2026","1","",167,1639,1647,1660,22790025,0,0,1063,"",1.00,1.00,1.00,1.00,1.00,0.00,0.00,1.00,"",4,2.5,-47,-2.8,-31,-1.8,-7,-0.4,917241,4.2,0,0.0,0,0.0,60,6.0
"US000","1","561","15","0","2026","1","",149,1540,1550,1557,21584049,0,0,1072,"",1.00,1.00,1.00,1.00,1.00,0.00,0.00,1.00,"",4,2.8,-24,-1.5,-4,-0.3,9,0.6,1115918,5.5,0,0.0,0,0.0,60,5.9
"US000","1","5611","16","0","2026","1","",20,376,383,383,6418748,0,0,1297,"",1.00,1.00,1.00,1.00,1.00,0.00,0.00,1.00,"",4,25.0,-8,-2.1,5,1.3,8,2.1,491825,8.3,0,0.0,0,0.0,94,7.8
"US000","1","56111","17","0","2026","1","",20,376,383,383,6418748,0,0,1297,"",1.00,1.00,1.00,1.00,1.00,0.00,0.00,1.00,"",4,25.0,-8,-2.1,5,1.3,8,2.1,491825,8.3,0,0.0,0,0.0,94,7.8
"US000","1","561110","18","0","2026","1","",20,376,383,383,6418748,0,0,1297,"",1.00,1.00,1.00,1.00,1.00,0.00,0.00,1.00,"",4,25.0,-8,-2.1,5,1.3,8,2.1,491825,8.3,0,0.0,0,0.0,94,7.8
"US000","1","5612","16","0","2026","1","",12,142,140,139,1111996,0,0,610,"",1.00,1.00,1.00,1.00,1.00,0.00,0.00,1.00,"",0,0.0,1,0.7,4,2.9,-1,-0.7,-10741,-1.0,0,0.0,0,0.0,-11,-1.8
"US000","1","56121","17","0","2026","1","",12,142,140,139,1111996,0,0,610,"",1.00,1.00,1.00,1.00,1.00,0.00,0.00,1.00,"",0,0.0,1,0.7,4,2.9,-1,-0.7,-10741,-1.0,0,0.0,0,0.0,-11,-1.8
"US000","1","561210","18","0","2026","1","",12,142,140,139,1111996,0,0,610,"",1.00,1.00,1.00,1.00,1.00,0.00,0.00,1.00,"",0,0.0,1,0.7,4,2.9,-1,-0.7,-10741,-1.0,0,0.0,0,0.0,-11,-1.8
"US000","1","5613","16","0","2026","1","",1,0,0,0,0,0,0,0,"",1.00,0.00,0.00,0.00,0.00,0.00,0.00,0.00,"",0,0.0,-1,-100.0,-1,-100.0,-1,-100.0,-15390,-100.0,0,0.0,0,0.0,-1184,-100.0
"US000","1","56132","17","0","2026","1","",1,0,0,0,0,0,0,0,"",1.00,0.00,0.00,0.00,0.00,0.00,0.00,0.00,"",0,0.0,-1,-100.0,-1,-100.0,-1,-100.0,-15390,-100.0,0,0.0,0,0.0,-1184,-100.0
"US000","1","561320","18","0","2026","1","",1,0,0,0,0,0,0,0,"",1.00,0.00,0.00,0.00,0.00,0.00,0.00,0.00,"",0,0.0,-1,-100.0,-1,-100.0,-1,-100.0,-15390,-100.0,0,0.0,0,0.0,-1184,-100.0
"US000","1","5614","16","0","2026","1","",6,442,441,442,8682948,0,0,1512,"",1.00,1.00,1.00,1.00,1.00,0.00,0.00,1.00,"",0,0.0,-23,-4.9,-24,-5.2,-8,-1.8,479068,5.8,0,0.0,0,0.0,140,10.2
"US000","1","56142","17","0","2026","1","",1,319,317,318,5738278,0,0,1388,"",1.00,1.00,1.00,1.00,1.00,0.00,0.00,1.00,"",0,0.0,-32,-9.1,-34,-9.7,-18,-5.4,-60988,-1.1,0,0.0,0,0.0,99,7.7
"US000","1","561422","18","0","2026","1","",1,319,317,318,5738278,0,0,1388,"",1.00,1.00,1.00,1.00,1.00,0.00,0.00,1.00,"",0,0.0,-32,-9.1,-34,-9.7,-18,-5.4,-60988,-1.1,0,0.0,0,0.0,99,7.7
"US000","1","56149","17","0","2026","1","",5,123,124,124,2944670,0,0,1832,"",1.00,1.00,1.00,1.00,1.00,0.00,0.00,1.00,"",0,0.0,9,7.9,10,8.8,10,8.8,540056,22.5,0,0.0,0,0.0,209,12.9
"US000","1","561499","18","0","2026","1","",5,123,124,124,2944670,0,0,1832,"",1.00,1.00,1.00,1.00,1.00,0.00,0.00,1.00,"",0,0.0,9,7.9,10,8.8,10,8.8,540056,22.5,0,0.0,0,0.0,209,12.9
"US000","1","5615","16","0","2026","1","",106,559,566,573,5121560,0,0,696,"",1.00,1.00,1.00,1.00,1.00,0.00,0.00,1.00,"",0,0.0,9,1.6,14,2.5,14,2.5,170812,3.5,0,0.0,0,0.0,8,1.2
"US000","1","56151","17","0","2026","1","",5,2,3,3,16773,0,0,484,"",1.00,1.00,1.00,1.00,1.00,0.00,0.00,1.00,"",-2,-28.6,0,0.0,1,50.0,1,50.0,1123,7.2,0,0.0,0,0.0,-118,-19.6
"US000","1","561510","18","0","2026","1","",5,2,3,3,16773,0,0,484,"",1.00,1.00,1.00,1.00,1.00,0.00,0.00,1.00,"",-2,-28.6,0,0.0,1,50.0,1,50.0,1123,7.2,0,0.0,0,0.0,-118,-19.6
"US000","1","56152","17","0","2026","1","",51,98,97,97,915433,0,0,723,"",1.00,1.00,1.00,1.00,1.00,0.00,0.00,1.00,"",0,0.0,3,3.2,3,3.2,4,4.3,134988,17.3,0,0.0,0,0.0,84,13.1
"US000","1","561520","18","0","2026","1","",51,98,97,97,915433,0,0,723,"",1.00,1.00,1.00,1.00,1.00,0.00,0.00,1.00,"",0,0.0,3,3.2,3,3.2,4,4.3,134988,17.3,0,0.0,0,0.0,84,13.1
"US000","1","56159","17","0","2026","1","",50,459,466,473,4189354,0,0,692,"",1.00,1.00,1.00,1.00,1.00,0.00,0.00,1.00,"",2,4.2,6,1.3,10,2.2,9,1.9,34701,0.8,0,0.0,0,0.0,-6,-0.9
"US000","1","561599","18","0","2026","1","",50,459,466,473,4189354,0,0,692,"",1.00,1.00,1.00,1.00,1.00,0.00,0.00,1.00,"",2,4.2,6,1.3,10,2.2,9,1.9,34701,0.8,0,0.0,0,0.0,-6,-0.9
"US000","1","5616","16","0","2026","1","",1,10,10,10,158018,0,0,1216,"",1.00,1.00,1.00,1.00,1.00,0.00,0.00,1.00,"",0,0.0,0,0.0,0,0.0,0,0.0,16561,11.7,0,0.0,0,0.0,128,11.8
"US000","1","56161","17","0","2026","1","",1,10,10,10,158018,0,0,1216,"",1.00,1.00,1.00,1.00,1.00,0.00,0.00,1.00,"",0,0.0,0,0.0,0,0.0,0,0.0,16561,11.7,0,0.0,0,0.0,128,11.8
"US000","1","561611","18","0","2026","1","",1,10,10,10,158018,0,0,1216,"",1.00,1.00,1.00,1.00,1.00,0.00,0.00,1.00,"",0,0.0,0,0.0,0,0.0,0,0.0,16561,11.7,0,0.0,0,0.0,128,11.8
"US000","1","5617","16","0","2026","1","",2,3,3,3,27857,0,0,714,"",1.00,1.00,1.00,1.00,1.00,0.00,0.00,1.00,"",0,0.0,-1,-25.0,-1,-25.0,-1,-25.0,-10013,-26.4,0,0.0,0,0.0,-14,-1.9
"US000","1","56172","17","0","2026","1","",2,3,3,3,27857,0,0,714,"",1.00,1.00,1.00,1.00,1.00,0.00,0.00,1.00,"",0,0.0,-1,-25.0,-1,-25.0,-1,-25.0,-10013,-26.4,0,0.0,0,0.0,-14,-1.9
"US000","1","561720","18","0","2026","1","",2,3,3,3,27857,0,0,714,"",1.00,1.00,1.00,1.00,1.00,0.00,0.00,1.00,"",0,0.0,-1,-25.0,-1,-25.0,-1,-25.0,-10013,-26.4,0,0.0,0,0.0,-14,-1.9
"US000","1","5619","16","0","2026","1","",1,8,7,7,62922,0,0,660,"",1.00,1.00,1.00,1.00,1.00,0.00,0.00,1.00,"",0,0.0,-1,-11.1,-1,-12.5,-2,-22.2,-6204,-9.0,0,0.0,0,0.0,46,7.5
"US000","1","56199","17","0","2026","1","",1,8,7,7,62922,0,0,660,"",1.00,1.00,1.00,1.00,1.00,0.00,0.00,1.00,"",0,0.0,-1,-11.1,-1,-12.5,-2,-22.2,-6204,-9.0,0,0.0,0,0.0,46,7.5
"US000","1","561990","18","0","2026","1","",1,8,7,7,62922,0,0,660,"",1.00,1.00,1.00,1.00,1.00,0.00,0.00,1.00,"",0,0.0,-1,-11.1,-1,-12.5,-2,-22.2,-6204,-9.0,0,0.0,0,0.0,46,7.5
"US000","1","562","15","0","2026","1","",18,99,97,103,1205976,0,0,931,"",1.00,1.00,1.00,1.00,1.00,0.00,0.00,1.00,"",0,0.0,-23,-18.9,-27,-21.8,-16,-13.4,-198677,-14.1,0,0.0,0,0.0,43,4.8
"US000","1","5621","16","0","2026","1","",18,99,97,103,1205976,0,0,931,"",1.00,1.00,1.00,1.00,1.00,0.00,0.00,1.00,"",0,0.0,-23,-18.9,-27,-21.8,-16,-13.4,-198677,-14.1,0,0.0,0,0.0,43,4.8
"US000","1","56211","17","0","2026","1","",18,99,97,103,1205976,0,0,931,"",1.00,1.00,1.00,1.00,1.00,0.00,0.00,1.00,"",0,0.0,-23,-18.9,-27,-21.8,-16,-13.4,-198677,-14.1,0,0.0,0,0.0,43,4.8
"US000","1","562111","18","0","2026","1","",18,99,97,103,1205976,0,0,931,"",1.00,1.00,1.00,1.00,1.00,0.00,0.00,1.00,"",0,0.0,-23,-18.9,-27,-21.8,-16,-13.4,-198677,-14.1,0,0.0,0,0.0,43,4.8
"US000","1","61","14","0","2026","1","",215,12402,12358,12317,321339460,0,0,2000,"",1.00,1.00,1.00,1.00,1.00,0.00,0.00,1.00,"",17,8.6,-721,-5.5,-813,-6.2,-805,-6.1,7731788,2.5,0,0.0,0,0.0,164,8.9
"US000","1","611","15","0","2026","1","",215,12402,12358,12317,321339460,0,0,2000,"",1.00,1.00,1.00,1.00,1.00,0.00,0.00,1.00,"",17,8.6,-721,-5.5,-813,-6.2,-805,-6.1,7731788,2.5,0,0.0,0,0.0,164,8.9
"US000","1","6111","16","0","2026","1","",67,5630,5619,5599,122290192,0,0,1675,"",1.00,1.00,1.00,1.00,1.00,0.00,0.00,1.00,"",3,4.7,-127,-2.2,-194,-3.3,-185,-3.2,3963374,3.3,0,0.0,0,0.0,102,6.5
"US000","1","61111","17","0","2026","1","",67,5630,5619,5599,122290192,0,0,1675,"",1.00,1.00,1.00,1.00,1.00,0.00,0.00,1.00,"",3,4.7,-127,-2.2,-194,-3.3,-185,-3.2,3963374,3.3,0,0.0,0,0.0,102,6.5
"US000","1","611110","18","0","2026","1","",67,5630,5619,5599,122290192,0,0,1675,"",1.00,1.00,1.00,1.00,1.00,0.00,0.00,1.00,"",3,4.7,-127,-2.2,-194,-3.3,-185,-3.2,3963374,3.3,0,0.0,0,0.0,102,6.5
"US000","1","6113","16","0","2026","1","",52,4750,4748,4712,151623062,0,0,2462,"",1.00,1.00,1.00,1.00,1.00,0.00,0.00,1.00,"",13,33.3,-640,-11.9,-615,-11.5,-629,-11.8,7353171,5.1,0,0.0,0,0.0,393,19.0
"US000","1","61131","17","0","2026","1","",52,4750,4748,4712,151623062,0,0,2462,"",1.00,1.00,1.00,1.00,1.00,0.00,0.00,1.00,"",13,33.3,-640,-11.9,-615,-11.5,-629,-11.8,7353171,5.1,0,0.0,0,0.0,393,19.0
"US000","1","611310","18","0","2026","1","",52,4750,4748,4712,151623062,0,0,2462,"",1.00,1.00,1.00,1.00,1.00,0.00,0.00,1.00,"",13,33.3,-640,-11.9,-615,-11.5,-629,-11.8,7353171,5.1,0,0.0,0,0.0,393,19.0
"US000","1","6114","16","0","2026","1","",2,8,10,10,175041,0,0,1443,"",1.00,1.00,1.00,1.00,1.00,0.00,0.00,1.00,"",0,0.0,-2,-20.0,0,0.0,-1,-9.1,2734,1.6,0,0.0,0,0.0,160,12.5
"US000","1","61143","17","0","2026","1","",2,8,10,10,175041,0,0,1443,"",1.00,1.00,1.00,1.00,1.00,0.00,0.00,1.00,"",0,0.0,-2,-20.0,0,0.0,-1,-9.1,2734,1.6,0,0.0,0,0.0,160,12.5
"US000","1","611430","18","0","2026","1","",2,8,10,10,175041,0,0,1443,"",1.00,1.00,1.00,1.00,1.00,0.00,0.00,1.00,"",0,0.0,-2,-20.0,0,0.0,-1,-9.1,2734,1.6,0,0.0,0,0.0,160,12.5
"US000","1","6115","16","0","2026","1","",30,1359,1356,1363,36749569,0,0,2080,"",1.00,1.00,1.00,1.00,1.00,0.00,0.00,1.00,"",1,3.4,29,2.2,17,1.3,25,1.9,-4418020,-10.7,0,0.0,0,0.0,-291,-12.3
"US000","1","61151","17","0","2026","1","",30,1359,1356,1363,36749569,0,0,2080,"",1.00,1.00,1.00,1.00,1.00,0.00,0.00,1.00,"",1,3.4,29,2.2,17,1.3,25,1.9,-4418020,-10.7,0,0.0,0,0.0,-291,-12.3
"US000","1","611512","18","0","2026","1","",1,5,5,4,60571,0,0,998,"",1.00,1.00,1.00,1.00,1.00,0.00,0.00,1.00,"",0,0.0,0,0.0,0,0.0,0,0.0,18142,42.8,0,0.0,0,0.0,299,42.8
"US000","1","611519","18","0","2026","1","",29,1354,1351,1359,36688998,0,0,2083,"",1.00,1.00,1.00,1.00,1.00,0.00,0.00,1.00,"",1,3.6,29,2.2,17,1.3,25,1.9,-4436162,-10.8,0,0.0,0,0.0,-294,-12.4
"US000","1","6116","16","0","2026","1","",64,655,625,633,10501596,0,0,1267,"",1.00,1.00,1.00,1.00,1.00,0.00,0.00,1.00,"",0,0.0,19,3.0,-21,-3.3,-15,-2.3,830529,8.6,0,0.0,0,0.0,111,9.6
"US000","1","61161","17","0","2026","1","",11,17,16,17,115463,0,0,533,"",1.00,1.00,1.00,1.00,1.00,0.00,0.00,1.00,"",0,0.0,-1,-5.6,-1,-5.9,-2,-10.5,10956,10.5,0,0.0,0,0.0,86,19.2
"US000","1","611610","18","0","2026","1","",11,17,16,17,115463,0,0,533,"",1.00,1.00,1.00,1.00,1.00,0.00,0.00,1.00,"",0,0.0,-1,-5.6,-1,-5.9,-2,-10.5,10956,10.5,0,0.0,0,0.0,86,19.2
"US000","1","61169","17","0","2026","1","",53,638,609,616,10386133,0,0,1287,"",1.00,1.00,1.00,1.00,1.00,0.00,0.00,1.00,"",0,0.0,20,3.2,-20,-3.2,-13,-2.1,819573,8.6,0,0.0,0,0.0,110,9.3
"US000","1","611691","18","0","2026","1","",1,32,31,31,528310,0,0,1297,"",1.00,1.00,1.00,1.00,1.00,0.00,0.00,1.00,"",-1,-50.0,5,18.5,4,14.8,4,14.8,51641,10.8,0,0.0,0,0.0,-61,-4.5
"US000","1","611692","18","0","2026","1","",2,28,28,28,486888,0,0,1338,"",1.00,1.00,1.00,1.00,1.00,0.00,0.00,1.00,"",0,0.0,0,0.0,0,0.0,-1,-3.4,81323,20.1,0,0.0,0,0.0,237,21.5
"US000","1","611699","18","0","2026","1","",50,578,550,557,9370935,0,0,1283,"",1.00,1.00,1.00,1.00,1.00,0.00,0.00,1.00,"",1,2.0,15,2.7,-24,-4.2,-16,-2.8,686609,7.9,0,0.0,0,0.0,111,9.5
"US000","1","62","14","0","2026","1","",1296,409575,407066,406662,12762013815,0,0,2407,"",1.00,1.00,1.00,1.00,1.00,0.00,0.00,1.00,"",36,2.9,-26367,-6.0,-27897,-6.4,-25228,-5.8,-81006734,-0.6,0,0.0,0,0.0,132,5.8
"US000","1","621","15","0","2026","1","",455,37506,37224,37160,1203820823,0,0,2483,"",1.00,1.00,1.00,1.00,1.00,0.00,0.00,1.00,"",-3,-0.7,-3361,-8.2,-3573,-8.8,-3188,-7.9,-8662691,-0.7,0,0.0,0,0.0,190,8.3
"US000","1","6211","16","0","2026","1","",334,24595,24435,24407,819154644,0,0,2574,"",1.00,1.00,1.00,1.00,1.00,0.00,0.00,1.00,"",-1,-0.3,-2227,-8.3,-2367,-8.8,-2017,-7.6,-4350362,-0.5,0,0.0,0,0.0,200,8.4
"US000","1","62111","17","0","2026","1","",334,24595,24435,24407,819154644,0,0,2574,"",1.00,1.00,1.00,1.00,1.00,0.00,0.00,1.00,"",-1,-0.3,-2227,-8.3,-2367,-8.8,-2017,-7.6,-4350362,-0.5,0,0.0,0,0.0,200,8.4
"US000","1","621111","18","0","2026","1","",334,24595,24435,24407,819154644,0,0,2574,"",1.00,1.00,1.00,1.00,1.00,0.00,0.00,1.00,"",-1,-0.3,-2227,-8.3,-2367,-8.8,-2017,-7.6,-4350362,-0.5,0,0.0,0,0.0,200,8.4
"US000","1","6213","16","0","2026","1","",6,75,74,73,2410769,0,0,2506,"",1.00,1.00,1.00,1.00,1.00,0.00,0.00,1.00,"",0,0.0,-14,-15.7,-14,-15.9,-17,-18.9,-257666,-9.7,0,0.0,0,0.0,200,8.7
"US000","1","62131","17","0","2026","1","",1,14,14,12,396672,0,0,2288,"",1.00,1.00,1.00,1.00,1.00,0.00,0.00,1.00,"",0,0.0,-3,-17.6,-4,-22.2,-6,-33.3,-53513,-11.9,0,0.0,0,0.0,328,16.7
"US000","1","621310","18","0","2026","1","",1,14,14,12,396672,0,0,2288,"",1.00,1.00,1.00,1.00,1.00,0.00,0.00,1.00,"",0,0.0,-3,-17.6,-4,-22.2,-6,-33.3,-53513,-11.9,0,0.0,0,0.0,328,16.7
"US000","1","62133","17","0","2026","1","",5,61,60,61,2014097,0,0,2554,"",1.00,1.00,1.00,1.00,1.00,0.00,0.00,1.00,"",0,0.0,-11,-15.3,-10,-14.3,-11,-15.3,-204153,-9.2,0,0.0,0,0.0,162,6.8
"US000","1","621330","18","0","2026","1","",5,61,60,61,2014097,0,0,2554,"",1.00,1.00,1.00,1.00,1.00,0.00,0.00,1.00,"",0,0.0,-11,-15.3,-10,-14.3,-11,-15.3,-204153,-9.2,0,0.0,0,0.0,162,6.8
"US000","1","6214","16","0","2026","1","",113,12661,12547,12502,376949535,0,0,2307,"",1.00,1.00,1.00,1.00,1.00,0.00,0.00,1.00,"",-2,-1.7,-1044,-7.6,-1109,-8.1,-1083,-8.0,-1559812,-0.4,0,0.0,0,0.0,174,8.2
"US000","1","62142","17","0","2026","1","",3,159,159,151,4377946,0,0,2154,"",1.00,1.00,1.00,1.00,1.00,0.00,0.00,1.00,"",0,0.0,-12,-7.0,-10,-5.9,-14,-8.5,-278335,-6.0,0,0.0,0,0.0,26,1.2
"US000","1","621420","18","0","2026","1","",3,159,159,151,4377946,0,0,2154,"",1.00,1.00,1.00,1.00,1.00,0.00,0.00,1.00,"",0,0.0,-12,-7.0,-10,-5.9,-14,-8.5,-278335,-6.0,0,0.0,0,0.0,26,1.2
"US000","1","62149","17","0","2026","1","",110,12502,12388,12351,372571589,0,0,2309,"",1.00,1.00,1.00,1.00,1.00,0.00,0.00,1.00,"",-2,-1.8,-1032,-7.6,-1099,-8.1,-1069,-8.0,-1281477,-0.3,0,0.0,0,0.0,176,8.3
"US000","1","621491","18","0","2026","1","",5,195,194,197,5090773,0,0,2005,"",1.00,1.00,1.00,1.00,1.00,0.00,0.00,1.00,"",0,0.0,-46,-19.1,-47,-19.5,-41,-17.2,-502983,-9.0,0,0.0,0,0.0,212,11.8
"US000","1","621493","18","0","2026","1","",46,3594,3528,3498,96628157,0,0,2100,"",1.00,1.00,1.00,1.00,1.00,0.00,0.00,1.00,"",-2,-4.2,-445,-11.0,-503,-12.5,-468,-11.8,-1496404,-1.5,0,0.0,0,0.0,219,11.6
"US000","1","621498","18","0","2026","1","",59,8713,8666,8656,270852659,0,0,2401,"",1.00,1.00,1.00,1.00,1.00,0.00,0.00,1.00,"",0,0.0,-541,-5.8,-549,-6.0,-560,-6.1,717910,0.3,0,0.0,0,0.0,149,6.6
"US000","1","6215","16","0","2026","1","",2,175,168,178,5305875,0,0,2350,"",1.00,1.00,1.00,1.00,1.00,0.00,0.00,1.00,"",0,0.0,-76,-30.3,-83,-33.1,-71,-28.5,-2494851,-32.0,0,0.0,0,0.0,-47,-2.0
"US000","1","62151","17","0","2026","1","",2,175,168,178,5305875,0,0,2350,"",1.00,1.00,1.00,1.00,1.00,0.00,0.00,1.00,"",0,0.0,-76,-30.3,-83,-33.1,-71,-28.5,-2494851,-32.0,0,0.0,0,0.0,-47,-2.0
"US000","1","621511","18","0","2026","1","",2,175,168,178,5305875,0,0,2350,"",1.00,1.00,1.00,1.00,1.00,0.00,0.00,1.00,"",0,0.0,-76,-30.3,-83,-33.1,-71,-28.5,-2494851,-32.0,0,0.0,0,0.0,-47,-2.0
"US000","1","622","15","0","2026","1","",474,354683,352456,352146,11336125336,0,0,2470,"",1.00,1.00,1.00,1.00,1.00,0.00,0.00,1.00,"",28,6.3,-22172,-5.9,-23544,-6.3,-21433,-5.7,-74675707,-0.7,0,0.0,0,0.0,132,5.6
"US000","1","6221","16","0","2026","1","",468,347959,345792,345455,11143020731,0,0,2474,"",1.00,1.00,1.00,1.00,1.00,0.00,0.00,1.00,"",29,6.6,-21700,-5.9,-23071,-6.3,-21004,-5.7,-68956572,-0.6,0,0.0,0,0.0,132,5.6
"US000","1","62211","17","0","2026","1","",468,347959,345792,345455,11143020731,0,0,2474,"",1.00,1.00,1.00,1.00,1.00,0.00,0.00,1.00,"",29,6.6,-21700,-5.9,-23071,-6.3,-21004,-5.7,-68956572,-0.6,0,0.0,0,0.0,132,5.6
"US000","1","622110","18","0","2026","1","",468,347959,345792,345455,11143020731,0,0,2474,"",1.00,1.00,1.00,1.00,1.00,0.00,0.00,1.00,"",29,6.6,-21700,-5.9,-23071,-6.3,-21004,-5.7,-68956572,-0.6,0,0.0,0,0.0,132,5.6
"US000","1","6222","16","0","2026","1","",4,5720,5690,5696,162168059,0,0,2188,"",1.00,1.00,1.00,1.00,1.00,0.00,0.00,1.00,"",0,0.0,-391,-6.4,-369,-6.1,-335,-5.6,-3469931,-2.1,0,0.0,0,0.0,88,4.2
"US000","1","62221","17","0","2026","1","",4,5720,5690,5696,162168059,0,0,2188,"",1.00,1.00,1.00,1.00,1.00,0.00,0.00,1.00,"",0,0.0,-391,-6.4,-369,-6.1,-335,-5.6,-3469931,-2.1,0,0.0,0,0.0,88,4.2
"US000","1","622210","18","0","2026","1","",4,5720,5690,5696,162168059,0,0,2188,"",1.00,1.00,1.00,1.00,1.00,0.00,0.00,1.00,"",0,0.0,-391,-6.4,-369,-6.1,-335,-5.6,-3469931,-2.1,0,0.0,0,0.0,88,4.2
"US000","1","6223","16","0","2026","1","",2,1004,974,995,30936546,0,0,2401,"",1.00,1.00,1.00,1.00,1.00,0.00,0.00,1.00,"",-1,-33.3,-81,-7.5,-104,-9.6,-94,-8.6,-2249204,-6.8,0,0.0,0,0.0,46,2.0
"US000","1","62231","17","0","2026","1","",2,1004,974,995,30936546,0,0,2401,"",1.00,1.00,1.00,1.00,1.00,0.00,0.00,1.00,"",-1,-33.3,-81,-7.5,-104,-9.6,-94,-8.6,-2249204,-6.8,0,0.0,0,0.0,46,2.0
"US000","1","622310","18","0","2026","1","",2,1004,974,995,30936546,0,0,2401,"",1.00,1.00,1.00,1.00,1.00,0.00,0.00,1.00,"",-1,-33.3,-81,-7.5,-104,-9.6,-94,-8.6,-2249204,-6.8,0,0.0,0,0.0,46,2.0
"US000","1","623","15","0","2026","1","",9,1361,1350,1346,32236974,0,0,1834,"",1.00,1.00,1.00,1.00,1.00,0.00,0.00,1.00,"",0,0.0,-99,-6.8,-96,-6.6,-101,-7.0,-1660043,-4.9,0,0.0,0,0.0,37,2.1
"US000","1","6231","16","0","2026","1","",5,276,273,273,4410100,0,0,1238,"",1.00,1.00,1.00,1.00,1.00,0.00,0.00,1.00,"",0,0.0,-10,-3.5,-9,-3.2,-15,-5.2,-1153204,-20.7,0,0.0,0,0.0,-262,-17.5
"US000","1","62311","17","0","2026","1","",5,276,273,273,4410100,0,0,1238,"",1.00,1.00,1.00,1.00,1.00,0.00,0.00,1.00,"",0,0.0,-10,-3.5,-9,-3.2,-15,-5.2,-1153204,-20.7,0,0.0,0,0.0,-262,-17.5
"US000","1","623110","18","0","2026","1","",5,276,273,273,4410100,0,0,1238,"",1.00,1.00,1.00,1.00,1.00,0.00,0.00,1.00,"",0,0.0,-10,-3.5,-9,-3.2,-15,-5.2,-1153204,-20.7,0,0.0,0,0.0,-262,-17.5
"US000","1","6233","16","0","2026","1","",4,1085,1077,1073,27826874,0,0,1985,"",1.00,1.00,1.00,1.00,1.00,0.00,0.00,1.00,"",0,0.0,-89,-7.6,-87,-7.5,-86,-7.4,-506839,-1.8,0,0.0,0,0.0,115,6.1
"US000","1","62331","17","0","2026","1","",4,1085,1077,1073,27826874,0,0,1985,"",1.00,1.00,1.00,1.00,1.00,0.00,0.00,1.00,"",0,0.0,-89,-7.6,-87,-7.5,-86,-7.4,-506839,-1.8,0,0.0,0,0.0,115,6.1
"US000","1","623311","18","0","2026","1","",3,1062,1053,1050,27447485,0,0,2001,"",1.00,1.00,1.00,1.00,1.00,0.00,0.00,1.00,"",0,0.0,-86,-7.5,-86,-7.6,-84,-7.4,-503066,-1.8,0,0.0,0,0.0,116,6.2
"US000","1","623312","18","0","2026","1","",1,23,24,23,379389,0,0,1251,"",1.00,1.00,1.00,1.00,1.00,0.00,0.00,1.00,"",0,0.0,-3,-11.5,-1,-4.0,-2,-8.0,-3773,-1.0,0,0.0,0,0.0,88,7.6
"US000","1","624","15","0","2026","1","",358,16025,16036,16010,189830682,0,0,911,"",1.00,1.00,1.00,1.00,1.00,0.00,0.00,1.00,"",11,3.2,-735,-4.4,-684,-4.1,-506,-3.1,3991707,2.1,0,0.0,0,0.0,53,6.2
"US000","1","6241","16","0","2026","1","",145,3035,3026,2990,38845080,0,0,990,"",1.00,1.00,1.00,1.00,1.00,0.00,0.00,1.00,"",6,4.3,-81,-2.6,-75,-2.4,-82,-2.7,-124675,-0.3,0,0.0,0,0.0,22,2.3
"US000","1","62411","17","0","2026","1","",46,1545,1585,1536,15818792,0,0,782,"",1.00,1.00,1.00,1.00,1.00,0.00,0.00,1.00,"",1,2.2,32,2.1,86,5.7,41,2.7,501017,3.3,0,0.0,0,0.0,-2,-0.3
"US000","1","624110","18","0","2026","1","",46,1545,1585,1536,15818792,0,0,782,"",1.00,1.00,1.00,1.00,1.00,0.00,0.00,1.00,"",1,2.2,32,2.1,86,5.7,41,2.7,501017,3.3,0,0.0,0,0.0,-2,-0.3
"US000","1","62412","17","0","2026","1","",33,172,163,173,5420147,0,0,2462,"",1.00,1.00,1.00,1.00,1.00,0.00,0.00,1.00,"",3,10.0,-126,-42.3,-137,-45.7,-121,-41.2,-1508990,-21.8,0,0.0,0,0.0,669,37.3
"US000","1","624120","18","0","2026","1","",33,172,163,173,5420147,0,0,2462,"",1.00,1.00,1.00,1.00,1.00,0.00,0.00,1.00,"",3,10.0,-126,-42.3,-137,-45.7,-121,-41.2,-1508990,-21.8,0,0.0,0,0.0,669,37.3
"US000","1","62419","17","0","2026","1","",66,1318,1278,1281,17606141,0,0,1048,"",1.00,1.00,1.00,1.00,1.00,0.00,0.00,1.00,"",2,3.1,13,1.0,-24,-1.8,-2,-0.2,883298,5.3,0,0.0,0,0.0,56,5.6
"US000","1","624190","18","0","2026","1","",66,1318,1278,1281,17606141,0,0,1048,"",1.00,1.00,1.00,1.00,1.00,0.00,0.00,1.00,"",2,3.1,13,1.0,-24,-1.8,-2,-0.2,883298,5.3,0,0.0,0,0.0,56,5.6
"US000","1","6242","16","0","2026","1","",12,214,221,218,1855682,0,0,656,"",1.00,1.00,1.00,1.00,1.00,0.00,0.00,1.00,"",0,0.0,-4,-1.8,2,0.9,5,2.3,192021,11.5,0,0.0,0,0.0,65,11.0
"US000","1","62421","17","0","2026","1","",9,137,143,142,1114305,0,0,609,"",1.00,1.00,1.00,1.00,1.00,0.00,0.00,1.00,"",0,0.0,3,2.2,8,5.9,8,6.0,148542,15.4,0,0.0,0,0.0,56,10.1
"US000","1","624210","18","0","2026","1","",9,137,143,142,1114305,0,0,609,"",1.00,1.00,1.00,1.00,1.00,0.00,0.00,1.00,"",0,0.0,3,2.2,8,5.9,8,6.0,148542,15.4,0,0.0,0,0.0,56,10.1
"US000","1","62422","17","0","2026","1","",3,77,78,76,741377,0,0,741,"",1.00,1.00,1.00,1.00,1.00,0.00,0.00,1.00,"",0,0.0,-7,-8.3,-6,-7.1,-3,-3.8,43479,6.2,0,0.0,0,0.0,89,13.7
"US000","1","624221","18","0","2026","1","",3,77,78,76,741377,0,0,741,"",1.00,1.00,1.00,1.00,1.00,0.00,0.00,1.00,"",0,0.0,-7,-8.3,-6,-7.1,-3,-3.8,43479,6.2,0,0.0,0,0.0,89,13.7
"US000","1","6243","16","0","2026","1","",73,1872,1861,1829,44723754,0,0,1856,"",1.00,1.00,1.00,1.00,1.00,0.00,0.00,1.00,"",5,7.4,-509,-21.4,-484,-20.6,-513,-21.9,-4074005,-8.3,0,0.0,0,0.0,263,16.5
"US000","1","62431","17","0","2026","1","",73,1872,1861,1829,44723754,0,0,1856,"",1.00,1.00,1.00,1.00,1.00,0.00,0.00,1.00,"",5,7.4,-509,-21.4,-484,-20.6,-513,-21.9,-4074005,-8.3,0,0.0,0,0.0,263,16.5
"US000","1","624310","18","0","2026","1","",73,1872,1861,1829,44723754,0,0,1856,"",1.00,1.00,1.00,1.00,1.00,0.00,0.00,1.00,"",5,7.4,-509,-21.4,-484,-20.6,-513,-21.9,-4074005,-8.3,0,0.0,0,0.0,263,16.5
"US000","1","6244","16","0","2026","1","",128,10904,10928,10973,104406166,0,0,734,"",1.00,1.00,1.00,1.00,1.00,0.00,0.00,1.00,"",0,0.0,-141,-1.3,-127,-1.1,84,0.8,7998366,8.3,0,0.0,0,0.0,60,8.9
"US000","1","62441","17","0","2026","1","",128,10904,10928,10973,104406166,0,0,734,"",1.00,1.00,1.00,1.00,1.00,0.00,0.00,1.00,"",0,0.0,-141,-1.3,-127,-1.1,84,0.8,7998366,8.3,0,0.0,0,0.0,60,8.9
"US000","1","624410","18","0","2026","1","",128,10904,10928,10973,104406166,0,0,734,"",1.00,1.00,1.00,1.00,1.00,0.00,0.00,1.00,"",0,0.0,-141,-1.3,-127,-1.1,84,0.8,7998366,8.3,0,0.0,0,0.0,60,8.9
"US000","1","71","14","0","2026","1","",1045,33810,33641,33712,640471533,0,0,1461,"",1.00,1.00,1.00,1.00,1.00,0.00,0.00,1.00,"",-5,-0.5,-3151,-8.5,-3502,-9.4,-3555,-9.5,3855,0.0,0,0.0,0,0.0,134,10.1
"US000","1","711","15","0","2026","1","",7,1160,1138,1146,29148246,0,0,1953,"",1.00,1.00,1.00,1.00,1.00,0.00,0.00,1.00,"",-1,-12.5,83,7.7,-211,-15.6,132,13.0,5385539,22.7,0,0.0,0,0.0,359,22.5
"US000","1","7111","16","0","2026","1","",4,1102,1082,1089,27456312,0,0,1936,"",1.00,1.00,1.00,1.00,1.00,0.00,0.00,1.00,"",-1,-20.0,86,8.5,-209,-16.2,137,14.4,5321886,24.0,0,0.0,0,0.0,369,23.5
"US000","1","71111","17","0","2026","1","",4,1102,1082,1089,27456312,0,0,1936,"",1.00,1.00,1.00,1.00,1.00,0.00,0.00,1.00,"",-1,-20.0,86,8.5,-209,-16.2,137,14.4,5321886,24.0,0,0.0,0,0.0,369,23.5
"US000","1","711110","18","0","2026","1","",4,1102,1082,1089,27456312,0,0,1936,"",1.00,1.00,1.00,1.00,1.00,0.00,0.00,1.00,"",-1,-20.0,86,8.5,-209,-16.2,137,14.4,5321886,24.0,0,0.0,0,0.0,369,23.5
"US000","1","7112","16","0","2026","1","",1,0,0,0,0,0,0,0,"",1.00,0.00,0.00,0.00,0.00,0.00,0.00,0.00,"",0,0.0,0,0.0,0,0.0,0,0.0,0,0.0,0,0.0,0,0.0,0,0.0
"US000","1","71121","17","0","2026","1","",1,0,0,0,0,0,0,0,"",1.00,0.00,0.00,0.00,0.00,0.00,0.00,0.00,"",0,0.0,0,0.0,0,0.0,0,0.0,0,0.0,0,0.0,0,0.0,0,0.0
"US000","1","711219","18","0","2026","1","",1,0,0,0,0,0,0,0,"",1.00,0.00,0.00,0.00,0.00,0.00,0.00,0.00,"",0,0.0,0,0.0,0,0.0,0,0.0,0,0.0,0,0.0,0,0.0,0,0.0
"US000","1","7113","16","0","2026","1","",2,58,56,57,1691934,0,0,2283,"",1.00,1.00,1.00,1.00,1.00,0.00,0.00,1.00,"",0,0.0,-3,-4.9,-2,-3.4,-5,-8.1,63653,3.9,0,0.0,0,0.0,207,10.0
"US000","1","71131","17","0","2026","1","",1,51,49,51,1580779,0,0,2416,"",1.00,1.00,1.00,1.00,1.00,0.00,0.00,1.00,"",0,0.0,-2,-3.8,-1,-2.0,-3,-5.6,56360,3.7,0,0.0,0,0.0,175,7.8
"US000","1","711310","18","0","2026","1","",1,51,49,51,1580779,0,0,2416,"",1.00,1.00,1.00,1.00,1.00,0.00,0.00,1.00,"",0,0.0,-2,-3.8,-1,-2.0,-3,-5.6,56360,3.7,0,0.0,0,0.0,175,7.8
"US000","1","71132","17","0","2026","1","",1,7,7,6,111155,0,0,1283,"",1.00,1.00,1.00,1.00,1.00,0.00,0.00,1.00,"",0,0.0,-1,-12.5,-1,-12.5,-2,-25.0,7293,7.0,0,0.0,0,0.0,284,28.4
"US000","1","711320","18","0","2026","1","",1,7,7,6,111155,0,0,1283,"",1.00,1.00,1.00,1.00,1.00,0.00,0.00,1.00,"",0,0.0,-1,-12.5,-1,-12.5,-2,-25.0,7293,7.0,0,0.0,0,0.0,284,28.4
"US000","1","712","15","0","2026","1","",499,18088,17756,18114,466820898,0,0,1997,"",1.00,1.00,1.00,1.00,1.00,0.00,0.00,1.00,"",-4,-0.8,-3099,-14.6,-3205,-15.3,-3218,-15.1,-16849838,-3.5,0,0.0,0,0.0,239,13.6
"US000","1","7121","16","0","2026","1","",499,18088,17756,18114,466820898,0,0,1997,"",1.00,1.00,1.00,1.00,1.00,0.00,0.00,1.00,"",-4,-0.8,-3099,-14.6,-3205,-15.3,-3218,-15.1,-16849838,-3.5,0,0.0,0,0.0,239,13.6
"US000","1","71211","17","0","2026","1","",52,5921,5835,5852,176652017,0,0,2315,"",1.00,1.00,1.00,1.00,1.00,0.00,0.00,1.00,"",1,2.0,-143,-2.4,-201,-3.3,-206,-3.4,1433011,0.8,0,0.0,0,0.0,88,4.0
"US000","1","712110","18","0","2026","1","",52,5921,5835,5852,176652017,0,0,2315,"",1.00,1.00,1.00,1.00,1.00,0.00,0.00,1.00,"",1,2.0,-143,-2.4,-201,-3.3,-206,-3.4,1433011,0.8,0,0.0,0,0.0,88,4.0
"US000","1","71212","17","0","2026","1","",28,416,409,412,10901559,0,0,2034,"",1.00,1.00,1.00,1.00,1.00,0.00,0.00,1.00,"",0,0.0,-70,-14.4,-67,-14.1,-72,-14.9,182790,1.7,0,0.0,0,0.0,323,18.9
"US000","1","712120","18","0","2026","1","",28,416,409,412,10901559,0,0,2034,"",1.00,1.00,1.00,1.00,1.00,0.00,0.00,1.00,"",0,0.0,-70,-14.4,-67,-14.1,-72,-14.9,182790,1.7,0,0.0,0,0.0,323,18.9
"US000","1","71219","17","0","2026","1","",419,11751,11512,11850,279267322,0,0,1835,"",1.00,1.00,1.00,1.00,1.00,0.00,0.00,1.00,"",-5,-1.2,-2886,-19.7,-2937,-20.3,-2940,-19.9,-18465639,-6.2,0,0.0,0,0.0,269,17.2
"US000","1","712190","18","0","2026","1","",419,11751,11512,11850,279267322,0,0,1835,"",1.00,1.00,1.00,1.00,1.00,0.00,0.00,1.00,"",-5,-1.2,-2886,-19.7,-2937,-20.3,-2940,-19.9,-18465639,-6.2,0,0.0,0,0.0,269,17.2
"US000","1","713","15","0","2026","1","",539,14562,14747,14452,144502389,0,0,762,"",1.00,1.00,1.00,1.00,1.00,0.00,0.00,1.00,"",0,0.0,-135,-0.9,-86,-0.6,-469,-3.1,11468154,8.6,0,0.0,0,0.0,71,10.3
"US000","1","7131","16","0","2026","1","",1,6,6,6,97782,0,0,1254,"",1.00,1.00,1.00,1.00,1.00,0.00,0.00,1.00,"",0,0.0,1,20.0,1,20.0,1,20.0,16350,20.1,0,0.0,0,0.0,1,0.1
"US000","1","71312","17","0","2026","1","",1,6,6,6,97782,0,0,1254,"",1.00,1.00,1.00,1.00,1.00,0.00,0.00,1.00,"",0,0.0,1,20.0,1,20.0,1,20.0,16350,20.1,0,0.0,0,0.0,1,0.1
"US000","1","713120","18","0","2026","1","",1,6,6,6,97782,0,0,1254,"",1.00,1.00,1.00,1.00,1.00,0.00,0.00,1.00,"",0,0.0,1,20.0,1,20.0,1,20.0,16350,20.1,0,0.0,0,0.0,1,0.1
"US000","1","7132","16","0","2026","1","",6,111,111,108,1473982,0,0,1031,"",1.00,1.00,1.00,1.00,1.00,0.00,0.00,1.00,"",0,0.0,-33,-22.9,-32,-22.4,-32,-22.9,13795,0.9,0,0.0,0,0.0,242,30.7
"US000","1","71329","17","0","2026","1","",6,111,111,108,1473982,0,0,1031,"",1.00,1.00,1.00,1.00,1.00,0.00,0.00,1.00,"",0,0.0,-33,-22.9,-32,-22.4,-32,-22.9,13795,0.9,0,0.0,0,0.0,242,30.7
"US000","1","713290","18","0","2026","1","",6,111,111,108,1473982,0,0,1031,"",1.00,1.00,1.00,1.00,1.00,0.00,0.00,1.00,"",0,0.0,-33,-22.9,-32,-22.4,-32,-22.9,13795,0.9,0,0.0,0,0.0,242,30.7
"US000","1","7139","16","0","2026","1","",532,14445,14630,14338,142930625,0,0,760,"",1.00,1.00,1.00,1.00,1.00,0.00,0.00,1.00,"",0,0.0,-103,-0.7,-55,-0.4,-438,-3.0,11438009,8.7,0,0.0,0,0.0,70,10.1
"US000","1","71391","17","0","2026","1","",70,1420,1299,1421,12159700,0,0,678,"",1.00,1.00,1.00,1.00,1.00,0.00,0.00,1.00,"",-1,-1.4,103,7.8,-75,-5.5,-48,-3.3,1046922,9.4,0,0.0,0,0.0,62,10.1
"US000","1","713910","18","0","2026","1","",70,1420,1299,1421,12159700,0,0,678,"",1.00,1.00,1.00,1.00,1.00,0.00,0.00,1.00,"",-1,-1.4,103,7.8,-75,-5.5,-48,-3.3,1046922,9.4,0,0.0,0,0.0,62,10.1
"US000","1","71393","17","0","2026","1","",11,30,32,33,319495,0,0,776,"",1.00,1.00,1.00,1.00,1.00,0.00,0.00,1.00,"",1,10.0,3,11.1,5,18.5,7,26.9,64974,25.5,0,0.0,0,0.0,42,5.7
"US000","1","713930","18","0","2026","1","",11,30,32,33,319495,0,0,776,"",1.00,1.00,1.00,1.00,1.00,0.00,0.00,1.00,"",1,10.0,3,11.1,5,18.5,7,26.9,64974,25.5,0,0.0,0,0.0,42,5.7
"US000","1","71394","17","0","2026","1","",161,5623,5602,5562,60319405,0,0,829,"",1.00,1.00,1.00,1.00,1.00,0.00,0.00,1.00,"",0,0.0,-227,-3.9,-261,-4.5,-293,-5.0,3756751,6.6,0,0.0,0,0.0,86,11.6
"US000","1","713940","18","0","2026","1","",161,5623,5602,5562,60319405,0,0,829,"",1.00,1.00,1.00,1.00,1.00,0.00,0.00,1.00,"",0,0.0,-227,-3.9,-261,-4.5,-293,-5.0,3756751,6.6,0,0.0,0,0.0,86,11.6
"US000","1","71395","17","0","2026","1","",94,1074,1074,1083,8316909,0,0,594,"",1.00,1.00,1.00,1.00,1.00,0.00,0.00,1.00,"",1,1.1,-96,-8.2,-100,-8.5,-81,-7.0,115701,1.4,0,0.0,0,0.0,54,10.0
"US000","1","713950","18","0","2026","1","",94,1074,1074,1083,8316909,0,0,594,"",1.00,1.00,1.00,1.00,1.00,0.00,0.00,1.00,"",1,1.1,-96,-8.2,-100,-8.5,-81,-7.0,115701,1.4,0,0.0,0,0.0,54,10.0
"US000","1","71399","17","0","2026","1","",196,6298,6623,6239,61815116,0,0,745,"",1.00,1.00,1.00,1.00,1.00,0.00,0.00,1.00,"",-1,-0.5,114,1.8,376,6.0,-23,-0.4,6453661,11.7,0,0.0,0,0.0,62,9.1
"US000","1","713990","18","0","2026","1","",196,6298,6623,6239,61815116,0,0,745,"",1.00,1.00,1.00,1.00,1.00,0.00,0.00,1.00,"",-1,-0.5,114,1.8,376,6.0,-23,-0.4,6453661,11.7,0,0.0,0,0.0,62,9.1
"US000","1","72","14","0","2026","1","",374,8124,8155,8169,80052724,0,0,756,"",1.00,1.00,1.00,1.00,1.00,0.00,0.00,1.00,"",-1,-0.3,-74,-0.9,-147,-1.8,-120,-1.4,7019604,9.6,0,0.0,0,0.0,76,11.2
"US000","1","721","15","0","2026","1","",193,4990,4967,4957,54009334,0,0,836,"",1.00,1.00,1.00,1.00,1.00,0.00,0.00,1.00,"",-5,-2.5,6,0.1,-23,-0.5,-28,-0.6,4861014,9.9,0,0.0,0,0.0,78,10.3
"US000","1","7211","16","0","2026","1","",115,3224,3200,3205,37217594,0,0,892,"",1.00,1.00,1.00,1.00,1.00,0.00,0.00,1.00,"",0,0.0,-111,-3.3,-118,-3.6,-93,-2.8,2447098,7.0,0,0.0,0,0.0,86,10.7
"US000","1","72111","17","0","2026","1","",42,1262,1254,1266,19362910,0,0,1181,"",1.00,1.00,1.00,1.00,1.00,0.00,0.00,1.00,"",0,0.0,-41,-3.1,-47,-3.6,-26,-2.0,1701574,9.6,0,0.0,0,0.0,135,12.9
"US000","1","721110","18","0","2026","1","",42,1262,1254,1266,19362910,0,0,1181,"",1.00,1.00,1.00,1.00,1.00,0.00,0.00,1.00,"",0,0.0,-41,-3.1,-47,-3.6,-26,-2.0,1701574,9.6,0,0.0,0,0.0,135,12.9
"US000","1","72119","17","0","2026","1","",73,1962,1946,1939,17854684,0,0,705,"",1.00,1.00,1.00,1.00,1.00,0.00,0.00,1.00,"",0,0.0,-70,-3.4,-71,-3.5,-67,-3.3,745524,4.4,0,0.0,0,0.0,53,8.1
"US000","1","721199","18","0","2026","1","",73,1962,1946,1939,17854684,0,0,705,"",1.00,1.00,1.00,1.00,1.00,0.00,0.00,1.00,"",0,0.0,-70,-3.4,-71,-3.5,-67,-3.3,745524,4.4,0,0.0,0,0.0,53,8.1
"US000","1","7212","16","0","2026","1","",57,206,211,204,1923590,0,0,715,"",1.00,1.00,1.00,1.00,1.00,0.00,0.00,1.00,"",-4,-6.6,-2,-1.0,0,0.0,1,0.5,237922,14.1,0,0.0,0,0.0,90,14.4
"US000","1","72121","17","0","2026","1","",57,206,211,204,1923590,0,0,715,"",1.00,1.00,1.00,1.00,1.00,0.00,0.00,1.00,"",-4,-6.6,-2,-1.0,0,0.0,1,0.5,237922,14.1,0,0.0,0,0.0,90,14.4
"US000","1","721211","18","0","2026","1","",57,206,211,204,1923590,0,0,715,"",1.00,1.00,1.00,1.00,1.00,0.00,0.00,1.00,"",-4,-6.6,-2,-1.0,0,0.0,1,0.5,237922,14.1,0,0.0,0,0.0,90,14.4
"US000","1","7213","16","0","2026","1","",21,1560,1556,1548,14868150,0,0,736,"",1.00,1.00,1.00,1.00,1.00,0.00,0.00,1.00,"",-1,-4.5,119,8.3,95,6.5,64,4.3,2175994,17.1,0,0.0,0,0.0,68,10.2
"US000","1","72131","17","0","2026","1","",21,1560,1556,1548,14868150,0,0,736,"",1.00,1.00,1.00,1.00,1.00,0.00,0.00,1.00,"",-1,-4.5,119,8.3,95,6.5,64,4.3,2175994,17.1,0,0.0,0,0.0,68,10.2
"US000","1","721310","18","0","2026","1","",21,1560,1556,1548,14868150,0,0,736,"",1.00,1.00,1.00,1.00,1.00,0.00,0.00,1.00,"",-1,-4.5,119,8.3,95,6.5,64,4.3,2175994,17.1,0,0.0,0,0.0,68,10.2
"US000","1","722","15","0","2026","1","",181,3134,3188,3212,26043390,0,0,630,"",1.00,1.00,1.00,1.00,1.00,0.00,0.00,1.00,"",4,2.3,-80,-2.5,-124,-3.7,-92,-2.8,2158590,9.0,0,0.0,0,0.0,69,12.3
"US000","1","7223","16","0","2026","1","",9,473,467,452,5330361,0,0,884,"",1.00,1.00,1.00,1.00,1.00,0.00,0.00,1.00,"",1,12.5,19,4.2,18,4.0,2,0.4,935345,21.3,0,0.0,0,0.0,134,17.9
"US000","1","72231","17","0","2026","1","",6,461,454,440,5211084,0,0,887,"",1.00,1.00,1.00,1.00,1.00,0.00,0.00,1.00,"",0,0.0,17,3.8,13,2.9,-2,-0.5,887009,20.5,0,0.0,0,0.0,135,18.0
"US000","1","722310","18","0","2026","1","",6,461,454,440,5211084,0,0,887,"",1.00,1.00,1.00,1.00,1.00,0.00,0.00,1.00,"",0,0.0,17,3.8,13,2.9,-2,-0.5,887009,20.5,0,0.0,0,0.0,135,18.0
"US000","1","72232","17","0","2026","1","",1,0,1,1,4004,0,0,462,"",1.00,0.00,1.00,1.00,1.00,0.00,0.00,1.00,"N",1,100.0,0,0,0,0,0,0,0,0,0,0,0,0,0,0
"US000","1","722320","18","0","2026","1","",1,0,1,1,4004,0,0,462,"",1.00,0.00,1.00,1.00,1.00,0.00,0.00,1.00,"N",1,100.0,0,0,0,0,0,0,0,0,0,0,0,0,0,0
"US000","1","72233","17","0","2026","1","",2,12,12,11,115273,0,0,760,"",1.00,1.00,1.00,1.00,1.00,0.00,0.00,1.00,"",0,0.0,2,20.0,4,50.0,3,37.5,44332,62.5,0,0.0,0,0.0,130,20.6
"US000","1","722330","18","0","2026","1","",2,12,12,11,115273,0,0,760,"",1.00,1.00,1.00,1.00,1.00,0.00,0.00,1.00,"",0,0.0,2,20.0,4,50.0,3,37.5,44332,62.5,0,0.0,0,0.0,130,20.6
"US000","1","7224","16","0","2026","1","",7,16,18,18,151110,0,0,671,"",1.00,1.00,1.00,1.00,1.00,0.00,0.00,1.00,"",0,0.0,-6,-27.3,-2,-10.0,-4,-18.2,4511,3.1,0,0.0,0,0.0,142,26.8
"US000","1","72241","17","0","2026","1","",7,16,18,18,151110,0,0,671,"",1.00,1.00,1.00,1.00,1.00,0.00,0.00,1.00,"",0,0.0,-6,-27.3,-2,-10.0,-4,-18.2,4511,3.1,0,0.0,0,0.0,142,26.8
"US000","1","722410","18","0","2026","1","",7,16,18,18,151110,0,0,671,"",1.00,1.00,1.00,1.00,1.00,0.00,0.00,1.00,"",0,0.0,-6,-27.3,-2,-10.0,-4,-18.2,4511,3.1,0,0.0,0,0.0,142,26.8
"US000","1","7225","16","0","2026","1","",165,2645,2703,2742,20561919,0,0,587,"",1.00,1.00,1.00,1.00,1.00,0.00,0.00,1.00,"",3,1.9,-93,-3.4,-140,-4.9,-90,-3.2,1218734,6.3,0,0.0,0,0.0,56,10.5
"US000","1","72251","17","0","2026","1","",165,2645,2703,2742,20561919,0,0,587,"",1.00,1.00,1.00,1.00,1.00,0.00,0.00,1.00,"",3,1.9,-93,-3.4,-140,-4.9,-90,-3.2,1218734,6.3,0,0.0,0,0.0,56,10.5
"US000","1","722511","18","0","2026","1","",108,1972,2027,2064,15284209,0,0,582,"",1.00,1.00,1.00,1.00,1.00,0.00,0.00,1.00,"",5,4.9,-24,-1.2,-61,-2.9,-17,-0.8,1251865,8.9,0,0.0,0,0.0,57,10.9
"US000","1","722513","18","0","2026","1","",12,141,148,148,1406898,0,0,743,"",1.00,1.00,1.00,1.00,1.00,0.00,0.00,1.00,"",-1,-7.7,-12,-7.8,-7,-4.5,-10,-6.3,147292,11.7,0,0.0,0,0.0,119,19.1
"US000","1","722514","18","0","2026","1","",6,366,360,360,2510597,0,0,533,"",1.00,1.00,1.00,1.00,1.00,0.00,0.00,1.00,"",0,0.0,-19,-4.9,-35,-8.9,-32,-8.2,-169500,-6.3,0,0.0,0,0.0,5,0.9
"US000","1","722515","18","0","2026","1","",39,166,168,170,1360215,0,0,623,"",1.00,1.00,1.00,1.00,1.00,0.00,0.00,1.00,"",-1,-2.5,-38,-18.6,-37,-18.0,-31,-15.4,-10923,-0.8,0,0.0,0,0.0,104,20.0
"US000","1","81","14","0","2026","1","",158,3498,3482,3471,69300474,0,0,1530,"",1.00,1.00,1.00,1.00,1.00,0.00,0.00,1.00,"",-8,-4.8,-1544,-30.6,-1551,-30.8,-1511,-30.3,-17555491,-20.2,0,0.0,0,0.0,199,15.0
"US000","1","811","15","0","2026","1","",40,592,590,596,19489205,0,0,2530,"",1.00,1.00,1.00,1.00,1.00,0.00,0.00,1.00,"",-1,-2.4,-98,-14.2,-103,-14.9,-94,-13.6,-1322337,-6.4,0,0.0,0,0.0,213,9.2
"US000","1","8111","16","0","2026","1","",39,54,54,55,678339,0,0,960,"",1.00,1.00,1.00,1.00,1.00,0.00,0.00,1.00,"",-1,-2.5,-55,-50.5,-51,-48.6,-46,-45.5,-505800,-42.7,0,0.0,0,0.0,92,10.6
"US000","1","81111","17","0","2026","1","",7,15,15,16,189962,0,0,953,"",1.00,1.00,1.00,1.00,1.00,0.00,0.00,1.00,"",0,0.0,-50,-76.9,-47,-75.8,-42,-72.4,-522211,-73.3,0,0.0,0,0.0,65,7.3
"US000","1","811111","18","0","2026","1","",7,15,15,16,189962,0,0,953,"",1.00,1.00,1.00,1.00,1.00,0.00,0.00,1.00,"",0,0.0,-50,-76.9,-47,-75.8,-42,-72.4,-522211,-73.3,0,0.0,0,0.0,65,7.3
"US000","1","81112","17","0","2026","1","",27,37,37,36,469444,0,0,985,"",1.00,1.00,1.00,1.00,1.00,0.00,0.00,1.00,"",-1,-3.6,-3,-7.5,-2,-5.1,-3,-7.7,31105,7.1,0,0.0,0,0.0,128,14.9
"US000","1","811121","18","0","2026","1","",27,37,37,36,469444,0,0,985,"",1.00,1.00,1.00,1.00,1.00,0.00,0.00,1.00,"",-1,-3.6,-3,-7.5,-2,-5.1,-3,-7.7,31105,7.1,0,0.0,0,0.0,128,14.9
"US000","1","81119","17","0","2026","1","",5,2,2,3,18933,0,0,624,"",1.00,1.00,1.00,1.00,1.00,0.00,0.00,1.00,"",0,0.0,-2,-50.0,-2,-50.0,-1,-25.0,-14694,-43.7,0,0.0,0,0.0,-23,-3.6
"US000","1","811192","18","0","2026","1","",5,2,2,3,18933,0,0,624,"",1.00,1.00,1.00,1.00,1.00,0.00,0.00,1.00,"",0,0.0,-2,-50.0,-2,-50.0,-1,-25.0,-14694,-43.7,0,0.0,0,0.0,-23,-3.6
"US000","1","8113","16","0","2026","1","",1,538,536,541,18810866,0,0,2688,"",1.00,1.00,1.00,1.00,1.00,0.00,0.00,1.00,"",0,0.0,-43,-7.4,-52,-8.8,-48,-8.1,-816537,-4.2,0,0.0,0,0.0,112,4.3
"US000","1","81131","17","0","2026","1","",1,538,536,541,18810866,0,0,2688,"",1.00,1.00,1.00,1.00,1.00,0.00,0.00,1.00,"",0,0.0,-43,-7.4,-52,-8.8,-48,-8.1,-816537,-4.2,0,0.0,0,0.0,112,4.3
"US000","1","811310","18","0","2026","1","",1,538,536,541,18810866,0,0,2688,"",1.00,1.00,1.00,1.00,1.00,0.00,0.00,1.00,"",0,0.0,-43,-7.4,-52,-8.8,-48,-8.1,-816537,-4.2,0,0.0,0,0.0,112,4.3
"US000","1","812","15","0","2026","1","",78,1549,1544,1541,31009020,0,0,1544,"",1.00,1.00,1.00,1.00,1.00,0.00,0.00,1.00,"",-1,-1.3,-87,-5.3,-88,-5.4,-76,-4.7,-320751,-1.0,0,0.0,0,0.0,64,4.3
"US000","1","8121","16","0","2026","1","",3,19,19,19,212823,0,0,862,"",1.00,1.00,1.00,1.00,1.00,0.00,0.00,1.00,"",0,0.0,0,0.0,0,0.0,2,11.8,37067,21.1,0,0.0,0,0.0,125,17.0
"US000","1","81211","17","0","2026","1","",3,19,19,19,212823,0,0,862,"",1.00,1.00,1.00,1.00,1.00,0.00,0.00,1.00,"",0,0.0,0,0.0,0,0.0,2,11.8,37067,21.1,0,0.0,0,0.0,125,17.0
"US000","1","812111","18","0","2026","1","",2,4,4,4,30601,0,0,588,"",1.00,1.00,1.00,1.00,1.00,0.00,0.00,1.00,"",0,0.0,0,0.0,0,0.0,0,0.0,9316,43.8,0,0.0,0,0.0,179,43.8
"US000","1","812112","18","0","2026","1","",1,15,15,15,182222,0,0,934,"",1.00,1.00,1.00,1.00,1.00,0.00,0.00,1.00,"",0,0.0,0,0.0,0,0.0,2,15.4,27751,18.0,0,0.0,0,0.0,105,12.7
"US000","1","8122","16","0","2026","1","",72,1528,1523,1520,30780844,0,0,1554,"",1.00,1.00,1.00,1.00,1.00,0.00,0.00,1.00,"",0,0.0,-86,-5.3,-87,-5.4,-77,-4.8,-354813,-1.1,0,0.0,0,0.0,64,4.3
"US000","1","81222","17","0","2026","1","",72,1528,1523,1520,30780844,0,0,1554,"",1.00,1.00,1.00,1.00,1.00,0.00,0.00,1.00,"",0,0.0,-86,-5.3,-87,-5.4,-77,-4.8,-354813,-1.1,0,0.0,0,0.0,64,4.3
"US000","1","812220","18","0","2026","1","",72,1528,1523,1520,30780844,0,0,1554,"",1.00,1.00,1.00,1.00,1.00,0.00,0.00,1.00,"",0,0.0,-86,-5.3,-87,-5.4,-77,-4.8,-354813,-1.1,0,0.0,0,0.0,64,4.3
"US000","1","8123","16","0","2026","1","",3,2,2,2,15353,0,0,591,"",1.00,1.00,1.00,1.00,1.00,0.00,0.00,1.00,"",-1,-25.0,-1,-33.3,-1,-33.3,-1,-33.3,-3005,-16.4,0,0.0,0,0.0,120,25.5
"US000","1","81231","17","0","2026","1","",3,2,2,2,15353,0,0,591,"",1.00,1.00,1.00,1.00,1.00,0.00,0.00,1.00,"",-1,-25.0,-1,-33.3,-1,-33.3,-1,-33.3,-3005,-16.4,0,0.0,0,0.0,120,25.5
"US000","1","812310","18","0","2026","1","",3,2,2,2,15353,0,0,591,"",1.00,1.00,1.00,1.00,1.00,0.00,0.00,1.00,"",-1,-25.0,-1,-33.3,-1,-33.3,-1,-33.3,-3005,-16.4,0,0.0,0,0.0,120,25.5
"US000","1","813","15","0","2026","1","",40,1357,1348,1334,18802249,0,0,1074,"",1.00,1.00,1.00,1.00,1.00,0.00,0.00,1.00,"",-6,-13.0,-1359,-50.0,-1360,-50.2,-1341,-50.1,-15912403,-45.8,0,0.0,0,0.0,85,8.6
"US000","1","8131","16","0","2026","1","",1,1,1,1,4676,0,0,360,"",1.00,1.00,1.00,1.00,1.00,0.00,0.00,1.00,"",0,0.0,0,0.0,0,0.0,0,0.0,54,1.2,0,0.0,0,0.0,4,1.1
"US000","1","81311","17","0","2026","1","",1,1,1,1,4676,0,0,360,"",1.00,1.00,1.00,1.00,1.00,0.00,0.00,1.00,"",0,0.0,0,0.0,0,0.0,0,0.0,54,1.2,0,0.0,0,0.0,4,1.1
"US000","1","813110","18","0","2026","1","",1,1,1,1,4676,0,0,360,"",1.00,1.00,1.00,1.00,1.00,0.00,0.00,1.00,"",0,0.0,0,0.0,0,0.0,0,0.0,54,1.2,0,0.0,0,0.0,4,1.1
"US000","1","8132","16","0","2026","1","",22,47,46,49,1821436,0,0,2960,"",1.00,1.00,1.00,1.00,1.00,0.00,0.00,1.00,"",-4,-15.4,-1322,-96.6,-1318,-96.6,-1305,-96.4,-16534405,-90.1,0,0.0,0,0.0,1924,185.7
"US000","1","81321","17","0","2026","1","",22,47,46,49,1821436,0,0,2960,"",1.00,1.00,1.00,1.00,1.00,0.00,0.00,1.00,"",-4,-15.4,-1322,-96.6,-1318,-96.6,-1305,-96.4,-16534405,-90.1,0,0.0,0,0.0,1924,185.7
"US000","1","813211","18","0","2026","1","",17,47,46,49,1821436,0,0,2960,"",1.00,1.00,1.00,1.00,1.00,0.00,0.00,1.00,"",-3,-15.0,-25,-34.7,-27,-37.0,-20,-29.0,-264290,-12.7,0,0.0,0,0.0,711,31.6
"US000","1","813212","18","0","2026","1","",5,0,0,0,0,0,0,0,"",1.00,0.00,0.00,0.00,0.00,0.00,0.00,0.00,"",-1,-16.7,-1297,-100.0,-1291,-100.0,-1285,-100.0,-16270115,-100.0,0,0.0,0,0.0,-969,-100.0
"US000","1","8133","16","0","2026","1","",9,407,403,403,6180420,0,0,1176,"",1.00,1.00,1.00,1.00,1.00,0.00,0.00,1.00,"",-1,-10.0,-18,-4.2,-22,-5.2,-22,-5.2,217468,3.6,0,0.0,0,0.0,97,9.0
"US000","1","81331","17","0","2026","1","",9,407,403,403,6180420,0,0,1176,"",1.00,1.00,1.00,1.00,1.00,0.00,0.00,1.00,"",-1,-10.0,-18,-4.2,-22,-5.2,-22,-5.2,217468,3.6,0,0.0,0,0.0,97,9.0
"US000","1","813311","18","0","2026","1","",6,143,139,139,3583420,0,0,1964,"",1.00,1.00,1.00,1.00,1.00,0.00,0.00,1.00,"",-1,-14.3,-18,-11.2,-22,-13.7,-22,-13.7,167368,4.9,0,0.0,0,0.0,332,20.3
"US000","1","813312","18","0","2026","1","",3,264,264,264,2597000,0,0,757,"",1.00,1.00,1.00,1.00,1.00,0.00,0.00,1.00,"",0,0.0,0,0.0,0,0.0,0,0.0,50100,2.0,0,0.0,0,0.0,15,2.0
"US000","1","8134","16","0","2026","1","",7,898,894,877,10650611,0,0,921,"",1.00,1.00,1.00,1.00,1.00,0.00,0.00,1.00,"",-1,-12.5,-19,-2.1,-20,-2.2,-14,-1.6,378825,3.7,0,0.0,0,0.0,50,5.7
"US000","1","81341","17","0","2026","1","",7,898,894,877,10650611,0,0,921,"",1.00,1.00,1.00,1.00,1.00,0.00,0.00,1.00,"",-1,-12.5,-19,-2.1,-20,-2.2,-14,-1.6,378825,3.7,0,0.0,0,0.0,50,5.7
"US000","1","813410","18","0","2026","1","",7,898,894,877,10650611,0,0,921,"",1.00,1.00,1.00,1.00,1.00,0.00,0.00,1.00,"",-1,-12.5,-19,-2.1,-20,-2.2,-14,-1.6,378825,3.7,0,0.0,0,0.0,50,5.7
"US000","1","8139","16","0","2026","1","",1,4,4,4,145106,0,0,2791,"",1.00,1.00,1.00,1.00,1.00,0.00,0.00,1.00,"",0,0.0,0,0.0,0,0.0,0,0.0,25655,21.5,0,0.0,0,0.0,494,21.5
"US000","1","81399","17","0","2026","1","",1,4,4,4,145106,0,0,2791,"",1.00,1.00,1.00,1.00,1.00,0.00,0.00,1.00,"",0,0.0,0,0.0,0,0.0,0,0.0,25655,21.5,0,0.0,0,0.0,494,21.5
"US000","1","813990","18","0","2026","1","",1,4,4,4,145106,0,0,2791,"",1.00,1.00,1.00,1.00,1.00,0.00,0.00,1.00,"",0,0.0,0,0.0,0,0.0,0,0.0,25655,21.5,0,0.0,0,0.0,494,21.5
"US000","1","92","14","0","2026","1","",24076,1478946,1479310,1460025,48781327133,0,0,2548,"",1.00,1.00,1.00,1.00,1.00,0.00,0.00,1.00,"",-591,-2.4,-211893,-12.5,-206305,-12.2,-219149,-13.1,-1756418358,-3.5,0,0.0,0,0.0,241,10.4
"US000","1","921","15","0","2026","1","",1780,132187,130790,132186,4087185038,0,0,2387,"",1.00,1.00,1.00,1.00,1.00,0.00,0.00,1.00,"",-45,-2.5,-35761,-21.3,-37990,-22.5,-36478,-21.6,-572650698,-12.3,0,0.0,0,0.0,259,12.2
"US000","1","9211","16","0","2026","1","",1780,132187,130790,132186,4087185038,0,0,2387,"",1.00,1.00,1.00,1.00,1.00,0.00,0.00,1.00,"",-45,-2.5,-35761,-21.3,-37990,-22.5,-36478,-21.6,-572650698,-12.3,0,0.0,0,0.0,259,12.2
"US000","1","92111","17","0","2026","1","",9,807,785,769,21627273,0,0,2114,"",1.00,1.00,1.00,1.00,1.00,0.00,0.00,1.00,"",-1,-10.0,-124,-13.3,-43,-5.2,-106,-12.1,-1080124,-4.8,0,0.0,0,0.0,125,6.3
"US000","1","921110","18","0","2026","1","",9,807,785,769,21627273,0,0,2114,"",1.00,1.00,1.00,1.00,1.00,0.00,0.00,1.00,"",-1,-10.0,-124,-13.3,-43,-5.2,-106,-12.1,-1080124,-4.8,0,0.0,0,0.0,125,6.3
"US000","1","92112","17","0","2026","1","",5,19076,19627,19763,449431379,0,0,1774,"",1.00,1.00,1.00,1.00,1.00,0.00,0.00,1.00,"",0,0.0,105,0.6,-21,-0.1,146,0.7,-2634982,-0.6,0,0.0,0,0.0,-17,-0.9
"US000","1","921120","18","0","2026","1","",5,19076,19627,19763,449431379,0,0,1774,"",1.00,1.00,1.00,1.00,1.00,0.00,0.00,1.00,"",0,0.0,105,0.6,-21,-0.1,146,0.7,-2634982,-0.6,0,0.0,0,0.0,-17,-0.9
"US000","1","92113","17","0","2026","1","",563,86678,84872,84501,2712820096,0,0,2445,"",1.00,1.00,1.00,1.00,1.00,0.00,0.00,1.00,"",-16,-2.8,-27940,-24.4,-30191,-26.2,-30610,-26.6,-536899504,-16.5,0,0.0,0,0.0,270,12.4
"US000","1","921130","18","0","2026","1","",563,86678,84872,84501,2712820096,0,0,2445,"",1.00,1.00,1.00,1.00,1.00,0.00,0.00,1.00,"",-16,-2.8,-27940,-24.4,-30191,-26.2,-30610,-26.6,-536899504,-16.5,0,0.0,0,0.0,270,12.4
"US000","1","92114","17","0","2026","1","",1,6,6,6,110751,0,0,1420,"",1.00,1.00,1.00,1.00,1.00,0.00,0.00,1.00,"",0,0.0,0,0.0,0,0.0,0,0.0,77317,231.3,0,0.0,0,0.0,991,231.0
"US000","1","921140","18","0","2026","1","",1,6,6,6,110751,0,0,1420,"",1.00,1.00,1.00,1.00,1.00,0.00,0.00,1.00,"",0,0.0,0,0.0,0,0.0,0,0.0,77317,231.3,0,0.0,0,0.0,991,231.0
"US000","1","92119","17","0","2026","1","",1202,25620,25500,27147,903195539,0,0,2663,"",1.00,1.00,1.00,1.00,1.00,0.00,0.00,1.00,"",-28,-2.3,-7802,-23.3,-7735,-23.3,-5908,-17.9,-32113405,-3.4,0,0.0,0,0.0,498,23.0
"US000","1","921190","18","0","2026","1","",1202,25620,25500,27147,903195539,0,0,2663,"",1.00,1.00,1.00,1.00,1.00,0.00,0.00,1.00,"",-28,-2.3,-7802,-23.3,-7735,-23.3,-5908,-17.9,-32113405,-3.4,0,0.0,0,0.0,498,23.0
"US000","1","922","15","0","2026","1","",3512,264313,263409,252123,9552562650,0,0,2827,"",1.00,1.00,1.00,1.00,1.00,0.00,0.00,1.00,"",-77,-2.1,-11621,-4.2,-11501,-4.2,-22957,-8.3,-162824253,-1.7,0,0.0,0,0.0,112,4.1
"US000","1","9221","16","0","2026","1","",3512,264313,263409,252123,9552562650,0,0,2827,"",1.00,1.00,1.00,1.00,1.00,0.00,0.00,1.00,"",-77,-2.1,-11621,-4.2,-11501,-4.2,-22957,-8.3,-162824253,-1.7,0,0.0,0,0.0,112,4.1
"US000","1","92211","17","0","2026","1","",769,32195,32254,32269,1021813697,0,0,2438,"",1.00,1.00,1.00,1.00,1.00,0.00,0.00,1.00,"",-38,-4.7,-930,-2.8,-768,-2.3,-797,-2.4,6324047,0.6,0,0.0,0,0.0,76,3.2
"US000","1","922110","18","0","2026","1","",769,32195,32254,32269,1021813697,0,0,2438,"",1.00,1.00,1.00,1.00,1.00,0.00,0.00,1.00,"",-38,-4.7,-930,-2.8,-768,-2.3,-797,-2.4,6324047,0.6,0,0.0,0,0.0,76,3.2
"US000","1","92212","17","0","2026","1","",1671,152005,151960,142845,5933489306,0,0,3065,"",1.00,1.00,1.00,1.00,1.00,0.00,0.00,1.00,"",-26,-1.5,3906,2.6,4374,3.0,-4988,-3.4,406856418,7.4,0,0.0,0,0.0,189,6.6
"US000","1","922120","18","0","2026","1","",1671,152005,151960,142845,5933489306,0,0,3065,"",1.00,1.00,1.00,1.00,1.00,0.00,0.00,1.00,"",-26,-1.5,3906,2.6,4374,3.0,-4988,-3.4,406856418,7.4,0,0.0,0,0.0,189,6.6
"US000","1","92213","17","0","2026","1","",360,18701,18586,18630,747043045,0,0,3083,"",1.00,1.00,1.00,1.00,1.00,0.00,0.00,1.00,"",-5,-1.4,-4112,-18.0,-3974,-17.6,-3824,-17.0,-133097958,-15.1,0,0.0,0,0.0,88,2.9
"US000","1","922130","18","0","2026","1","",360,18701,18586,18630,747043045,0,0,3083,"",1.00,1.00,1.00,1.00,1.00,0.00,0.00,1.00,"",-5,-1.4,-4112,-18.0,-3974,-17.6,-3824,-17.0,-133097958,-15.1,0,0.0,0,0.0,88,2.9
"US000","1","92214","17","0","2026","1","",146,32835,32463,32554,993827420,0,0,2344,"",1.00,1.00,1.00,1.00,1.00,0.00,0.00,1.00,"",0,0.0,-2160,-6.2,-2331,-6.7,-2361,-6.8,-55167641,-5.3,0,0.0,0,0.0,32,1.4
"US000","1","922140","18","0","2026","1","",146,32835,32463,32554,993827420,0,0,2344,"",1.00,1.00,1.00,1.00,1.00,0.00,0.00,1.00,"",0,0.0,-2160,-6.2,-2331,-6.7,-2361,-6.8,-55167641,-5.3,0,0.0,0,0.0,32,1.4
"US000","1","92215","17","0","2026","1","",3,949,920,900,33580368,0,0,2799,"",1.00,1.00,1.00,1.00,1.00,0.00,0.00,1.00,"",-1,-25.0,-91,-8.8,-113,-10.9,-131,-12.7,-1875441,-5.3,0,0.0,0,0.0,163,6.2
"US000","1","922150","18","0","2026","1","",3,949,920,900,33580368,0,0,2799,"",1.00,1.00,1.00,1.00,1.00,0.00,0.00,1.00,"",-1,-25.0,-91,-8.8,-113,-10.9,-131,-12.7,-1875441,-5.3,0,0.0,0,0.0,163,6.2
"US000","1","92219","17","0","2026","1","",563,27628,27226,24925,822808814,0,0,2380,"",1.00,1.00,1.00,1.00,1.00,0.00,0.00,1.00,"",-7,-1.2,-8234,-23.0,-8689,-24.2,-10856,-30.3,-385863678,-31.9,0,0.0,0,0.0,-213,-8.2
"US000","1","922190","18","0","2026","1","",563,27628,27226,24925,822808814,0,0,2380,"",1.00,1.00,1.00,1.00,1.00,0.00,0.00,1.00,"",-7,-1.2,-8234,-23.0,-8689,-24.2,-10856,-30.3,-385863678,-31.9,0,0.0,0,0.0,-213,-8.2
"US000","1","923","15","0","2026","1","",2666,213109,212271,210331,6950148673,0,0,2523,"",1.00,1.00,1.00,1.00,1.00,0.00,0.00,1.00,"",-37,-1.4,-32458,-13.2,-32529,-13.3,-31457,-13.0,-501320524,-6.7,0,0.0,0,0.0,174,7.4
"US000","1","9231","16","0","2026","1","",2666,213109,212271,210331,6950148673,0,0,2523,"",1.00,1.00,1.00,1.00,1.00,0.00,0.00,1.00,"",-37,-1.4,-32458,-13.2,-32529,-13.3,-31457,-13.0,-501320524,-6.7,0,0.0,0,0.0,174,7.4
"US000","1","92311","17","0","2026","1","",121,1381,1358,1361,52260870,0,0,2942,"",1.00,1.00,1.00,1.00,1.00,0.00,0.00,1.00,"",-1,-0.8,-1624,-54.0,-1634,-54.6,-1155,-45.9,-39435539,-43.0,0,0.0,0,0.0,456,18.3
"US000","1","923110","18","0","2026","1","",121,1381,1358,1361,52260870,0,0,2942,"",1.00,1.00,1.00,1.00,1.00,0.00,0.00,1.00,"",-1,-0.8,-1624,-54.0,-1634,-54.6,-1155,-45.9,-39435539,-43.0,0,0.0,0,0.0,456,18.3
"US000","1","92312","17","0","2026","1","",784,51038,50882,49125,1934563744,0,0,2956,"",1.00,1.00,1.00,1.00,1.00,0.00,0.00,1.00,"",-25,-3.1,-14386,-22.0,-14168,-21.8,-15575,-24.1,-567732580,-22.7,0,0.0,0,0.0,-3,-0.1
"US000","1","923120","18","0","2026","1","",784,51038,50882,49125,1934563744,0,0,2956,"",1.00,1.00,1.00,1.00,1.00,0.00,0.00,1.00,"",-25,-3.1,-14386,-22.0,-14168,-21.8,-15575,-24.1,-567732580,-22.7,0,0.0,0,0.0,-3,-0.1
"US000","1","92313","17","0","2026","1","",1405,56891,56610,56601,1780466939,0,0,2415,"",1.00,1.00,1.00,1.00,1.00,0.00,0.00,1.00,"",-12,-0.8,-10137,-15.1,-9597,-14.5,-9137,-13.9,111918417,6.7,0,0.0,0,0.0,480,24.8
"US000","1","923130","18","0","2026","1","",1405,56891,56610,56601,1780466939,0,0,2415,"",1.00,1.00,1.00,1.00,1.00,0.00,0.00,1.00,"",-12,-0.8,-10137,-15.1,-9597,-14.5,-9137,-13.9,111918417,6.7,0,0.0,0,0.0,480,24.8
"US000","1","92314","17","0","2026","1","",356,103799,103421,103244,3182857120,0,0,2366,"",1.00,1.00,1.00,1.00,1.00,0.00,0.00,1.00,"",1,0.3,-6311,-5.7,-7130,-6.4,-5590,-5.1,-6070822,-0.2,0,0.0,0,0.0,133,6.0
"US000","1","923140","18","0","2026","1","",356,103799,103421,103244,3182857120,0,0,2366,"",1.00,1.00,1.00,1.00,1.00,0.00,0.00,1.00,"",1,0.3,-6311,-5.7,-7130,-6.4,-5590,-5.1,-6070822,-0.2,0,0.0,0,0.0,133,6.0
"US000","1","924","15","0","2026","1","",5205,82983,85196,86562,2508475674,0,0,2272,"",1.00,1.00,1.00,1.00,1.00,0.00,0.00,1.00,"",107,2.1,-17311,-17.3,-13556,-13.7,-13895,-13.8,-34024415,-1.3,0,0.0,0,0.0,313,16.0
"US000","1","9241","16","0","2026","1","",5205,82983,85196,86562,2508475674,0,0,2272,"",1.00,1.00,1.00,1.00,1.00,0.00,0.00,1.00,"",107,2.1,-17311,-17.3,-13556,-13.7,-13895,-13.8,-34024415,-1.3,0,0.0,0,0.0,313,16.0
"US000","1","92411","17","0","2026","1","",355,15442,15379,15406,579667756,0,0,2894,"",1.00,1.00,1.00,1.00,1.00,0.00,0.00,1.00,"",8,2.3,-4158,-21.2,-4125,-21.1,-3963,-20.5,-33841249,-5.5,0,0.0,0,0.0,473,19.5
"US000","1","924110","18","0","2026","1","",355,15442,15379,15406,579667756,0,0,2894,"",1.00,1.00,1.00,1.00,1.00,0.00,0.00,1.00,"",8,2.3,-4158,-21.2,-4125,-21.1,-3963,-20.5,-33841249,-5.5,0,0.0,0,0.0,473,19.5
"US000","1","92412","17","0","2026","1","",4850,67541,69817,71156,1928807918,0,0,2135,"",1.00,1.00,1.00,1.00,1.00,0.00,0.00,1.00,"",99,2.1,-13153,-16.3,-9431,-11.9,-9932,-12.2,-183166,0.0,0,0.0,0,0.0,288,15.6
"US000","1","924120","18","0","2026","1","",4850,67541,69817,71156,1928807918,0,0,2135,"",1.00,1.00,1.00,1.00,1.00,0.00,0.00,1.00,"",99,2.1,-13153,-16.3,-9431,-11.9,-9932,-12.2,-183166,0.0,0,0.0,0,0.0,288,15.6
"US000","1","925","15","0","2026","1","",166,7113,6980,6935,301962815,0,0,3314,"",1.00,1.00,1.00,1.00,1.00,0.00,0.00,1.00,"",-15,-8.3,-3061,-30.1,-3170,-31.2,-3091,-30.8,-80093245,-21.0,0,0.0,0,0.0,409,14.1
"US000","1","9251","16","0","2026","1","",166,7113,6980,6935,301962815,0,0,3314,"",1.00,1.00,1.00,1.00,1.00,0.00,0.00,1.00,"",-15,-8.3,-3061,-30.1,-3170,-31.2,-3091,-30.8,-80093245,-21.0,0,0.0,0,0.0,409,14.1
"US000","1","92511","17","0","2026","1","",109,6180,6059,6011,271339829,0,0,3431,"",1.00,1.00,1.00,1.00,1.00,0.00,0.00,1.00,"",-1,-0.9,-2791,-31.1,-2889,-32.3,-2830,-32.0,-75458645,-21.8,0,0.0,0,0.0,440,14.7
"US000","1","925110","18","0","2026","1","",109,6180,6059,6011,271339829,0,0,3431,"",1.00,1.00,1.00,1.00,1.00,0.00,0.00,1.00,"",-1,-0.9,-2791,-31.1,-2889,-32.3,-2830,-32.0,-75458645,-21.8,0,0.0,0,0.0,440,14.7
"US000","1","92512","17","0","2026","1","",57,933,921,924,30622986,0,0,2544,"",1.00,1.00,1.00,1.00,1.00,0.00,0.00,1.00,"",-14,-19.7,-270,-22.4,-281,-23.4,-261,-22.0,-4634600,-13.1,0,0.0,0,0.0,278,12.3
"US000","1","925120","18","0","2026","1","",57,933,921,924,30622986,0,0,2544,"",1.00,1.00,1.00,1.00,1.00,0.00,0.00,1.00,"",-14,-19.7,-270,-22.4,-281,-23.4,-261,-22.0,-4634600,-13.1,0,0.0,0,0.0,278,12.3
"US000","1","926","15","0","2026","1","",8130,224769,223845,219578,7456821515,0,0,2575,"",1.00,1.00,1.00,1.00,1.00,0.00,0.00,1.00,"",-541,-6.2,-39817,-15.0,-37601,-14.4,-42019,-16.1,-756901777,-9.2,0,0.0,0,0.0,168,7.0
"US000","1","9261","16","0","2026","1","",8130,224769,223845,219578,7456821515,0,0,2575,"",1.00,1.00,1.00,1.00,1.00,0.00,0.00,1.00,"",-541,-6.2,-39817,-15.0,-37601,-14.4,-42019,-16.1,-756901777,-9.2,0,0.0,0,0.0,168,7.0
"US000","1","92611","17","0","2026","1","",2862,35492,34799,34445,1240980112,0,0,2734,"",1.00,1.00,1.00,1.00,1.00,0.00,0.00,1.00,"",-488,-14.6,-14046,-28.4,-14637,-29.6,-14338,-29.4,-355301808,-22.3,0,0.0,0,0.0,241,9.7
"US000","1","926110","18","0","2026","1","",2862,35492,34799,34445,1240980112,0,0,2734,"",1.00,1.00,1.00,1.00,1.00,0.00,0.00,1.00,"",-488,-14.6,-14046,-28.4,-14637,-29.6,-14338,-29.4,-355301808,-22.3,0,0.0,0,0.0,241,9.7
"US000","1","92612","17","0","2026","1","",987,107448,106581,103795,3249917401,0,0,2360,"",1.00,1.00,1.00,1.00,1.00,0.00,0.00,1.00,"",-6,-0.6,-8260,-7.1,-8448,-7.3,-11765,-10.2,-61484580,-1.9,0,0.0,0,0.0,153,6.9
"US000","1","926120","18","0","2026","1","",987,107448,106581,103795,3249917401,0,0,2360,"",1.00,1.00,1.00,1.00,1.00,0.00,0.00,1.00,"",-6,-0.6,-8260,-7.1,-8448,-7.3,-11765,-10.2,-61484580,-1.9,0,0.0,0,0.0,153,6.9
"US000","1","92613","17","0","2026","1","",231,12453,12259,12221,515966144,0,0,3224,"",1.00,1.00,1.00,1.00,1.00,0.00,0.00,1.00,"",-6,-2.5,-2042,-14.1,-2224,-15.4,-2187,-15.2,-22211613,-4.1,0,0.0,0,0.0,361,12.6
"US000","1","926130","18","0","2026","1","",231,12453,12259,12221,515966144,0,0,3224,"",1.00,1.00,1.00,1.00,1.00,0.00,0.00,1.00,"",-6,-2.5,-2042,-14.1,-2224,-15.4,-2187,-15.2,-22211613,-4.1,0,0.0,0,0.0,361,12.6
"US000","1","92614","17","0","2026","1","",3101,39150,40277,39421,1109941219,0,0,2155,"",1.00,1.00,1.00,1.00,1.00,0.00,0.00,1.00,"",-32,-1.0,-10500,-21.1,-7212,-15.2,-8736,-18.1,-229065306,-17.1,0,0.0,0,0.0,28,1.3
"US000","1","926140","18","0","2026","1","",3101,39150,40277,39421,1109941219,0,0,2155,"",1.00,1.00,1.00,1.00,1.00,0.00,0.00,1.00,"",-32,-1.0,-10500,-21.1,-7212,-15.2,-8736,-18.1,-229065306,-17.1,0,0.0,0,0.0,28,1.3
"US000","1","92615","17","0","2026","1","",949,30226,29929,29696,1340016639,0,0,3442,"",1.00,1.00,1.00,1.00,1.00,0.00,0.00,1.00,"",-9,-0.9,-4969,-14.1,-5080,-14.5,-4993,-14.4,-88838470,-6.2,0,0.0,0,0.0,298,9.5
"US000","1","926150","18","0","2026","1","",949,30226,29929,29696,1340016639,0,0,3442,"",1.00,1.00,1.00,1.00,1.00,0.00,0.00,1.00,"",-9,-0.9,-4969,-14.1,-5080,-14.5,-4993,-14.4,-88838470,-6.2,0,0.0,0,0.0,298,9.5
"US000","1","927","15","0","2026","1","",108,13888,13989,13980,587663412,0,0,3240,"",1.00,1.00,1.00,1.00,1.00,0.00,0.00,1.00,"",0,0.0,-4153,-23.0,-3993,-22.2,-3919,-21.9,-34950951,-5.6,0,0.0,0,0.0,575,21.6
"US000","1","9271","16","0","2026","1","",108,13888,13989,13980,587663412,0,0,3240,"",1.00,1.00,1.00,1.00,1.00,0.00,0.00,1.00,"",0,0.0,-4153,-23.0,-3993,-22.2,-3919,-21.9,-34950951,-5.6,0,0.0,0,0.0,575,21.6
"US000","1","92711","17","0","2026","1","",108,13888,13989,13980,587663412,0,0,3240,"",1.00,1.00,1.00,1.00,1.00,0.00,0.00,1.00,"",0,0.0,-4153,-23.0,-3993,-22.2,-3919,-21.9,-34950951,-5.6,0,0.0,0,0.0,575,21.6
"US000","1","927110","18","0","2026","1","",108,13888,13989,13980,587663412,0,0,3240,"",1.00,1.00,1.00,1.00,1.00,0.00,0.00,1.00,"",0,0.0,-4153,-23.0,-3993,-22.2,-3919,-21.9,-34950951,-5.6,0,0.0,0,0.0,575,21.6
"US000","1","928","15","0","2026","1","",2509,540584,542830,538330,17336507356,0,0,2467,"",1.00,1.00,1.00,1.00,1.00,0.00,0.00,1.00,"",17,0.7,-67711,-11.1,-65965,-10.8,-65333,-10.8,386347505,2.3,0,0.0,0,0.0,319,14.9
"US000","1","9281","16","0","2026","1","",2509,540584,542830,538330,17336507356,0,0,2467,"",1.00,1.00,1.00,1.00,1.00,0.00,0.00,1.00,"",17,0.7,-67711,-11.1,-65965,-10.8,-65333,-10.8,386347505,2.3,0,0.0,0,0.0,319,14.9
"US000","1","92811","17","0","2026","1","",2011,498063,500394,496702,15796996712,0,0,2438,"",1.00,1.00,1.00,1.00,1.00,0.00,0.00,1.00,"",79,4.1,-65354,-11.6,-62873,-11.2,-61776,-11.1,400360957,2.6,0,0.0,0,0.0,330,15.7
"US000","1","928110","18","0","2026","1","",2011,498063,500394,496702,15796996712,0,0,2438,"",1.00,1.00,1.00,1.00,1.00,0.00,0.00,1.00,"",79,4.1,-65354,-11.6,-62873,-11.2,-61776,-11.1,400360957,2.6,0,0.0,0,0.0,330,15.7
"US000","1","92812","17","0","2026","1","",498,42521,42436,41628,1539510644,0,0,2807,"",1.00,1.00,1.00,1.00,1.00,0.00,0.00,1.00,"",-62,-11.1,-2357,-5.3,-3092,-6.8,-3557,-7.9,-14013452,-0.9,0,0.0,0,0.0,163,6.2
"US000","1","928120","18","0","2026","1","",498,42521,42436,41628,1539510644,0,0,2807,"",1.00,1.00,1.00,1.00,1.00,0.00,0.00,1.00,"",-62,-11.1,-2357,-5.3,-3092,-6.8,-3557,-7.9,-14013452,-0.9,0,0.0,0,0.0,163,6.2
"US000","1","99","14","0","2026","1","",4,3,5,5,115402,0,0,2049,"",1.00,1.00,1.00,1.00,1.00,0.00,0.00,1.00,"",2,100.0,0,0.0,2,66.7,1,25.0,11513,11.1,0,0.0,0,0.0,-348,-14.5
"US000","1","999","15","0","2026","1","",4,3,5,5,115402,0,0,2049,"",1.00,1.00,1.00,1.00,1.00,0.00,0.00,1.00,"",2,100.0,0,0.0,2,66.7,1,25.0,11513,11.1,0,0.0,0,0.0,-348,-14.5
"US000","1","9999","16","0","2026","1","",4,3,5,5,115402,0,0,2049,"",1.00,1.00,1.00,1.00,1.00,0.00,0.00,1.00,"",2,100.0,0,0.0,2,66.7,1,25.0,11513,11.1,0,0.0,0,0.0,-348,-14.5
"US000","1","99999","17","0","2026","1","",4,3,5,5,115402,0,0,2049,"",1.00,1.00,1.00,1.00,1.00,0.00,0.00,1.00,"",2,100.0,0,0.0,2,66.7,1,25.0,11513,11.1,0,0.0,0,0.0,-348,-14.5
"US000","1","999999","18","0","2026","1","",4,3,5,5,115402,0,0,2049,"",1.00,1.00,1.00,1.00,1.00,0.00,0.00,1.00,"",2,100.0,0,0.0,2,66.7,1,25.0,11513,11.1,0,0.0,0,0.0,-348,-14.5
"US000","2","10","11","0","2026","1","",72864,4861805,4924067,4933459,102552678431,3638887655,8328675,1608,"",1.00,1.00,1.00,1.00,1.00,1.00,1.00,1.00,"",523,0.7,34973,0.7,23878,0.5,23352,0.5,2755032894,2.8,-23863821,-0.7,-251409,-2.9,35,2.2
"US000","2","101","12","0","2026","1","",2035,76552,76428,76279,1413375085,100272479,277578,1423,"",1.00,1.00,1.00,1.00,1.00,1.00,1.00,1.00,"",24,1.2,-171,-0.2,-309,-0.4,-282,-0.4,44658003,3.3,7092402,7.6,45240,19.5,50,3.6
"US000","2","1011","13","0","2026","1","N",135,0,0,0,0,0,0,0,"N",1.00,0,0,0,0,0,0,0,"N",-2,-1.5,0,0,0,0,0,0,0,0,0,0,0,0,0,0
"US000","2","1012","13","0","2026","1","",1870,73610,73452,73384,1371110341,100154228,276858,1435,"",1.00,1.00,1.00,1.00,1.00,1.00,1.00,1.00,"",25,1.4,-267,-0.4,-403,-0.5,-286,-0.4,42867282,3.2,7079961,7.6,44920,19.4,51,3.7
"US000","2","1013","13","0","2026","1","N",30,0,0,0,0,0,0,0,"N",1.00,0,0,0,0,0,0,0,"N",1,3.4,0,0,0,0,0,0,0,0,0,0,0,0,0,0
"US000","2","102","12","0","2026","1","",70829,4785253,4847639,4857180,101139303346,3538615176,8051097,1611,"",1.00,1.00,1.00,1.00,1.00,1.00,1.00,1.00,"",499,0.7,35144,0.7,24187,0.5,23634,0.5,2710374891,2.8,-30956223,-0.9,-296649,-3.6,34,2.2
"US000","2","1021","13","0","2026","1","",969,59715,59547,59205,1317430142,34080126,205280,1704,"",1.00,1.00,1.00,1.00,1.00,1.00,1.00,1.00,"",8,0.8,841,1.4,1117,1.9,876,1.5,65356571,5.2,784150,2.4,-10283,-4.8,59,3.6
"US000","2","1022","13","0","2026","1","",309,6244,6211,6254,101086610,2450248,9000,1247,"",1.00,1.00,1.00,1.00,1.00,1.00,1.00,1.00,"",4,1.3,-87,-1.4,-120,-1.9,-74,-1.2,-10194,0.0,208265,9.3,1578,21.3,18,1.5
"US000","2","1023","13","0","2026","1","",148,11825,11839,11842,300737020,17551872,172844,1955,"",1.00,1.00,1.00,1.00,1.00,1.00,1.00,1.00,"",0,0.0,-175,-1.5,-127,-1.1,-155,-1.3,8533506,2.9,1392267,8.6,16313,10.4,80,4.3
"US000","2","1024","13","0","2026","1","",1236,41150,40259,40283,896451320,40748703,181948,1700,"",1.00,1.00,1.00,1.00,1.00,1.00,1.00,1.00,"",-16,-1.3,-71,-0.2,-1468,-3.5,-1146,-2.8,-5979604,-0.7,-15650607,-27.7,-49539,-21.4,26,1.6
"US000","2","1025","13","0","2026","1","",15354,2761189,2822894,2829494,57891847995,1525297962,2490321,1588,"",1.00,1.00,1.00,1.00,1.00,1.00,1.00,1.00,"",240,1.6,28387,1.0,19992,0.7,18913,0.7,1347168445,2.4,-70957845,-4.4,-279264,-10.1,25,1.6
"US000","2","1026","13","0","2026","1","",911,17348,17240,17458,219925458,15832831,469019,975,"",1.00,1.00,1.00,1.00,1.00,1.00,1.00,1.00,"",-23,-2.5,-142,-0.8,-188,-1.1,-116,-0.7,372306,0.2,-3236909,-17.0,-3647,-0.8,10,1.0
"US000","2","1027","13","0","2026","1","N",178,0,0,0,0,0,0,0,"N",1.00,0,0,0,0,0,0,0,"N",0,0.0,0,0,0,0,0,0,0,0,0,0,0,0,0,0
"US000","2","1028","13","0","2026","1","",51311,1882192,1883156,1886128,40311658760,1894920259,4505538,1646,"",1.00,1.00,1.00,1.00,1.00,1.00,1.00,1.00,"",-46,-0.1,6024,0.3,3739,0.2,3769,0.2,1262137343,3.2,56460551,3.1,26724,0.6,48,3.0
"US000","2","1029","13","0","2026","1","N",413,0,0,0,0,0,0,0,"N",1.00,0,0,0,0,0,0,0,"N",332,409.9,0,0,0,0,0,0,0,0,0,0,0,0,0,0
"US000","2","11","14","0","2026","1","N",135,0,0,0,0,0,0,0,"N",1.00,0,0,0,0,0,0,0,"N",-2,-1.5,0,0,0,0,0,0,0,0,0,0,0,0,0,0
"US000","2","111","15","0","2026","1","",1,6,6,6,119032,0,0,1526,"",1.00,1.00,1.00,1.00,1.00,0.00,0.00,1.00,"",0,0.0,1,20.0,1,20.0,2,50.0,10141,9.3,0,0.0,0,0.0,-269,-15.0
"US000","2","1114","16","0","2026","1","",1,6,6,6,119032,0,0,1526,"",1.00,1.00,1.00,1.00,1.00,0.00,0.00,1.00,"",0,0.0,1,20.0,1,20.0,2,50.0,10141,9.3,0,0.0,0,0.0,-269,-15.0
"US000","2","11142","17","0","2026","1","",1,6,6,6,119032,0,0,1526,"",1.00,1.00,1.00,1.00,1.00,0.00,0.00,1.00,"",0,0.0,1,20.0,1,20.0,2,50.0,10141,9.3,0,0.0,0,0.0,-269,-15.0
"US000","2","111421","18","0","2026","1","",1,6,6,6,119032,0,0,1526,"",1.00,1.00,1.00,1.00,1.00,0.00,0.00,1.00,"",0,0.0,1,20.0,1,20.0,2,50.0,10141,9.3,0,0.0,0,0.0,-269,-15.0
"US000","2","112","15","0","2026","1","",54,406,411,419,6990827,0,0,1305,"",1.00,1.00,1.00,1.00,1.00,0.00,0.00,1.00,"",-1,-1.8,8,2.0,-2,-0.5,12,2.9,311276,4.7,0,0.0,0,0.0,39,3.1
"US000","2","1125","16","0","2026","1","",54,406,411,419,6990827,0,0,1305,"",1.00,1.00,1.00,1.00,1.00,0.00,0.00,1.00,"",-1,-1.8,8,2.0,-2,-0.5,12,2.9,311276,4.7,0,0.0,0,0.0,39,3.1
"US000","2","11251","17","0","2026","1","",54,406,411,419,6990827,0,0,1305,"",1.00,1.00,1.00,1.00,1.00,0.00,0.00,1.00,"",-1,-1.8,8,2.0,-2,-0.5,12,2.9,311276,4.7,0,0.0,0,0.0,39,3.1
"US000","2","112511","18","0","2026","1","",54,406,411,419,6990827,0,0,1305,"",1.00,1.00,1.00,1.00,1.00,0.00,0.00,1.00,"",-1,-1.8,8,2.0,-2,-0.5,12,2.9,311276,4.7,0,0.0,0,0.0,39,3.1
"US000","2","113","15","0","2026","1","N",11,0,0,0,0,0,0,0,"N",1.00,0,0,0,0,0,0,0,"N",0,0.0,0,0,0,0,0,0,0,0,0,0,0,0,0,0
"US000","2","1131","16","0","2026","1","",5,164,169,165,3113558,0,0,1443,"",1.00,1.00,1.00,1.00,1.00,0.00,0.00,1.00,"",0,0.0,-3,-1.8,0,0.0,-5,-2.9,-249410,-7.4,0,0.0,0,0.0,-91,-5.9
"US000","2","11311","17","0","2026","1","",5,164,169,165,3113558,0,0,1443,"",1.00,1.00,1.00,1.00,1.00,0.00,0.00,1.00,"",0,0.0,-3,-1.8,0,0.0,-5,-2.9,-249410,-7.4,0,0.0,0,0.0,-91,-5.9
"US000","2","113110","18","0","2026","1","",5,164,169,165,3113558,0,0,1443,"",1.00,1.00,1.00,1.00,1.00,0.00,0.00,1.00,"",0,0.0,-3,-1.8,0,0.0,-5,-2.9,-249410,-7.4,0,0.0,0,0.0,-91,-5.9
"US000","2","1132","16","0","2026","1","N",6,0,0,0,0,0,0,0,"N",1.00,0,0,0,0,0,0,0,"N",0,0.0,0,0,0,0,0,0,0,0,0,0,0,0,0,0
"US000","2","11321","17","0","2026","1","N",6,0,0,0,0,0,0,0,"N",1.00,0,0,0,0,0,0,0,"N",0,0.0,0,0,0,0,0,0,0,0,0,0,0,0,0,0
"US000","2","113210","18","0","2026","1","N",6,0,0,0,0,0,0,0,"N",1.00,0,0,0,0,0,0,0,"N",0,0.0,0,0,0,0,0,0,0,0,0,0,0,0,0,0
"US000","2","114","15","0","2026","1","N",1,0,0,0,0,0,0,0,"N",1.00,0,0,0,0,0,0,0,"N",0,0.0,0,0,0,0,0,0,0,0,0,0,0,0,0,0
"US000","2","1141","16","0","2026","1","N",1,0,0,0,0,0,0,0,"N",1.00,0,0,0,0,0,0,0,"N",0,0.0,0,0,0,0,0,0,0,0,0,0,0,0,0,0
"US000","2","11411","17","0","2026","1","N",1,0,0,0,0,0,0,0,"N",1.00,0,0,0,0,0,0,0,"N",0,0.0,0,0,0,0,0,0,0,0,0,0,0,0,0,0
"US000","2","114111","18","0","2026","1","N",1,0,0,0,0,0,0,0,"N",1.00,0,0,0,0,0,0,0,"N",0,0.0,0,0,0,0,0,0,0,0,0,0,0,0,0,0
"US000","2","115","15","0","2026","1","",68,1241,1247,1247,15466873,95493,106,956,"",1.00,1.00,1.00,1.00,1.00,1.00,1.00,1.00,"N",-1,-1.4,0,0,0,0,0,0,0,0,0,0,0,0,0,0
"US000","2","1151","16","0","2026","1","N",2,0,0,0,0,0,0,0,"N",1.00,0,0,0,0,0,0,0,"N",0,0.0,0,0,0,0,0,0,0,0,0,0,0,0,0,0
"US000","2","11511","17","0","2026","1","N",2,0,0,0,0,0,0,0,"N",1.00,0,0,0,0,0,0,0,"N",0,0.0,0,0,0,0,0,0,0,0,0,0,0,0,0,0
"US000","2","115112","18","0","2026","1","N",2,0,0,0,0,0,0,0,"N",1.00,0,0,0,0,0,0,0,"N",0,0.0,0,0,0,0,0,0,0,0,0,0,0,0,0,0
"US000","2","1153","16","0","2026","1","N",66,0,0,0,0,0,0,0,"N",1.00,0,0,0,0,0,0,0,"N",-1,-1.5,0,0,0,0,0,0,0,0,0,0,0,0,0,0
"US000","2","11531","17","0","2026","1","N",66,0,0,0,0,0,0,0,"N",1.00,0,0,0,0,0,0,0,"N",-1,-1.5,0,0,0,0,0,0,0,0,0,0,0,0,0,0
"US000","2","115310","18","0","2026","1","N",66,0,0,0,0,0,0,0,"N",1.00,0,0,0,0,0,0,0,"N",-1,-1.5,0,0,0,0,0,0,0,0,0,0,0,0,0,0
"US000","2","22","14","0","2026","1","",65,3894,3884,3891,105727217,10019467,80092,2091,"",1.00,1.00,1.00,1.00,1.00,1.00,1.00,1.00,"",6,10.2,125,3.3,108,2.9,109,2.9,4371604,4.3,417639,4.3,3970,5.2,26,1.3
"US000","2","221","15","0","2026","1","",65,3894,3884,3891,105727217,10019467,80092,2091,"",1.00,1.00,1.00,1.00,1.00,1.00,1.00,1.00,"",6,10.2,125,3.3,108,2.9,109,2.9,4371604,4.3,417639,4.3,3970,5.2,26,1.3
"US000","2","2211","16","0","2026","1","",40,2933,2930,2943,83326472,7644400,76444,2184,"",1.00,1.00,1.00,1.00,1.00,1.00,1.00,1.00,"",6,17.6,137,4.9,122,4.3,129,4.6,5982380,7.7,381976,5.3,3819,5.3,64,3.0
"US000","2","22111","17","0","2026","1","",25,1662,1658,1673,47614362,3023561,30236,2201,"",1.00,1.00,1.00,1.00,1.00,1.00,1.00,1.00,"",0,0.0,42,2.6,34,2.1,46,2.8,2513823,5.6,-604226,-16.7,-6042,-16.7,64,3.0
"US000","2","221111","18","0","2026","1","",7,828,828,834,25059314,637097,6371,2322,"",1.00,1.00,1.00,1.00,1.00,1.00,1.00,1.00,"",0,0.0,8,1.0,8,1.0,13,1.6,1051370,4.4,-182868,-22.3,-1829,-22.3,71,3.2
"US000","2","221112","18","0","2026","1","",18,834,830,839,22555048,2386464,23865,2080,"",1.00,1.00,1.00,1.00,1.00,1.00,1.00,1.00,"",0,0.0,34,4.2,26,3.2,33,4.1,1462453,6.9,-421358,-15.0,-4213,-15.0,60,3.0
"US000","2","22112","17","0","2026","1","",15,1271,1272,1270,35712110,4620839,46208,2161,"",1.00,1.00,1.00,1.00,1.00,1.00,1.00,1.00,"",6,66.7,95,8.1,88,7.4,83,7.0,3468557,10.8,986202,27.1,9861,27.1,63,3.0
"US000","2","221121","18","0","2026","1","",8,300,293,293,8286931,1882589,18826,2158,"",1.00,1.00,1.00,1.00,1.00,1.00,1.00,1.00,"N",6,300.0,0,0,0,0,0,0,0,0,0,0,0,0,0,0
"US000","2","221122","18","0","2026","1","",7,971,979,977,27425179,2738250,27382,2162,"",1.00,1.00,1.00,1.00,1.00,1.00,1.00,1.00,"N",0,0.0,0,0,0,0,0,0,0,0,0,0,0,0,0,0
"US000","2","2212","16","0","2026","1","",1,1,3,3,26187,0,0,863,"",1.00,1.00,1.00,1.00,1.00,0.00,0.00,1.00,"",0,0.0,0,0.0,2,200.0,2,200.0,14830,130.6,0,0.0,0,0.0,-11,-1.3
"US000","2","22121","17","0","2026","1","",1,1,3,3,26187,0,0,863,"",1.00,1.00,1.00,1.00,1.00,0.00,0.00,1.00,"",0,0.0,0,0.0,2,200.0,2,200.0,14830,130.6,0,0.0,0,0.0,-11,-1.3
"US000","2","221210","18","0","2026","1","",1,1,3,3,26187,0,0,863,"",1.00,1.00,1.00,1.00,1.00,0.00,0.00,1.00,"",0,0.0,0,0.0,2,200.0,2,200.0,14830,130.6,0,0.0,0,0.0,-11,-1.3
"US000","2","2213","16","0","2026","1","",24,960,951,945,22374558,2375067,3648,1808,"",1.00,1.00,1.00,1.00,1.00,1.00,1.00,1.00,"",0,0.0,-12,-1.2,-16,-1.7,-22,-2.3,-1625606,-6.8,35663,1.5,151,4.3,-98,-5.1
"US000","2","22131","17","0","2026","1","",23,427,422,420,7937803,2375067,3648,1443,"",1.00,1.00,1.00,1.00,1.00,1.00,1.00,1.00,"",0,0.0,4,0.9,-4,-0.9,-5,-1.2,552501,7.5,35663,1.5,151,4.3,105,7.8
"US000","2","221310","18","0","2026","1","",23,427,422,420,7937803,2375067,3648,1443,"",1.00,1.00,1.00,1.00,1.00,1.00,1.00,1.00,"",0,0.0,4,0.9,-4,-0.9,-5,-1.2,552501,7.5,35663,1.5,151,4.3,105,7.8
"US000","2","22132","17","0","2026","1","",1,533,529,525,14436755,0,0,2099,"",1.00,1.00,1.00,1.00,1.00,0.00,0.00,1.00,"",0,0.0,-16,-2.9,-12,-2.2,-17,-3.1,-2178107,-13.1,0,0.0,0,0.0,-250,-10.6
"US000","2","221320","18","0","2026","1","",1,533,529,525,14436755,0,0,2099,"",1.00,1.00,1.00,1.00,1.00,0.00,0.00,1.00,"",0,0.0,-16,-2.9,-12,-2.2,-17,-3.1,-2178107,-13.1,0,0.0,0,0.0,-250,-10.6
"US000","2","23","14","0","2026","1","",1870,73610,73452,73384,1371110341,100154228,276858,1435,"",1.00,1.00,1.00,1.00,1.00,1.00,1.00,1.00,"",25,1.4,-267,-0.4,-403,-0.5,-286,-0.4,42867282,3.2,7079961,7.6,44920,19.4,51,3.7
"US000","2","236","15","0","2026","1","N",10,0,0,0,0,0,0,0,"N",1.00,0,0,0,0,0,0,0,"N",-1,-9.1,0,0,0,0,0,0,0,0,0,0,0,0,0,0
"US000","2","2361","16","0","2026","1","N",3,0,0,0,0,0,0,0,"N",1.00,0,0,0,0,0,0,0,"N",-1,-25.0,0,0,0,0,0,0,0,0,0,0,0,0,0,0
"US000","2","23611","17","0","2026","1","N",3,0,0,0,0,0,0,0,"N",1.00,0,0,0,0,0,0,0,"N",-1,-25.0,0,0,0,0,0,0,0,0,0,0,0,0,0,0
"US000","2","236118","18","0","2026","1","N",3,0,0,0,0,0,0,0,"N",1.00,0,0,0,0,0,0,0,"N",-1,-25.0,0,0,0,0,0,0,0,0,0,0,0,0,0,0
"US000","2","2362","16","0","2026","1","N",7,0,0,0,0,0,0,0,"N",1.00,0,0,0,0,0,0,0,"N",0,0.0,0,0,0,0,0,0,0,0,0,0,0,0,0,0
"US000","2","23621","17","0","2026","1","N",5,0,0,0,0,0,0,0,"N",1.00,0,0,0,0,0,0,0,"N",0,0.0,0,0,0,0,0,0,0,0,0,0,0,0,0,0
"US000","2","236210","18","0","2026","1","N",5,0,0,0,0,0,0,0,"N",1.00,0,0,0,0,0,0,0,"N",0,0.0,0,0,0,0,0,0,0,0,0,0,0,0,0,0
"US000","2","23622","17","0","2026","1","N",2,0,0,0,0,0,0,0,"N",1.00,0,0,0,0,0,0,0,"N",0,0.0,0,0,0,0,0,0,0,0,0,0,0,0,0,0
"US000","2","236220","18","0","2026","1","N",2,0,0,0,0,0,0,0,"N",1.00,0,0,0,0,0,0,0,"N",0,0.0,0,0,0,0,0,0,0,0,0,0,0,0,0,0
"US000","2","237","15","0","2026","1","",1855,73314,73158,73088,1362739960,99956513,272653,1432,"",1.00,1.00,1.00,1.00,1.00,1.00,1.00,1.00,"",27,1.5,-281,-0.4,-415,-0.6,-293,-0.4,40386526,3.1,7048636,7.6,44313,19.4,48,3.5
"US000","2","2371","16","0","2026","1","N",5,0,0,0,0,0,0,0,"N",1.00,0,0,0,0,0,0,0,"N",0,0.0,0,0,0,0,0,0,0,0,0,0,0,0,0,0
"US000","2","23711","17","0","2026","1","N",1,0,0,0,0,0,0,0,"N",1.00,0,0,0,0,0,0,0,"N",0,0.0,0,0,0,0,0,0,0,0,0,0,0,0,0,0
"US000","2","237110","18","0","2026","1","N",1,0,0,0,0,0,0,0,"N",1.00,0,0,0,0,0,0,0,"N",0,0.0,0,0,0,0,0,0,0,0,0,0,0,0,0,0
"US000","2","23713","17","0","2026","1","N",4,0,0,0,0,0,0,0,"N",1.00,0,0,0,0,0,0,0,"N",0,0.0,0,0,0,0,0,0,0,0,0,0,0,0,0,0
"US000","2","237130","18","0","2026","1","N",4,0,0,0,0,0,0,0,"N",1.00,0,0,0,0,0,0,0,"N",0,0.0,0,0,0,0,0,0,0,0,0,0,0,0,0,0
"US000","2","2373","16","0","2026","1","N",1849,0,0,0,0,0,0,0,"N",1.00,0,0,0,0,0,0,0,"N",27,1.5,0,0,0,0,0,0,0,0,0,0,0,0,0,0
"US000","2","23731","17","0","2026","1","N",1849,0,0,0,0,0,0,0,"N",1.00,0,0,0,0,0,0,0,"N",27,1.5,0,0,0,0,0,0,0,0,0,0,0,0,0,0
"US000","2","237310","18","0","2026","1","N",1849,0,0,0,0,0,0,0,"N",1.00,0,0,0,0,0,0,0,"N",27,1.5,0,0,0,0,0,0,0,0,0,0,0,0,0,0
"US000","2","2379","16","0","2026","1","",1,35,35,35,759120,0,0,1668,"",1.00,1.00,1.00,1.00,1.00,0.00,0.00,1.00,"",0,0.0,-1,-2.8,-1,-2.8,-2,-5.4,-178581,-19.0,0,0.0,0,0.0,-317,-16.0
"US000","2","23799","17","0","2026","1","",1,35,35,35,759120,0,0,1668,"",1.00,1.00,1.00,1.00,1.00,0.00,0.00,1.00,"",0,0.0,-1,-2.8,-1,-2.8,-2,-5.4,-178581,-19.0,0,0.0,0,0.0,-317,-16.0
"US000","2","237990","18","0","2026","1","",1,35,35,35,759120,0,0,1668,"",1.00,1.00,1.00,1.00,1.00,0.00,0.00,1.00,"",0,0.0,-1,-2.8,-1,-2.8,-2,-5.4,-178581,-19.0,0,0.0,0,0.0,-317,-16.0
"US000","2","238","15","0","2026","1","N",5,0,0,0,0,0,0,0,"N",1.00,0,0,0,0,0,0,0,"N",-1,-16.7,0,0,0,0,0,0,0,0,0,0,0,0,0,0
"US000","2","2382","16","0","2026","1","N",1,0,0,0,0,0,0,0,"N",1.00,0,0,0,0,0,0,0,"N",0,0.0,0,0,0,0,0,0,0,0,0,0,0,0,0,0
"US000","2","23821","17","0","2026","1","N",1,0,0,0,0,0,0,0,"N",1.00,0,0,0,0,0,0,0,"N",0,0.0,0,0,0,0,0,0,0,0,0,0,0,0,0,0
"US000","2","238212","18","0","2026","1","N",1,0,0,0,0,0,0,0,"N",1.00,0,0,0,0,0,0,0,"N",0,0.0,0,0,0,0,0,0,0,0,0,0,0,0,0,0
"US000","2","2389","16","0","2026","1","N",4,0,0,0,0,0,0,0,"N",1.00,0,0,0,0,0,0,0,"N",-1,-20.0,0,0,0,0,0,0,0,0,0,0,0,0,0,0
"US000","2","23899","17","0","2026","1","N",4,0,0,0,0,0,0,0,"N",1.00,0,0,0,0,0,0,0,"N",-1,-20.0,0,0,0,0,0,0,0,0,0,0,0,0,0,0
"US000","2","238991","18","0","2026","1","N",2,0,0,0,0,0,0,0,"N",1.00,0,0,0,0,0,0,0,"N",-1,-33.3,0,0,0,0,0,0,0,0,0,0,0,0,0,0
"US000","2","238992","18","0","2026","1","N",2,0,0,0,0,0,0,0,"N",1.00,0,0,0,0,0,0,0,"N",0,0.0,0,0,0,0,0,0,0,0,0,0,0,0,0,0
"US000","2","31-33","14","0","2026","1","N",30,0,0,0,0,0,0,0,"N",1.00,0,0,0,0,0,0,0,"N",1,3.4,0,0,0,0,0,0,0,0,0,0,0,0,0,0
"US000","2","311","15","0","2026","1","",5,169,172,168,4089971,22758,614,1854,"",1.00,1.00,1.00,1.00,1.00,1.00,1.00,1.00,"",0,0.0,5,3.0,8,4.9,2,1.2,339677,9.1,11720,106.2,316,106.0,102,5.8
"US000","2","3112","16","0","2026","1","",1,166,168,165,4053728,0,0,1875,"",1.00,1.00,1.00,1.00,1.00,0.00,0.00,1.00,"",0,0.0,2,1.2,6,3.7,1,0.6,314748,8.4,0,0.0,0,0.0,114,6.5
"US000","2","31121","17","0","2026","1","",1,166,168,165,4053728,0,0,1875,"",1.00,1.00,1.00,1.00,1.00,0.00,0.00,1.00,"",0,0.0,2,1.2,6,3.7,1,0.6,314748,8.4,0,0.0,0,0.0,114,6.5
"US000","2","311211","18","0","2026","1","",1,166,168,165,4053728,0,0,1875,"",1.00,1.00,1.00,1.00,1.00,0.00,0.00,1.00,"",0,0.0,2,1.2,6,3.7,1,0.6,314748,8.4,0,0.0,0,0.0,114,6.5
"US000","2","3118","16","0","2026","1","",4,3,4,3,36243,22758,614,836,"",1.00,1.00,1.00,1.00,1.00,1.00,1.00,1.00,"",0,0.0,3,100.0,2,100.0,1,50.0,24929,220.3,11720,106.2,316,106.0,183,28.0
"US000","2","31181","17","0","2026","1","",4,3,4,3,36243,22758,614,836,"",1.00,1.00,1.00,1.00,1.00,1.00,1.00,1.00,"",0,0.0,3,100.0,2,100.0,1,50.0,24929,220.3,11720,106.2,316,106.0,183,28.0
"US000","2","311811","18","0","2026","1","",4,3,4,3,36243,22758,614,836,"",1.00,1.00,1.00,1.00,1.00,1.00,1.00,1.00,"",0,0.0,3,100.0,2,100.0,1,50.0,24929,220.3,11720,106.2,316,106.0,183,28.0
"US000","2","315","15","0","2026","1","",1,71,73,70,538348,0,0,581,"",1.00,1.00,1.00,1.00,1.00,0.00,0.00,1.00,"",0,0.0,-12,-14.5,-8,-9.9,-5,-6.7,-10843,-2.0,0,0.0,0,0.0,51,9.6
"US000","2","3152","16","0","2026","1","",1,71,73,70,538348,0,0,581,"",1.00,1.00,1.00,1.00,1.00,0.00,0.00,1.00,"",0,0.0,-12,-14.5,-8,-9.9,-5,-6.7,-10843,-2.0,0,0.0,0,0.0,51,9.6
"US000","2","31525","17","0","2026","1","",1,71,73,70,538348,0,0,581,"",1.00,1.00,1.00,1.00,1.00,0.00,0.00,1.00,"",0,0.0,-12,-14.5,-8,-9.9,-5,-6.7,-10843,-2.0,0,0.0,0,0.0,51,9.6
"US000","2","315250","18","0","2026","1","",1,71,73,70,538348,0,0,581,"",1.00,1.00,1.00,1.00,1.00,0.00,0.00,1.00,"",0,0.0,-12,-14.5,-8,-9.9,-5,-6.7,-10843,-2.0,0,0.0,0,0.0,51,9.6
"US000","2","323","15","0","2026","1","N",2,0,0,0,0,0,0,0,"N",1.00,0,0,0,0,0,0,0,"N",0,0.0,0,0,0,0,0,0,0,0,0,0,0,0,0,0
"US000","2","3231","16","0","2026","1","N",2,0,0,0,0,0,0,0,"N",1.00,0,0,0,0,0,0,0,"N",0,0.0,0,0,0,0,0,0,0,0,0,0,0,0,0,0
"US000","2","32311","17","0","2026","1","N",2,0,0,0,0,0,0,0,"N",1.00,0,0,0,0,0,0,0,"N",0,0.0,0,0,0,0,0,0,0,0,0,0,0,0,0,0
"US000","2","323111","18","0","2026","1","N",2,0,0,0,0,0,0,0,"N",1.00,0,0,0,0,0,0,0,"N",0,0.0,0,0,0,0,0,0,0,0,0,0,0,0,0,0
"US000","2","332","15","0","2026","1","",1,7,7,8,55157,0,0,579,"",1.00,1.00,1.00,1.00,1.00,0.00,0.00,1.00,"",0,0.0,-2,-22.2,-2,-22.2,-1,-11.1,-4485,-7.5,0,0.0,0,0.0,69,13.5
"US000","2","3325","16","0","2026","1","",1,7,7,8,55157,0,0,579,"",1.00,1.00,1.00,1.00,1.00,0.00,0.00,1.00,"",0,0.0,-2,-22.2,-2,-22.2,-1,-11.1,-4485,-7.5,0,0.0,0,0.0,69,13.5
"US000","2","33251","17","0","2026","1","",1,7,7,8,55157,0,0,579,"",1.00,1.00,1.00,1.00,1.00,0.00,0.00,1.00,"",0,0.0,-2,-22.2,-2,-22.2,-1,-11.1,-4485,-7.5,0,0.0,0,0.0,69,13.5
"US000","2","332510","18","0","2026","1","",1,7,7,8,55157,0,0,579,"",1.00,1.00,1.00,1.00,1.00,0.00,0.00,1.00,"",0,0.0,-2,-22.2,-2,-22.2,-1,-11.1,-4485,-7.5,0,0.0,0,0.0,69,13.5
"US000","2","334","15","0","2026","1","N",2,0,0,0,0,0,0,0,"N",1.00,0,0,0,0,0,0,0,"N",0,0.0,0,0,0,0,0,0,0,0,0,0,0,0,0,0
"US000","2","3342","16","0","2026","1","N",1,0,0,0,0,0,0,0,"N",1.00,0,0,0,0,0,0,0,"N",0,0.0,0,0,0,0,0,0,0,0,0,0,0,0,0,0
"US000","2","33429","17","0","2026","1","N",1,0,0,0,0,0,0,0,"N",1.00,0,0,0,0,0,0,0,"N",0,0.0,0,0,0,0,0,0,0,0,0,0,0,0,0,0
"US000","2","334290","18","0","2026","1","N",1,0,0,0,0,0,0,0,"N",1.00,0,0,0,0,0,0,0,"N",0,0.0,0,0,0,0,0,0,0,0,0,0,0,0,0,0
"US000","2","3345","16","0","2026","1","",1,347,362,371,1850792,0,0,395,"",1.00,1.00,1.00,1.00,1.00,0.00,0.00,1.00,"",0,0.0,102,41.6,96,36.1,85,29.7,529009,40.0,0,0.0,0,0.0,12,3.1
"US000","2","33451","17","0","2026","1","",1,347,362,371,1850792,0,0,395,"",1.00,1.00,1.00,1.00,1.00,0.00,0.00,1.00,"",0,0.0,102,41.6,96,36.1,85,29.7,529009,40.0,0,0.0,0,0.0,12,3.1
"US000","2","334511","18","0","2026","1","",1,347,362,371,1850792,0,0,395,"",1.00,1.00,1.00,1.00,1.00,0.00,0.00,1.00,"",0,0.0,102,41.6,96,36.1,85,29.7,529009,40.0,0,0.0,0,0.0,12,3.1
"US000","2","337","15","0","2026","1","",19,372,370,282,6692480,0,0,1508,"",1.00,1.00,1.00,1.00,1.00,0.00,0.00,1.00,"",1,5.6,3,0.8,-3,-0.8,-88,-23.8,-396866,-5.6,0,0.0,0,0.0,37,2.5
"US000","2","3371","16","0","2026","1","",17,297,295,206,5382026,0,0,1556,"",1.00,1.00,1.00,1.00,1.00,0.00,0.00,1.00,"",1,6.2,-1,-0.3,-4,-1.3,-92,-30.9,-440555,-7.6,0,0.0,0,0.0,55,3.7
"US000","2","33712","17","0","2026","1","",17,297,295,206,5382026,0,0,1556,"",1.00,1.00,1.00,1.00,1.00,0.00,0.00,1.00,"",1,6.2,-1,-0.3,-4,-1.3,-92,-30.9,-440555,-7.6,0,0.0,0,0.0,55,3.7
"US000","2","337127","18","0","2026","1","",17,297,295,206,5382026,0,0,1556,"",1.00,1.00,1.00,1.00,1.00,0.00,0.00,1.00,"",1,6.2,-1,-0.3,-4,-1.3,-92,-30.9,-440555,-7.6,0,0.0,0,0.0,55,3.7
"US000","2","3372","16","0","2026","1","",2,75,75,76,1310454,0,0,1338,"",1.00,1.00,1.00,1.00,1.00,0.00,0.00,1.00,"",0,0.0,4,5.6,1,1.4,4,5.6,43689,3.4,0,0.0,0,0.0,-9,-0.7
"US000","2","33721","17","0","2026","1","",2,75,75,76,1310454,0,0,1338,"",1.00,1.00,1.00,1.00,1.00,0.00,0.00,1.00,"",0,0.0,4,5.6,1,1.4,4,5.6,43689,3.4,0,0.0,0,0.0,-9,-0.7
"US000","2","337211","18","0","2026","1","",2,75,75,76,1310454,0,0,1338,"",1.00,1.00,1.00,1.00,1.00,0.00,0.00,1.00,"",0,0.0,4,5.6,1,1.4,4,5.6,43689,3.4,0,0.0,0,0.0,-9,-0.7
"US000","2","44-45","14","0","2026","1","",438,8901,8461,8450,90276766,41593,225,807,"",1.00,1.00,1.00,1.00,1.00,1.00,1.00,1.00,"",2,0.5,-314,-3.4,-97,-1.1,-143,-1.7,639222,0.7,-7617,-15.5,-110,-32.8,22,2.8
"US000","2","445","15","0","2026","1","",433,8805,8366,8359,89131251,41593,225,806,"",1.00,1.00,1.00,1.00,1.00,1.00,1.00,1.00,"",1,0.2,-342,-3.7,-124,-1.5,-167,-2.0,687668,0.8,-7617,-15.5,-110,-32.8,26,3.3
"US000","2","4453","16","0","2026","1","",433,8805,8366,8359,89131251,41593,225,806,"",1.00,1.00,1.00,1.00,1.00,1.00,1.00,1.00,"",1,0.2,-342,-3.7,-124,-1.5,-167,-2.0,687668,0.8,-7617,-15.5,-110,-32.8,26,3.3
"US000","2","44532","17","0","2026","1","",433,8805,8366,8359,89131251,41593,225,806,"",1.00,1.00,1.00,1.00,1.00,1.00,1.00,1.00,"",1,0.2,-342,-3.7,-124,-1.5,-167,-2.0,687668,0.8,-7617,-15.5,-110,-32.8,26,3.3
"US000","2","445320","18","0","2026","1","",433,8805,8366,8359,89131251,41593,225,806,"",1.00,1.00,1.00,1.00,1.00,1.00,1.00,1.00,"",1,0.2,-342,-3.7,-124,-1.5,-167,-2.0,687668,0.8,-7617,-15.5,-110,-32.8,26,3.3
"US000","2","456","15","0","2026","1","N",3,0,0,0,0,0,0,0,"N",1.00,0,0,0,0,0,0,0,"N",1,50.0,0,0,0,0,0,0,0,0,0,0,0,0,0,0
"US000","2","4561","16","0","2026","1","N",3,0,0,0,0,0,0,0,"N",1.00,0,0,0,0,0,0,0,"N",1,50.0,0,0,0,0,0,0,0,0,0,0,0,0,0,0
"US000","2","45611","17","0","2026","1","N",3,0,0,0,0,0,0,0,"N",1.00,0,0,0,0,0,0,0,"N",1,50.0,0,0,0,0,0,0,0,0,0,0,0,0,0,0
"US000","2","456110","18","0","2026","1","N",3,0,0,0,0,0,0,0,"N",1.00,0,0,0,0,0,0,0,"N",1,50.0,0,0,0,0,0,0,0,0,0,0,0,0,0,0
"US000","2","457","15","0","2026","1","N",1,0,0,0,0,0,0,0,"N",1.00,0,0,0,0,0,0,0,"N",0,0.0,0,0,0,0,0,0,0,0,0,0,0,0,0,0
"US000","2","4571","16","0","2026","1","N",1,0,0,0,0,0,0,0,"N",1.00,0,0,0,0,0,0,0,"N",0,0.0,0,0,0,0,0,0,0,0,0,0,0,0,0,0
"US000","2","45712","17","0","2026","1","N",1,0,0,0,0,0,0,0,"N",1.00,0,0,0,0,0,0,0,"N",0,0.0,0,0,0,0,0,0,0,0,0,0,0,0,0,0
"US000","2","457120","18","0","2026","1","N",1,0,0,0,0,0,0,0,"N",1.00,0,0,0,0,0,0,0,"N",0,0.0,0,0,0,0,0,0,0,0,0,0,0,0,0,0
"US000","2","459","15","0","2026","1","N",1,0,0,0,0,0,0,0,"N",1.00,0,0,0,0,0,0,0,"N",0,0.0,0,0,0,0,0,0,0,0,0,0,0,0,0,0
"US000","2","4594","16","0","2026","1","N",1,0,0,0,0,0,0,0,"N",1.00,0,0,0,0,0,0,0,"N",0,0.0,0,0,0,0,0,0,0,0,0,0,0,0,0,0
"US000","2","45942","17","0","2026","1","N",1,0,0,0,0,0,0,0,"N",1.00,0,0,0,0,0,0,0,"N",0,0.0,0,0,0,0,0,0,0,0,0,0,0,0,0,0
"US000","2","459420","18","0","2026","1","N",1,0,0,0,0,0,0,0,"N",1.00,0,0,0,0,0,0,0,"N",0,0.0,0,0,0,0,0,0,0,0,0,0,0,0,0,0
"US000","2","48-49","14","0","2026","1","",466,46920,47202,46864,1121426159,24019066,124963,1836,"",1.00,1.00,1.00,1.00,1.00,1.00,1.00,1.00,"",0,0.0,1030,2.2,1106,2.4,910,2.0,60345745,5.7,374128,1.6,-14143,-10.2,61,3.4
"US000","2","482","15","0","2026","1","",2,717,725,748,15176782,96000,1046,1599,"",1.00,1.00,1.00,1.00,1.00,1.00,1.00,1.00,"",0,0.0,23,3.3,26,3.7,11,1.5,1102654,7.8,0,0.0,172,19.7,74,4.9
"US000","2","4821","16","0","2026","1","",2,717,725,748,15176782,96000,1046,1599,"",1.00,1.00,1.00,1.00,1.00,1.00,1.00,1.00,"",0,0.0,23,3.3,26,3.7,11,1.5,1102654,7.8,0,0.0,172,19.7,74,4.9
"US000","2","48211","17","0","2026","1","",2,717,725,748,15176782,96000,1046,1599,"",1.00,1.00,1.00,1.00,1.00,1.00,1.00,1.00,"",0,0.0,23,3.3,26,3.7,11,1.5,1102654,7.8,0,0.0,172,19.7,74,4.9
"US000","2","482111","18","0","2026","1","",2,717,725,748,15176782,96000,1046,1599,"",1.00,1.00,1.00,1.00,1.00,1.00,1.00,1.00,"",0,0.0,23,3.3,26,3.7,11,1.5,1102654,7.8,0,0.0,172,19.7,74,4.9
"US000","2","483","15","0","2026","1","",15,2066,2078,2099,48182930,3338500,20031,1781,"",1.00,1.00,1.00,1.00,1.00,1.00,1.00,1.00,"",1,7.1,92,4.7,100,5.1,95,4.7,4289602,9.8,9564,0.3,57,0.3,80,4.7
"US000","2","4831","16","0","2026","1","",14,1777,1791,1814,44772426,0,0,1920,"",1.00,1.00,1.00,1.00,1.00,0.00,0.00,1.00,"",1,7.7,92,5.5,103,6.1,103,6.0,4212521,10.4,0,0.0,0,0.0,79,4.3
"US000","2","48311","17","0","2026","1","",14,1777,1791,1814,44772426,0,0,1920,"",1.00,1.00,1.00,1.00,1.00,0.00,0.00,1.00,"",1,7.7,92,5.5,103,6.1,103,6.0,4212521,10.4,0,0.0,0,0.0,79,4.3
"US000","2","483114","18","0","2026","1","",14,1777,1791,1814,44772426,0,0,1920,"",1.00,1.00,1.00,1.00,1.00,0.00,0.00,1.00,"",1,7.7,92,5.5,103,6.1,103,6.0,4212521,10.4,0,0.0,0,0.0,79,4.3
"US000","2","4832","16","0","2026","1","",1,289,287,285,3410504,3338500,20031,914,"",1.00,1.00,1.00,1.00,1.00,1.00,1.00,1.00,"",0,0.0,0,0.0,-3,-1.0,-8,-2.7,77081,2.3,9564,0.3,57,0.3,32,3.6
"US000","2","48321","17","0","2026","1","",1,289,287,285,3410504,3338500,20031,914,"",1.00,1.00,1.00,1.00,1.00,1.00,1.00,1.00,"",0,0.0,0,0.0,-3,-1.0,-8,-2.7,77081,2.3,9564,0.3,57,0.3,32,3.6
"US000","2","483212","18","0","2026","1","",1,289,287,285,3410504,3338500,20031,914,"",1.00,1.00,1.00,1.00,1.00,1.00,1.00,1.00,"",0,0.0,0,0.0,-3,-1.0,-8,-2.7,77081,2.3,9564,0.3,57,0.3,32,3.6
"US000","2","485","15","0","2026","1","",62,27556,27907,27528,703298268,0,0,1956,"",1.00,1.00,1.00,1.00,1.00,0.00,0.00,1.00,"",0,0.0,865,3.2,904,3.3,733,2.7,34966298,5.2,0,0.0,0,0.0,40,2.1
"US000","2","4851","16","0","2026","1","",59,26994,27322,26968,692586333,0,0,1966,"",1.00,1.00,1.00,1.00,1.00,0.00,0.00,1.00,"",0,0.0,857,3.3,896,3.4,722,2.8,34481034,5.2,0,0.0,0,0.0,39,2.0
"US000","2","48511","17","0","2026","1","",59,26994,27322,26968,692586333,0,0,1966,"",1.00,1.00,1.00,1.00,1.00,0.00,0.00,1.00,"",0,0.0,857,3.3,896,3.4,722,2.8,34481034,5.2,0,0.0,0,0.0,39,2.0
"US000","2","485111","18","0","2026","1","",10,18562,18687,18679,527016687,0,0,2175,"",1.00,1.00,1.00,1.00,1.00,0.00,0.00,1.00,"",0,0.0,676,3.8,772,4.3,632,3.5,31205650,6.3,0,0.0,0,0.0,50,2.4
"US000","2","485112","18","0","2026","1","N",2,0,0,0,0,0,0,0,"N",1.00,0,0,0,0,0,0,0,"N",0,0.0,0,0,0,0,0,0,0,0,0,0,0,0,0,0
"US000","2","485113","18","0","2026","1","N",47,0,0,0,0,0,0,0,"N",1.00,0,0,0,0,0,0,0,"N",0,0.0,0,0,0,0,0,0,0,0,0,0,0,0,0,0
"US000","2","4852","16","0","2026","1","N",2,0,0,0,0,0,0,0,"N",1.00,0,0,0,0,0,0,0,"N",0,0.0,0,0,0,0,0,0,0,0,0,0,0,0,0,0
"US000","2","48521","17","0","2026","1","N",2,0,0,0,0,0,0,0,"N",1.00,0,0,0,0,0,0,0,"N",0,0.0,0,0,0,0,0,0,0,0,0,0,0,0,0,0
"US000","2","485210","18","0","2026","1","N",2,0,0,0,0,0,0,0,"N",1.00,0,0,0,0,0,0,0,"N",0,0.0,0,0,0,0,0,0,0,0,0,0,0,0,0,0
"US000","2","4859","16","0","2026","1","N",1,0,0,0,0,0,0,0,"N",1.00,0,0,0,0,0,0,0,"N",0,0.0,0,0,0,0,0,0,0,0,0,0,0,0,0,0
"US000","2","48599","17","0","2026","1","N",1,0,0,0,0,0,0,0,"N",1.00,0,0,0,0,0,0,0,"N",0,0.0,0,0,0,0,0,0,0,0,0,0,0,0,0,0
"US000","2","485991","18","0","2026","1","N",1,0,0,0,0,0,0,0,"N",1.00,0,0,0,0,0,0,0,"N",0,0.0,0,0,0,0,0,0,0,0,0,0,0,0,0,0
"US000","2","487","15","0","2026","1","",8,215,207,225,3927459,3893878,7346,1401,"",1.00,1.00,1.00,1.00,1.00,1.00,1.00,1.00,"",0,0.0,-7,-3.2,5,2.5,23,11.4,592994,17.8,569298,17.1,697,10.5,172,14.0
"US000","2","4871","16","0","2026","1","",8,215,207,225,3927459,3893878,7346,1401,"",1.00,1.00,1.00,1.00,1.00,1.00,1.00,1.00,"",0,0.0,-7,-3.2,5,2.5,23,11.4,592994,17.8,569298,17.1,697,10.5,172,14.0
"US000","2","48711","17","0","2026","1","",8,215,207,225,3927459,3893878,7346,1401,"",1.00,1.00,1.00,1.00,1.00,1.00,1.00,1.00,"",0,0.0,-7,-3.2,5,2.5,23,11.4,592994,17.8,569298,17.1,697,10.5,172,14.0
"US000","2","487110","18","0","2026","1","",8,215,207,225,3927459,3893878,7346,1401,"",1.00,1.00,1.00,1.00,1.00,1.00,1.00,1.00,"",0,0.0,-7,-3.2,5,2.5,23,11.4,592994,17.8,569298,17.1,697,10.5,172,14.0
"US000","2","488","15","0","2026","1","",371,16139,16060,16043,347920763,16690688,96540,1664,"",1.00,1.00,1.00,1.00,1.00,1.00,1.00,1.00,"",0,0.0,81,0.5,94,0.6,75,0.5,19709915,6.0,-85373,-0.5,-15069,-13.5,86,5.4
"US000","2","4881","16","0","2026","1","",170,4638,4617,4623,75958074,427717,1763,1263,"",1.00,1.00,1.00,1.00,1.00,1.00,1.00,1.00,"",2,1.2,156,3.5,138,3.1,153,3.4,4380019,6.1,-7173,-1.6,-227,-11.4,33,2.7
"US000","2","48811","17","0","2026","1","N",169,0,0,0,0,0,0,0,"N",1.00,0,0,0,0,0,0,0,"N",2,1.2,0,0,0,0,0,0,0,0,0,0,0,0,0,0
"US000","2","488111","18","0","2026","1","",159,4124,4105,4111,63049391,171373,69,1179,"",1.00,1.00,1.00,1.00,1.00,1.00,1.00,1.00,"",0,0.0,31,0.8,15,0.4,27,0.7,1254772,2.0,14370,9.2,6,9.5,17,1.5
"US000","2","488119","18","0","2026","1","N",10,0,0,0,0,0,0,0,"N",1.00,0,0,0,0,0,0,0,"N",2,25.0,0,0,0,0,0,0,0,0,0,0,0,0,0,0
"US000","2","48819","17","0","2026","1","N",1,0,0,0,0,0,0,0,"N",1.00,0,0,0,0,0,0,0,"N",0,0.0,0,0,0,0,0,0,0,0,0,0,0,0,0,0
"US000","2","488190","18","0","2026","1","N",1,0,0,0,0,0,0,0,"N",1.00,0,0,0,0,0,0,0,"N",0,0.0,0,0,0,0,0,0,0,0,0,0,0,0,0,0
"US000","2","4883","16","0","2026","1","",12,1143,1151,1153,29014552,2098599,14312,1942,"",1.00,1.00,1.00,1.00,1.00,1.00,1.00,1.00,"",-1,-7.7,-51,-4.3,-27,-2.3,-18,-1.5,962251,3.4,-66046,-3.1,-4802,-25.1,115,6.3
"US000","2","48831","17","0","2026","1","N",11,0,0,0,0,0,0,0,"N",1.00,0,0,0,0,0,0,0,"N",-1,-8.3,0,0,0,0,0,0,0,0,0,0,0,0,0,0
"US000","2","488310","18","0","2026","1","N",11,0,0,0,0,0,0,0,"N",1.00,0,0,0,0,0,0,0,"N",-1,-8.3,0,0,0,0,0,0,0,0,0,0,0,0,0,0
"US000","2","48832","17","0","2026","1","N",1,0,0,0,0,0,0,0,"N",1.00,0,0,0,0,0,0,0,"N",0,0.0,0,0,0,0,0,0,0,0,0,0,0,0,0,0
"US000","2","488320","18","0","2026","1","N",1,0,0,0,0,0,0,0,"N",1.00,0,0,0,0,0,0,0,"N",0,0.0,0,0,0,0,0,0,0,0,0,0,0,0,0,0
"US000","2","4884","16","0","2026","1","",189,10358,10292,10267,242948137,14164372,80465,1813,"",1.00,1.00,1.00,1.00,1.00,1.00,1.00,1.00,"",-1,-0.5,-24,-0.2,-17,-0.2,-60,-0.6,14367645,6.3,-12154,-0.1,-10040,-11.1,112,6.6
"US000","2","48849","17","0","2026","1","",189,10358,10292,10267,242948137,14164372,80465,1813,"",1.00,1.00,1.00,1.00,1.00,1.00,1.00,1.00,"",-1,-0.5,-24,-0.2,-17,-0.2,-60,-0.6,14367645,6.3,-12154,-0.1,-10040,-11.1,112,6.6
"US000","2","488490","18","0","2026","1","",189,10358,10292,10267,242948137,14164372,80465,1813,"",1.00,1.00,1.00,1.00,1.00,1.00,1.00,1.00,"",-1,-0.5,-24,-0.2,-17,-0.2,-60,-0.6,14367645,6.3,-12154,-0.1,-10040,-11.1,112,6.6
"US000","2","492","15","0","2026","1","N",1,0,0,0,0,0,0,0,"N",1.00,0,0,0,0,0,0,0,"N",0,0.0,0,0,0,0,0,0,0,0,0,0,0,0,0,0
"US000","2","4922","16","0","2026","1","N",1,0,0,0,0,0,0,0,"N",1.00,0,0,0,0,0,0,0,"N",0,0.0,0,0,0,0,0,0,0,0,0,0,0,0,0,0
"US000","2","49221","17","0","2026","1","N",1,0,0,0,0,0,0,0,"N",1.00,0,0,0,0,0,0,0,"N",0,0.0,0,0,0,0,0,0,0,0,0,0,0,0,0,0
"US000","2","492210","18","0","2026","1","N",1,0,0,0,0,0,0,0,"N",1.00,0,0,0,0,0,0,0,"N",0,0.0,0,0,0,0,0,0,0,0,0,0,0,0,0,0
"US000","2","493","15","0","2026","1","N",7,0,0,0,0,0,0,0,"N",1.00,0,0,0,0,0,0,0,"N",0,0.0,0,0,0,0,0,0,0,0,0,0,0,0,0,0
"US000","2","4931","16","0","2026","1","N",7,0,0,0,0,0,0,0,"N",1.00,0,0,0,0,0,0,0,"N",0,0.0,0,0,0,0,0,0,0,0,0,0,0,0,0,0
"US000","2","49311","17","0","2026","1","N",5,0,0,0,0,0,0,0,"N",1.00,0,0,0,0,0,0,0,"N",0,0.0,0,0,0,0,0,0,0,0,0,0,0,0,0,0
"US000","2","493110","18","0","2026","1","N",5,0,0,0,0,0,0,0,"N",1.00,0,0,0,0,0,0,0,"N",0,0.0,0,0,0,0,0,0,0,0,0,0,0,0,0,0
"US000","2","49319","17","0","2026","1","",2,130,130,127,1528371,0,0,911,"",1.00,1.00,1.00,1.00,1.00,0.00,0.00,1.00,"",0,0.0,-8,-5.8,-6,-4.4,-10,-7.3,-88927,-5.5,0,0.0,0,0.0,3,0.3
"US000","2","493190","18","0","2026","1","",2,130,130,127,1528371,0,0,911,"",1.00,1.00,1.00,1.00,1.00,0.00,0.00,1.00,"",0,0.0,-8,-5.8,-6,-4.4,-10,-7.3,-88927,-5.5,0,0.0,0,0.0,3,0.3
"US000","2","51","14","0","2026","1","",309,6244,6211,6254,101086610,2450248,9000,1247,"",1.00,1.00,1.00,1.00,1.00,1.00,1.00,1.00,"",4,1.3,-87,-1.4,-120,-1.9,-74,-1.2,-10194,0.0,208265,9.3,1578,21.3,18,1.5
"US000","2","513","15","0","2026","1","",1,27,27,27,250043,0,0,712,"",1.00,1.00,1.00,1.00,1.00,0.00,0.00,1.00,"",0,0.0,-1,-3.6,-1,-3.6,-1,-3.6,-10673,-4.1,0,0.0,0,0.0,-4,-0.6
"US000","2","5131","16","0","2026","1","",1,27,27,27,250043,0,0,712,"",1.00,1.00,1.00,1.00,1.00,0.00,0.00,1.00,"",0,0.0,-1,-3.6,-1,-3.6,-1,-3.6,-10673,-4.1,0,0.0,0,0.0,-4,-0.6
"US000","2","51313","17","0","2026","1","",1,27,27,27,250043,0,0,712,"",1.00,1.00,1.00,1.00,1.00,0.00,0.00,1.00,"",0,0.0,-1,-3.6,-1,-3.6,-1,-3.6,-10673,-4.1,0,0.0,0,0.0,-4,-0.6
"US000","2","513130","18","0","2026","1","",1,27,27,27,250043,0,0,712,"",1.00,1.00,1.00,1.00,1.00,0.00,0.00,1.00,"",0,0.0,-1,-3.6,-1,-3.6,-1,-3.6,-10673,-4.1,0,0.0,0,0.0,-4,-0.6
"US000","2","516","15","0","2026","1","",60,673,675,682,11086475,0,0,1260,"",1.00,1.00,1.00,1.00,1.00,0.00,0.00,1.00,"",4,7.1,-28,-4.0,-16,-2.3,-8,-1.2,434400,4.1,0,0.0,0,0.0,79,6.7
"US000","2","5161","16","0","2026","1","",42,443,447,451,7296755,0,0,1256,"",1.00,1.00,1.00,1.00,1.00,0.00,0.00,1.00,"",4,10.5,-10,-2.2,0,0.0,7,1.6,437598,6.4,0,0.0,0,0.0,78,6.6
"US000","2","51612","17","0","2026","1","",42,443,447,451,7296755,0,0,1256,"",1.00,1.00,1.00,1.00,1.00,0.00,0.00,1.00,"",4,10.5,-10,-2.2,0,0.0,7,1.6,437598,6.4,0,0.0,0,0.0,78,6.6
"US000","2","516120","18","0","2026","1","",42,443,447,451,7296755,0,0,1256,"",1.00,1.00,1.00,1.00,1.00,0.00,0.00,1.00,"",4,10.5,-10,-2.2,0,0.0,7,1.6,437598,6.4,0,0.0,0,0.0,78,6.6
"US000","2","5162","16","0","2026","1","",18,230,228,231,3789720,0,0,1269,"",1.00,1.00,1.00,1.00,1.00,0.00,0.00,1.00,"",0,0.0,-18,-7.3,-16,-6.6,-15,-6.1,-3198,-0.1,0,0.0,0,0.0,83,7.0
"US000","2","51621","17","0","2026","1","",18,230,228,231,3789720,0,0,1269,"",1.00,1.00,1.00,1.00,1.00,0.00,0.00,1.00,"",0,0.0,-18,-7.3,-16,-6.6,-15,-6.1,-3198,-0.1,0,0.0,0,0.0,83,7.0
"US000","2","516210","18","0","2026","1","",18,230,228,231,3789720,0,0,1269,"",1.00,1.00,1.00,1.00,1.00,0.00,0.00,1.00,"",0,0.0,-18,-7.3,-16,-6.6,-15,-6.1,-3198,-0.1,0,0.0,0,0.0,83,7.0
"US000","2","517","15","0","2026","1","",4,115,115,115,2774228,387501,2403,1856,"",1.00,1.00,1.00,1.00,1.00,1.00,1.00,1.00,"",-1,-20.0,-3,-2.5,-3,-2.5,-1,-0.9,-172335,-5.8,11501,3.1,-304,-11.2,-76,-3.9
"US000","2","5171","16","0","2026","1","",4,115,115,115,2774228,387501,2403,1856,"",1.00,1.00,1.00,1.00,1.00,1.00,1.00,1.00,"",-1,-20.0,-3,-2.5,-3,-2.5,-1,-0.9,-172335,-5.8,11501,3.1,-304,-11.2,-76,-3.9
"US000","2","51711","17","0","2026","1","",4,115,115,115,2774228,387501,2403,1856,"",1.00,1.00,1.00,1.00,1.00,1.00,1.00,1.00,"",-1,-20.0,-3,-2.5,-3,-2.5,-1,-0.9,-172335,-5.8,11501,3.1,-304,-11.2,-76,-3.9
"US000","2","517111","18","0","2026","1","",4,115,115,115,2774228,387501,2403,1856,"",1.00,1.00,1.00,1.00,1.00,1.00,1.00,1.00,"",-1,-20.0,-3,-2.5,-3,-2.5,-1,-0.9,-172335,-5.8,11501,3.1,-304,-11.2,-76,-3.9
"US000","2","518","15","0","2026","1","",20,1080,1077,1085,26436861,16891,169,1882,"",1.00,1.00,1.00,1.00,1.00,1.00,1.00,1.00,"",1,5.3,32,3.1,22,2.1,39,3.7,1742728,7.1,16891,100.0,169,100.0,72,4.0
"US000","2","5182","16","0","2026","1","",20,1080,1077,1085,26436861,16891,169,1882,"",1.00,1.00,1.00,1.00,1.00,1.00,1.00,1.00,"",1,5.3,32,3.1,22,2.1,39,3.7,1742728,7.1,16891,100.0,169,100.0,72,4.0
"US000","2","51821","17","0","2026","1","",20,1080,1077,1085,26436861,16891,169,1882,"",1.00,1.00,1.00,1.00,1.00,1.00,1.00,1.00,"",1,5.3,32,3.1,22,2.1,39,3.7,1742728,7.1,16891,100.0,169,100.0,72,4.0
"US000","2","518210","18","0","2026","1","",20,1080,1077,1085,26436861,16891,169,1882,"",1.00,1.00,1.00,1.00,1.00,1.00,1.00,1.00,"",1,5.3,32,3.1,22,2.1,39,3.7,1742728,7.1,16891,100.0,169,100.0,72,4.0
"US000","2","519","15","0","2026","1","",224,4349,4317,4345,60539003,2045856,6428,1074,"",1.00,1.00,1.00,1.00,1.00,1.00,1.00,1.00,"",0,0.0,-87,-2.0,-122,-2.7,-103,-2.3,-2004314,-3.2,179873,9.6,1713,36.3,-9,-0.8
"US000","2","5192","16","0","2026","1","",224,4349,4317,4345,60539003,2045856,6428,1074,"",1.00,1.00,1.00,1.00,1.00,1.00,1.00,1.00,"",0,0.0,-87,-2.0,-122,-2.7,-103,-2.3,-2004314,-3.2,179873,9.6,1713,36.3,-9,-0.8
"US000","2","51921","17","0","2026","1","",224,4349,4317,4345,60539003,2045856,6428,1074,"",1.00,1.00,1.00,1.00,1.00,1.00,1.00,1.00,"",0,0.0,-87,-2.0,-122,-2.7,-103,-2.3,-2004314,-3.2,179873,9.6,1713,36.3,-9,-0.8
"US000","2","519210","18","0","2026","1","",224,4349,4317,4345,60539003,2045856,6428,1074,"",1.00,1.00,1.00,1.00,1.00,1.00,1.00,1.00,"",0,0.0,-87,-2.0,-122,-2.7,-103,-2.3,-2004314,-3.2,179873,9.6,1713,36.3,-9,-0.8
"US000","2","52","14","0","2026","1","",113,11169,11183,11181,287952124,8975788,70825,1982,"",1.00,1.00,1.00,1.00,1.00,1.00,1.00,1.00,"",1,0.9,-179,-1.6,-122,-1.1,-153,-1.3,8010452,2.9,-372683,-4.0,13302,23.1,81,4.3
"US000","2","522","15","0","2026","1","",33,3206,3202,3190,72363530,5585170,52693,1740,"",1.00,1.00,1.00,1.00,1.00,1.00,1.00,1.00,"",-3,-8.3,-166,-4.9,-137,-4.1,-176,-5.2,-3472702,-4.6,-585703,-9.5,3900,8.0,3,0.2
"US000","2","5221","16","0","2026","1","N",16,0,0,0,0,0,0,0,"N",1.00,0,0,0,0,0,0,0,"N",0,0.0,0,0,0,0,0,0,0,0,0,0,0,0,0,0
"US000","2","52211","17","0","2026","1","N",13,0,0,0,0,0,0,0,"N",1.00,0,0,0,0,0,0,0,"N",0,0.0,0,0,0,0,0,0,0,0,0,0,0,0,0,0
"US000","2","522110","18","0","2026","1","N",13,0,0,0,0,0,0,0,"N",1.00,0,0,0,0,0,0,0,"N",0,0.0,0,0,0,0,0,0,0,0,0,0,0,0,0,0
"US000","2","52213","17","0","2026","1","N",3,0,0,0,0,0,0,0,"N",1.00,0,0,0,0,0,0,0,"N",0,0.0,0,0,0,0,0,0,0,0,0,0,0,0,0,0
"US000","2","522130","18","0","2026","1","N",3,0,0,0,0,0,0,0,"N",1.00,0,0,0,0,0,0,0,"N",0,0.0,0,0,0,0,0,0,0,0,0,0,0,0,0,0
"US000","2","5222","16","0","2026","1","",14,2451,2443,2431,50802156,5585170,52693,1600,"",1.00,1.00,1.00,1.00,1.00,1.00,1.00,1.00,"",-3,-17.6,-174,-6.6,-143,-5.5,-178,-6.8,-3612782,-6.6,-585703,-9.5,3900,8.0,-6,-0.4
"US000","2","52229","17","0","2026","1","",14,2451,2443,2431,50802156,5585170,52693,1600,"",1.00,1.00,1.00,1.00,1.00,1.00,1.00,1.00,"",-3,-17.6,-174,-6.6,-143,-5.5,-178,-6.8,-3612782,-6.6,-585703,-9.5,3900,8.0,-6,-0.4
"US000","2","522291","18","0","2026","1","N",3,0,0,0,0,0,0,0,"N",1.00,0,0,0,0,0,0,0,"N",-1,-25.0,0,0,0,0,0,0,0,0,0,0,0,0,0,0
"US000","2","522292","18","0","2026","1","N",5,0,0,0,0,0,0,0,"N",1.00,0,0,0,0,0,0,0,"N",0,0.0,0,0,0,0,0,0,0,0,0,0,0,0,0,0
"US000","2","522299","18","0","2026","1","N",6,0,0,0,0,0,0,0,"N",1.00,0,0,0,0,0,0,0,"N",-2,-25.0,0,0,0,0,0,0,0,0,0,0,0,0,0,0
"US000","2","5223","16","0","2026","1","N",3,0,0,0,0,0,0,0,"N",1.00,0,0,0,0,0,0,0,"N",0,0.0,0,0,0,0,0,0,0,0,0,0,0,0,0,0
"US000","2","52231","17","0","2026","1","N",1,0,0,0,0,0,0,0,"N",1.00,0,0,0,0,0,0,0,"N",0,0.0,0,0,0,0,0,0,0,0,0,0,0,0,0,0
"US000","2","522310","18","0","2026","1","N",1,0,0,0,0,0,0,0,"N",1.00,0,0,0,0,0,0,0,"N",0,0.0,0,0,0,0,0,0,0,0,0,0,0,0,0,0
"US000","2","52239","17","0","2026","1","N",2,0,0,0,0,0,0,0,"N",1.00,0,0,0,0,0,0,0,"N",0,0.0,0,0,0,0,0,0,0,0,0,0,0,0,0,0
"US000","2","522390","18","0","2026","1","N",2,0,0,0,0,0,0,0,"N",1.00,0,0,0,0,0,0,0,"N",0,0.0,0,0,0,0,0,0,0,0,0,0,0,0,0,0
"US000","2","523","15","0","2026","1","",13,1162,1157,1163,29217978,113395,0,1936,"",1.00,1.00,1.00,1.00,1.00,1.00,0.00,1.00,"",0,0.0,4,0.3,12,1.0,13,1.1,989209,3.5,-135,-0.1,0,0.0,49,2.6
"US000","2","5239","16","0","2026","1","",13,1162,1157,1163,29217978,113395,0,1936,"",1.00,1.00,1.00,1.00,1.00,1.00,0.00,1.00,"",0,0.0,4,0.3,12,1.0,13,1.1,989209,3.5,-135,-0.1,0,0.0,49,2.6
"US000","2","52394","17","0","2026","1","",13,1162,1157,1163,29217978,113395,0,1936,"",1.00,1.00,1.00,1.00,1.00,1.00,0.00,1.00,"",0,0.0,4,0.3,12,1.0,13,1.1,989209,3.5,-135,-0.1,0,0.0,49,2.6
"US000","2","523940","18","0","2026","1","",13,1162,1157,1163,29217978,113395,0,1936,"",1.00,1.00,1.00,1.00,1.00,1.00,0.00,1.00,"",0,0.0,4,0.3,12,1.0,13,1.1,989209,3.5,-135,-0.1,0,0.0,49,2.6
"US000","2","524","15","0","2026","1","",59,6569,6589,6589,181017846,3167451,18132,2115,"",1.00,1.00,1.00,1.00,1.00,1.00,1.00,1.00,"",5,9.3,-57,-0.9,-39,-0.6,-29,-0.4,9501034,5.5,216738,7.3,9402,107.7,123,6.2
"US000","2","5241","16","0","2026","1","",36,4256,4271,4255,117156164,2918177,17509,2115,"",1.00,1.00,1.00,1.00,1.00,1.00,1.00,1.00,"",4,12.5,-146,-3.3,-135,-3.1,-154,-3.5,6357505,5.7,48388,1.7,8900,103.4,180,9.3
"US000","2","52411","17","0","2026","1","",9,335,336,338,8048339,2918177,17509,1841,"",1.00,1.00,1.00,1.00,1.00,1.00,1.00,1.00,"",0,0.0,1,0.3,-2,-0.6,0,0.0,289078,3.7,48388,1.7,8900,103.4,68,3.8
"US000","2","524114","18","0","2026","1","",9,335,336,338,8048339,2918177,17509,1841,"",1.00,1.00,1.00,1.00,1.00,1.00,1.00,1.00,"",0,0.0,1,0.3,-2,-0.6,0,0.0,289078,3.7,48388,1.7,8900,103.4,68,3.8
"US000","2","52412","17","0","2026","1","",27,3921,3935,3917,109107825,0,0,2139,"",1.00,1.00,1.00,1.00,1.00,0.00,0.00,1.00,"",4,17.4,-147,-3.6,-133,-3.3,-154,-3.8,6068427,5.9,0,0.0,0,0.0,191,9.8
"US000","2","524126","18","0","2026","1","",23,3881,3895,3877,108283638,0,0,2144,"",1.00,1.00,1.00,1.00,1.00,0.00,0.00,1.00,"",1,4.5,-145,-3.6,-130,-3.2,-151,-3.7,6052475,5.9,0,0.0,0,0.0,191,9.8
"US000","2","524128","18","0","2026","1","",4,40,40,40,824187,0,0,1585,"",1.00,1.00,1.00,1.00,1.00,0.00,0.00,1.00,"",3,300.0,-2,-4.8,-3,-7.0,-3,-7.0,15952,2.0,0,0.0,0,0.0,128,8.8
"US000","2","5242","16","0","2026","1","",23,2313,2318,2334,63861682,249274,623,2116,"",1.00,1.00,1.00,1.00,1.00,1.00,1.00,1.00,"",1,4.5,89,4.0,96,4.3,125,5.7,3143529,5.2,168350,208.0,502,414.9,11,0.5
"US000","2","52421","17","0","2026","1","",6,2,2,2,63790,0,0,2453,"",1.00,1.00,1.00,1.00,1.00,0.00,0.00,1.00,"",0,0.0,0,0.0,0,0.0,0,0.0,5462,9.4,0,0.0,0,0.0,210,9.4
"US000","2","524210","18","0","2026","1","",6,2,2,2,63790,0,0,2453,"",1.00,1.00,1.00,1.00,1.00,0.00,0.00,1.00,"",0,0.0,0,0.0,0,0.0,0,0.0,5462,9.4,0,0.0,0,0.0,210,9.4
"US000","2","52429","17","0","2026","1","",17,2311,2316,2332,63797892,249274,623,2116,"",1.00,1.00,1.00,1.00,1.00,1.00,1.00,1.00,"",1,6.2,89,4.0,96,4.3,125,5.7,3138067,5.2,168350,208.0,502,414.9,11,0.5
"US000","2","524292","18","0","2026","1","",11,1904,1912,1919,56258132,81580,204,2264,"",1.00,1.00,1.00,1.00,1.00,1.00,1.00,1.00,"",0,0.0,79,4.3,83,4.5,86,4.7,2632993,4.9,656,0.8,83,68.6,9,0.4
"US000","2","524298","18","0","2026","1","",6,407,404,413,7539760,167694,419,1422,"",1.00,1.00,1.00,1.00,1.00,1.00,1.00,1.00,"",1,20.0,10,2.5,13,3.3,39,10.4,505074,7.2,167694,100.0,419,100.0,25,1.8
"US000","2","525","15","0","2026","1","",8,232,235,239,5352770,109772,0,1750,"",1.00,1.00,1.00,1.00,1.00,1.00,0.00,1.00,"",-1,-11.1,40,20.8,42,21.8,39,19.5,992911,22.8,-3583,-3.2,0,0.0,30,1.7
"US000","2","5251","16","0","2026","1","",8,232,235,239,5352770,109772,0,1750,"",1.00,1.00,1.00,1.00,1.00,1.00,0.00,1.00,"",-1,-11.1,40,20.8,42,21.8,39,19.5,992911,22.8,-3583,-3.2,0,0.0,30,1.7
"US000","2","52511","17","0","2026","1","",3,136,136,136,3032862,0,0,1715,"",1.00,1.00,1.00,1.00,1.00,0.00,0.00,1.00,"",0,0.0,4,3.0,4,3.0,4,3.0,250596,9.0,0,0.0,0,0.0,94,5.8
"US000","2","525110","18","0","2026","1","",3,136,136,136,3032862,0,0,1715,"",1.00,1.00,1.00,1.00,1.00,0.00,0.00,1.00,"",0,0.0,4,3.0,4,3.0,4,3.0,250596,9.0,0,0.0,0,0.0,94,5.8
"US000","2","52512","17","0","2026","1","N",1,0,0,0,0,0,0,0,"N",1.00,0,0,0,0,0,0,0,"N",0,0.0,0,0,0,0,0,0,0,0,0,0,0,0,0,0
"US000","2","525120","18","0","2026","1","N",1,0,0,0,0,0,0,0,"N",1.00,0,0,0,0,0,0,0,"N",0,0.0,0,0,0,0,0,0,0,0,0,0,0,0,0,0
"US000","2","52519","17","0","2026","1","N",4,0,0,0,0,0,0,0,"N",1.00,0,0,0,0,0,0,0,"N",-1,-20.0,0,0,0,0,0,0,0,0,0,0,0,0,0,0
"US000","2","525190","18","0","2026","1","N",4,0,0,0,0,0,0,0,"N",1.00,0,0,0,0,0,0,0,"N",-1,-20.0,0,0,0,0,0,0,0,0,0,0,0,0,0,0
"US000","2","53","14","0","2026","1","",35,656,656,661,12784896,8576084,102019,1495,"",1.00,1.00,1.00,1.00,1.00,1.00,1.00,1.00,"",-1,-2.8,4,0.6,-5,-0.8,-2,-0.3,523054,4.3,1764950,25.9,3011,3.0,63,4.4
"US000","2","531","15","0","2026","1","",35,656,656,661,12784896,8576084,102019,1495,"",1.00,1.00,1.00,1.00,1.00,1.00,1.00,1.00,"",-1,-2.8,4,0.6,-5,-0.8,-2,-0.3,523054,4.3,1764950,25.9,3011,3.0,63,4.4
"US000","2","5311","16","0","2026","1","N",32,0,0,0,0,0,0,0,"N",1.00,0,0,0,0,0,0,0,"N",-1,-3.0,0,0,0,0,0,0,0,0,0,0,0,0,0,0
"US000","2","53111","17","0","2026","1","N",25,0,0,0,0,0,0,0,"N",1.00,0,0,0,0,0,0,0,"N",0,0.0,0,0,0,0,0,0,0,0,0,0,0,0,0,0
"US000","2","531110","18","0","2026","1","N",25,0,0,0,0,0,0,0,"N",1.00,0,0,0,0,0,0,0,"N",0,0.0,0,0,0,0,0,0,0,0,0,0,0,0,0,0
"US000","2","53119","17","0","2026","1","N",7,0,0,0,0,0,0,0,"N",1.00,0,0,0,0,0,0,0,"N",0,0.0,0,0,0,0,0,0,0,0,0,0,0,0,0,0
"US000","2","531190","18","0","2026","1","N",7,0,0,0,0,0,0,0,"N",1.00,0,0,0,0,0,0,0,"N",0,0.0,0,0,0,0,0,0,0,0,0,0,0,0,0,0
"US000","2","5313","16","0","2026","1","N",3,0,0,0,0,0,0,0,"N",1.00,0,0,0,0,0,0,0,"N",0,0.0,0,0,0,0,0,0,0,0,0,0,0,0,0,0
"US000","2","53131","17","0","2026","1","N",2,0,0,0,0,0,0,0,"N",1.00,0,0,0,0,0,0,0,"N",0,0.0,0,0,0,0,0,0,0,0,0,0,0,0,0,0
"US000","2","531311","18","0","2026","1","N",1,0,0,0,0,0,0,0,"N",1.00,0,0,0,0,0,0,0,"N",0,0.0,0,0,0,0,0,0,0,0,0,0,0,0,0,0
"US000","2","531312","18","0","2026","1","",1,2,2,2,59616,0,0,2293,"",1.00,1.00,1.00,1.00,1.00,0.00,0.00,1.00,"",0,0.0,0,0.0,0,0.0,0,0.0,6935,13.2,0,0.0,0,0.0,267,13.2
"US000","2","53139","17","0","2026","1","N",1,0,0,0,0,0,0,0,"N",1.00,0,0,0,0,0,0,0,"N",0,0.0,0,0,0,0,0,0,0,0,0,0,0,0,0,0
"US000","2","531390","18","0","2026","1","N",1,0,0,0,0,0,0,0,"N",1.00,0,0,0,0,0,0,0,"N",0,0.0,0,0,0,0,0,0,0,0,0,0,0,0,0,0
"US000","2","54","14","0","2026","1","",686,27747,26935,26950,663924317,25321486,81711,1877,"",1.00,1.00,1.00,1.00,1.00,1.00,1.00,1.00,"",3,0.4,0,0.0,-869,-3.1,-860,-3.1,-1270972,-0.2,-15142964,-37.4,-27643,-25.3,36,2.0
"US000","2","541","15","0","2026","1","",686,27747,26935,26950,663924317,25321486,81711,1877,"",1.00,1.00,1.00,1.00,1.00,1.00,1.00,1.00,"",3,0.4,0,0.0,-869,-3.1,-860,-3.1,-1270972,-0.2,-15142964,-37.4,-27643,-25.3,36,2.0
"US000","2","5411","16","0","2026","1","",38,383,386,386,8141147,15100,264,1627,"",1.00,1.00,1.00,1.00,1.00,1.00,1.00,1.00,"",1,2.7,26,7.3,18,4.9,19,5.2,732956,9.9,1100,7.9,19,7.8,61,3.9
"US000","2","54111","17","0","2026","1","",36,382,385,385,8122370,0,0,1627,"",1.00,1.00,1.00,1.00,1.00,0.00,0.00,1.00,"",0,0.0,26,7.3,18,4.9,19,5.2,732410,9.9,0,0.0,0,0.0,61,3.9
"US000","2","541110","18","0","2026","1","",36,382,385,385,8122370,0,0,1627,"",1.00,1.00,1.00,1.00,1.00,0.00,0.00,1.00,"",0,0.0,26,7.3,18,4.9,19,5.2,732410,9.9,0,0.0,0,0.0,61,3.9
"US000","2","54119","17","0","2026","1","",2,1,1,1,18777,15100,264,1444,"",1.00,1.00,1.00,1.00,1.00,1.00,1.00,1.00,"",1,100.0,0,0.0,0,0.0,0,0.0,546,3.0,1100,7.9,19,7.8,42,3.0
"US000","2","541199","18","0","2026","1","",2,1,1,1,18777,15100,264,1444,"",1.00,1.00,1.00,1.00,1.00,1.00,1.00,1.00,"",1,100.0,0,0.0,0,0.0,0,0.0,546,3.0,1100,7.9,19,7.8,42,3.0
"US000","2","5412","16","0","2026","1","",12,155,158,151,2370857,0,0,1179,"",1.00,1.00,1.00,1.00,1.00,0.00,0.00,1.00,"",-1,-7.7,-36,-18.8,-35,-18.1,-35,-18.8,10436,0.4,0,0.0,0,0.0,223,23.3
"US000","2","54121","17","0","2026","1","",12,155,158,151,2370857,0,0,1179,"",1.00,1.00,1.00,1.00,1.00,0.00,0.00,1.00,"",-1,-7.7,-36,-18.8,-35,-18.1,-35,-18.8,10436,0.4,0,0.0,0,0.0,223,23.3
"US000","2","541211","18","0","2026","1","N",3,0,0,0,0,0,0,0,"N",1.00,0,0,0,0,0,0,0,"N",0,0.0,0,0,0,0,0,0,0,0,0,0,0,0,0,0
"US000","2","541214","18","0","2026","1","",1,1,1,1,2928,0,0,225,"",1.00,1.00,1.00,1.00,1.00,0.00,0.00,1.00,"",0,0.0,0,0.0,0,0.0,0,0.0,-1648,-36.0,0,0.0,0,0.0,-127,-36.1
"US000","2","541219","18","0","2026","1","N",8,0,0,0,0,0,0,0,"N",1.00,0,0,0,0,0,0,0,"N",-1,-11.1,0,0,0,0,0,0,0,0,0,0,0,0,0,0
"US000","2","5413","16","0","2026","1","",74,5961,5891,5881,124870779,86500,1674,1625,"",1.00,1.00,1.00,1.00,1.00,1.00,1.00,1.00,"",-1,-1.3,53,0.9,-10,-0.2,-15,-0.3,3593977,3.0,-708196,-89.1,-6276,-78.9,44,2.8
"US000","2","54131","17","0","2026","1","",1,1,1,1,34913,9500,257,2686,"",1.00,1.00,1.00,1.00,1.00,1.00,1.00,1.00,"",0,0.0,0,0.0,0,0.0,0,0.0,-3820,-9.9,0,0.0,0,0.0,-293,-9.8
"US000","2","541310","18","0","2026","1","",1,1,1,1,34913,9500,257,2686,"",1.00,1.00,1.00,1.00,1.00,1.00,1.00,1.00,"",0,0.0,0,0.0,0,0.0,0,0.0,-3820,-9.9,0,0.0,0,0.0,-293,-9.8
"US000","2","54133","17","0","2026","1","",63,5364,5295,5284,113225052,0,0,1639,"",1.00,1.00,1.00,1.00,1.00,0.00,0.00,1.00,"",-1,-1.6,27,0.5,-31,-0.6,-37,-0.7,2747201,2.5,-719010,-100.0,-7190,-100.0,44,2.8
"US000","2","541330","18","0","2026","1","",63,5364,5295,5284,113225052,0,0,1639,"",1.00,1.00,1.00,1.00,1.00,0.00,0.00,1.00,"",-1,-1.6,27,0.5,-31,-0.6,-37,-0.7,2747201,2.5,-719010,-100.0,-7190,-100.0,44,2.8
"US000","2","54134","17","0","2026","1","N",1,0,0,0,0,0,0,0,"N",1.00,0,0,0,0,0,0,0,"N",0,0.0,0,0,0,0,0,0,0,0,0,0,0,0,0,0
"US000","2","541340","18","0","2026","1","N",1,0,0,0,0,0,0,0,"N",1.00,0,0,0,0,0,0,0,"N",0,0.0,0,0,0,0,0,0,0,0,0,0,0,0,0,0
"US000","2","54138","17","0","2026","1","N",9,0,0,0,0,0,0,0,"N",1.00,0,0,0,0,0,0,0,"N",0,0.0,0,0,0,0,0,0,0,0,0,0,0,0,0,0
"US000","2","541380","18","0","2026","1","N",9,0,0,0,0,0,0,0,"N",1.00,0,0,0,0,0,0,0,"N",0,0.0,0,0,0,0,0,0,0,0,0,0,0,0,0,0
"US000","2","5415","16","0","2026","1","",323,10348,10364,10392,267868000,2355469,23231,1987,"",1.00,1.00,1.00,1.00,1.00,1.00,1.00,1.00,"",4,1.3,212,2.1,246,2.4,279,2.8,6122042,2.3,1104182,88.2,10595,83.8,-2,-0.1
"US000","2","54151","17","0","2026","1","",323,10348,10364,10392,267868000,2355469,23231,1987,"",1.00,1.00,1.00,1.00,1.00,1.00,1.00,1.00,"",4,1.3,212,2.1,246,2.4,279,2.8,6122042,2.3,1104182,88.2,10595,83.8,-2,-0.1
"US000","2","541511","18","0","2026","1","N",95,0,0,0,0,0,0,0,"N",1.00,0,0,0,0,0,0,0,"N",-1,-1.0,0,0,0,0,0,0,0,0,0,0,0,0,0,0
"US000","2","541512","18","0","2026","1","",180,4904,4912,4917,140915792,55200,461,2207,"",1.00,1.00,1.00,1.00,1.00,1.00,1.00,1.00,"",3,1.7,134,2.8,153,3.2,153,3.2,7887744,5.9,55200,100.0,461,100.0,59,2.7
"US000","2","541513","18","0","2026","1","",41,2976,2978,2978,67385014,0,0,1741,"",1.00,1.00,1.00,1.00,1.00,0.00,0.00,1.00,"",0,0.0,12,0.4,21,0.7,20,0.7,2831943,4.4,0,0.0,0,0.0,63,3.8
"US000","2","541519","18","0","2026","1","N",7,0,0,0,0,0,0,0,"N",1.00,0,0,0,0,0,0,0,"N",2,40.0,0,0,0,0,0,0,0,0,0,0,0,0,0,0
"US000","2","5416","16","0","2026","1","",16,258,258,275,4835970,1877787,11412,1411,"",1.00,1.00,1.00,1.00,1.00,1.00,1.00,1.00,"",3,23.1,46,21.7,45,21.1,52,23.3,1417418,41.5,449538,31.5,5613,96.8,194,15.9
"US000","2","54161","17","0","2026","1","N",11,0,0,0,0,0,0,0,"N",1.00,0,0,0,0,0,0,0,"N",1,10.0,0,0,0,0,0,0,0,0,0,0,0,0,0,0
"US000","2","541611","18","0","2026","1","N",6,0,0,0,0,0,0,0,"N",1.00,0,0,0,0,0,0,0,"N",1,20.0,0,0,0,0,0,0,0,0,0,0,0,0,0,0
"US000","2","541612","18","0","2026","1","",3,27,27,27,667563,0,0,1902,"",1.00,1.00,1.00,1.00,1.00,0.00,0.00,1.00,"",0,0.0,-6,-18.2,-7,-20.6,-6,-18.2,-102353,-13.3,0,0.0,0,0.0,125,7.0
"US000","2","541613","18","0","2026","1","",1,4,3,19,154247,90005,5580,1369,"",1.00,1.00,1.00,1.00,1.00,1.00,1.00,1.00,"",0,0.0,1,33.3,0,0.0,4,26.7,42764,38.4,38319,74.1,2375,74.1,144,11.8
"US000","2","541614","18","0","2026","1","",1,3,3,4,140204,0,0,3235,"",1.00,1.00,1.00,1.00,1.00,0.00,0.00,1.00,"",0,0.0,1,50.0,1,50.0,2,100.0,76464,120.0,0,0.0,0,0.0,783,31.9
"US000","2","54162","17","0","2026","1","N",3,0,0,0,0,0,0,0,"N",1.00,0,0,0,0,0,0,0,"N",0,0.0,0,0,0,0,0,0,0,0,0,0,0,0,0,0
"US000","2","541620","18","0","2026","1","N",3,0,0,0,0,0,0,0,"N",1.00,0,0,0,0,0,0,0,"N",0,0.0,0,0,0,0,0,0,0,0,0,0,0,0,0,0
"US000","2","54169","17","0","2026","1","",2,24,24,23,561700,0,0,1826,"",1.00,1.00,1.00,1.00,1.00,0.00,0.00,1.00,"N",2,100.0,0,0,0,0,0,0,0,0,0,0,0,0,0,0
"US000","2","541690","18","0","2026","1","",2,24,24,23,561700,0,0,1826,"",1.00,1.00,1.00,1.00,1.00,0.00,0.00,1.00,"N",2,100.0,0,0,0,0,0,0,0,0,0,0,0,0,0,0
"US000","2","5417","16","0","2026","1","",179,10225,9453,9442,247942406,20936366,45019,1965,"",1.00,1.00,1.00,1.00,1.00,1.00,1.00,1.00,"",-1,-0.6,-277,-2.6,-1101,-10.4,-1138,-10.8,-13311749,-5.1,-16034092,-43.4,-37647,-45.5,59,3.1
"US000","2","54171","17","0","2026","1","",171,10086,9315,9306,245446876,20741755,44755,1973,"",1.00,1.00,1.00,1.00,1.00,1.00,1.00,1.00,"",-1,-0.6,-277,-2.7,-1099,-10.6,-1134,-10.9,-13349667,-5.2,-16069907,-43.7,-37593,-45.7,60,3.1
"US000","2","541713","18","0","2026","1","N",2,0,0,0,0,0,0,0,"N",1.00,0,0,0,0,0,0,0,"N",0,0.0,0,0,0,0,0,0,0,0,0,0,0,0,0,0
"US000","2","541714","18","0","2026","1","N",5,0,0,0,0,0,0,0,"N",1.00,0,0,0,0,0,0,0,"N",-1,-16.7,0,0,0,0,0,0,0,0,0,0,0,0,0,0
"US000","2","541715","18","0","2026","1","",164,9564,8793,8792,234865605,20674305,43527,1996,"",1.00,1.00,1.00,1.00,1.00,1.00,1.00,1.00,"",0,0.0,-514,-5.1,-1329,-13.1,-1338,-13.2,-18414190,-7.3,-16083457,-43.8,-37829,-46.5,69,3.6
"US000","2","54172","17","0","2026","1","",8,139,138,136,2495530,194611,264,1394,"",1.00,1.00,1.00,1.00,1.00,1.00,1.00,1.00,"",0,0.0,0,0.0,-2,-1.4,-4,-2.9,37918,1.5,35815,22.6,-54,-17.0,40,3.0
"US000","2","541720","18","0","2026","1","",8,139,138,136,2495530,194611,264,1394,"",1.00,1.00,1.00,1.00,1.00,1.00,1.00,1.00,"",0,0.0,0,0.0,-2,-1.4,-4,-2.9,37918,1.5,35815,22.6,-54,-17.0,40,3.0
"US000","2","5418","16","0","2026","1","",4,18,18,18,510011,0,0,2180,"",1.00,1.00,1.00,1.00,1.00,0.00,0.00,1.00,"",0,0.0,-1,-5.3,-2,-10.0,-1,-5.3,39540,8.4,0,0.0,0,0.0,308,16.5
"US000","2","54185","17","0","2026","1","",4,18,18,18,510011,0,0,2180,"",1.00,1.00,1.00,1.00,1.00,0.00,0.00,1.00,"",0,0.0,-1,-5.3,-2,-10.0,-1,-5.3,39540,8.4,0,0.0,0,0.0,308,16.5
"US000","2","541850","18","0","2026","1","",4,18,18,18,510011,0,0,2180,"",1.00,1.00,1.00,1.00,1.00,0.00,0.00,1.00,"",0,0.0,-1,-5.3,-2,-10.0,-1,-5.3,39540,8.4,0,0.0,0,0.0,308,16.5
"US000","2","5419","16","0","2026","1","",40,399,407,405,7385147,50264,111,1407,"",1.00,1.00,1.00,1.00,1.00,1.00,1.00,1.00,"",-2,-4.8,-23,-5.5,-30,-6.9,-21,-4.9,124408,1.7,44504,772.6,53,91.4,103,7.9
"US000","2","54191","17","0","2026","1","",2,7,7,7,220794,40572,101,2426,"",1.00,1.00,1.00,1.00,1.00,1.00,1.00,1.00,"",0,0.0,2,40.0,2,40.0,2,40.0,51726,30.6,40572,100.0,101,100.0,-175,-6.7
"US000","2","541910","18","0","2026","1","",2,7,7,7,220794,40572,101,2426,"",1.00,1.00,1.00,1.00,1.00,1.00,1.00,1.00,"",0,0.0,2,40.0,2,40.0,2,40.0,51726,30.6,40572,100.0,101,100.0,-175,-6.7
"US000","2","54194","17","0","2026","1","",11,292,295,292,4990763,0,0,1310,"",1.00,1.00,1.00,1.00,1.00,0.00,0.00,1.00,"",0,0.0,-29,-9.0,-7,-2.3,-3,-1.0,333950,7.2,0,0.0,0,0.0,139,11.9
"US000","2","541940","18","0","2026","1","",11,292,295,292,4990763,0,0,1310,"",1.00,1.00,1.00,1.00,1.00,0.00,0.00,1.00,"",0,0.0,-29,-9.0,-7,-2.3,-3,-1.0,333950,7.2,0,0.0,0,0.0,139,11.9
"US000","2","54199","17","0","2026","1","",27,100,105,106,2173590,9692,10,1613,"",1.00,1.00,1.00,1.00,1.00,1.00,1.00,1.00,"",-2,-6.9,4,4.2,-25,-19.2,-20,-15.9,-261268,-10.7,3932,68.3,-48,-82.8,17,1.1
"US000","2","541990","18","0","2026","1","",27,100,105,106,2173590,9692,10,1613,"",1.00,1.00,1.00,1.00,1.00,1.00,1.00,1.00,"",-2,-6.9,4,4.2,-25,-19.2,-20,-15.9,-261268,-10.7,3932,68.3,-48,-82.8,17,1.1
"US000","2","56","14","0","2026","1","",550,13403,13324,13333,232527003,15427217,100237,1339,"",1.00,1.00,1.00,1.00,1.00,1.00,1.00,1.00,"",-19,-3.3,-71,-0.5,-599,-4.3,-286,-2.1,-4708632,-2.0,-507643,-3.2,-21896,-17.9,4,0.3
"US000","2","561","15","0","2026","1","",544,13019,12940,12949,225183658,12571894,45180,1336,"",1.00,1.00,1.00,1.00,1.00,1.00,1.00,1.00,"",-19,-3.4,-66,-0.5,-605,-4.5,-280,-2.1,-4699688,-2.0,-407680,-3.1,-5081,-10.1,5,0.4
"US000","2","5611","16","0","2026","1","",32,3541,3556,3629,59138531,2306350,17601,1272,"",1.00,1.00,1.00,1.00,1.00,1.00,1.00,1.00,"",3,10.3,758,27.2,235,7.1,629,21.0,4209964,7.7,271846,13.4,686,4.1,-120,-8.6
"US000","2","56111","17","0","2026","1","",32,3541,3556,3629,59138531,2306350,17601,1272,"",1.00,1.00,1.00,1.00,1.00,1.00,1.00,1.00,"",3,10.3,758,27.2,235,7.1,629,21.0,4209964,7.7,271846,13.4,686,4.1,-120,-8.6
"US000","2","561110","18","0","2026","1","",32,3541,3556,3629,59138531,2306350,17601,1272,"",1.00,1.00,1.00,1.00,1.00,1.00,1.00,1.00,"",3,10.3,758,27.2,235,7.1,629,21.0,4209964,7.7,271846,13.4,686,4.1,-120,-8.6
"US000","2","5612","16","0","2026","1","",18,883,880,878,18643242,0,0,1629,"",1.00,1.00,1.00,1.00,1.00,0.00,0.00,1.00,"",0,0.0,-14,-1.6,-16,-1.8,-18,-2.0,609575,3.4,0,0.0,0,0.0,81,5.2
"US000","2","56121","17","0","2026","1","",18,883,880,878,18643242,0,0,1629,"",1.00,1.00,1.00,1.00,1.00,0.00,0.00,1.00,"",0,0.0,-14,-1.6,-16,-1.8,-18,-2.0,609575,3.4,0,0.0,0,0.0,81,5.2
"US000","2","561210","18","0","2026","1","",18,883,880,878,18643242,0,0,1629,"",1.00,1.00,1.00,1.00,1.00,0.00,0.00,1.00,"",0,0.0,-14,-1.6,-16,-1.8,-18,-2.0,609575,3.4,0,0.0,0,0.0,81,5.2
"US000","2","5613","16","0","2026","1","",378,3629,3537,3492,58139822,7707019,16764,1259,"",1.00,1.00,1.00,1.00,1.00,1.00,1.00,1.00,"",-31,-7.6,-119,-3.2,-157,-4.3,-223,-6.0,-2050076,-3.4,285518,3.8,5527,49.2,14,1.1
"US000","2","56131","17","0","2026","1","",377,3560,3495,3436,57743502,7324823,7209,1270,"",1.00,1.00,1.00,1.00,1.00,1.00,1.00,1.00,"",-31,-7.6,-139,-3.8,-188,-5.1,-264,-7.1,-2238059,-3.7,103869,1.4,986,15.8,21,1.7
"US000","2","561311","18","0","2026","1","",377,3560,3495,3436,57743502,7324823,7209,1270,"",1.00,1.00,1.00,1.00,1.00,1.00,1.00,1.00,"",-31,-7.6,-139,-3.8,-188,-5.1,-264,-7.1,-2238059,-3.7,103869,1.4,986,15.8,21,1.7
"US000","2","56132","17","0","2026","1","",1,69,42,56,396320,382196,9555,548,"",1.00,1.00,1.00,1.00,1.00,1.00,1.00,1.00,"",0,0.0,20,40.8,31,281.8,41,273.3,187983,90.2,181649,90.6,4541,90.6,-93,-14.5
"US000","2","561320","18","0","2026","1","",1,69,42,56,396320,382196,9555,548,"",1.00,1.00,1.00,1.00,1.00,1.00,1.00,1.00,"",0,0.0,20,40.8,31,281.8,41,273.3,187983,90.2,181649,90.6,4541,90.6,-93,-14.5
"US000","2","5614","16","0","2026","1","",7,715,707,705,11212268,0,0,1216,"",1.00,1.00,1.00,1.00,1.00,0.00,0.00,1.00,"",-3,-30.0,-34,-4.5,-36,-4.8,-34,-4.6,-555227,-4.7,0,0.0,0,0.0,-1,-0.1
"US000","2","56142","17","0","2026","1","",7,715,707,705,11212268,0,0,1216,"",1.00,1.00,1.00,1.00,1.00,0.00,0.00,1.00,"",-3,-30.0,-34,-4.5,-36,-4.8,-34,-4.6,-555227,-4.7,0,0.0,0,0.0,-1,-0.1
"US000","2","561421","18","0","2026","1","N",1,0,0,0,0,0,0,0,"N",1.00,0,0,0,0,0,0,0,"N",0,0.0,0,0,0,0,0,0,0,0,0,0,0,0,0,0
"US000","2","561422","18","0","2026","1","N",6,0,0,0,0,0,0,0,"N",1.00,0,0,0,0,0,0,0,"N",-3,-33.3,0,0,0,0,0,0,0,0,0,0,0,0,0,0
"US000","2","5615","16","0","2026","1","",17,113,119,113,1363565,0,0,912,"",1.00,1.00,1.00,1.00,1.00,0.00,0.00,1.00,"",7,70.0,5,4.6,12,11.2,1,0.9,48248,3.7,0,0.0,0,0.0,-16,-1.7
"US000","2","56159","17","0","2026","1","",17,113,119,113,1363565,0,0,912,"",1.00,1.00,1.00,1.00,1.00,0.00,0.00,1.00,"",7,70.0,5,4.6,12,11.2,1,0.9,48248,3.7,0,0.0,0,0.0,-16,-1.7
"US000","2","561591","18","0","2026","1","",7,59,66,58,668988,0,0,844,"",1.00,1.00,1.00,1.00,1.00,0.00,0.00,1.00,"",0,0.0,8,15.7,14,26.9,2,3.6,-560,-0.1,0,0.0,0,0.0,-128,-13.2
"US000","2","561599","18","0","2026","1","",10,54,53,55,694577,0,0,989,"",1.00,1.00,1.00,1.00,1.00,0.00,0.00,1.00,"",7,233.3,-3,-5.3,-2,-3.6,-1,-1.8,48808,7.6,0,0.0,0,0.0,102,11.5
"US000","2","5616","16","0","2026","1","",17,39,40,39,625231,45630,456,1223,"",1.00,1.00,1.00,1.00,1.00,1.00,1.00,1.00,"N",3,21.4,0,0,0,0,0,0,0,0,0,0,0,0,0,0
"US000","2","56161","17","0","2026","1","",17,39,40,39,625231,45630,456,1223,"",1.00,1.00,1.00,1.00,1.00,1.00,1.00,1.00,"N",3,21.4,0,0,0,0,0,0,0,0,0,0,0,0,0,0
"US000","2","561611","18","0","2026","1","N",14,0,0,0,0,0,0,0,"N",1.00,0,0,0,0,0,0,0,"N",3,27.3,0,0,0,0,0,0,0,0,0,0,0,0,0,0
"US000","2","561612","18","0","2026","1","N",3,0,0,0,0,0,0,0,"N",1.00,0,0,0,0,0,0,0,"N",0,0.0,0,0,0,0,0,0,0,0,0,0,0,0,0,0
"US000","2","5617","16","0","2026","1","",59,1641,1651,1652,27327226,2148075,4296,1276,"",1.00,1.00,1.00,1.00,1.00,1.00,1.00,1.00,"",2,3.5,-433,-20.9,-445,-21.2,-459,-21.7,-6451863,-19.1,81095,3.9,162,3.9,35,2.8
"US000","2","56171","17","0","2026","1","N",12,0,0,0,0,0,0,0,"N",1.00,0,0,0,0,0,0,0,"N",-2,-14.3,0,0,0,0,0,0,0,0,0,0,0,0,0,0
"US000","2","561710","18","0","2026","1","N",12,0,0,0,0,0,0,0,"N",1.00,0,0,0,0,0,0,0,"N",-2,-14.3,0,0,0,0,0,0,0,0,0,0,0,0,0,0
"US000","2","56172","17","0","2026","1","",39,728,734,731,12624860,0,0,1329,"",1.00,1.00,1.00,1.00,1.00,0.00,0.00,1.00,"",-1,-2.5,-453,-38.4,-463,-38.7,-470,-39.1,-7384415,-36.9,0,0.0,0,0.0,39,3.0
"US000","2","561720","18","0","2026","1","",39,728,734,731,12624860,0,0,1329,"",1.00,1.00,1.00,1.00,1.00,0.00,0.00,1.00,"",-1,-2.5,-453,-38.4,-463,-38.7,-470,-39.1,-7384415,-36.9,0,0.0,0,0.0,39,3.0
"US000","2","56173","17","0","2026","1","N",6,0,0,0,0,0,0,0,"N",1.00,0,0,0,0,0,0,0,"N",5,500.0,0,0,0,0,0,0,0,0,0,0,0,0,0,0
"US000","2","561730","18","0","2026","1","N",6,0,0,0,0,0,0,0,"N",1.00,0,0,0,0,0,0,0,"N",5,500.0,0,0,0,0,0,0,0,0,0,0,0,0,0,0
"US000","2","56179","17","0","2026","1","N",2,0,0,0,0,0,0,0,"N",1.00,0,0,0,0,0,0,0,"N",0,0.0,0,0,0,0,0,0,0,0,0,0,0,0,0,0
"US000","2","561790","18","0","2026","1","N",2,0,0,0,0,0,0,0,"N",1.00,0,0,0,0,0,0,0,"N",0,0.0,0,0,0,0,0,0,0,0,0,0,0,0,0,0
"US000","2","5619","16","0","2026","1","",16,2458,2450,2441,48733773,364820,6063,1530,"",1.00,1.00,1.00,1.00,1.00,1.00,1.00,1.00,"N",0,0.0,0,0,0,0,0,0,0,0,0,0,0,0,0,0
"US000","2","56192","17","0","2026","1","N",2,0,0,0,0,0,0,0,"N",1.00,0,0,0,0,0,0,0,"N",0,0.0,0,0,0,0,0,0,0,0,0,0,0,0,0,0
"US000","2","561920","18","0","2026","1","N",2,0,0,0,0,0,0,0,"N",1.00,0,0,0,0,0,0,0,"N",0,0.0,0,0,0,0,0,0,0,0,0,0,0,0,0,0
"US000","2","56199","17","0","2026","1","N",14,0,0,0,0,0,0,0,"N",1.00,0,0,0,0,0,0,0,"N",0,0.0,0,0,0,0,0,0,0,0,0,0,0,0,0,0
"US000","2","561990","18","0","2026","1","N",14,0,0,0,0,0,0,0,"N",1.00,0,0,0,0,0,0,0,"N",0,0.0,0,0,0,0,0,0,0,0,0,0,0,0,0,0
"US000","2","562","15","0","2026","1","",6,384,384,384,7343345,2855323,55057,1471,"",1.00,1.00,1.00,1.00,1.00,1.00,1.00,1.00,"",0,0.0,-5,-1.3,6,1.6,-6,-1.5,-8944,-0.1,-99963,-3.4,-16815,-23.4,5,0.3
"US000","2","5622","16","0","2026","1","",5,368,369,370,7172459,2684437,48051,1495,"",1.00,1.00,1.00,1.00,1.00,1.00,1.00,1.00,"",0,0.0,-5,-1.3,2,0.5,-5,-1.3,10014,0.1,-81005,-2.9,-15278,-24.1,13,0.9
"US000","2","56221","17","0","2026","1","",5,368,369,370,7172459,2684437,48051,1495,"",1.00,1.00,1.00,1.00,1.00,1.00,1.00,1.00,"",0,0.0,-5,-1.3,2,0.5,-5,-1.3,10014,0.1,-81005,-2.9,-15278,-24.1,13,0.9
"US000","2","562212","18","0","2026","1","",5,368,369,370,7172459,2684437,48051,1495,"",1.00,1.00,1.00,1.00,1.00,1.00,1.00,1.00,"",0,0.0,-5,-1.3,2,0.5,-5,-1.3,10014,0.1,-81005,-2.9,-15278,-24.1,13,0.9
"US000","2","5629","16","0","2026","1","",1,16,15,14,170886,170886,7006,876,"",1.00,1.00,1.00,1.00,1.00,1.00,1.00,1.00,"",0,0.0,0,0.0,4,36.4,-1,-6.7,-18958,-10.0,-18958,-10.0,-1537,-18.0,-167,-16.0
"US000","2","56291","17","0","2026","1","",1,16,15,14,170886,170886,7006,876,"",1.00,1.00,1.00,1.00,1.00,1.00,1.00,1.00,"",0,0.0,0,0.0,4,36.4,-1,-6.7,-18958,-10.0,-18958,-10.0,-1537,-18.0,-167,-16.0
"US000","2","562910","18","0","2026","1","",1,16,15,14,170886,170886,7006,876,"",1.00,1.00,1.00,1.00,1.00,1.00,1.00,1.00,"",0,0.0,0,0.0,4,36.4,-1,-6.7,-18958,-10.0,-18958,-10.0,-1537,-18.0,-167,-16.0
"US000","2","61","14","0","2026","1","",8413,2039545,2100614,2106810,42214328629,1222274523,1817607,1559,"",1.00,1.00,1.00,1.00,1.00,1.00,1.00,1.00,"",37,0.4,10785,0.5,3226,0.2,3280,0.2,773379852,1.9,-107883418,-8.1,-353830,-16.3,24,1.6
"US000","2","611","15","0","2026","1","",8413,2039545,2100614,2106810,42214328629,1222274523,1817607,1559,"",1.00,1.00,1.00,1.00,1.00,1.00,1.00,1.00,"",37,0.4,10785,0.5,3226,0.2,3280,0.2,773379852,1.9,-107883418,-8.1,-353830,-16.3,24,1.6
"US000","2","6111","16","0","2026","1","",927,63470,66159,65853,1004382146,20609716,51399,1186,"",1.00,1.00,1.00,1.00,1.00,1.00,1.00,1.00,"",-16,-1.7,-1522,-2.3,-1090,-1.6,-1868,-2.8,-53510587,-5.1,-21052929,-50.5,-51686,-50.1,-35,-2.9
"US000","2","61111","17","0","2026","1","",927,63470,66159,65853,1004382146,20609716,51399,1186,"",1.00,1.00,1.00,1.00,1.00,1.00,1.00,1.00,"",-16,-1.7,-1522,-2.3,-1090,-1.6,-1868,-2.8,-53510587,-5.1,-21052929,-50.5,-51686,-50.1,-35,-2.9
"US000","2","611110","18","0","2026","1","",927,63470,66159,65853,1004382146,20609716,51399,1186,"",1.00,1.00,1.00,1.00,1.00,1.00,1.00,1.00,"",-16,-1.7,-1522,-2.3,-1090,-1.6,-1868,-2.8,-53510587,-5.1,-21052929,-50.5,-51686,-50.1,-35,-2.9
"US000","2","6112","16","0","2026","1","",891,194854,213821,218061,2631893837,218057192,336499,969,"",1.00,1.00,1.00,1.00,1.00,1.00,1.00,1.00,"",14,1.6,2415,1.3,-641,-0.3,-429,-0.2,18533725,0.7,10958750,5.3,-10502,-3.0,5,0.5
"US000","2","61121","17","0","2026","1","",891,194854,213821,218061,2631893837,218057192,336499,969,"",1.00,1.00,1.00,1.00,1.00,1.00,1.00,1.00,"",14,1.6,2415,1.3,-641,-0.3,-429,-0.2,18533725,0.7,10958750,5.3,-10502,-3.0,5,0.5
"US000","2","611210","18","0","2026","1","",891,194854,213821,218061,2631893837,218057192,336499,969,"",1.00,1.00,1.00,1.00,1.00,1.00,1.00,1.00,"",14,1.6,2415,1.3,-641,-0.3,-429,-0.2,18533725,0.7,10958750,5.3,-10502,-3.0,5,0.5
"US000","2","6113","16","0","2026","1","",6229,1767385,1806172,1808091,38401275826,979690266,1416233,1647,"",1.00,1.00,1.00,1.00,1.00,1.00,1.00,1.00,"",48,0.8,10439,0.6,5715,0.3,6260,0.3,814117592,2.2,-98133233,-9.1,-287929,-16.9,28,1.7
"US000","2","61131","17","0","2026","1","",6229,1767385,1806172,1808091,38401275826,979690266,1416233,1647,"",1.00,1.00,1.00,1.00,1.00,1.00,1.00,1.00,"",48,0.8,10439,0.6,5715,0.3,6260,0.3,814117592,2.2,-98133233,-9.1,-287929,-16.9,28,1.7
"US000","2","611310","18","0","2026","1","",6229,1767385,1806172,1808091,38401275826,979690266,1416233,1647,"",1.00,1.00,1.00,1.00,1.00,1.00,1.00,1.00,"",48,0.8,10439,0.6,5715,0.3,6260,0.3,814117592,2.2,-98133233,-9.1,-287929,-16.9,28,1.7
"US000","2","6114","16","0","2026","1","",31,2288,2269,2268,45525725,7000,140,1539,"",1.00,1.00,1.00,1.00,1.00,1.00,1.00,1.00,"",-1,-3.1,-14,-0.6,-52,-2.2,-54,-2.3,1101572,2.5,0,0.0,0,0.0,63,4.3
"US000","2","61143","17","0","2026","1","",31,2288,2269,2268,45525725,7000,140,1539,"",1.00,1.00,1.00,1.00,1.00,1.00,1.00,1.00,"",-1,-3.1,-14,-0.6,-52,-2.2,-54,-2.3,1101572,2.5,0,0.0,0,0.0,63,4.3
"US000","2","611430","18","0","2026","1","",31,2288,2269,2268,45525725,7000,140,1539,"",1.00,1.00,1.00,1.00,1.00,1.00,1.00,1.00,"",-1,-3.1,-14,-0.6,-52,-2.2,-54,-2.3,1101572,2.5,0,0.0,0,0.0,63,4.3
"US000","2","6115","16","0","2026","1","",257,10857,11396,11762,122813633,3333809,6656,833,"",1.00,1.00,1.00,1.00,1.00,1.00,1.00,1.00,"",-9,-3.4,92,0.9,-22,-0.2,95,0.8,2893992,2.4,223796,7.2,-2631,-28.3,15,1.8
"US000","2","61151","17","0","2026","1","",257,10857,11396,11762,122813633,3333809,6656,833,"",1.00,1.00,1.00,1.00,1.00,1.00,1.00,1.00,"",-9,-3.4,92,0.9,-22,-0.2,95,0.8,2893992,2.4,223796,7.2,-2631,-28.3,15,1.8
"US000","2","611512","18","0","2026","1","",2,67,74,79,1074119,0,0,1127,"",1.00,1.00,1.00,1.00,1.00,0.00,0.00,1.00,"",0,0.0,-7,-9.5,-8,-9.8,-3,-3.7,-45909,-4.1,0,0.0,0,0.0,41,3.8
"US000","2","611513","18","0","2026","1","",4,342,336,340,4017255,3308171,6616,911,"",1.00,1.00,1.00,1.00,1.00,1.00,1.00,1.00,"",0,0.0,14,4.3,0,0.0,-2,-0.6,348656,9.5,219768,7.1,-2649,-28.6,69,8.2
"US000","2","611519","18","0","2026","1","",251,10448,10986,11343,117722259,25638,40,829,"",1.00,1.00,1.00,1.00,1.00,1.00,1.00,1.00,"",-9,-3.5,85,0.8,-14,-0.1,100,0.9,2591245,2.3,4028,18.6,18,81.8,14,1.7
"US000","2","6116","16","0","2026","1","",31,482,586,562,4395796,114544,1738,622,"",1.00,1.00,1.00,1.00,1.00,1.00,1.00,1.00,"",-1,-3.1,-624,-56.4,-678,-53.6,-719,-56.1,-9601509,-68.6,6646,6.2,-2554,-59.5,-263,-29.7
"US000","2","61161","17","0","2026","1","",3,67,67,61,652563,0,0,772,"",1.00,1.00,1.00,1.00,1.00,0.00,0.00,1.00,"",-1,-25.0,-626,-90.3,-673,-90.9,-671,-91.7,-9808257,-93.8,0,0.0,0,0.0,-343,-30.8
"US000","2","611610","18","0","2026","1","",3,67,67,61,652563,0,0,772,"",1.00,1.00,1.00,1.00,1.00,0.00,0.00,1.00,"",-1,-25.0,-626,-90.3,-673,-90.9,-671,-91.7,-9808257,-93.8,0,0.0,0,0.0,-343,-30.8
"US000","2","61162","17","0","2026","1","",2,21,22,24,317064,0,0,1092,"",1.00,1.00,1.00,1.00,1.00,0.00,0.00,1.00,"",0,0.0,0,0.0,1,4.8,3,14.3,44150,16.2,0,0.0,0,0.0,92,9.2
"US000","2","611620","18","0","2026","1","",2,21,22,24,317064,0,0,1092,"",1.00,1.00,1.00,1.00,1.00,0.00,0.00,1.00,"",0,0.0,0,0.0,1,4.8,3,14.3,44150,16.2,0,0.0,0,0.0,92,9.2
"US000","2","61163","17","0","2026","1","N",1,0,0,0,0,0,0,0,"N",1.00,0,0,0,0,0,0,0,"N",0,0.0,0,0,0,0,0,0,0,0,0,0,0,0,0,0
"US000","2","611630","18","0","2026","1","N",1,0,0,0,0,0,0,0,"N",1.00,0,0,0,0,0,0,0,"N",0,0.0,0,0,0,0,0,0,0,0,0,0,0,0,0,0
"US000","2","61169","17","0","2026","1","N",25,0,0,0,0,0,0,0,"N",1.00,0,0,0,0,0,0,0,"N",0,0.0,0,0,0,0,0,0,0,0,0,0,0,0,0,0
"US000","2","611691","18","0","2026","1","",6,147,241,235,735950,0,0,273,"",1.00,1.00,1.00,1.00,1.00,0.00,0.00,1.00,"",0,0.0,-17,-10.4,-22,-8.4,-47,-16.7,-55837,-7.1,0,0.0,0,0.0,15,5.8
"US000","2","611699","18","0","2026","1","N",19,0,0,0,0,0,0,0,"N",1.00,0,0,0,0,0,0,0,"N",0,0.0,0,0,0,0,0,0,0,0,0,0,0,0,0,0
"US000","2","6117","16","0","2026","1","",47,209,211,213,4041666,461996,4942,1473,"",1.00,1.00,1.00,1.00,1.00,1.00,1.00,1.00,"",2,4.4,-1,-0.5,-6,-2.8,-5,-2.3,-154933,-3.7,113552,32.6,1472,42.4,-28,-1.9
"US000","2","61171","17","0","2026","1","",47,209,211,213,4041666,461996,4942,1473,"",1.00,1.00,1.00,1.00,1.00,1.00,1.00,1.00,"",2,4.4,-1,-0.5,-6,-2.8,-5,-2.3,-154933,-3.7,113552,32.6,1472,42.4,-28,-1.9
"US000","2","611710","18","0","2026","1","",47,209,211,213,4041666,461996,4942,1473,"",1.00,1.00,1.00,1.00,1.00,1.00,1.00,1.00,"",2,4.4,-1,-0.5,-6,-2.8,-5,-2.3,-154933,-3.7,113552,32.6,1472,42.4,-28,-1.9
"US000","2","62","14","0","2026","1","",6941,721644,722280,722684,15677519366,303023439,672714,1670,"",1.00,1.00,1.00,1.00,1.00,1.00,1.00,1.00,"",203,3.0,17602,2.5,16766,2.4,15633,2.2,573788593,3.8,36925573,13.9,74566,12.5,23,1.4
"US000","2","621","15","0","2026","1","",1389,47826,47634,47672,952358387,28028431,56764,1535,"",1.00,1.00,1.00,1.00,1.00,1.00,1.00,1.00,"",126,10.0,888,1.9,789,1.7,808,1.7,47912529,5.3,-800947,-2.8,-1288,-2.2,51,3.4
"US000","2","6211","16","0","2026","1","",356,19481,19322,19309,470800013,20611,309,1870,"",1.00,1.00,1.00,1.00,1.00,1.00,1.00,1.00,"",-7,-1.9,-856,-4.2,-1017,-5.0,-946,-4.7,6745928,1.5,20611,100.0,309,100.0,112,6.4
"US000","2","62111","17","0","2026","1","",356,19481,19322,19309,470800013,20611,309,1870,"",1.00,1.00,1.00,1.00,1.00,1.00,1.00,1.00,"",-7,-1.9,-856,-4.2,-1017,-5.0,-946,-4.7,6745928,1.5,20611,100.0,309,100.0,112,6.4
"US000","2","621111","18","0","2026","1","N",353,0,0,0,0,0,0,0,"N",1.00,0,0,0,0,0,0,0,"N",-7,-1.9,0,0,0,0,0,0,0,0,0,0,0,0,0,0
"US000","2","621112","18","0","2026","1","N",3,0,0,0,0,0,0,0,"N",1.00,0,0,0,0,0,0,0,"N",0,0.0,0,0,0,0,0,0,0,0,0,0,0,0,0,0
"US000","2","6212","16","0","2026","1","N",7,0,0,0,0,0,0,0,"N",1.00,0,0,0,0,0,0,0,"N",5,250.0,0,0,0,0,0,0,0,0,0,0,0,0,0,0
"US000","2","62121","17","0","2026","1","N",7,0,0,0,0,0,0,0,"N",1.00,0,0,0,0,0,0,0,"N",5,250.0,0,0,0,0,0,0,0,0,0,0,0,0,0,0
"US000","2","621210","18","0","2026","1","N",7,0,0,0,0,0,0,0,"N",1.00,0,0,0,0,0,0,0,"N",5,250.0,0,0,0,0,0,0,0,0,0,0,0,0,0,0
"US000","2","6213","16","0","2026","1","",32,764,764,760,11717768,0,0,1182,"",1.00,1.00,1.00,1.00,1.00,0.00,0.00,1.00,"N",0,0.0,0,0,0,0,0,0,0,0,0,0,0,0,0,0
"US000","2","62133","17","0","2026","1","N",2,0,0,0,0,0,0,0,"N",1.00,0,0,0,0,0,0,0,"N",0,0.0,0,0,0,0,0,0,0,0,0,0,0,0,0,0
"US000","2","621330","18","0","2026","1","N",2,0,0,0,0,0,0,0,"N",1.00,0,0,0,0,0,0,0,"N",0,0.0,0,0,0,0,0,0,0,0,0,0,0,0,0,0
"US000","2","62134","17","0","2026","1","",14,520,517,515,9700239,0,0,1442,"",1.00,1.00,1.00,1.00,1.00,0.00,0.00,1.00,"",0,0.0,-15,-2.8,-11,-2.1,-13,-2.5,696884,7.7,0,0.0,0,0.0,136,10.4
"US000","2","621340","18","0","2026","1","",14,520,517,515,9700239,0,0,1442,"",1.00,1.00,1.00,1.00,1.00,0.00,0.00,1.00,"",0,0.0,-15,-2.8,-11,-2.1,-13,-2.5,696884,7.7,0,0.0,0,0.0,136,10.4
"US000","2","62139","17","0","2026","1","N",16,0,0,0,0,0,0,0,"N",1.00,0,0,0,0,0,0,0,"N",0,0.0,0,0,0,0,0,0,0,0,0,0,0,0,0,0
"US000","2","621391","18","0","2026","1","",1,4,4,4,49245,0,0,947,"",1.00,1.00,1.00,1.00,1.00,0.00,0.00,1.00,"",0,0.0,-2,-33.3,-1,-20.0,-1,-20.0,-13249,-21.2,0,0.0,0,0.0,46,5.1
"US000","2","621399","18","0","2026","1","N",15,0,0,0,0,0,0,0,"N",1.00,0,0,0,0,0,0,0,"N",0,0.0,0,0,0,0,0,0,0,0,0,0,0,0,0,0
"US000","2","6214","16","0","2026","1","",962,25901,25875,25933,443422838,27973009,55946,1317,"",1.00,1.00,1.00,1.00,1.00,1.00,1.00,1.00,"",127,15.2,1751,7.3,1806,7.5,1803,7.5,42814616,10.7,-824107,-2.9,-1648,-2.9,39,3.1
"US000","2","62141","17","0","2026","1","",4,93,93,90,1164219,0,0,973,"",1.00,1.00,1.00,1.00,1.00,0.00,0.00,1.00,"",0,0.0,-7,-7.0,-3,-3.1,-6,-6.2,-29786,-2.5,0,0.0,0,0.0,29,3.1
"US000","2","621410","18","0","2026","1","",4,93,93,90,1164219,0,0,973,"",1.00,1.00,1.00,1.00,1.00,0.00,0.00,1.00,"",0,0.0,-7,-7.0,-3,-3.1,-6,-6.2,-29786,-2.5,0,0.0,0,0.0,29,3.1
"US000","2","62142","17","0","2026","1","",498,12761,12720,12756,216141002,27973009,55946,1304,"",1.00,1.00,1.00,1.00,1.00,1.00,1.00,1.00,"",9,1.8,-303,-2.3,-285,-2.2,-289,-2.2,-1813395,-0.8,-824107,-2.9,-1648,-2.9,18,1.4
"US000","2","621420","18","0","2026","1","",498,12761,12720,12756,216141002,27973009,55946,1304,"",1.00,1.00,1.00,1.00,1.00,1.00,1.00,1.00,"",9,1.8,-303,-2.3,-285,-2.2,-289,-2.2,-1813395,-0.8,-824107,-2.9,-1648,-2.9,18,1.4
"US000","2","62149","17","0","2026","1","",460,13047,13062,13087,226117617,0,0,1331,"",1.00,1.00,1.00,1.00,1.00,0.00,0.00,1.00,"",118,34.5,2061,18.8,2094,19.1,2098,19.1,44657797,24.6,0,0.0,0,0.0,60,4.7
"US000","2","621492","18","0","2026","1","",7,90,90,90,1409040,0,0,1204,"",1.00,1.00,1.00,1.00,1.00,0.00,0.00,1.00,"",0,0.0,3,3.4,3,3.4,3,3.4,69696,5.2,0,0.0,0,0.0,20,1.7
"US000","2","621493","18","0","2026","1","",22,569,568,565,11002116,0,0,1492,"",1.00,1.00,1.00,1.00,1.00,0.00,0.00,1.00,"N",1,4.8,0,0,0,0,0,0,0,0,0,0,0,0,0,0
"US000","2","621498","18","0","2026","1","",431,12388,12404,12432,213706461,0,0,1325,"",1.00,1.00,1.00,1.00,1.00,0.00,0.00,1.00,"N",117,37.3,0,0,0,0,0,0,0,0,0,0,0,0,0,0
"US000","2","6215","16","0","2026","1","",19,1377,1371,1365,21542409,0,0,1209,"",1.00,1.00,1.00,1.00,1.00,0.00,0.00,1.00,"",0,0.0,0,0.0,-5,-0.4,-20,-1.4,703035,3.4,0,0.0,0,0.0,47,4.0
"US000","2","62151","17","0","2026","1","",19,1377,1371,1365,21542409,0,0,1209,"",1.00,1.00,1.00,1.00,1.00,0.00,0.00,1.00,"",0,0.0,0,0.0,-5,-0.4,-20,-1.4,703035,3.4,0,0.0,0,0.0,47,4.0
"US000","2","621511","18","0","2026","1","",16,1159,1151,1144,19334822,0,0,1292,"",1.00,1.00,1.00,1.00,1.00,0.00,0.00,1.00,"",0,0.0,-6,-0.5,-12,-1.0,-27,-2.3,623217,3.3,0,0.0,0,0.0,58,4.7
"US000","2","621512","18","0","2026","1","",3,218,220,221,2207587,0,0,773,"",1.00,1.00,1.00,1.00,1.00,0.00,0.00,1.00,"",0,0.0,6,2.8,7,3.3,7,3.3,79818,3.8,0,0.0,0,0.0,5,0.7
"US000","2","6216","16","0","2026","1","",9,74,73,72,1075085,864,22,1133,"",1.00,1.00,1.00,1.00,1.00,1.00,1.00,1.00,"",2,28.6,-4,-5.1,-3,-3.9,-4,-5.3,4960,0.5,864,100.0,22,100.0,59,5.5
"US000","2","62161","17","0","2026","1","",9,74,73,72,1075085,864,22,1133,"",1.00,1.00,1.00,1.00,1.00,1.00,1.00,1.00,"",2,28.6,-4,-5.1,-3,-3.9,-4,-5.3,4960,0.5,864,100.0,22,100.0,59,5.5
"US000","2","621610","18","0","2026","1","",9,74,73,72,1075085,864,22,1133,"",1.00,1.00,1.00,1.00,1.00,1.00,1.00,1.00,"",2,28.6,-4,-5.1,-3,-3.9,-4,-5.3,4960,0.5,864,100.0,22,100.0,59,5.5
"US000","2","6219","16","0","2026","1","N",4,0,0,0,0,0,0,0,"N",1.00,0,0,0,0,0,0,0,"N",-1,-20.0,0,0,0,0,0,0,0,0,0,0,0,0,0,0
"US000","2","62191","17","0","2026","1","",3,181,179,178,2746306,0,0,1178,"",1.00,1.00,1.00,1.00,1.00,0.00,0.00,1.00,"",-1,-25.0,-21,-10.4,-22,-10.9,-25,-12.3,-202494,-6.9,0,0.0,0,0.0,55,4.9
"US000","2","621910","18","0","2026","1","",3,181,179,178,2746306,0,0,1178,"",1.00,1.00,1.00,1.00,1.00,0.00,0.00,1.00,"",-1,-25.0,-21,-10.4,-22,-10.9,-25,-12.3,-202494,-6.9,0,0.0,0,0.0,55,4.9
"US000","2","62199","17","0","2026","1","N",1,0,0,0,0,0,0,0,"N",1.00,0,0,0,0,0,0,0,"N",0,0.0,0,0,0,0,0,0,0,0,0,0,0,0,0,0
"US000","2","621991","18","0","2026","1","N",1,0,0,0,0,0,0,0,"N",1.00,0,0,0,0,0,0,0,"N",0,0.0,0,0,0,0,0,0,0,0,0,0,0,0,0,0
"US000","2","622","15","0","2026","1","",1134,468684,469354,469794,11051020697,123819386,259951,1811,"",1.00,1.00,1.00,1.00,1.00,1.00,1.00,1.00,"",-16,-1.4,19151,4.3,18534,4.1,17411,3.8,509060420,4.8,9568670,8.4,30732,13.4,13,0.7
"US000","2","6221","16","0","2026","1","",143,317977,318757,319283,7355712099,55161825,119909,1776,"",1.00,1.00,1.00,1.00,1.00,1.00,1.00,1.00,"",-3,-2.1,19501,6.5,18905,6.3,18333,6.1,347255730,5.0,4440744,8.8,15189,14.5,-22,-1.2
"US000","2","62211","17","0","2026","1","",143,317977,318757,319283,7355712099,55161825,119909,1776,"",1.00,1.00,1.00,1.00,1.00,1.00,1.00,1.00,"",-3,-2.1,19501,6.5,18905,6.3,18333,6.1,347255730,5.0,4440744,8.8,15189,14.5,-22,-1.2
"US000","2","622110","18","0","2026","1","",143,317977,318757,319283,7355712099,55161825,119909,1776,"",1.00,1.00,1.00,1.00,1.00,1.00,1.00,1.00,"",-3,-2.1,19501,6.5,18905,6.3,18333,6.1,347255730,5.0,4440744,8.8,15189,14.5,-22,-1.2
"US000","2","6222","16","0","2026","1","",968,110847,110801,110819,2518924170,68657561,140042,1748,"",1.00,1.00,1.00,1.00,1.00,1.00,1.00,1.00,"",-11,-1.1,-836,-0.7,-721,-0.6,-1134,-1.0,94438422,3.9,5127926,8.1,15543,12.5,79,4.7
"US000","2","62221","17","0","2026","1","",968,110847,110801,110819,2518924170,68657561,140042,1748,"",1.00,1.00,1.00,1.00,1.00,1.00,1.00,1.00,"",-11,-1.1,-836,-0.7,-721,-0.6,-1134,-1.0,94438422,3.9,5127926,8.1,15543,12.5,79,4.7
"US000","2","622210","18","0","2026","1","",968,110847,110801,110819,2518924170,68657561,140042,1748,"",1.00,1.00,1.00,1.00,1.00,1.00,1.00,1.00,"",-11,-1.1,-836,-0.7,-721,-0.6,-1134,-1.0,94438422,3.9,5127926,8.1,15543,12.5,79,4.7
"US000","2","6223","16","0","2026","1","",23,39860,39796,39692,1176384428,0,0,2275,"",1.00,1.00,1.00,1.00,1.00,0.00,0.00,1.00,"",-2,-8.0,486,1.2,350,0.9,212,0.5,67366268,6.1,0,0.0,0,0.0,112,5.2
"US000","2","62231","17","0","2026","1","",23,39860,39796,39692,1176384428,0,0,2275,"",1.00,1.00,1.00,1.00,1.00,0.00,0.00,1.00,"",-2,-8.0,486,1.2,350,0.9,212,0.5,67366268,6.1,0,0.0,0,0.0,112,5.2
"US000","2","622310","18","0","2026","1","",23,39860,39796,39692,1176384428,0,0,2275,"",1.00,1.00,1.00,1.00,1.00,0.00,0.00,1.00,"",-2,-8.0,486,1.2,350,0.9,212,0.5,67366268,6.1,0,0.0,0,0.0,112,5.2
"US000","2","623","15","0","2026","1","",1809,107498,107662,107853,2070430294,104278612,212877,1479,"",1.00,1.00,1.00,1.00,1.00,1.00,1.00,1.00,"",93,5.4,-2174,-2.0,-2307,-2.1,-1831,-1.7,8380342,0.4,20418283,24.3,49750,30.5,34,2.4
"US000","2","6231","16","0","2026","1","",110,17714,17730,17705,283936024,4349371,10873,1233,"",1.00,1.00,1.00,1.00,1.00,1.00,1.00,1.00,"",-8,-6.8,-40,-0.2,-107,-0.6,-119,-0.7,9224650,3.4,264292,6.5,4746,77.5,46,3.9
"US000","2","62311","17","0","2026","1","",110,17714,17730,17705,283936024,4349371,10873,1233,"",1.00,1.00,1.00,1.00,1.00,1.00,1.00,1.00,"",-8,-6.8,-40,-0.2,-107,-0.6,-119,-0.7,9224650,3.4,264292,6.5,4746,77.5,46,3.9
"US000","2","623110","18","0","2026","1","",110,17714,17730,17705,283936024,4349371,10873,1233,"",1.00,1.00,1.00,1.00,1.00,1.00,1.00,1.00,"",-8,-6.8,-40,-0.2,-107,-0.6,-119,-0.7,9224650,3.4,264292,6.5,4746,77.5,46,3.9
"US000","2","6232","16","0","2026","1","",1048,75259,75308,75381,1483222964,91975710,186096,1515,"",1.00,1.00,1.00,1.00,1.00,1.00,1.00,1.00,"",14,1.4,-3394,-4.3,-3483,-4.4,-3419,-4.3,-32696080,-2.2,19389691,26.7,43474,30.5,34,2.3
"US000","2","62321","17","0","2026","1","",887,66783,66780,66889,1323275384,78215322,158578,1523,"",1.00,1.00,1.00,1.00,1.00,1.00,1.00,1.00,"",3,0.3,-3617,-5.1,-3715,-5.3,-3633,-5.2,-39568501,-2.9,17987433,29.9,40671,34.5,35,2.4
"US000","2","623210","18","0","2026","1","",887,66783,66780,66889,1323275384,78215322,158578,1523,"",1.00,1.00,1.00,1.00,1.00,1.00,1.00,1.00,"",3,0.3,-3617,-5.1,-3715,-5.3,-3633,-5.2,-39568501,-2.9,17987433,29.9,40671,34.5,35,2.4
"US000","2","62322","17","0","2026","1","",161,8476,8528,8492,159947580,13760388,27518,1448,"",1.00,1.00,1.00,1.00,1.00,1.00,1.00,1.00,"",11,7.3,223,2.7,232,2.8,214,2.6,6872421,4.5,1402258,11.3,2803,11.3,25,1.8
"US000","2","623220","18","0","2026","1","",161,8476,8528,8492,159947580,13760388,27518,1448,"",1.00,1.00,1.00,1.00,1.00,1.00,1.00,1.00,"",11,7.3,223,2.7,232,2.8,214,2.6,6872421,4.5,1402258,11.3,2803,11.3,25,1.8
"US000","2","6233","16","0","2026","1","",280,4475,4536,4584,77109336,0,0,1309,"",1.00,1.00,1.00,1.00,1.00,0.00,0.00,1.00,"",-3,-1.1,117,2.7,184,4.2,204,4.7,2425666,3.2,0,0.0,0,0.0,-8,-0.6
"US000","2","62331","17","0","2026","1","",280,4475,4536,4584,77109336,0,0,1309,"",1.00,1.00,1.00,1.00,1.00,0.00,0.00,1.00,"",-3,-1.1,117,2.7,184,4.2,204,4.7,2425666,3.2,0,0.0,0,0.0,-8,-0.6
"US000","2","623311","18","0","2026","1","N",14,0,0,0,0,0,0,0,"N",1.00,0,0,0,0,0,0,0,"N",0,0.0,0,0,0,0,0,0,0,0,0,0,0,0,0,0
"US000","2","623312","18","0","2026","1","N",266,0,0,0,0,0,0,0,"N",1.00,0,0,0,0,0,0,0,"N",-3,-1.1,0,0,0,0,0,0,0,0,0,0,0,0,0,0
"US000","2","6239","16","0","2026","1","",371,10050,10088,10183,226161970,7953531,15908,1721,"",1.00,1.00,1.00,1.00,1.00,1.00,1.00,1.00,"",90,32.0,1143,12.8,1099,12.2,1503,17.3,29426106,15.0,764300,10.6,1530,10.6,13,0.8
"US000","2","62399","17","0","2026","1","",371,10050,10088,10183,226161970,7953531,15908,1721,"",1.00,1.00,1.00,1.00,1.00,1.00,1.00,1.00,"",90,32.0,1143,12.8,1099,12.2,1503,17.3,29426106,15.0,764300,10.6,1530,10.6,13,0.8
"US000","2","623990","18","0","2026","1","",371,10050,10088,10183,226161970,7953531,15908,1721,"",1.00,1.00,1.00,1.00,1.00,1.00,1.00,1.00,"",90,32.0,1143,12.8,1099,12.2,1503,17.3,29426106,15.0,764300,10.6,1530,10.6,13,0.8
"US000","2","624","15","0","2026","1","",2609,97636,97630,97365,1603709988,46897010,143122,1265,"",1.00,1.00,1.00,1.00,1.00,1.00,1.00,1.00,"",0,0.0,-263,-0.3,-250,-0.3,-755,-0.8,8435302,0.5,7739567,19.8,-4628,-3.1,12,1.0
"US000","2","6241","16","0","2026","1","",1941,84585,84585,84356,1397650295,38794501,119461,1272,"",1.00,1.00,1.00,1.00,1.00,1.00,1.00,1.00,"",19,1.0,-70,-0.1,-67,-0.1,-588,-0.7,5713522,0.4,2776570,7.7,2740,2.3,9,0.7
"US000","2","62411","17","0","2026","1","",606,27072,27082,26821,480271599,6210107,52872,1369,"",1.00,1.00,1.00,1.00,1.00,1.00,1.00,1.00,"",-16,-2.6,-970,-3.5,-1004,-3.6,-1381,-4.9,-9934589,-2.0,257841,4.3,-2479,-4.5,28,2.1
"US000","2","624110","18","0","2026","1","",606,27072,27082,26821,480271599,6210107,52872,1369,"",1.00,1.00,1.00,1.00,1.00,1.00,1.00,1.00,"",-16,-2.6,-970,-3.5,-1004,-3.6,-1381,-4.9,-9934589,-2.0,257841,4.3,-2479,-4.5,28,2.1
"US000","2","62412","17","0","2026","1","",230,4944,4966,5072,77964671,13317181,28055,1201,"",1.00,1.00,1.00,1.00,1.00,1.00,1.00,1.00,"",2,0.9,-302,-5.8,-215,-4.1,-147,-2.8,-6368406,-7.6,1028252,8.4,2242,8.7,-43,-3.5
"US000","2","624120","18","0","2026","1","",230,4944,4966,5072,77964671,13317181,28055,1201,"",1.00,1.00,1.00,1.00,1.00,1.00,1.00,1.00,"",2,0.9,-302,-5.8,-215,-4.1,-147,-2.8,-6368406,-7.6,1028252,8.4,2242,8.7,-43,-3.5
"US000","2","62419","17","0","2026","1","",1105,52569,52537,52463,839414025,19267213,38534,1229,"",1.00,1.00,1.00,1.00,1.00,1.00,1.00,1.00,"",33,3.1,1202,2.3,1152,2.2,940,1.8,22016517,2.7,1490477,8.4,2977,8.4,6,0.5
"US000","2","624190","18","0","2026","1","",1105,52569,52537,52463,839414025,19267213,38534,1229,"",1.00,1.00,1.00,1.00,1.00,1.00,1.00,1.00,"",33,3.1,1202,2.3,1152,2.2,940,1.8,22016517,2.7,1490477,8.4,2977,8.4,6,0.5
"US000","2","6242","16","0","2026","1","",8,33,32,33,515346,0,0,1214,"",1.00,1.00,1.00,1.00,1.00,0.00,0.00,1.00,"",0,0.0,-4,-10.8,-5,-13.5,-4,-10.8,-18803,-3.5,0,0.0,0,0.0,104,9.4
"US000","2","62421","17","0","2026","1","N",5,0,0,0,0,0,0,0,"N",1.00,0,0,0,0,0,0,0,"N",0,0.0,0,0,0,0,0,0,0,0,0,0,0,0,0,0
"US000","2","624210","18","0","2026","1","N",5,0,0,0,0,0,0,0,"N",1.00,0,0,0,0,0,0,0,"N",0,0.0,0,0,0,0,0,0,0,0,0,0,0,0,0,0
"US000","2","62422","17","0","2026","1","N",3,0,0,0,0,0,0,0,"N",1.00,0,0,0,0,0,0,0,"N",0,0.0,0,0,0,0,0,0,0,0,0,0,0,0,0,0
"US000","2","624229","18","0","2026","1","N",3,0,0,0,0,0,0,0,"N",1.00,0,0,0,0,0,0,0,"N",0,0.0,0,0,0,0,0,0,0,0,0,0,0,0,0,0
"US000","2","6243","16","0","2026","1","",637,11689,11655,11622,189905165,4902908,5023,1253,"",1.00,1.00,1.00,1.00,1.00,1.00,1.00,1.00,"",-21,-3.2,-208,-1.7,-207,-1.7,-183,-1.6,2473803,1.3,4895908,69941.5,4883,3487.9,37,3.0
"US000","2","62431","17","0","2026","1","",637,11689,11655,11622,189905165,4902908,5023,1253,"",1.00,1.00,1.00,1.00,1.00,1.00,1.00,1.00,"",-21,-3.2,-208,-1.7,-207,-1.7,-183,-1.6,2473803,1.3,4895908,69941.5,4883,3487.9,37,3.0
"US000","2","624310","18","0","2026","1","",637,11689,11655,11622,189905165,4902908,5023,1253,"",1.00,1.00,1.00,1.00,1.00,1.00,1.00,1.00,"",-21,-3.2,-208,-1.7,-207,-1.7,-183,-1.6,2473803,1.3,4895908,69941.5,4883,3487.9,37,3.0
"US000","2","6244","16","0","2026","1","",23,1329,1358,1354,15639182,3199601,18638,893,"",1.00,1.00,1.00,1.00,1.00,1.00,1.00,1.00,"",2,9.5,19,1.5,29,2.2,20,1.5,266780,1.7,67089,2.1,-12251,-39.7,0,0.0
"US000","2","62441","17","0","2026","1","",23,1329,1358,1354,15639182,3199601,18638,893,"",1.00,1.00,1.00,1.00,1.00,1.00,1.00,1.00,"",2,9.5,19,1.5,29,2.2,20,1.5,266780,1.7,67089,2.1,-12251,-39.7,0,0.0
"US000","2","624410","18","0","2026","1","",23,1329,1358,1354,15639182,3199601,18638,893,"",1.00,1.00,1.00,1.00,1.00,1.00,1.00,1.00,"",2,9.5,19,1.5,29,2.2,20,1.5,266780,1.7,67089,2.1,-12251,-39.7,0,0.0
"US000","2","71","14","0","2026","1","N",898,0,0,0,0,0,0,0,"N",1.00,0,0,0,0,0,0,0,"N",-23,-2.5,0,0,0,0,0,0,0,0,0,0,0,0,0,0
"US000","2","711","15","0","2026","1","",33,2796,2751,2719,28797969,13222155,425311,804,"",1.00,1.00,1.00,1.00,1.00,1.00,1.00,1.00,"",-1,-2.9,-274,-8.9,-253,-8.4,-188,-6.5,-5227551,-15.4,-3352845,-20.2,1406,0.3,-70,-8.0
"US000","2","7111","16","0","2026","1","",1,152,144,164,2672566,0,0,1341,"",1.00,1.00,1.00,1.00,1.00,0.00,0.00,1.00,"",0,0.0,8,5.6,-5,-3.4,-1,-0.6,151436,6.0,0,0.0,0,0.0,71,5.6
"US000","2","71113","17","0","2026","1","",1,152,144,164,2672566,0,0,1341,"",1.00,1.00,1.00,1.00,1.00,0.00,0.00,1.00,"",0,0.0,8,5.6,-5,-3.4,-1,-0.6,151436,6.0,0,0.0,0,0.0,71,5.6
"US000","2","711130","18","0","2026","1","",1,152,144,164,2672566,0,0,1341,"",1.00,1.00,1.00,1.00,1.00,0.00,0.00,1.00,"",0,0.0,8,5.6,-5,-3.4,-1,-0.6,151436,6.0,0,0.0,0,0.0,71,5.6
"US000","2","7112","16","0","2026","1","N",1,0,0,0,0,0,0,0,"N",1.00,0,0,0,0,0,0,0,"N",-1,-50.0,0,0,0,0,0,0,0,0,0,0,0,0,0,0
"US000","2","71121","17","0","2026","1","N",1,0,0,0,0,0,0,0,"N",1.00,0,0,0,0,0,0,0,"N",-1,-50.0,0,0,0,0,0,0,0,0,0,0,0,0,0,0
"US000","2","711219","18","0","2026","1","N",1,0,0,0,0,0,0,0,"N",1.00,0,0,0,0,0,0,0,"N",0,0.0,0,0,0,0,0,0,0,0,0,0,0,0,0,0
"US000","2","7113","16","0","2026","1","N",31,0,0,0,0,0,0,0,"N",1.00,0,0,0,0,0,0,0,"N",0,0.0,0,0,0,0,0,0,0,0,0,0,0,0,0,0
"US000","2","71131","17","0","2026","1","N",30,0,0,0,0,0,0,0,"N",1.00,0,0,0,0,0,0,0,"N",0,0.0,0,0,0,0,0,0,0,0,0,0,0,0,0,0
"US000","2","711310","18","0","2026","1","N",30,0,0,0,0,0,0,0,"N",1.00,0,0,0,0,0,0,0,"N",0,0.0,0,0,0,0,0,0,0,0,0,0,0,0,0,0
"US000","2","71132","17","0","2026","1","",1,1,1,1,22925,0,0,1763,"",1.00,1.00,1.00,1.00,1.00,0.00,0.00,1.00,"",0,0.0,0,0.0,0,0.0,0,0.0,341,1.5,0,0.0,0,0.0,26,1.5
"US000","2","711320","18","0","2026","1","",1,1,1,1,22925,0,0,1763,"",1.00,1.00,1.00,1.00,1.00,0.00,0.00,1.00,"",0,0.0,0,0.0,0,0.0,0,0.0,341,1.5,0,0.0,0,0.0,26,1.5
"US000","2","712","15","0","2026","1","",831,12713,12647,12876,161731417,454625,15918,976,"",1.00,1.00,1.00,1.00,1.00,1.00,1.00,1.00,"",-22,-2.6,177,1.4,113,0.9,93,0.7,4839223,3.1,18616,4.3,-4020,-20.2,20,2.1
"US000","2","7121","16","0","2026","1","",831,12713,12647,12876,161731417,454625,15918,976,"",1.00,1.00,1.00,1.00,1.00,1.00,1.00,1.00,"",-22,-2.6,177,1.4,113,0.9,93,0.7,4839223,3.1,18616,4.3,-4020,-20.2,20,2.1
"US000","2","71211","17","0","2026","1","",147,3246,3260,3262,41825210,68436,0,988,"",1.00,1.00,1.00,1.00,1.00,1.00,0.00,1.00,"",2,1.4,45,1.4,11,0.3,-3,-0.1,1362408,3.4,11386,20.0,0,0.0,27,2.8
"US000","2","712110","18","0","2026","1","",147,3246,3260,3262,41825210,68436,0,988,"",1.00,1.00,1.00,1.00,1.00,1.00,0.00,1.00,"",2,1.4,45,1.4,11,0.3,-3,-0.1,1362408,3.4,11386,20.0,0,0.0,27,2.8
"US000","2","71212","17","0","2026","1","",59,783,788,801,8759156,0,0,852,"",1.00,1.00,1.00,1.00,1.00,0.00,0.00,1.00,"",-2,-3.3,-46,-5.5,-43,-5.2,-33,-4.0,-199589,-2.2,0,0.0,0,0.0,23,2.8
"US000","2","712120","18","0","2026","1","",59,783,788,801,8759156,0,0,852,"",1.00,1.00,1.00,1.00,1.00,0.00,0.00,1.00,"",-2,-3.3,-46,-5.5,-43,-5.2,-33,-4.0,-199589,-2.2,0,0.0,0,0.0,23,2.8
"US000","2","71213","17","0","2026","1","",2,302,311,316,4645106,44944,494,1154,"",1.00,1.00,1.00,1.00,1.00,1.00,1.00,1.00,"",0,0.0,-7,-2.3,6,2.0,-8,-2.5,69594,1.5,-7438,-14.2,-3115,-86.3,28,2.5
"US000","2","712130","18","0","2026","1","",2,302,311,316,4645106,44944,494,1154,"",1.00,1.00,1.00,1.00,1.00,1.00,1.00,1.00,"",0,0.0,-7,-2.3,6,2.0,-8,-2.5,69594,1.5,-7438,-14.2,-3115,-86.3,28,2.5
"US000","2","71219","17","0","2026","1","",623,8382,8288,8497,106501945,341245,15424,977,"",1.00,1.00,1.00,1.00,1.00,1.00,1.00,1.00,"",-22,-3.4,185,2.3,139,1.7,137,1.6,3606810,3.5,14668,4.5,-905,-5.5,16,1.7
"US000","2","712190","18","0","2026","1","",623,8382,8288,8497,106501945,341245,15424,977,"",1.00,1.00,1.00,1.00,1.00,1.00,1.00,1.00,"",-22,-3.4,185,2.3,139,1.7,137,1.6,3606810,3.5,14668,4.5,-905,-5.5,16,1.7
"US000","2","713","15","0","2026","1","N",34,0,0,0,0,0,0,0,"N",1.00,0,0,0,0,0,0,0,"N",0,0.0,0,0,0,0,0,0,0,0,0,0,0,0,0,0
"US000","2","7132","16","0","2026","1","N",18,0,0,0,0,0,0,0,"N",1.00,0,0,0,0,0,0,0,"N",0,0.0,0,0,0,0,0,0,0,0,0,0,0,0,0,0
"US000","2","71329","17","0","2026","1","N",18,0,0,0,0,0,0,0,"N",1.00,0,0,0,0,0,0,0,"N",0,0.0,0,0,0,0,0,0,0,0,0,0,0,0,0,0
"US000","2","713290","18","0","2026","1","N",18,0,0,0,0,0,0,0,"N",1.00,0,0,0,0,0,0,0,"N",0,0.0,0,0,0,0,0,0,0,0,0,0,0,0,0,0
"US000","2","7139","16","0","2026","1","N",16,0,0,0,0,0,0,0,"N",1.00,0,0,0,0,0,0,0,"N",0,0.0,0,0,0,0,0,0,0,0,0,0,0,0,0,0
"US000","2","71391","17","0","2026","1","",2,95,94,98,794364,0,0,639,"",1.00,1.00,1.00,1.00,1.00,0.00,0.00,1.00,"",0,0.0,-20,-17.4,-19,-16.8,-14,-12.5,-26217,-3.2,0,0.0,0,0.0,82,14.7
"US000","2","713910","18","0","2026","1","",2,95,94,98,794364,0,0,639,"",1.00,1.00,1.00,1.00,1.00,0.00,0.00,1.00,"",0,0.0,-20,-17.4,-19,-16.8,-14,-12.5,-26217,-3.2,0,0.0,0,0.0,82,14.7
"US000","2","71394","17","0","2026","1","",2,194,196,194,4543226,0,0,1795,"",1.00,1.00,1.00,1.00,1.00,0.00,0.00,1.00,"",0,0.0,-1,-0.5,-2,-1.0,-3,-1.5,133133,3.0,0,0.0,0,0.0,70,4.1
"US000","2","713940","18","0","2026","1","",2,194,196,194,4543226,0,0,1795,"",1.00,1.00,1.00,1.00,1.00,0.00,0.00,1.00,"",0,0.0,-1,-0.5,-2,-1.0,-3,-1.5,133133,3.0,0,0.0,0,0.0,70,4.1
"US000","2","71399","17","0","2026","1","N",12,0,0,0,0,0,0,0,"N",1.00,0,0,0,0,0,0,0,"N",0,0.0,0,0,0,0,0,0,0,0,0,0,0,0,0,0
"US000","2","713990","18","0","2026","1","N",12,0,0,0,0,0,0,0,"N",1.00,0,0,0,0,0,0,0,"N",0,0.0,0,0,0,0,0,0,0,0,0,0,0,0,0,0
"US000","2","72","14","0","2026","1","N",13,0,0,0,0,0,0,0,"N",1.00,0,0,0,0,0,0,0,"N",0,0.0,0,0,0,0,0,0,0,0,0,0,0,0,0,0
"US000","2","721","15","0","2026","1","N",10,0,0,0,0,0,0,0,"N",1.00,0,0,0,0,0,0,0,"N",0,0.0,0,0,0,0,0,0,0,0,0,0,0,0,0,0
"US000","2","7211","16","0","2026","1","N",9,0,0,0,0,0,0,0,"N",1.00,0,0,0,0,0,0,0,"N",0,0.0,0,0,0,0,0,0,0,0,0,0,0,0,0,0
"US000","2","72111","17","0","2026","1","N",8,0,0,0,0,0,0,0,"N",1.00,0,0,0,0,0,0,0,"N",0,0.0,0,0,0,0,0,0,0,0,0,0,0,0,0,0
"US000","2","721110","18","0","2026","1","N",8,0,0,0,0,0,0,0,"N",1.00,0,0,0,0,0,0,0,"N",0,0.0,0,0,0,0,0,0,0,0,0,0,0,0,0,0
"US000","2","72119","17","0","2026","1","",1,6,6,6,78220,0,0,1003,"",1.00,1.00,1.00,1.00,1.00,0.00,0.00,1.00,"",0,0.0,-2,-25.0,-2,-25.0,-2,-25.0,-14307,-15.5,0,0.0,0,0.0,113,12.7
"US000","2","721199","18","0","2026","1","",1,6,6,6,78220,0,0,1003,"",1.00,1.00,1.00,1.00,1.00,0.00,0.00,1.00,"",0,0.0,-2,-25.0,-2,-25.0,-2,-25.0,-14307,-15.5,0,0.0,0,0.0,113,12.7
"US000","2","7212","16","0","2026","1","",1,13,10,10,44964,44964,346,314,"",1.00,1.00,1.00,1.00,1.00,1.00,1.00,1.00,"",0,0.0,12,1200.0,0,0.0,-2,-16.7,-5317,-10.6,-5151,-10.3,146,73.0,-190,-37.7
"US000","2","72121","17","0","2026","1","",1,13,10,10,44964,44964,346,314,"",1.00,1.00,1.00,1.00,1.00,1.00,1.00,1.00,"",0,0.0,12,1200.0,0,0.0,-2,-16.7,-5317,-10.6,-5151,-10.3,146,73.0,-190,-37.7
"US000","2","721214","18","0","2026","1","",1,13,10,10,44964,44964,346,314,"",1.00,1.00,1.00,1.00,1.00,1.00,1.00,1.00,"",0,0.0,12,1200.0,0,0.0,-2,-16.7,-5317,-10.6,-5151,-10.3,146,73.0,-190,-37.7
"US000","2","722","15","0","2026","1","N",3,0,0,0,0,0,0,0,"N",1.00,0,0,0,0,0,0,0,"N",0,0.0,0,0,0,0,0,0,0,0,0,0,0,0,0,0
"US000","2","7223","16","0","2026","1","",1,24,24,24,103522,0,0,332,"",1.00,1.00,1.00,1.00,1.00,0.00,0.00,1.00,"",0,0.0,0,0.0,-1,-4.0,-1,-4.0,-926,-0.9,0,0.0,0,0.0,6,1.8
"US000","2","72231","17","0","2026","1","",1,24,24,24,103522,0,0,332,"",1.00,1.00,1.00,1.00,1.00,0.00,0.00,1.00,"",0,0.0,0,0.0,-1,-4.0,-1,-4.0,-926,-0.9,0,0.0,0,0.0,6,1.8
"US000","2","722310","18","0","2026","1","",1,24,24,24,103522,0,0,332,"",1.00,1.00,1.00,1.00,1.00,0.00,0.00,1.00,"",0,0.0,0,0.0,-1,-4.0,-1,-4.0,-926,-0.9,0,0.0,0,0.0,6,1.8
"US000","2","7225","16","0","2026","1","N",2,0,0,0,0,0,0,0,"N",1.00,0,0,0,0,0,0,0,"N",0,0.0,0,0,0,0,0,0,0,0,0,0,0,0,0,0
"US000","2","72251","17","0","2026","1","N",2,0,0,0,0,0,0,0,"N",1.00,0,0,0,0,0,0,0,"N",0,0.0,0,0,0,0,0,0,0,0,0,0,0,0,0,0
"US000","2","722513","18","0","2026","1","N",2,0,0,0,0,0,0,0,"N",1.00,0,0,0,0,0,0,0,"N",0,0.0,0,0,0,0,0,0,0,0,0,0,0,0,0,0
"US000","2","81","14","0","2026","1","N",178,0,0,0,0,0,0,0,"N",1.00,0,0,0,0,0,0,0,"N",0,0.0,0,0,0,0,0,0,0,0,0,0,0,0,0,0
"US000","2","811","15","0","2026","1","",24,456,419,419,9550182,103365,620,1703,"",1.00,1.00,1.00,1.00,1.00,1.00,1.00,1.00,"",-1,-4.0,-16,-3.4,-37,-8.1,-17,-3.9,379847,4.1,-66816,-39.3,-401,-39.3,152,9.8
"US000","2","8111","16","0","2026","1","",7,369,334,334,7897583,0,0,1757,"",1.00,1.00,1.00,1.00,1.00,0.00,0.00,1.00,"",-1,-12.5,-12,-3.1,-32,-8.7,-10,-2.9,406844,5.4,0,0.0,0,0.0,173,10.9
"US000","2","81111","17","0","2026","1","",7,369,334,334,7897583,0,0,1757,"",1.00,1.00,1.00,1.00,1.00,0.00,0.00,1.00,"",-1,-12.5,-12,-3.1,-32,-8.7,-10,-2.9,406844,5.4,0,0.0,0,0.0,173,10.9
"US000","2","811111","18","0","2026","1","",7,369,334,334,7897583,0,0,1757,"",1.00,1.00,1.00,1.00,1.00,0.00,0.00,1.00,"",-1,-12.5,-12,-3.1,-32,-8.7,-10,-2.9,406844,5.4,0,0.0,0,0.0,173,10.9
"US000","2","8112","16","0","2026","1","N",1,0,0,0,0,0,0,0,"N",1.00,0,0,0,0,0,0,0,"N",0,0.0,0,0,0,0,0,0,0,0,0,0,0,0,0,0
"US000","2","81121","17","0","2026","1","N",1,0,0,0,0,0,0,0,"N",1.00,0,0,0,0,0,0,0,"N",0,0.0,0,0,0,0,0,0,0,0,0,0,0,0,0,0
"US000","2","811210","18","0","2026","1","N",1,0,0,0,0,0,0,0,"N",1.00,0,0,0,0,0,0,0,"N",0,0.0,0,0,0,0,0,0,0,0,0,0,0,0,0,0
"US000","2","8113","16","0","2026","1","N",16,0,0,0,0,0,0,0,"N",1.00,0,0,0,0,0,0,0,"N",0,0.0,0,0,0,0,0,0,0,0,0,0,0,0,0,0
"US000","2","81131","17","0","2026","1","N",16,0,0,0,0,0,0,0,"N",1.00,0,0,0,0,0,0,0,"N",0,0.0,0,0,0,0,0,0,0,0,0,0,0,0,0,0
"US000","2","811310","18","0","2026","1","N",16,0,0,0,0,0,0,0,"N",1.00,0,0,0,0,0,0,0,"N",0,0.0,0,0,0,0,0,0,0,0,0,0,0,0,0,0
"US000","2","812","15","0","2026","1","N",12,0,0,0,0,0,0,0,"N",1.00,0,0,0,0,0,0,0,"N",1,9.1,0,0,0,0,0,0,0,0,0,0,0,0,0,0
"US000","2","8122","16","0","2026","1","N",10,0,0,0,0,0,0,0,"N",1.00,0,0,0,0,0,0,0,"N",1,11.1,0,0,0,0,0,0,0,0,0,0,0,0,0,0
"US000","2","81221","17","0","2026","1","N",1,0,0,0,0,0,0,0,"N",1.00,0,0,0,0,0,0,0,"N",0,0.0,0,0,0,0,0,0,0,0,0,0,0,0,0,0
"US000","2","812210","18","0","2026","1","N",1,0,0,0,0,0,0,0,"N",1.00,0,0,0,0,0,0,0,"N",0,0.0,0,0,0,0,0,0,0,0,0,0,0,0,0,0
"US000","2","81222","17","0","2026","1","N",9,0,0,0,0,0,0,0,"N",1.00,0,0,0,0,0,0,0,"N",1,12.5,0,0,0,0,0,0,0,0,0,0,0,0,0,0
"US000","2","812220","18","0","2026","1","N",9,0,0,0,0,0,0,0,"N",1.00,0,0,0,0,0,0,0,"N",1,12.5,0,0,0,0,0,0,0,0,0,0,0,0,0,0
"US000","2","8123","16","0","2026","1","N",1,0,0,0,0,0,0,0,"N",1.00,0,0,0,0,0,0,0,"N",0,0.0,0,0,0,0,0,0,0,0,0,0,0,0,0,0
"US000","2","81232","17","0","2026","1","N",1,0,0,0,0,0,0,0,"N",1.00,0,0,0,0,0,0,0,"N",0,0.0,0,0,0,0,0,0,0,0,0,0,0,0,0,0
"US000","2","812320","18","0","2026","1","N",1,0,0,0,0,0,0,0,"N",1.00,0,0,0,0,0,0,0,"N",0,0.0,0,0,0,0,0,0,0,0,0,0,0,0,0,0
"US000","2","8129","16","0","2026","1","",1,77,77,79,1254636,0,0,1243,"",1.00,1.00,1.00,1.00,1.00,0.00,0.00,1.00,"",0,0.0,8,11.6,6,8.5,4,5.3,163147,14.9,0,0.0,0,0.0,71,6.1
"US000","2","81293","17","0","2026","1","",1,77,77,79,1254636,0,0,1243,"",1.00,1.00,1.00,1.00,1.00,0.00,0.00,1.00,"",0,0.0,8,11.6,6,8.5,4,5.3,163147,14.9,0,0.0,0,0.0,71,6.1
"US000","2","812930","18","0","2026","1","",1,77,77,79,1254636,0,0,1243,"",1.00,1.00,1.00,1.00,1.00,0.00,0.00,1.00,"",0,0.0,8,11.6,6,8.5,4,5.3,163147,14.9,0,0.0,0,0.0,71,6.1
"US000","2","813","15","0","2026","1","",142,4491,4489,4468,55198766,7205810,16503,947,"",1.00,1.00,1.00,1.00,1.00,1.00,1.00,1.00,"",0,0.0,142,3.3,106,2.4,370,9.0,4197722,8.2,94081,1.3,2545,18.2,30,3.3
"US000","2","8132","16","0","2026","1","",16,556,557,559,13917590,1038763,1496,1921,"",1.00,1.00,1.00,1.00,1.00,1.00,1.00,1.00,"N",-1,-5.9,0,0,0,0,0,0,0,0,0,0,0,0,0,0
"US000","2","81321","17","0","2026","1","",16,556,557,559,13917590,1038763,1496,1921,"",1.00,1.00,1.00,1.00,1.00,1.00,1.00,1.00,"N",-1,-5.9,0,0,0,0,0,0,0,0,0,0,0,0,0,0
"US000","2","813211","18","0","2026","1","",16,556,557,559,13917590,1038763,1496,1921,"",1.00,1.00,1.00,1.00,1.00,1.00,1.00,1.00,"N",-1,-5.9,0,0,0,0,0,0,0,0,0,0,0,0,0,0
"US000","2","8133","16","0","2026","1","N",96,0,0,0,0,0,0,0,"N",1.00,0,0,0,0,0,0,0,"N",0,0.0,0,0,0,0,0,0,0,0,0,0,0,0,0,0
"US000","2","81331","17","0","2026","1","N",96,0,0,0,0,0,0,0,"N",1.00,0,0,0,0,0,0,0,"N",0,0.0,0,0,0,0,0,0,0,0,0,0,0,0,0,0
"US000","2","813311","18","0","2026","1","",2,28,30,29,315709,0,0,837,"",1.00,1.00,1.00,1.00,1.00,0.00,0.00,1.00,"",0,0.0,1,3.7,3,11.1,2,7.4,2924,0.9,0,0.0,0,0.0,-54,-6.1
"US000","2","813312","18","0","2026","1","N",7,0,0,0,0,0,0,0,"N",1.00,0,0,0,0,0,0,0,"N",2,40.0,0,0,0,0,0,0,0,0,0,0,0,0,0,0
"US000","2","813319","18","0","2026","1","",87,1577,1567,1598,17208097,127902,1796,837,"",1.00,1.00,1.00,1.00,1.00,1.00,1.00,1.00,"",-2,-2.2,88,5.9,41,2.7,315,24.6,635513,3.8,36434,39.8,532,42.1,-53,-6.0
"US000","2","8134","16","0","2026","1","N",7,0,0,0,0,0,0,0,"N",1.00,0,0,0,0,0,0,0,"N",0,0.0,0,0,0,0,0,0,0,0,0,0,0,0,0,0
"US000","2","81341","17","0","2026","1","N",7,0,0,0,0,0,0,0,"N",1.00,0,0,0,0,0,0,0,"N",0,0.0,0,0,0,0,0,0,0,0,0,0,0,0,0,0
"US000","2","813410","18","0","2026","1","N",7,0,0,0,0,0,0,0,"N",1.00,0,0,0,0,0,0,0,"N",0,0.0,0,0,0,0,0,0,0,0,0,0,0,0,0,0
"US000","2","8139","16","0","2026","1","N",23,0,0,0,0,0,0,0,"N",1.00,0,0,0,0,0,0,0,"N",1,4.5,0,0,0,0,0,0,0,0,0,0,0,0,0,0
"US000","2","81391","17","0","2026","1","",9,363,370,369,7901350,1704340,462,1655,"",1.00,1.00,1.00,1.00,1.00,1.00,1.00,1.00,"",0,0.0,-21,-5.5,-20,-5.1,-15,-3.9,260902,3.4,-141308,-7.7,-17,-3.5,132,8.7
"US000","2","813910","18","0","2026","1","",9,363,370,369,7901350,1704340,462,1655,"",1.00,1.00,1.00,1.00,1.00,1.00,1.00,1.00,"",0,0.0,-21,-5.5,-20,-5.1,-15,-3.9,260902,3.4,-141308,-7.7,-17,-3.5,132,8.7
"US000","2","81392","17","0","2026","1","N",9,0,0,0,0,0,0,0,"N",1.00,0,0,0,0,0,0,0,"N",1,12.5,0,0,0,0,0,0,0,0,0,0,0,0,0,0
"US000","2","813920","18","0","2026","1","N",9,0,0,0,0,0,0,0,"N",1.00,0,0,0,0,0,0,0,"N",1,12.5,0,0,0,0,0,0,0,0,0,0,0,0,0,0
"US000","2","81393","17","0","2026","1","",1,2,2,2,3870,3870,151,149,"",1.00,1.00,1.00,1.00,1.00,1.00,1.00,1.00,"",0,0.0,0,0.0,0,0.0,0,0.0,0,0.0,0,0.0,47,45.2,0,0.0
"US000","2","813930","18","0","2026","1","",1,2,2,2,3870,3870,151,149,"",1.00,1.00,1.00,1.00,1.00,1.00,1.00,1.00,"",0,0.0,0,0.0,0,0.0,0,0.0,0,0.0,0,0.0,47,45.2,0,0.0
"US000","2","81394","17","0","2026","1","",2,6,6,6,131191,0,0,1682,"",1.00,1.00,1.00,1.00,1.00,0.00,0.00,1.00,"",0,0.0,2,50.0,2,50.0,1,20.0,18799,16.7,0,0.0,0,0.0,-313,-15.7
"US000","2","813940","18","0","2026","1","",2,6,6,6,131191,0,0,1682,"",1.00,1.00,1.00,1.00,1.00,0.00,0.00,1.00,"",0,0.0,2,50.0,2,50.0,1,20.0,18799,16.7,0,0.0,0,0.0,-313,-15.7
"US000","2","81399","17","0","2026","1","",2,2,2,2,20001,0,0,769,"",1.00,1.00,1.00,1.00,1.00,0.00,0.00,1.00,"",0,0.0,0,0.0,0,0.0,0,0.0,-1524,-7.1,0,0.0,0,0.0,-59,-7.1
"US000","2","813990","18","0","2026","1","",2,2,2,2,20001,0,0,769,"",1.00,1.00,1.00,1.00,1.00,0.00,0.00,1.00,"",0,0.0,0,0.0,0,0.0,0,0.0,-1524,-7.1,0,0.0,0,0.0,-59,-7.1
"US000","2","92","14","0","2026","1","",51311,1882192,1883156,1886128,40311658760,1894920259,4505538,1646,"",1.00,1.00,1.00,1.00,1.00,1.00,1.00,1.00,"",-46,-0.1,6024,0.3,3739,0.2,3769,0.2,1262137343,3.2,56460551,3.1,26724,0.6,48,3.0
"US000","2","921","15","0","2026","1","",6551,244468,245962,245640,5615428805,234759728,575188,1761,"",1.00,1.00,1.00,1.00,1.00,1.00,1.00,1.00,"",9,0.1,585,0.2,378,0.2,-374,-0.2,181049113,3.3,11581145,5.2,45287,8.5,56,3.3
"US000","2","9211","16","0","2026","1","",6551,244468,245962,245640,5615428805,234759728,575188,1761,"",1.00,1.00,1.00,1.00,1.00,1.00,1.00,1.00,"",9,0.1,585,0.2,378,0.2,-374,-0.2,181049113,3.3,11581145,5.2,45287,8.5,56,3.3
"US000","2","92111","17","0","2026","1","",565,13660,13646,13652,296737795,10371329,30648,1672,"",1.00,1.00,1.00,1.00,1.00,1.00,1.00,1.00,"",-7,-1.2,-81,-0.6,-204,-1.5,-188,-1.4,4660596,1.6,231438,2.3,4282,16.2,45,2.8
"US000","2","921110","18","0","2026","1","",565,13660,13646,13652,296737795,10371329,30648,1672,"",1.00,1.00,1.00,1.00,1.00,1.00,1.00,1.00,"",-7,-1.2,-81,-0.6,-204,-1.5,-188,-1.4,4660596,1.6,231438,2.3,4282,16.2,45,2.8
"US000","2","92112","17","0","2026","1","",463,30797,31673,30985,599023019,25913615,44866,1479,"",1.00,1.00,1.00,1.00,1.00,1.00,1.00,1.00,"",1,0.2,-239,-0.8,-362,-1.1,-890,-2.8,11415155,1.9,-1443456,-5.3,1142,2.6,51,3.6
"US000","2","921120","18","0","2026","1","",463,30797,31673,30985,599023019,25913615,44866,1479,"",1.00,1.00,1.00,1.00,1.00,1.00,1.00,1.00,"",1,0.2,-239,-0.8,-362,-1.1,-890,-2.8,11415155,1.9,-1443456,-5.3,1142,2.6,51,3.6
"US000","2","92113","17","0","2026","1","",2478,103409,103843,104132,2392396475,78742980,204249,1773,"",1.00,1.00,1.00,1.00,1.00,1.00,1.00,1.00,"",5,0.2,565,0.5,527,0.5,400,0.4,70097612,3.0,2904427,3.8,18147,9.8,44,2.5
"US000","2","921130","18","0","2026","1","",2478,103409,103843,104132,2392396475,78742980,204249,1773,"",1.00,1.00,1.00,1.00,1.00,1.00,1.00,1.00,"",5,0.2,565,0.5,527,0.5,400,0.4,70097612,3.0,2904427,3.8,18147,9.8,44,2.5
"US000","2","92114","17","0","2026","1","",81,2596,2637,2620,55164313,9500,152,1621,"",1.00,1.00,1.00,1.00,1.00,1.00,1.00,1.00,"",-1,-1.2,98,3.9,133,5.3,36,1.4,2706860,5.2,9500,100.0,152,100.0,25,1.6
"US000","2","921140","18","0","2026","1","",81,2596,2637,2620,55164313,9500,152,1621,"",1.00,1.00,1.00,1.00,1.00,1.00,1.00,1.00,"",-1,-1.2,98,3.9,133,5.3,36,1.4,2706860,5.2,9500,100.0,152,100.0,25,1.6
"US000","2","92119","17","0","2026","1","",2964,94006,94163,94251,2272107203,119722304,295273,1857,"",1.00,1.00,1.00,1.00,1.00,1.00,1.00,1.00,"",11,0.4,242,0.3,284,0.3,268,0.3,92168890,4.2,9879236,9.0,21564,7.9,71,4.0
"US000","2","921190","18","0","2026","1","",2964,94006,94163,94251,2272107203,119722304,295273,1857,"",1.00,1.00,1.00,1.00,1.00,1.00,1.00,1.00,"",11,0.4,242,0.3,284,0.3,268,0.3,92168890,4.2,9879236,9.0,21564,7.9,71,4.0
"US000","2","922","15","0","2026","1","",14591,698213,698493,698917,15470174005,792033744,1651086,1704,"",1.00,1.00,1.00,1.00,1.00,1.00,1.00,1.00,"",61,0.4,3496,0.5,2762,0.4,4295,0.6,563260044,3.8,27766731,3.6,92151,5.9,54,3.3
"US000","2","9221","16","0","2026","1","",14591,698213,698493,698917,15470174005,792033744,1651086,1704,"",1.00,1.00,1.00,1.00,1.00,1.00,1.00,1.00,"",61,0.4,3496,0.5,2762,0.4,4295,0.6,563260044,3.8,27766731,3.6,92151,5.9,54,3.3
"US000","2","92211","17","0","2026","1","",3960,106611,106730,107060,2382819084,233363046,494826,1716,"",1.00,1.00,1.00,1.00,1.00,1.00,1.00,1.00,"",-30,-0.8,848,0.8,992,0.9,998,0.9,100286476,4.4,4211907,1.8,14369,3.0,57,3.4
"US000","2","922110","18","0","2026","1","",3960,106611,106730,107060,2382819084,233363046,494826,1716,"",1.00,1.00,1.00,1.00,1.00,1.00,1.00,1.00,"",-30,-0.8,848,0.8,992,0.9,998,0.9,100286476,4.4,4211907,1.8,14369,3.0,57,3.4
"US000","2","92212","17","0","2026","1","",2673,110717,110841,110904,2944790021,156379498,322746,2044,"",1.00,1.00,1.00,1.00,1.00,1.00,1.00,1.00,"",90,3.5,3843,3.6,3910,3.7,3718,3.5,210981472,7.7,5144160,3.4,24011,8.0,79,4.0
"US000","2","922120","18","0","2026","1","",2673,110717,110841,110904,2944790021,156379498,322746,2044,"",1.00,1.00,1.00,1.00,1.00,1.00,1.00,1.00,"",90,3.5,3843,3.6,3910,3.7,3718,3.5,210981472,7.7,5144160,3.4,24011,8.0,79,4.0
"US000","2","92213","17","0","2026","1","",2105,64247,64289,64284,1502283418,33447279,52868,1798,"",1.00,1.00,1.00,1.00,1.00,1.00,1.00,1.00,"",20,1.0,678,1.1,700,1.1,623,1.0,62536109,4.3,-382586,-1.1,3320,6.7,57,3.3
"US000","2","922130","18","0","2026","1","",2105,64247,64289,64284,1502283418,33447279,52868,1798,"",1.00,1.00,1.00,1.00,1.00,1.00,1.00,1.00,"",20,1.0,678,1.1,700,1.1,623,1.0,62536109,4.3,-382586,-1.1,3320,6.7,57,3.3
"US000","2","92214","17","0","2026","1","",4087,363428,363320,363309,7497605369,329890460,676087,1587,"",1.00,1.00,1.00,1.00,1.00,1.00,1.00,1.00,"",-44,-1.1,-2137,-0.6,-3101,-0.8,-1248,-0.3,160759088,2.2,17185498,5.5,48066,7.7,43,2.8
"US000","2","922140","18","0","2026","1","",4087,363428,363320,363309,7497605369,329890460,676087,1587,"",1.00,1.00,1.00,1.00,1.00,1.00,1.00,1.00,"",-44,-1.1,-2137,-0.6,-3101,-0.8,-1248,-0.3,160759088,2.2,17185498,5.5,48066,7.7,43,2.8
"US000","2","92215","17","0","2026","1","",951,20423,20407,20355,379912911,12004324,33312,1433,"",1.00,1.00,1.00,1.00,1.00,1.00,1.00,1.00,"",24,2.6,-240,-1.2,-237,-1.1,-208,-1.0,4696821,1.3,325114,2.8,7034,26.8,33,2.4
"US000","2","922150","18","0","2026","1","",951,20423,20407,20355,379912911,12004324,33312,1433,"",1.00,1.00,1.00,1.00,1.00,1.00,1.00,1.00,"",24,2.6,-240,-1.2,-237,-1.1,-208,-1.0,4696821,1.3,325114,2.8,7034,26.8,33,2.4
"US000","2","92216","17","0","2026","1","",164,2589,2744,2839,40695454,7816670,24709,1149,"",1.00,1.00,1.00,1.00,1.00,1.00,1.00,1.00,"",12,7.9,49,1.9,132,5.1,109,4.0,-2191135,-5.1,67228,0.9,1046,4.4,-107,-8.5
"US000","2","922160","18","0","2026","1","",164,2589,2744,2839,40695454,7816670,24709,1149,"",1.00,1.00,1.00,1.00,1.00,1.00,1.00,1.00,"",12,7.9,49,1.9,132,5.1,109,4.0,-2191135,-5.1,67228,0.9,1046,4.4,-107,-8.5
"US000","2","92219","17","0","2026","1","",651,30198,30162,30166,722067748,19132467,46538,1841,"",1.00,1.00,1.00,1.00,1.00,1.00,1.00,1.00,"",-11,-1.7,455,1.5,366,1.2,303,1.0,26191213,3.8,1215410,6.8,-5695,-10.9,45,2.5
"US000","2","922190","18","0","2026","1","",651,30198,30162,30166,722067748,19132467,46538,1841,"",1.00,1.00,1.00,1.00,1.00,1.00,1.00,1.00,"",-11,-1.7,455,1.5,366,1.2,303,1.0,26191213,3.8,1215410,6.8,-5695,-10.9,45,2.5
"US000","2","923","15","0","2026","1","",10876,436877,437435,437429,8818551737,567388996,1122374,1551,"",1.00,1.00,1.00,1.00,1.00,1.00,1.00,1.00,"",-62,-0.6,14,0.0,1,0.0,-626,-0.1,291226505,3.4,3599678,0.6,-149283,-11.7,52,3.5
"US000","2","9231","16","0","2026","1","",10876,436877,437435,437429,8818551737,567388996,1122374,1551,"",1.00,1.00,1.00,1.00,1.00,1.00,1.00,1.00,"",-62,-0.6,14,0.0,1,0.0,-626,-0.1,291226505,3.4,3599678,0.6,-149283,-11.7,52,3.5
"US000","2","92311","17","0","2026","1","",1310,47217,47432,47322,1071200159,54350741,99632,1741,"",1.00,1.00,1.00,1.00,1.00,1.00,1.00,1.00,"",28,2.2,-261,-0.5,-258,-0.5,-593,-1.2,-5050508,-0.5,2576499,5.0,-1602,-1.6,5,0.3
"US000","2","923110","18","0","2026","1","",1310,47217,47432,47322,1071200159,54350741,99632,1741,"",1.00,1.00,1.00,1.00,1.00,1.00,1.00,1.00,"",28,2.2,-261,-0.5,-258,-0.5,-593,-1.2,-5050508,-0.5,2576499,5.0,-1602,-1.6,5,0.3
"US000","2","92312","17","0","2026","1","",3837,151549,151687,151709,3163202030,181579019,349143,1605,"",1.00,1.00,1.00,1.00,1.00,1.00,1.00,1.00,"",193,5.3,5572,3.8,5379,3.7,5215,3.6,256935537,8.8,-18851664,-9.4,-205452,-37.0,76,5.0
"US000","2","923120","18","0","2026","1","",3837,151549,151687,151709,3163202030,181579019,349143,1605,"",1.00,1.00,1.00,1.00,1.00,1.00,1.00,1.00,"",193,5.3,5572,3.8,5379,3.7,5215,3.6,256935537,8.8,-18851664,-9.4,-205452,-37.0,76,5.0
"US000","2","92313","17","0","2026","1","",5135,229513,229646,229734,4439755494,327813930,666336,1487,"",1.00,1.00,1.00,1.00,1.00,1.00,1.00,1.00,"",-281,-5.2,-6083,-2.6,-5968,-2.5,-6083,-2.6,23043289,0.5,19649170,6.4,57374,9.4,45,3.1
"US000","2","923130","18","0","2026","1","",5135,229513,229646,229734,4439755494,327813930,666336,1487,"",1.00,1.00,1.00,1.00,1.00,1.00,1.00,1.00,"",-281,-5.2,-6083,-2.6,-5968,-2.5,-6083,-2.6,23043289,0.5,19649170,6.4,57374,9.4,45,3.1
"US000","2","92314","17","0","2026","1","",594,8598,8670,8664,144394054,3645306,7263,1285,"",1.00,1.00,1.00,1.00,1.00,1.00,1.00,1.00,"",-2,-0.3,786,10.1,848,10.8,835,10.7,16298187,12.7,225673,6.6,397,5.8,25,2.0
"US000","2","923140","18","0","2026","1","",594,8598,8670,8664,144394054,3645306,7263,1285,"",1.00,1.00,1.00,1.00,1.00,1.00,1.00,1.00,"",-2,-0.3,786,10.1,848,10.8,835,10.7,16298187,12.7,225673,6.6,397,5.8,25,2.0
"US000","2","924","15","0","2026","1","",6984,152095,150544,153673,3031104379,102755825,513606,1533,"",1.00,1.00,1.00,1.00,1.00,1.00,1.00,1.00,"",-63,-0.9,1704,1.1,90,0.1,373,0.2,49033589,1.6,2963493,3.0,19389,3.9,18,1.2
"US000","2","9241","16","0","2026","1","",6984,152095,150544,153673,3031104379,102755825,513606,1533,"",1.00,1.00,1.00,1.00,1.00,1.00,1.00,1.00,"",-63,-0.9,1704,1.1,90,0.1,373,0.2,49033589,1.6,2963493,3.0,19389,3.9,18,1.2
"US000","2","92411","17","0","2026","1","",1367,45361,44430,44653,1080897080,31196224,94202,1855,"",1.00,1.00,1.00,1.00,1.00,1.00,1.00,1.00,"",-46,-3.3,314,0.7,-654,-1.5,-614,-1.4,16833720,1.6,-179981,-0.6,-5905,-5.9,41,2.3
"US000","2","924110","18","0","2026","1","",1367,45361,44430,44653,1080897080,31196224,94202,1855,"",1.00,1.00,1.00,1.00,1.00,1.00,1.00,1.00,"",-46,-3.3,314,0.7,-654,-1.5,-614,-1.4,16833720,1.6,-179981,-0.6,-5905,-5.9,41,2.3
"US000","2","92412","17","0","2026","1","",5617,106734,106114,109020,1950207299,71559601,419404,1398,"",1.00,1.00,1.00,1.00,1.00,1.00,1.00,1.00,"",-17,-0.3,1390,1.3,744,0.7,987,0.9,32199869,1.7,3143474,4.6,25294,6.4,9,0.6
"US000","2","924120","18","0","2026","1","",5617,106734,106114,109020,1950207299,71559601,419404,1398,"",1.00,1.00,1.00,1.00,1.00,1.00,1.00,1.00,"",-17,-0.3,1390,1.3,744,0.7,987,0.9,32199869,1.7,3143474,4.6,25294,6.4,9,0.6
"US000","2","925","15","0","2026","1","",506,13461,13446,13387,310724781,27539860,107817,1780,"",1.00,1.00,1.00,1.00,1.00,1.00,1.00,1.00,"N",13,2.6,0,0,0,0,0,0,0,0,0,0,0,0,0,0
"US000","2","9251","16","0","2026","1","",506,13461,13446,13387,310724781,27539860,107817,1780,"",1.00,1.00,1.00,1.00,1.00,1.00,1.00,1.00,"N",13,2.6,0,0,0,0,0,0,0,0,0,0,0,0,0,0
"US000","2","92511","17","0","2026","1","",286,5803,5777,5716,129739319,5865677,32109,1731,"",1.00,1.00,1.00,1.00,1.00,1.00,1.00,1.00,"N",8,2.9,0,0,0,0,0,0,0,0,0,0,0,0,0,0
"US000","2","925110","18","0","2026","1","",286,5803,5777,5716,129739319,5865677,32109,1731,"",1.00,1.00,1.00,1.00,1.00,1.00,1.00,1.00,"N",8,2.9,0,0,0,0,0,0,0,0,0,0,0,0,0,0
"US000","2","92512","17","0","2026","1","",220,7658,7669,7671,180985462,21674183,75708,1816,"",1.00,1.00,1.00,1.00,1.00,1.00,1.00,1.00,"",5,2.3,281,3.8,252,3.4,266,3.6,7805487,4.5,5022514,30.2,27128,55.8,16,0.9
"US000","2","925120","18","0","2026","1","",220,7658,7669,7671,180985462,21674183,75708,1816,"",1.00,1.00,1.00,1.00,1.00,1.00,1.00,1.00,"",5,2.3,281,3.8,252,3.4,266,3.6,7805487,4.5,5022514,30.2,27128,55.8,16,0.9
"US000","2","926","15","0","2026","1","",11009,317826,317996,317547,6751468399,146956695,436145,1634,"",1.00,1.00,1.00,1.00,1.00,1.00,1.00,1.00,"",-21,-0.2,374,0.1,476,0.1,-282,-0.1,156457789,2.4,4705707,3.3,-18900,-4.2,37,2.3
"US000","2","9261","16","0","2026","1","",11009,317826,317996,317547,6751468399,146956695,436145,1634,"",1.00,1.00,1.00,1.00,1.00,1.00,1.00,1.00,"",-21,-0.2,374,0.1,476,0.1,-282,-0.1,156457789,2.4,4705707,3.3,-18900,-4.2,37,2.3
"US000","2","92611","17","0","2026","1","",966,31310,31382,31500,607611133,17578422,103690,1489,"",1.00,1.00,1.00,1.00,1.00,1.00,1.00,1.00,"",13,1.4,-765,-2.4,-689,-2.1,-557,-1.7,4232285,0.7,331098,1.9,-12457,-10.7,42,2.9
"US000","2","926110","18","0","2026","1","",966,31310,31382,31500,607611133,17578422,103690,1489,"",1.00,1.00,1.00,1.00,1.00,1.00,1.00,1.00,"",13,1.4,-765,-2.4,-689,-2.1,-557,-1.7,4232285,0.7,331098,1.9,-12457,-10.7,42,2.9
"US000","2","92612","17","0","2026","1","",4044,187064,187193,186541,4156437262,63984122,151858,1710,"",1.00,1.00,1.00,1.00,1.00,1.00,1.00,1.00,"",28,0.7,584,0.3,814,0.4,249,0.1,91019135,2.2,2427349,3.9,-5175,-3.3,32,1.9
"US000","2","926120","18","0","2026","1","",4044,187064,187193,186541,4156437262,63984122,151858,1710,"",1.00,1.00,1.00,1.00,1.00,1.00,1.00,1.00,"",28,0.7,584,0.3,814,0.4,249,0.1,91019135,2.2,2427349,3.9,-5175,-3.3,32,1.9
"US000","2","92613","17","0","2026","1","",343,9734,9745,9786,288853281,9947804,31400,2278,"",1.00,1.00,1.00,1.00,1.00,1.00,1.00,1.00,"",0,0.0,293,3.1,278,2.9,267,2.8,14657749,5.3,283432,2.9,-1574,-4.8,52,2.3
"US000","2","926130","18","0","2026","1","",343,9734,9745,9786,288853281,9947804,31400,2278,"",1.00,1.00,1.00,1.00,1.00,1.00,1.00,1.00,"",0,0.0,293,3.1,278,2.9,267,2.8,14657749,5.3,283432,2.9,-1574,-4.8,52,2.3
"US000","2","92614","17","0","2026","1","",3014,32981,32895,33006,534322837,7040327,26141,1247,"",1.00,1.00,1.00,1.00,1.00,1.00,1.00,1.00,"",-25,-0.8,-973,-2.9,-1100,-3.2,-1082,-3.2,-292825,-0.1,-111193,-1.6,3523,15.6,38,3.1
"US000","2","926140","18","0","2026","1","",3014,32981,32895,33006,534322837,7040327,26141,1247,"",1.00,1.00,1.00,1.00,1.00,1.00,1.00,1.00,"",-25,-0.8,-973,-2.9,-1100,-3.2,-1082,-3.2,-292825,-0.1,-111193,-1.6,3523,15.6,38,3.1
"US000","2","92615","17","0","2026","1","",2642,56737,56781,56714,1164243886,48406020,123056,1578,"",1.00,1.00,1.00,1.00,1.00,1.00,1.00,1.00,"",-37,-1.4,1235,2.2,1173,2.1,841,1.5,46841445,4.2,1775021,3.8,-3217,-2.5,34,2.2
"US000","2","926150","18","0","2026","1","",2642,56737,56781,56714,1164243886,48406020,123056,1578,"",1.00,1.00,1.00,1.00,1.00,1.00,1.00,1.00,"",-37,-1.4,1235,2.2,1173,2.1,841,1.5,46841445,4.2,1775021,3.8,-3217,-2.5,34,2.2
"US000","2","927","15","0","2026","1","",5,80,80,80,2308120,548930,0,2219,"",1.00,1.00,1.00,1.00,1.00,1.00,0.00,1.00,"N",0,0.0,0,0,0,0,0,0,0,0,0,0,0,0,0,0
"US000","2","9271","16","0","2026","1","",5,80,80,80,2308120,548930,0,2219,"",1.00,1.00,1.00,1.00,1.00,1.00,0.00,1.00,"N",0,0.0,0,0,0,0,0,0,0,0,0,0,0,0,0,0
"US000","2","92711","17","0","2026","1","",5,80,80,80,2308120,548930,0,2219,"",1.00,1.00,1.00,1.00,1.00,1.00,0.00,1.00,"N",0,0.0,0,0,0,0,0,0,0,0,0,0,0,0,0,0
"US000","2","927110","18","0","2026","1","",5,80,80,80,2308120,548930,0,2219,"",1.00,1.00,1.00,1.00,1.00,1.00,0.00,1.00,"N",0,0.0,0,0,0,0,0,0,0,0,0,0,0,0,0,0
"US000","2","928","15","0","2026","1","",789,19172,19200,19455,311898534,22936481,99322,1245,"",1.00,1.00,1.00,1.00,1.00,1.00,1.00,1.00,"",17,2.2,-685,-3.4,-458,-2.3,-62,-0.3,6453964,2.1,922538,4.2,12322,14.2,51,4.3
"US000","2","9281","16","0","2026","1","",789,19172,19200,19455,311898534,22936481,99322,1245,"",1.00,1.00,1.00,1.00,1.00,1.00,1.00,1.00,"",17,2.2,-685,-3.4,-458,-2.3,-62,-0.3,6453964,2.1,922538,4.2,12322,14.2,51,4.3
"US000","2","92811","17","0","2026","1","",786,19110,19138,19394,310545598,21983146,97721,1243,"",1.00,1.00,1.00,1.00,1.00,1.00,1.00,1.00,"",19,2.5,-683,-3.5,-457,-2.3,-58,-0.3,6488041,2.1,968864,4.6,12465,14.6,50,4.2
"US000","2","928110","18","0","2026","1","",786,19110,19138,19394,310545598,21983146,97721,1243,"",1.00,1.00,1.00,1.00,1.00,1.00,1.00,1.00,"",19,2.5,-683,-3.5,-457,-2.3,-58,-0.3,6488041,2.1,968864,4.6,12465,14.6,50,4.2
"US000","2","92812","17","0","2026","1","",3,62,62,61,1352936,953335,1601,1688,"",1.00,1.00,1.00,1.00,1.00,1.00,1.00,1.00,"",-2,-40.0,-2,-3.1,-1,-1.6,-4,-6.2,-34077,-2.5,-46326,-4.6,-143,-8.2,21,1.3
"US000","2","928120","18","0","2026","1","",3,62,62,61,1352936,953335,1601,1688,"",1.00,1.00,1.00,1.00,1.00,1.00,1.00,1.00,"",-2,-40.0,-2,-3.1,-1,-1.6,-4,-6.2,-34077,-2.5,-46326,-4.6,-143,-8.2,21,1.3
"US000","2","99","14","0","2026","1","N",413,0,0,0,0,0,0,0,"N",1.00,0,0,0,0,0,0,0,"N",332,409.9,0,0,0,0,0,0,0,0,0,0,0,0,0,0
"US000","2","999","15","0","2026","1","N",413,0,0,0,0,0,0,0,"N",1.00,0,0,0,0,0,0,0,"N",332,409.9,0,0,0,0,0,0,0,0,0,0,0,0,0,0
"US000","2","9999","16","0","2026","1","N",413,0,0,0,0,0,0,0,"N",1.00,0,0,0,0,0,0,0,"N",332,409.9,0,0,0,0,0,0,0,0,0,0,0,0,0,0
"US000","2","99999","17","0","2026","1","N",413,0,0,0,0,0,0,0,"N",1.00,0,0,0,0,0,0,0,"N",332,409.9,0,0,0,0,0,0,0,0,0,0,0,0,0,0
"US000","2","999999","18","0","2026","1","N",413,0,0,0,0,0,0,0,"N",1.00,0,0,0,0,0,0,0,"N",332,409.9,0,0,0,0,0,0,0,0,0,0,0,0,0,0
"US000","3","10","11","0","2026","1","",172872,14976390,15074233,15121612,258292976453,12970129118,107982337,1320,"",1.00,1.00,1.00,1.00,1.00,1.00,1.00,1.00,"",273,0.2,110826,0.7,78702,0.5,81691,0.5,8364859392,3.3,389506135,3.1,10485713,10.8,35,2.7
"US000","3","101","12","0","2026","1","",4404,111779,111429,111404,2009173403,153199717,1308937,1386,"",1.00,1.00,1.00,1.00,1.00,1.00,1.00,1.00,"",31,0.7,-544,-0.5,-683,-0.6,-860,-0.8,53502574,2.7,6858593,4.7,-171631,-11.6,46,3.4
"US000","3","1011","13","0","2026","1","",76,1967,1963,1985,37531327,21802705,110084,1464,"",1.00,1.00,1.00,1.00,1.00,1.00,1.00,1.00,"",1,1.3,73,3.9,87,4.6,73,3.8,590086,1.6,880932,4.2,-199332,-64.4,-36,-2.4
"US000","3","1012","13","0","2026","1","",4283,108635,108304,108240,1948468760,124355927,1077322,1383,"",1.00,1.00,1.00,1.00,1.00,1.00,1.00,1.00,"",34,0.8,-410,-0.4,-594,-0.5,-802,-0.7,55009017,2.9,5936211,5.0,40471,3.9,47,3.5
"US000","3","1013","13","0","2026","1","",45,1177,1162,1179,23173316,7041085,121531,1520,"",1.00,1.00,1.00,1.00,1.00,1.00,1.00,1.00,"",-4,-8.2,-207,-15.0,-176,-13.2,-131,-10.0,-2096529,-8.3,41450,0.6,-12770,-9.5,74,5.1
"US000","3","102","12","0","2026","1","",168468,14864611,14962804,15010208,256283803050,12816929401,106673400,1319,"",1.00,1.00,1.00,1.00,1.00,1.00,1.00,1.00,"",242,0.1,111370,0.8,79385,0.5,82551,0.6,8311356818,3.4,382647542,3.1,10657344,11.1,35,2.7
"US000","3","1021","13","0","2026","1","",12030,590547,590545,591114,13205585681,830925190,7653545,1720,"",1.00,1.00,1.00,1.00,1.00,1.00,1.00,1.00,"",-13,-0.1,8090,1.4,7188,1.2,7753,1.3,531741894,4.2,14857466,1.8,755132,10.9,48,2.9
"US000","3","1022","13","0","2026","1","",5199,126945,126761,127050,1441571041,129136989,833777,874,"",1.00,1.00,1.00,1.00,1.00,1.00,1.00,1.00,"",2,0.0,845,0.7,508,0.4,516,0.4,52517176,3.8,2581324,2.0,29147,3.6,28,3.3
"US000","3","1023","13","0","2026","1","",1893,46946,47055,47131,913284649,256158994,3423386,1493,"",1.00,1.00,1.00,1.00,1.00,1.00,1.00,1.00,"",-4,-0.2,-933,-1.9,-950,-2.0,-945,-2.0,29461325,3.3,3719696,1.5,205064,6.4,76,5.4
"US000","3","1024","13","0","2026","1","",4921,107323,107410,106286,1908801457,257850843,4089156,1372,"",1.00,1.00,1.00,1.00,1.00,1.00,1.00,1.00,"",102,2.1,5977,5.9,4522,4.4,4517,4.4,144635046,8.2,37194154,16.9,592524,16.9,42,3.2
"US000","3","1025","13","0","2026","1","",73710,9262741,9358756,9392258,147791415476,4448331979,27760750,1217,"",1.00,1.00,1.00,1.00,1.00,1.00,1.00,1.00,"",46,0.1,36915,0.4,14510,0.2,16468,0.2,3592238794,2.5,102632308,2.4,2813705,11.3,26,2.2
"US000","3","1026","13","0","2026","1","",4642,391523,394225,394781,4448559892,1062541118,15592972,870,"",1.00,1.00,1.00,1.00,1.00,1.00,1.00,1.00,"",-7,-0.2,4443,1.1,4398,1.1,3938,1.0,153737857,3.6,6635995,0.6,574071,3.8,21,2.5
"US000","3","1027","13","0","2026","1","",2066,33871,33825,34123,535324197,71216792,1072510,1213,"",1.00,1.00,1.00,1.00,1.00,1.00,1.00,1.00,"",-4,-0.2,470,1.4,418,1.3,334,1.0,19284816,3.7,273642,0.4,32078,3.1,29,2.4
"US000","3","1028","13","0","2026","1","",63782,4303893,4303406,4316646,86020354921,5758677421,46208998,1536,"",1.00,1.00,1.00,1.00,1.00,1.00,1.00,1.00,"",68,0.1,55146,1.3,48415,1.1,49596,1.2,3776579909,4.6,213851118,3.9,5633971,13.9,50,3.4
"US000","3","1029","13","0","2026","1","",225,822,821,819,18905736,2090075,38306,1772,"",1.00,1.00,1.00,1.00,1.00,1.00,1.00,1.00,"",52,30.1,417,103.0,376,84.5,374,84.0,11160001,144.1,901839,75.9,21652,130.0,392,28.4
"US000","3","11","14","0","2026","1","",68,1042,1033,1027,13586127,5469528,50710,1011,"",1.00,1.00,1.00,1.00,1.00,1.00,1.00,1.00,"",1,1.5,34,3.4,39,3.9,5,0.5,-1029698,-7.0,-574361,-9.5,-3923,-7.2,-104,-9.3
"US000","3","111","15","0","2026","1","",13,573,567,563,6257199,3852729,24667,848,"",1.00,1.00,1.00,1.00,1.00,1.00,1.00,1.00,"",0,0.0,79,16.0,72,14.5,44,8.5,389159,6.6,-383578,-9.1,-1601,-6.1,-50,-5.6
"US000","3","1111","16","0","2026","1","",1,5,5,5,59142,0,0,910,"",1.00,1.00,1.00,1.00,1.00,0.00,0.00,1.00,"",0,0.0,0,0.0,0,0.0,0,0.0,-233,-0.4,0,0.0,0,0.0,-3,-0.3
"US000","3","11114","17","0","2026","1","",1,5,5,5,59142,0,0,910,"",1.00,1.00,1.00,1.00,1.00,0.00,0.00,1.00,"",0,0.0,0,0.0,0,0.0,0,0.0,-233,-0.4,0,0.0,0,0.0,-3,-0.3
"US000","3","111140","18","0","2026","1","",1,5,5,5,59142,0,0,910,"",1.00,1.00,1.00,1.00,1.00,0.00,0.00,1.00,"",0,0.0,0,0.0,0,0.0,0,0.0,-233,-0.4,0,0.0,0,0.0,-3,-0.3
"US000","3","1112","16","0","2026","1","",1,21,23,22,231927,152615,9462,811,"",1.00,1.00,1.00,1.00,1.00,1.00,1.00,1.00,"",0,0.0,-1,-4.5,1,4.5,-1,-4.3,-17543,-7.0,-1799,-1.2,1896,25.1,-48,-5.6
"US000","3","11121","17","0","2026","1","",1,21,23,22,231927,152615,9462,811,"",1.00,1.00,1.00,1.00,1.00,1.00,1.00,1.00,"",0,0.0,-1,-4.5,1,4.5,-1,-4.3,-17543,-7.0,-1799,-1.2,1896,25.1,-48,-5.6
"US000","3","111219","18","0","2026","1","",1,21,23,22,231927,152615,9462,811,"",1.00,1.00,1.00,1.00,1.00,1.00,1.00,1.00,"",0,0.0,-1,-4.5,1,4.5,-1,-4.3,-17543,-7.0,-1799,-1.2,1896,25.1,-48,-5.6
"US000","3","1113","16","0","2026","1","N",1,0,0,0,0,0,0,0,"N",1.00,0,0,0,0,0,0,0,"N",0,0.0,0,0,0,0,0,0,0,0,0,0,0,0,0,0
"US000","3","11133","17","0","2026","1","N",1,0,0,0,0,0,0,0,"N",1.00,0,0,0,0,0,0,0,"N",0,0.0,0,0,0,0,0,0,0,0,0,0,0,0,0,0
"US000","3","111331","18","0","2026","1","N",1,0,0,0,0,0,0,0,"N",1.00,0,0,0,0,0,0,0,"N",0,0.0,0,0,0,0,0,0,0,0,0,0,0,0,0,0
"US000","3","1114","16","0","2026","1","N",3,0,0,0,0,0,0,0,"N",1.00,0,0,0,0,0,0,0,"N",0,0.0,0,0,0,0,0,0,0,0,0,0,0,0,0,0
"US000","3","11141","17","0","2026","1","",1,1,1,1,11132,0,0,856,"",1.00,1.00,1.00,1.00,1.00,0.00,0.00,1.00,"",0,0.0,-1,-50.0,-3,-75.0,-3,-75.0,-39340,-77.9,-21479,-100.0,-730,-100.0,-309,-26.5
"US000","3","111419","18","0","2026","1","",1,1,1,1,11132,0,0,856,"",1.00,1.00,1.00,1.00,1.00,0.00,0.00,1.00,"",0,0.0,-1,-50.0,-3,-75.0,-3,-75.0,-39340,-77.9,-21479,-100.0,-730,-100.0,-309,-26.5
"US000","3","11142","17","0","2026","1","N",2,0,0,0,0,0,0,0,"N",1.00,0,0,0,0,0,0,0,"N",0,0.0,0,0,0,0,0,0,0,0,0,0,0,0,0,0
"US000","3","111421","18","0","2026","1","N",1,0,0,0,0,0,0,0,"N",1.00,0,0,0,0,0,0,0,"N",0,0.0,0,0,0,0,0,0,0,0,0,0,0,0,0,0
"US000","3","111422","18","0","2026","1","N",1,0,0,0,0,0,0,0,"N",1.00,0,0,0,0,0,0,0,"N",0,0.0,0,0,0,0,0,0,0,0,0,0,0,0,0,0
"US000","3","1119","16","0","2026","1","",7,526,519,516,5841403,3700114,15205,864,"",1.00,1.00,1.00,1.00,1.00,1.00,1.00,1.00,"",0,0.0,80,17.9,74,16.6,48,10.3,440737,8.2,-360300,-8.9,-2767,-15.4,-53,-5.8
"US000","3","11192","17","0","2026","1","N",3,0,0,0,0,0,0,0,"N",1.00,0,0,0,0,0,0,0,"N",0,0.0,0,0,0,0,0,0,0,0,0,0,0,0,0,0
"US000","3","111920","18","0","2026","1","N",3,0,0,0,0,0,0,0,"N",1.00,0,0,0,0,0,0,0,"N",0,0.0,0,0,0,0,0,0,0,0,0,0,0,0,0,0
"US000","3","11194","17","0","2026","1","",1,22,22,14,227971,227971,3374,907,"",1.00,1.00,1.00,1.00,1.00,1.00,1.00,1.00,"",0,0.0,-2,-8.3,-2,-8.3,-9,-39.1,-30445,-11.8,-20982,-8.4,-784,-18.9,67,8.0
"US000","3","111940","18","0","2026","1","",1,22,22,14,227971,227971,3374,907,"",1.00,1.00,1.00,1.00,1.00,1.00,1.00,1.00,"",0,0.0,-2,-8.3,-2,-8.3,-9,-39.1,-30445,-11.8,-20982,-8.4,-784,-18.9,67,8.0
"US000","3","11199","17","0","2026","1","N",3,0,0,0,0,0,0,0,"N",1.00,0,0,0,0,0,0,0,"N",0,0.0,0,0,0,0,0,0,0,0,0,0,0,0,0,0
"US000","3","111998","18","0","2026","1","N",3,0,0,0,0,0,0,0,"N",1.00,0,0,0,0,0,0,0,"N",0,0.0,0,0,0,0,0,0,0,0,0,0,0,0,0,0
"US000","3","112","15","0","2026","1","",14,67,69,65,745391,403550,4271,856,"",1.00,1.00,1.00,1.00,1.00,1.00,1.00,1.00,"",1,7.7,2,3.1,3,4.5,0,0.0,74995,11.2,49213,13.9,566,15.3,67,8.5
"US000","3","1121","16","0","2026","1","",8,39,38,36,449620,189424,2,918,"",1.00,1.00,1.00,1.00,1.00,1.00,1.00,1.00,"",0,0.0,4,11.4,3,8.6,1,2.9,41095,10.1,19191,11.3,-201,-99.0,20,2.2
"US000","3","11211","17","0","2026","1","N",7,0,0,0,0,0,0,0,"N",1.00,0,0,0,0,0,0,0,"N",0,0.0,0,0,0,0,0,0,0,0,0,0,0,0,0,0
"US000","3","112111","18","0","2026","1","N",7,0,0,0,0,0,0,0,"N",1.00,0,0,0,0,0,0,0,"N",0,0.0,0,0,0,0,0,0,0,0,0,0,0,0,0,0
"US000","3","11212","17","0","2026","1","N",1,0,0,0,0,0,0,0,"N",1.00,0,0,0,0,0,0,0,"N",0,0.0,0,0,0,0,0,0,0,0,0,0,0,0,0,0
"US000","3","112120","18","0","2026","1","N",1,0,0,0,0,0,0,0,"N",1.00,0,0,0,0,0,0,0,"N",0,0.0,0,0,0,0,0,0,0,0,0,0,0,0,0,0
"US000","3","1125","16","0","2026","1","",3,21,23,24,207737,126092,1879,705,"",1.00,1.00,1.00,1.00,1.00,1.00,1.00,1.00,"",0,0.0,-4,-16.0,-3,-11.5,-1,-4.0,-8023,-3.7,-11901,-8.6,452,31.7,50,7.6
"US000","3","11251","17","0","2026","1","",3,21,23,24,207737,126092,1879,705,"",1.00,1.00,1.00,1.00,1.00,1.00,1.00,1.00,"",0,0.0,-4,-16.0,-3,-11.5,-1,-4.0,-8023,-3.7,-11901,-8.6,452,31.7,50,7.6
"US000","3","112511","18","0","2026","1","",3,21,23,24,207737,126092,1879,705,"",1.00,1.00,1.00,1.00,1.00,1.00,1.00,1.00,"",0,0.0,-4,-16.0,-3,-11.5,-1,-4.0,-8023,-3.7,-11901,-8.6,452,31.7,50,7.6
"US000","3","1129","16","0","2026","1","",3,7,8,5,88034,88034,2390,1016,"",1.00,1.00,1.00,1.00,1.00,1.00,1.00,1.00,"",1,50.0,2,40.0,3,60.0,0,0.0,41923,90.9,41923,90.9,315,15.2,307,43.3
"US000","3","11291","17","0","2026","1","",1,0,0,0,0,0,0,0,"",1.00,0.00,0.00,0.00,0.00,0.00,0.00,0.00,"",0,0.0,0,0.0,0,0.0,0,0.0,0,0.0,0,0.0,0,0.0,0,0.0
"US000","3","112910","18","0","2026","1","",1,0,0,0,0,0,0,0,"",1.00,0.00,0.00,0.00,0.00,0.00,0.00,0.00,"",0,0.0,0,0.0,0,0.0,0,0.0,0,0.0,0,0.0,0,0.0,0,0.0
"US000","3","11299","17","0","2026","1","",2,7,8,5,88034,88034,2390,1016,"",1.00,1.00,1.00,1.00,1.00,1.00,1.00,1.00,"",1,100.0,2,40.0,3,60.0,0,0.0,41923,90.9,41923,90.9,315,15.2,307,43.3
"US000","3","112990","18","0","2026","1","",2,7,8,5,88034,88034,2390,1016,"",1.00,1.00,1.00,1.00,1.00,1.00,1.00,1.00,"",1,100.0,2,40.0,3,60.0,0,0.0,41923,90.9,41923,90.9,315,15.2,307,43.3
"US000","3","113","15","0","2026","1","N",3,0,0,0,0,0,0,0,"N",1.00,0,0,0,0,0,0,0,"N",0,0.0,0,0,0,0,0,0,0,0,0,0,0,0,0,0
"US000","3","1133","16","0","2026","1","N",3,0,0,0,0,0,0,0,"N",1.00,0,0,0,0,0,0,0,"N",0,0.0,0,0,0,0,0,0,0,0,0,0,0,0,0,0
"US000","3","11331","17","0","2026","1","N",3,0,0,0,0,0,0,0,"N",1.00,0,0,0,0,0,0,0,"N",0,0.0,0,0,0,0,0,0,0,0,0,0,0,0,0,0
"US000","3","113310","18","0","2026","1","N",3,0,0,0,0,0,0,0,"N",1.00,0,0,0,0,0,0,0,"N",0,0.0,0,0,0,0,0,0,0,0,0,0,0,0,0,0
"US000","3","114","15","0","2026","1","N",2,0,0,0,0,0,0,0,"N",1.00,0,0,0,0,0,0,0,"N",0,0.0,0,0,0,0,0,0,0,0,0,0,0,0,0,0
"US000","3","1142","16","0","2026","1","N",2,0,0,0,0,0,0,0,"N",1.00,0,0,0,0,0,0,0,"N",0,0.0,0,0,0,0,0,0,0,0,0,0,0,0,0,0
"US000","3","11421","17","0","2026","1","N",2,0,0,0,0,0,0,0,"N",1.00,0,0,0,0,0,0,0,"N",0,0.0,0,0,0,0,0,0,0,0,0,0,0,0,0,0
"US000","3","114210","18","0","2026","1","N",2,0,0,0,0,0,0,0,"N",1.00,0,0,0,0,0,0,0,"N",0,0.0,0,0,0,0,0,0,0,0,0,0,0,0,0,0
"US000","3","115","15","0","2026","1","",36,361,357,357,5824609,1086673,16488,1250,"",1.00,1.00,1.00,1.00,1.00,1.00,1.00,1.00,"",0,0.0,-26,-6.7,-14,-3.8,-24,-6.3,-1173575,-16.8,-203230,-15.8,-1653,-9.1,-168,-11.8
"US000","3","1151","16","0","2026","1","",22,179,175,175,2757587,697685,12615,1203,"",1.00,1.00,1.00,1.00,1.00,1.00,1.00,1.00,"",0,0.0,3,1.7,4,2.3,3,1.7,172029,6.7,50634,7.8,-1840,-12.7,53,4.6
"US000","3","11511","17","0","2026","1","",22,179,175,175,2757587,697685,12615,1203,"",1.00,1.00,1.00,1.00,1.00,1.00,1.00,1.00,"",0,0.0,3,1.7,4,2.3,3,1.7,172029,6.7,50634,7.8,-1840,-12.7,53,4.6
"US000","3","115111","18","0","2026","1","N",1,0,0,0,0,0,0,0,"N",1.00,0,0,0,0,0,0,0,"N",0,0.0,0,0,0,0,0,0,0,0,0,0,0,0,0,0
"US000","3","115112","18","0","2026","1","N",20,0,0,0,0,0,0,0,"N",1.00,0,0,0,0,0,0,0,"N",0,0.0,0,0,0,0,0,0,0,0,0,0,0,0,0,0
"US000","3","115115","18","0","2026","1","",1,0,0,0,0,0,0,0,"",1.00,0.00,0.00,0.00,0.00,0.00,0.00,0.00,"",0,0.0,0,0.0,0,0.0,0,0.0,0,0.0,0,0.0,0,0.0,0,0.0
"US000","3","1153","16","0","2026","1","",14,182,182,182,3067022,388988,3873,1296,"",1.00,1.00,1.00,1.00,1.00,1.00,1.00,1.00,"",0,0.0,-29,-13.7,-18,-9.0,-27,-12.9,-1345604,-30.5,-253864,-39.5,187,5.1,-346,-21.1
"US000","3","11531","17","0","2026","1","",14,182,182,182,3067022,388988,3873,1296,"",1.00,1.00,1.00,1.00,1.00,1.00,1.00,1.00,"",0,0.0,-29,-13.7,-18,-9.0,-27,-12.9,-1345604,-30.5,-253864,-39.5,187,5.1,-346,-21.1
"US000","3","115310","18","0","2026","1","",14,182,182,182,3067022,388988,3873,1296,"",1.00,1.00,1.00,1.00,1.00,1.00,1.00,1.00,"",0,0.0,-29,-13.7,-18,-9.0,-27,-12.9,-1345604,-30.5,-253864,-39.5,187,5.1,-346,-21.1
"US000","3","21","14","0","2026","1","",8,925,930,958,23945200,16333177,59374,1964,"",1.00,1.00,1.00,1.00,1.00,1.00,1.00,1.00,"",0,0.0,39,4.4,48,5.4,68,7.6,1619784,7.3,1455293,9.8,-195409,-76.7,26,1.3
"US000","3","211","15","0","2026","1","",1,2,2,2,48375,48375,4484,1861,"",1.00,1.00,1.00,1.00,1.00,1.00,1.00,1.00,"",0,0.0,0,0.0,0,0.0,0,0.0,0,0.0,0,0.0,-204,-4.4,0,0.0
"US000","3","2111","16","0","2026","1","",1,2,2,2,48375,48375,4484,1861,"",1.00,1.00,1.00,1.00,1.00,1.00,1.00,1.00,"",0,0.0,0,0.0,0,0.0,0,0.0,0,0.0,0,0.0,-204,-4.4,0,0.0
"US000","3","21112","17","0","2026","1","",1,2,2,2,48375,48375,4484,1861,"",1.00,1.00,1.00,1.00,1.00,1.00,1.00,1.00,"",0,0.0,0,0.0,0,0.0,0,0.0,0,0.0,0,0.0,-204,-4.4,0,0.0
"US000","3","211120","18","0","2026","1","",1,2,2,2,48375,48375,4484,1861,"",1.00,1.00,1.00,1.00,1.00,1.00,1.00,1.00,"",0,0.0,0,0.0,0,0.0,0,0.0,0,0.0,0,0.0,-204,-4.4,0,0.0
"US000","3","212","15","0","2026","1","N",6,0,0,0,0,0,0,0,"N",1.00,0,0,0,0,0,0,0,"N",0,0.0,0,0,0,0,0,0,0,0,0,0,0,0,0,0
"US000","3","2121","16","0","2026","1","N",2,0,0,0,0,0,0,0,"N",1.00,0,0,0,0,0,0,0,"N",0,0.0,0,0,0,0,0,0,0,0,0,0,0,0,0,0
"US000","3","21211","17","0","2026","1","N",2,0,0,0,0,0,0,0,"N",1.00,0,0,0,0,0,0,0,"N",0,0.0,0,0,0,0,0,0,0,0,0,0,0,0,0,0
"US000","3","212114","18","0","2026","1","N",2,0,0,0,0,0,0,0,"N",1.00,0,0,0,0,0,0,0,"N",0,0.0,0,0,0,0,0,0,0,0,0,0,0,0,0,0
"US000","3","2123","16","0","2026","1","N",4,0,0,0,0,0,0,0,"N",1.00,0,0,0,0,0,0,0,"N",0,0.0,0,0,0,0,0,0,0,0,0,0,0,0,0,0
"US000","3","21232","17","0","2026","1","N",4,0,0,0,0,0,0,0,"N",1.00,0,0,0,0,0,0,0,"N",0,0.0,0,0,0,0,0,0,0,0,0,0,0,0,0,0
"US000","3","212321","18","0","2026","1","N",4,0,0,0,0,0,0,0,"N",1.00,0,0,0,0,0,0,0,"N",0,0.0,0,0,0,0,0,0,0,0,0,0,0,0,0,0
"US000","3","213","15","0","2026","1","N",1,0,0,0,0,0,0,0,"N",1.00,0,0,0,0,0,0,0,"N",0,0.0,0,0,0,0,0,0,0,0,0,0,0,0,0,0
"US000","3","2131","16","0","2026","1","N",1,0,0,0,0,0,0,0,"N",1.00,0,0,0,0,0,0,0,"N",0,0.0,0,0,0,0,0,0,0,0,0,0,0,0,0,0
"US000","3","21311","17","0","2026","1","N",1,0,0,0,0,0,0,0,"N",1.00,0,0,0,0,0,0,0,"N",0,0.0,0,0,0,0,0,0,0,0,0,0,0,0,0,0
"US000","3","213112","18","0","2026","1","N",1,0,0,0,0,0,0,0,"N",1.00,0,0,0,0,0,0,0,"N",0,0.0,0,0,0,0,0,0,0,0,0,0,0,0,0,0
"US000","3","22","14","0","2026","1","",8304,261501,261344,261578,6538298108,469815481,3948163,1924,"",1.00,1.00,1.00,1.00,1.00,1.00,1.00,1.00,"",-21,-0.3,3607,1.4,3633,1.4,3647,1.4,321865953,5.2,12172610,2.7,659098,20.0,69,3.7
"US000","3","221","15","0","2026","1","",8304,261501,261344,261578,6538298108,469815481,3948163,1924,"",1.00,1.00,1.00,1.00,1.00,1.00,1.00,1.00,"",-21,-0.3,3607,1.4,3633,1.4,3647,1.4,321865953,5.2,12172610,2.7,659098,20.0,69,3.7
"US000","3","2211","16","0","2026","1","",930,84586,84684,84968,2763392567,97370825,681321,2508,"",1.00,1.00,1.00,1.00,1.00,1.00,1.00,1.00,"",2,0.2,1954,2.4,2002,2.4,2489,3.0,186654402,7.2,2873206,3.0,-1122,-0.2,108,4.5
"US000","3","22111","17","0","2026","1","",242,23088,23128,23180,709216151,52412400,520844,2358,"",1.00,1.00,1.00,1.00,1.00,1.00,1.00,1.00,"",0,0.0,547,2.4,523,2.3,559,2.5,37217825,5.5,4060672,8.4,5481,1.1,70,3.1
"US000","3","221111","18","0","2026","1","",60,4251,4284,4298,136728226,3044820,31835,2459,"",1.00,1.00,1.00,1.00,1.00,1.00,1.00,1.00,"",1,1.7,34,0.8,96,2.3,135,3.2,12383474,10.0,22711,0.8,14872,87.7,176,7.7
"US000","3","221112","18","0","2026","1","",174,16748,16764,16786,490505235,6865779,30095,2250,"",1.00,1.00,1.00,1.00,1.00,1.00,1.00,1.00,"",-1,-0.6,432,2.6,365,2.2,375,2.3,17158388,3.6,128568,1.9,7103,30.9,26,1.2
"US000","3","221113","18","0","2026","1","",4,1988,1981,1995,79098396,41673416,429175,3061,"",1.00,1.00,1.00,1.00,1.00,1.00,1.00,1.00,"",0,0.0,79,4.1,64,3.3,47,2.4,7607374,10.6,3924208,10.4,-13834,-3.1,204,7.1
"US000","3","221114","18","0","2026","1","N",1,0,0,0,0,0,0,0,"N",1.00,0,0,0,0,0,0,0,"N",0,0.0,0,0,0,0,0,0,0,0,0,0,0,0,0,0
"US000","3","221115","18","0","2026","1","N",1,0,0,0,0,0,0,0,"N",1.00,0,0,0,0,0,0,0,"N",0,0.0,0,0,0,0,0,0,0,0,0,0,0,0,0,0
"US000","3","221117","18","0","2026","1","",1,1,1,1,14510,0,0,1116,"",1.00,1.00,1.00,1.00,1.00,0.00,0.00,1.00,"",0,0.0,0,0.0,0,0.0,0,0.0,651,4.7,0,0.0,0,0.0,50,4.7
"US000","3","221118","18","0","2026","1","N",1,0,0,0,0,0,0,0,"N",1.00,0,0,0,0,0,0,0,"N",0,0.0,0,0,0,0,0,0,0,0,0,0,0,0,0,0
"US000","3","22112","17","0","2026","1","",688,61498,61556,61788,2054176416,44958425,160477,2565,"",1.00,1.00,1.00,1.00,1.00,1.00,1.00,1.00,"",2,0.3,1407,2.3,1479,2.5,1930,3.2,149436577,7.8,-1187466,-2.6,-6603,-4.0,123,5.0
"US000","3","221121","18","0","2026","1","",68,7243,7233,7202,240329779,2009665,8005,2558,"",1.00,1.00,1.00,1.00,1.00,1.00,1.00,1.00,"",3,4.6,24,0.3,13,0.2,-22,-0.3,12558710,5.5,84440,4.4,-2050,-20.4,132,5.4
"US000","3","221122","18","0","2026","1","",620,54255,54323,54586,1813846637,42948760,152472,2565,"",1.00,1.00,1.00,1.00,1.00,1.00,1.00,1.00,"",-1,-0.2,1383,2.6,1466,2.8,1952,3.7,136877867,8.2,-1271906,-2.9,-4553,-2.9,121,5.0
"US000","3","2212","16","0","2026","1","",206,6949,6906,6961,135386006,15932712,48177,1501,"",1.00,1.00,1.00,1.00,1.00,1.00,1.00,1.00,"",0,0.0,311,4.7,273,4.1,321,4.8,10867620,8.7,209204,1.3,1345,2.9,58,4.0
"US000","3","22121","17","0","2026","1","",206,6949,6906,6961,135386006,15932712,48177,1501,"",1.00,1.00,1.00,1.00,1.00,1.00,1.00,1.00,"",0,0.0,311,4.7,273,4.1,321,4.8,10867620,8.7,209204,1.3,1345,2.9,58,4.0
"US000","3","221210","18","0","2026","1","",206,6949,6906,6961,135386006,15932712,48177,1501,"",1.00,1.00,1.00,1.00,1.00,1.00,1.00,1.00,"",0,0.0,311,4.7,273,4.1,321,4.8,10867620,8.7,209204,1.3,1345,2.9,58,4.0
"US000","3","2213","16","0","2026","1","",7168,169966,169754,169649,3639519535,356511944,3218665,1649,"",1.00,1.00,1.00,1.00,1.00,1.00,1.00,1.00,"",-23,-0.3,1342,0.8,1358,0.8,837,0.5,124343931,3.5,9090200,2.6,658875,25.7,45,2.8
"US000","3","22131","17","0","2026","1","",4863,117313,117186,117010,2480737590,256242694,2344926,1629,"",1.00,1.00,1.00,1.00,1.00,1.00,1.00,1.00,"",-11,-0.2,1136,1.0,1270,1.1,781,0.7,90192698,3.8,7191609,2.9,563734,31.6,45,2.8
"US000","3","221310","18","0","2026","1","",4863,117313,117186,117010,2480737590,256242694,2344926,1629,"",1.00,1.00,1.00,1.00,1.00,1.00,1.00,1.00,"",-11,-0.2,1136,1.0,1270,1.1,781,0.7,90192698,3.8,7191609,2.9,563734,31.6,45,2.8
"US000","3","22132","17","0","2026","1","",2300,52516,52433,52505,1155733181,99453069,869657,1694,"",1.00,1.00,1.00,1.00,1.00,1.00,1.00,1.00,"",-12,-0.5,209,0.4,93,0.2,59,0.1,34117199,3.0,1949865,2.0,95396,12.3,46,2.8
"US000","3","221320","18","0","2026","1","",2300,52516,52433,52505,1155733181,99453069,869657,1694,"",1.00,1.00,1.00,1.00,1.00,1.00,1.00,1.00,"",-12,-0.5,209,0.4,93,0.2,59,0.1,34117199,3.0,1949865,2.0,95396,12.3,46,2.8
"US000","3","22133","17","0","2026","1","",5,137,135,134,3048764,816181,4082,1733,"",1.00,1.00,1.00,1.00,1.00,1.00,1.00,1.00,"",0,0.0,-3,-2.1,-5,-3.6,-3,-2.2,34034,1.1,-51274,-5.9,-255,-5.9,65,3.9
"US000","3","221330","18","0","2026","1","",5,137,135,134,3048764,816181,4082,1733,"",1.00,1.00,1.00,1.00,1.00,1.00,1.00,1.00,"",0,0.0,-3,-2.1,-5,-3.6,-3,-2.2,34034,1.1,-51274,-5.9,-255,-5.9,65,3.9
"US000","3","23","14","0","2026","1","",4283,108635,108304,108240,1948468760,124355927,1077322,1383,"",1.00,1.00,1.00,1.00,1.00,1.00,1.00,1.00,"",34,0.8,-410,-0.4,-594,-0.5,-802,-0.7,55009017,2.9,5936211,5.0,40471,3.9,47,3.5
"US000","3","236","15","0","2026","1","",123,3106,3109,3109,69363360,5404837,59737,1717,"",1.00,1.00,1.00,1.00,1.00,1.00,1.00,1.00,"",12,10.8,155,5.3,186,6.4,132,4.4,-6080089,-8.1,887130,19.6,10977,22.5,-250,-12.7
"US000","3","2361","16","0","2026","1","",15,152,152,152,2352584,1489688,21652,1191,"",1.00,1.00,1.00,1.00,1.00,1.00,1.00,1.00,"",2,15.4,12,8.6,16,11.8,16,11.8,582201,32.9,465074,45.4,105,0.5,199,20.1
"US000","3","23611","17","0","2026","1","",15,152,152,152,2352584,1489688,21652,1191,"",1.00,1.00,1.00,1.00,1.00,1.00,1.00,1.00,"",2,15.4,12,8.6,16,11.8,16,11.8,582201,32.9,465074,45.4,105,0.5,199,20.1
"US000","3","236115","18","0","2026","1","",7,89,91,92,1372978,1319466,18997,1165,"",1.00,1.00,1.00,1.00,1.00,1.00,1.00,1.00,"",3,75.0,21,30.9,23,33.8,25,37.3,520539,61.1,467027,54.8,75,0.4,196,20.2
"US000","3","236118","18","0","2026","1","",8,63,61,60,979606,170222,2655,1229,"",1.00,1.00,1.00,1.00,1.00,1.00,1.00,1.00,"",-1,-11.1,-9,-12.5,-7,-10.3,-9,-13.0,61662,6.7,-1953,-1.1,30,1.1,215,21.2
"US000","3","2362","16","0","2026","1","",108,2954,2957,2957,67010776,3915149,38085,1744,"",1.00,1.00,1.00,1.00,1.00,1.00,1.00,1.00,"",10,10.2,143,5.1,170,6.1,116,4.1,-6662290,-9.0,422056,12.1,10872,40.0,-271,-13.4
"US000","3","23621","17","0","2026","1","N",1,0,0,0,0,0,0,0,"N",1.00,0,0,0,0,0,0,0,"N",0,0.0,0,0,0,0,0,0,0,0,0,0,0,0,0,0
"US000","3","236210","18","0","2026","1","N",1,0,0,0,0,0,0,0,"N",1.00,0,0,0,0,0,0,0,"N",0,0.0,0,0,0,0,0,0,0,0,0,0,0,0,0,0
"US000","3","23622","17","0","2026","1","N",107,0,0,0,0,0,0,0,"N",1.00,0,0,0,0,0,0,0,"N",10,10.3,0,0,0,0,0,0,0,0,0,0,0,0,0,0
"US000","3","236220","18","0","2026","1","N",107,0,0,0,0,0,0,0,"N",1.00,0,0,0,0,0,0,0,"N",10,10.3,0,0,0,0,0,0,0,0,0,0,0,0,0,0
"US000","3","237","15","0","2026","1","",4084,104511,104177,104109,1861486344,118322619,1007279,1373,"",1.00,1.00,1.00,1.00,1.00,1.00,1.00,1.00,"",20,0.5,-585,-0.6,-785,-0.7,-944,-0.9,60138484,3.3,4824435,4.3,27334,2.8,54,4.1
"US000","3","2371","16","0","2026","1","",126,2593,2565,2600,47318169,6927298,79966,1408,"",1.00,1.00,1.00,1.00,1.00,1.00,1.00,1.00,"",26,26.0,285,12.3,264,11.5,254,10.8,6127711,14.9,1754403,33.9,11344,16.5,41,3.0
"US000","3","23711","17","0","2026","1","",107,2156,2123,2159,37800893,6603470,77972,1355,"",1.00,1.00,1.00,1.00,1.00,1.00,1.00,1.00,"",27,33.8,244,12.8,218,11.4,207,10.6,4935691,15.0,1820845,38.1,10514,15.6,40,3.0
"US000","3","237110","18","0","2026","1","",107,2156,2123,2159,37800893,6603470,77972,1355,"",1.00,1.00,1.00,1.00,1.00,1.00,1.00,1.00,"",27,33.8,244,12.8,218,11.4,207,10.6,4935691,15.0,1820845,38.1,10514,15.6,40,3.0
"US000","3","23712","17","0","2026","1","N",2,0,0,0,0,0,0,0,"N",1.00,0,0,0,0,0,0,0,"N",0,0.0,0,0,0,0,0,0,0,0,0,0,0,0,0,0
"US000","3","237120","18","0","2026","1","N",2,0,0,0,0,0,0,0,"N",1.00,0,0,0,0,0,0,0,"N",0,0.0,0,0,0,0,0,0,0,0,0,0,0,0,0,0
"US000","3","23713","17","0","2026","1","N",17,0,0,0,0,0,0,0,"N",1.00,0,0,0,0,0,0,0,"N",-1,-5.6,0,0,0,0,0,0,0,0,0,0,0,0,0,0
"US000","3","237130","18","0","2026","1","N",17,0,0,0,0,0,0,0,"N",1.00,0,0,0,0,0,0,0,"N",-1,-5.6,0,0,0,0,0,0,0,0,0,0,0,0,0,0
"US000","3","2372","16","0","2026","1","",11,91,92,94,2276001,1037433,7802,1896,"",1.00,1.00,1.00,1.00,1.00,1.00,1.00,1.00,"",1,10.0,-4,-4.2,-1,-1.1,-4,-4.1,98356,4.5,48463,4.9,2340,42.8,139,7.9
"US000","3","23721","17","0","2026","1","",11,91,92,94,2276001,1037433,7802,1896,"",1.00,1.00,1.00,1.00,1.00,1.00,1.00,1.00,"",1,10.0,-4,-4.2,-1,-1.1,-4,-4.1,98356,4.5,48463,4.9,2340,42.8,139,7.9
"US000","3","237210","18","0","2026","1","",11,91,92,94,2276001,1037433,7802,1896,"",1.00,1.00,1.00,1.00,1.00,1.00,1.00,1.00,"",1,10.0,-4,-4.2,-1,-1.1,-4,-4.1,98356,4.5,48463,4.9,2340,42.8,139,7.9
"US000","3","2373","16","0","2026","1","",3897,100689,100409,100300,1788440438,107611834,866158,1369,"",1.00,1.00,1.00,1.00,1.00,1.00,1.00,1.00,"",-7,-0.2,-952,-0.9,-1126,-1.1,-1264,-1.2,52047832,3.0,3090886,3.0,15463,1.8,54,4.1
"US000","3","23731","17","0","2026","1","",3897,100689,100409,100300,1788440438,107611834,866158,1369,"",1.00,1.00,1.00,1.00,1.00,1.00,1.00,1.00,"",-7,-0.2,-952,-0.9,-1126,-1.1,-1264,-1.2,52047832,3.0,3090886,3.0,15463,1.8,54,4.1
"US000","3","237310","18","0","2026","1","",3897,100689,100409,100300,1788440438,107611834,866158,1369,"",1.00,1.00,1.00,1.00,1.00,1.00,1.00,1.00,"",-7,-0.2,-952,-0.9,-1126,-1.1,-1264,-1.2,52047832,3.0,3090886,3.0,15463,1.8,54,4.1
"US000","3","2379","16","0","2026","1","",50,1138,1111,1115,23451736,2746054,53353,1609,"",1.00,1.00,1.00,1.00,1.00,1.00,1.00,1.00,"",0,0.0,86,8.2,78,7.6,70,6.7,1864585,8.6,-69317,-2.5,-1813,-3.3,17,1.1
"US000","3","23799","17","0","2026","1","",50,1138,1111,1115,23451736,2746054,53353,1609,"",1.00,1.00,1.00,1.00,1.00,1.00,1.00,1.00,"",0,0.0,86,8.2,78,7.6,70,6.7,1864585,8.6,-69317,-2.5,-1813,-3.3,17,1.1
"US000","3","237990","18","0","2026","1","",50,1138,1111,1115,23451736,2746054,53353,1609,"",1.00,1.00,1.00,1.00,1.00,1.00,1.00,1.00,"",0,0.0,86,8.2,78,7.6,70,6.7,1864585,8.6,-69317,-2.5,-1813,-3.3,17,1.1
"US000","3","238","15","0","2026","1","",76,1018,1018,1022,17619056,628471,10306,1330,"",1.00,1.00,1.00,1.00,1.00,1.00,1.00,1.00,"",2,2.7,20,2.0,5,0.5,10,1.0,950622,5.7,224646,55.6,2160,26.5,58,4.6
"US000","3","2381","16","0","2026","1","N",2,0,0,0,0,0,0,0,"N",1.00,0,0,0,0,0,0,0,"N",0,0.0,0,0,0,0,0,0,0,0,0,0,0,0,0,0
"US000","3","23811","17","0","2026","1","",1,6,6,6,105864,0,0,1357,"",1.00,1.00,1.00,1.00,1.00,0.00,0.00,1.00,"",0,0.0,0,0.0,0,0.0,0,0.0,-684,-0.6,0,0.0,0,0.0,-9,-0.7
"US000","3","238112","18","0","2026","1","",1,6,6,6,105864,0,0,1357,"",1.00,1.00,1.00,1.00,1.00,0.00,0.00,1.00,"",0,0.0,0,0.0,0,0.0,0,0.0,-684,-0.6,0,0.0,0,0.0,-9,-0.7
"US000","3","23819","17","0","2026","1","N",1,0,0,0,0,0,0,0,"N",1.00,0,0,0,0,0,0,0,"N",0,0.0,0,0,0,0,0,0,0,0,0,0,0,0,0,0
"US000","3","238192","18","0","2026","1","N",1,0,0,0,0,0,0,0,"N",1.00,0,0,0,0,0,0,0,"N",0,0.0,0,0,0,0,0,0,0,0,0,0,0,0,0,0
"US000","3","2382","16","0","2026","1","",51,441,439,447,8279553,369350,5709,1440,"",1.00,1.00,1.00,1.00,1.00,1.00,1.00,1.00,"",1,2.0,23,5.5,17,4.0,28,6.7,426073,5.4,182732,97.9,2400,72.5,0,0.0
"US000","3","23821","17","0","2026","1","N",32,0,0,0,0,0,0,0,"N",1.00,0,0,0,0,0,0,0,"N",-1,-3.0,0,0,0,0,0,0,0,0,0,0,0,0,0,0
"US000","3","238211","18","0","2026","1","N",4,0,0,0,0,0,0,0,"N",1.00,0,0,0,0,0,0,0,"N",-2,-33.3,0,0,0,0,0,0,0,0,0,0,0,0,0,0
"US000","3","238212","18","0","2026","1","",28,135,133,132,2251242,245335,4034,1299,"",1.00,1.00,1.00,1.00,1.00,1.00,1.00,1.00,"",1,3.7,19,16.4,16,13.7,16,13.8,306268,15.7,223353,1016.1,3880,2519.5,13,1.0
"US000","3","23822","17","0","2026","1","",17,239,238,246,4572991,11470,229,1460,"",1.00,1.00,1.00,1.00,1.00,1.00,1.00,1.00,"",1,6.2,4,1.7,1,0.4,9,3.8,99081,2.2,11470,100.0,229,100.0,4,0.3
"US000","3","238222","18","0","2026","1","",17,239,238,246,4572991,11470,229,1460,"",1.00,1.00,1.00,1.00,1.00,1.00,1.00,1.00,"",1,6.2,4,1.7,1,0.4,9,3.8,99081,2.2,11470,100.0,229,100.0,4,0.3
"US000","3","23829","17","0","2026","1","N",2,0,0,0,0,0,0,0,"N",1.00,0,0,0,0,0,0,0,"N",1,100.0,0,0,0,0,0,0,0,0,0,0,0,0,0,0
"US000","3","238292","18","0","2026","1","N",2,0,0,0,0,0,0,0,"N",1.00,0,0,0,0,0,0,0,"N",1,100.0,0,0,0,0,0,0,0,0,0,0,0,0,0,0
"US000","3","2383","16","0","2026","1","N",7,0,0,0,0,0,0,0,"N",1.00,0,0,0,0,0,0,0,"N",0,0.0,0,0,0,0,0,0,0,0,0,0,0,0,0,0
"US000","3","23831","17","0","2026","1","N",1,0,0,0,0,0,0,0,"N",1.00,0,0,0,0,0,0,0,"N",0,0.0,0,0,0,0,0,0,0,0,0,0,0,0,0,0
"US000","3","238312","18","0","2026","1","N",1,0,0,0,0,0,0,0,"N",1.00,0,0,0,0,0,0,0,"N",0,0.0,0,0,0,0,0,0,0,0,0,0,0,0,0,0
"US000","3","23832","17","0","2026","1","",1,5,6,6,102359,74448,744,1389,"",1.00,1.00,1.00,1.00,1.00,1.00,1.00,1.00,"",0,0.0,-2,-28.6,-1,-14.3,-1,-14.3,-22667,-18.1,-22830,-23.5,-229,-23.5,15,1.1
"US000","3","238322","18","0","2026","1","",1,5,6,6,102359,74448,744,1389,"",1.00,1.00,1.00,1.00,1.00,1.00,1.00,1.00,"",0,0.0,-2,-28.6,-1,-14.3,-1,-14.3,-22667,-18.1,-22830,-23.5,-229,-23.5,15,1.1
"US000","3","23835","17","0","2026","1","N",3,0,0,0,0,0,0,0,"N",1.00,0,0,0,0,0,0,0,"N",0,0.0,0,0,0,0,0,0,0,0,0,0,0,0,0,0
"US000","3","238352","18","0","2026","1","N",3,0,0,0,0,0,0,0,"N",1.00,0,0,0,0,0,0,0,"N",0,0.0,0,0,0,0,0,0,0,0,0,0,0,0,0,0
"US000","3","23839","17","0","2026","1","N",2,0,0,0,0,0,0,0,"N",1.00,0,0,0,0,0,0,0,"N",0,0.0,0,0,0,0,0,0,0,0,0,0,0,0,0,0
"US000","3","238392","18","0","2026","1","N",2,0,0,0,0,0,0,0,"N",1.00,0,0,0,0,0,0,0,"N",0,0.0,0,0,0,0,0,0,0,0,0,0,0,0,0,0
"US000","3","2389","16","0","2026","1","",16,369,375,372,7168580,178694,3739,1482,"",1.00,1.00,1.00,1.00,1.00,1.00,1.00,1.00,"",1,6.7,29,8.5,27,7.8,24,6.9,792865,12.4,67228,60.3,-66,-1.7,62,4.4
"US000","3","23891","17","0","2026","1","",8,272,275,272,5589500,120243,3606,1575,"",1.00,1.00,1.00,1.00,1.00,1.00,1.00,1.00,"",1,14.3,22,8.8,20,7.8,16,6.2,646776,13.1,38909,47.8,-118,-3.2,76,5.1
"US000","3","238911","18","0","2026","1","N",2,0,0,0,0,0,0,0,"N",1.00,0,0,0,0,0,0,0,"N",1,100.0,0,0,0,0,0,0,0,0,0,0,0,0,0,0
"US000","3","238912","18","0","2026","1","N",6,0,0,0,0,0,0,0,"N",1.00,0,0,0,0,0,0,0,"N",0,0.0,0,0,0,0,0,0,0,0,0,0,0,0,0,0
"US000","3","23899","17","0","2026","1","",8,97,100,100,1579080,58451,133,1227,"",1.00,1.00,1.00,1.00,1.00,1.00,1.00,1.00,"",0,0.0,7,7.8,7,7.5,8,8.7,146089,10.2,28319,94.0,52,64.2,24,2.0
"US000","3","238992","18","0","2026","1","",8,97,100,100,1579080,58451,133,1227,"",1.00,1.00,1.00,1.00,1.00,1.00,1.00,1.00,"",0,0.0,7,7.8,7,7.5,8,8.7,146089,10.2,28319,94.0,52,64.2,24,2.0
"US000","3","31-33","14","0","2026","1","",45,1177,1162,1179,23173316,7041085,121531,1520,"",1.00,1.00,1.00,1.00,1.00,1.00,1.00,1.00,"",-4,-8.2,-207,-15.0,-176,-13.2,-131,-10.0,-2096529,-8.3,41450,0.6,-12770,-9.5,74,5.1
"US000","3","311","15","0","2026","1","",5,55,56,56,531832,0,0,735,"",1.00,1.00,1.00,1.00,1.00,0.00,0.00,1.00,"",-1,-16.7,-2,-3.5,-1,-1.8,-2,-3.4,-4429,-0.8,0,0.0,0,0.0,16,2.2
"US000","3","3114","16","0","2026","1","",1,0,0,0,0,0,0,0,"",1.00,0.00,0.00,0.00,0.00,0.00,0.00,0.00,"",0,0.0,0,0.0,0,0.0,0,0.0,0,0.0,0,0.0,0,0.0,0,0.0
"US000","3","31142","17","0","2026","1","",1,0,0,0,0,0,0,0,"",1.00,0.00,0.00,0.00,0.00,0.00,0.00,0.00,"",0,0.0,0,0.0,0,0.0,0,0.0,0,0.0,0,0.0,0,0.0,0,0.0
"US000","3","311421","18","0","2026","1","",1,0,0,0,0,0,0,0,"",1.00,0.00,0.00,0.00,0.00,0.00,0.00,0.00,"",0,0.0,0,0.0,0,0.0,0,0.0,0,0.0,0,0.0,0,0.0,0,0.0
"US000","3","3116","16","0","2026","1","N",1,0,0,0,0,0,0,0,"N",1.00,0,0,0,0,0,0,0,"N",0,0.0,0,0,0,0,0,0,0,0,0,0,0,0,0,0
"US000","3","31161","17","0","2026","1","N",1,0,0,0,0,0,0,0,"N",1.00,0,0,0,0,0,0,0,"N",0,0.0,0,0,0,0,0,0,0,0,0,0,0,0,0,0
"US000","3","311612","18","0","2026","1","N",1,0,0,0,0,0,0,0,"N",1.00,0,0,0,0,0,0,0,"N",0,0.0,0,0,0,0,0,0,0,0,0,0,0,0,0,0
"US000","3","3117","16","0","2026","1","N",1,0,0,0,0,0,0,0,"N",1.00,0,0,0,0,0,0,0,"N",0,0.0,0,0,0,0,0,0,0,0,0,0,0,0,0,0
"US000","3","31171","17","0","2026","1","N",1,0,0,0,0,0,0,0,"N",1.00,0,0,0,0,0,0,0,"N",0,0.0,0,0,0,0,0,0,0,0,0,0,0,0,0,0
"US000","3","311710","18","0","2026","1","N",1,0,0,0,0,0,0,0,"N",1.00,0,0,0,0,0,0,0,"N",0,0.0,0,0,0,0,0,0,0,0,0,0,0,0,0,0
"US000","3","3118","16","0","2026","1","N",2,0,0,0,0,0,0,0,"N",1.00,0,0,0,0,0,0,0,"N",0,0.0,0,0,0,0,0,0,0,0,0,0,0,0,0,0
"US000","3","31181","17","0","2026","1","N",2,0,0,0,0,0,0,0,"N",1.00,0,0,0,0,0,0,0,"N",0,0.0,0,0,0,0,0,0,0,0,0,0,0,0,0,0
"US000","3","311812","18","0","2026","1","N",2,0,0,0,0,0,0,0,"N",1.00,0,0,0,0,0,0,0,"N",0,0.0,0,0,0,0,0,0,0,0,0,0,0,0,0,0
"US000","3","312","15","0","2026","1","",4,49,50,48,623609,212804,1756,979,"",1.00,1.00,1.00,1.00,1.00,1.00,1.00,1.00,"",0,0.0,3,6.5,2,4.2,2,4.3,-62721,-9.1,7999,3.9,-1052,-37.5,-152,-13.4
"US000","3","3121","16","0","2026","1","N",1,0,0,0,0,0,0,0,"N",1.00,0,0,0,0,0,0,0,"N",0,0.0,0,0,0,0,0,0,0,0,0,0,0,0,0,0
"US000","3","31212","17","0","2026","1","N",1,0,0,0,0,0,0,0,"N",1.00,0,0,0,0,0,0,0,"N",0,0.0,0,0,0,0,0,0,0,0,0,0,0,0,0,0
"US000","3","312120","18","0","2026","1","N",1,0,0,0,0,0,0,0,"N",1.00,0,0,0,0,0,0,0,"N",0,0.0,0,0,0,0,0,0,0,0,0,0,0,0,0,0
"US000","3","3122","16","0","2026","1","N",3,0,0,0,0,0,0,0,"N",1.00,0,0,0,0,0,0,0,"N",0,0.0,0,0,0,0,0,0,0,0,0,0,0,0,0,0
"US000","3","31223","17","0","2026","1","N",3,0,0,0,0,0,0,0,"N",1.00,0,0,0,0,0,0,0,"N",0,0.0,0,0,0,0,0,0,0,0,0,0,0,0,0,0
"US000","3","312230","18","0","2026","1","N",3,0,0,0,0,0,0,0,"N",1.00,0,0,0,0,0,0,0,"N",0,0.0,0,0,0,0,0,0,0,0,0,0,0,0,0,0
"US000","3","313","15","0","2026","1","",1,73,71,75,957681,957681,670,1009,"",1.00,1.00,1.00,1.00,1.00,1.00,1.00,1.00,"",0,0.0,4,5.8,1,1.4,7,10.3,110259,13.0,110259,13.0,-8,-1.2,64,6.8
"US000","3","3132","16","0","2026","1","",1,73,71,75,957681,957681,670,1009,"",1.00,1.00,1.00,1.00,1.00,1.00,1.00,1.00,"",0,0.0,4,5.8,1,1.4,7,10.3,110259,13.0,110259,13.0,-8,-1.2,64,6.8
"US000","3","31321","17","0","2026","1","",1,73,71,75,957681,957681,670,1009,"",1.00,1.00,1.00,1.00,1.00,1.00,1.00,1.00,"",0,0.0,4,5.8,1,1.4,7,10.3,110259,13.0,110259,13.0,-8,-1.2,64,6.8
"US000","3","313210","18","0","2026","1","",1,73,71,75,957681,957681,670,1009,"",1.00,1.00,1.00,1.00,1.00,1.00,1.00,1.00,"",0,0.0,4,5.8,1,1.4,7,10.3,110259,13.0,110259,13.0,-8,-1.2,64,6.8
"US000","3","321","15","0","2026","1","",5,247,250,282,3395675,2321631,94515,1006,"",1.00,1.00,1.00,1.00,1.00,1.00,1.00,1.00,"",0,0.0,-192,-43.7,-156,-38.4,-90,-24.2,-1629494,-32.4,-138588,-5.6,-20474,-17.8,53,5.6
"US000","3","3211","16","0","2026","1","",3,204,203,235,2814427,1742539,86987,1012,"",1.00,1.00,1.00,1.00,1.00,1.00,1.00,1.00,"",0,0.0,-204,-50.0,-168,-45.3,-108,-31.5,-1762276,-38.5,-275291,-13.6,-21809,-20.0,71,7.5
"US000","3","32111","17","0","2026","1","",3,204,203,235,2814427,1742539,86987,1012,"",1.00,1.00,1.00,1.00,1.00,1.00,1.00,1.00,"",0,0.0,-204,-50.0,-168,-45.3,-108,-31.5,-1762276,-38.5,-275291,-13.6,-21809,-20.0,71,7.5
"US000","3","321113","18","0","2026","1","",3,204,203,235,2814427,1742539,86987,1012,"",1.00,1.00,1.00,1.00,1.00,1.00,1.00,1.00,"",0,0.0,-204,-50.0,-168,-45.3,-108,-31.5,-1762276,-38.5,-275291,-13.6,-21809,-20.0,71,7.5
"US000","3","3212","16","0","2026","1","N",1,0,0,0,0,0,0,0,"N",1.00,0,0,0,0,0,0,0,"N",0,0.0,0,0,0,0,0,0,0,0,0,0,0,0,0,0
"US000","3","32121","17","0","2026","1","N",1,0,0,0,0,0,0,0,"N",1.00,0,0,0,0,0,0,0,"N",0,0.0,0,0,0,0,0,0,0,0,0,0,0,0,0,0
"US000","3","321219","18","0","2026","1","N",1,0,0,0,0,0,0,0,"N",1.00,0,0,0,0,0,0,0,"N",0,0.0,0,0,0,0,0,0,0,0,0,0,0,0,0,0
"US000","3","3219","16","0","2026","1","N",1,0,0,0,0,0,0,0,"N",1.00,0,0,0,0,0,0,0,"N",0,0.0,0,0,0,0,0,0,0,0,0,0,0,0,0,0
"US000","3","32192","17","0","2026","1","N",1,0,0,0,0,0,0,0,"N",1.00,0,0,0,0,0,0,0,"N",0,0.0,0,0,0,0,0,0,0,0,0,0,0,0,0,0
"US000","3","321920","18","0","2026","1","N",1,0,0,0,0,0,0,0,"N",1.00,0,0,0,0,0,0,0,"N",0,0.0,0,0,0,0,0,0,0,0,0,0,0,0,0,0
"US000","3","323","15","0","2026","1","",7,52,52,54,897355,96647,290,1311,"",1.00,1.00,1.00,1.00,1.00,1.00,1.00,1.00,"",-1,-12.5,-2,-3.7,1,2.0,2,3.8,63897,7.7,-5198,-5.1,-2358,-89.0,86,7.0
"US000","3","3231","16","0","2026","1","",7,52,52,54,897355,96647,290,1311,"",1.00,1.00,1.00,1.00,1.00,1.00,1.00,1.00,"",-1,-12.5,-2,-3.7,1,2.0,2,3.8,63897,7.7,-5198,-5.1,-2358,-89.0,86,7.0
"US000","3","32311","17","0","2026","1","",7,52,52,54,897355,96647,290,1311,"",1.00,1.00,1.00,1.00,1.00,1.00,1.00,1.00,"",-1,-12.5,-2,-3.7,1,2.0,2,3.8,63897,7.7,-5198,-5.1,-2358,-89.0,86,7.0
"US000","3","323111","18","0","2026","1","",6,49,49,51,864734,96647,290,1339,"",1.00,1.00,1.00,1.00,1.00,1.00,1.00,1.00,"",-1,-14.3,-1,-2.0,2,4.3,3,6.2,77904,9.9,-5198,-5.1,-2358,-89.0,87,6.9
"US000","3","323113","18","0","2026","1","",1,3,3,3,32621,0,0,836,"",1.00,1.00,1.00,1.00,1.00,0.00,0.00,1.00,"",0,0.0,-1,-25.0,-1,-25.0,-1,-25.0,-14007,-30.0,0,0.0,0,0.0,-61,-6.8
"US000","3","324","15","0","2026","1","",1,4,5,4,122865,122865,86,2181,"",1.00,1.00,1.00,1.00,1.00,1.00,1.00,1.00,"",0,0.0,-6,-60.0,-5,-50.0,-6,-60.0,-31786,-20.6,-31786,-20.6,-38,-30.6,991,83.3
"US000","3","3241","16","0","2026","1","",1,4,5,4,122865,122865,86,2181,"",1.00,1.00,1.00,1.00,1.00,1.00,1.00,1.00,"",0,0.0,-6,-60.0,-5,-50.0,-6,-60.0,-31786,-20.6,-31786,-20.6,-38,-30.6,991,83.3
"US000","3","32411","17","0","2026","1","",1,4,5,4,122865,122865,86,2181,"",1.00,1.00,1.00,1.00,1.00,1.00,1.00,1.00,"",0,0.0,-6,-60.0,-5,-50.0,-6,-60.0,-31786,-20.6,-31786,-20.6,-38,-30.6,991,83.3
"US000","3","324110","18","0","2026","1","",1,4,5,4,122865,122865,86,2181,"",1.00,1.00,1.00,1.00,1.00,1.00,1.00,1.00,"",0,0.0,-6,-60.0,-5,-50.0,-6,-60.0,-31786,-20.6,-31786,-20.6,-38,-30.6,991,83.3
"US000","3","325","15","0","2026","1","",4,52,32,32,783708,326523,1068,1559,"",1.00,1.00,1.00,1.00,1.00,1.00,1.00,1.00,"",0,0.0,-12,-18.8,-31,-49.2,-32,-50.0,-251801,-24.3,-74550,-18.6,-3064,-74.2,308,24.6
"US000","3","3251","16","0","2026","1","N",1,0,0,0,0,0,0,0,"N",1.00,0,0,0,0,0,0,0,"N",0,0.0,0,0,0,0,0,0,0,0,0,0,0,0,0,0
"US000","3","32512","17","0","2026","1","N",1,0,0,0,0,0,0,0,"N",1.00,0,0,0,0,0,0,0,"N",0,0.0,0,0,0,0,0,0,0,0,0,0,0,0,0,0
"US000","3","325120","18","0","2026","1","N",1,0,0,0,0,0,0,0,"N",1.00,0,0,0,0,0,0,0,"N",0,0.0,0,0,0,0,0,0,0,0,0,0,0,0,0,0
"US000","3","3253","16","0","2026","1","N",1,0,0,0,0,0,0,0,"N",1.00,0,0,0,0,0,0,0,"N",0,0.0,0,0,0,0,0,0,0,0,0,0,0,0,0,0
"US000","3","32532","17","0","2026","1","N",1,0,0,0,0,0,0,0,"N",1.00,0,0,0,0,0,0,0,"N",0,0.0,0,0,0,0,0,0,0,0,0,0,0,0,0,0
"US000","3","325320","18","0","2026","1","N",1,0,0,0,0,0,0,0,"N",1.00,0,0,0,0,0,0,0,"N",0,0.0,0,0,0,0,0,0,0,0,0,0,0,0,0,0
"US000","3","3254","16","0","2026","1","N",1,0,0,0,0,0,0,0,"N",1.00,0,0,0,0,0,0,0,"N",0,0.0,0,0,0,0,0,0,0,0,0,0,0,0,0,0
"US000","3","32541","17","0","2026","1","N",1,0,0,0,0,0,0,0,"N",1.00,0,0,0,0,0,0,0,"N",0,0.0,0,0,0,0,0,0,0,0,0,0,0,0,0,0
"US000","3","325412","18","0","2026","1","N",1,0,0,0,0,0,0,0,"N",1.00,0,0,0,0,0,0,0,"N",0,0.0,0,0,0,0,0,0,0,0,0,0,0,0,0,0
"US000","3","3255","16","0","2026","1","N",1,0,0,0,0,0,0,0,"N",1.00,0,0,0,0,0,0,0,"N",0,0.0,0,0,0,0,0,0,0,0,0,0,0,0,0,0
"US000","3","32551","17","0","2026","1","N",1,0,0,0,0,0,0,0,"N",1.00,0,0,0,0,0,0,0,"N",0,0.0,0,0,0,0,0,0,0,0,0,0,0,0,0,0
"US000","3","325510","18","0","2026","1","N",1,0,0,0,0,0,0,0,"N",1.00,0,0,0,0,0,0,0,"N",0,0.0,0,0,0,0,0,0,0,0,0,0,0,0,0,0
"US000","3","326","15","0","2026","1","N",2,0,0,0,0,0,0,0,"N",1.00,0,0,0,0,0,0,0,"N",0,0.0,0,0,0,0,0,0,0,0,0,0,0,0,0,0
"US000","3","3261","16","0","2026","1","N",2,0,0,0,0,0,0,0,"N",1.00,0,0,0,0,0,0,0,"N",0,0.0,0,0,0,0,0,0,0,0,0,0,0,0,0,0
"US000","3","32611","17","0","2026","1","N",1,0,0,0,0,0,0,0,"N",1.00,0,0,0,0,0,0,0,"N",0,0.0,0,0,0,0,0,0,0,0,0,0,0,0,0,0
"US000","3","326111","18","0","2026","1","N",1,0,0,0,0,0,0,0,"N",1.00,0,0,0,0,0,0,0,"N",0,0.0,0,0,0,0,0,0,0,0,0,0,0,0,0,0
"US000","3","32619","17","0","2026","1","N",1,0,0,0,0,0,0,0,"N",1.00,0,0,0,0,0,0,0,"N",0,0.0,0,0,0,0,0,0,0,0,0,0,0,0,0,0
"US000","3","326199","18","0","2026","1","N",1,0,0,0,0,0,0,0,"N",1.00,0,0,0,0,0,0,0,"N",0,0.0,0,0,0,0,0,0,0,0,0,0,0,0,0,0
"US000","3","327","15","0","2026","1","N",2,0,0,0,0,0,0,0,"N",1.00,0,0,0,0,0,0,0,"N",0,0.0,0,0,0,0,0,0,0,0,0,0,0,0,0,0
"US000","3","3273","16","0","2026","1","N",2,0,0,0,0,0,0,0,"N",1.00,0,0,0,0,0,0,0,"N",0,0.0,0,0,0,0,0,0,0,0,0,0,0,0,0,0
"US000","3","32731","17","0","2026","1","N",1,0,0,0,0,0,0,0,"N",1.00,0,0,0,0,0,0,0,"N",0,0.0,0,0,0,0,0,0,0,0,0,0,0,0,0,0
"US000","3","327310","18","0","2026","1","N",1,0,0,0,0,0,0,0,"N",1.00,0,0,0,0,0,0,0,"N",0,0.0,0,0,0,0,0,0,0,0,0,0,0,0,0,0
"US000","3","32732","17","0","2026","1","N",1,0,0,0,0,0,0,0,"N",1.00,0,0,0,0,0,0,0,"N",0,0.0,0,0,0,0,0,0,0,0,0,0,0,0,0,0
"US000","3","327320","18","0","2026","1","N",1,0,0,0,0,0,0,0,"N",1.00,0,0,0,0,0,0,0,"N",0,0.0,0,0,0,0,0,0,0,0,0,0,0,0,0,0
"US000","3","332","15","0","2026","1","N",6,0,0,0,0,0,0,0,"N",1.00,0,0,0,0,0,0,0,"N",0,0.0,0,0,0,0,0,0,0,0,0,0,0,0,0,0
"US000","3","3324","16","0","2026","1","N",5,0,0,0,0,0,0,0,"N",1.00,0,0,0,0,0,0,0,"N",0,0.0,0,0,0,0,0,0,0,0,0,0,0,0,0,0
"US000","3","33243","17","0","2026","1","N",5,0,0,0,0,0,0,0,"N",1.00,0,0,0,0,0,0,0,"N",0,0.0,0,0,0,0,0,0,0,0,0,0,0,0,0,0
"US000","3","332431","18","0","2026","1","N",5,0,0,0,0,0,0,0,"N",1.00,0,0,0,0,0,0,0,"N",0,0.0,0,0,0,0,0,0,0,0,0,0,0,0,0,0
"US000","3","3329","16","0","2026","1","N",1,0,0,0,0,0,0,0,"N",1.00,0,0,0,0,0,0,0,"N",0,0.0,0,0,0,0,0,0,0,0,0,0,0,0,0,0
"US000","3","33299","17","0","2026","1","N",1,0,0,0,0,0,0,0,"N",1.00,0,0,0,0,0,0,0,"N",0,0.0,0,0,0,0,0,0,0,0,0,0,0,0,0,0
"US000","3","332992","18","0","2026","1","N",1,0,0,0,0,0,0,0,"N",1.00,0,0,0,0,0,0,0,"N",0,0.0,0,0,0,0,0,0,0,0,0,0,0,0,0,0
"US000","3","334","15","0","2026","1","",3,107,104,108,1440464,1341926,5092,1042,"",1.00,1.00,1.00,1.00,1.00,1.00,1.00,1.00,"",0,0.0,-10,-8.5,-9,-8.0,-11,-9.2,-215,0.0,-33467,-2.4,2638,107.5,89,9.3
"US000","3","3344","16","0","2026","1","N",2,0,0,0,0,0,0,0,"N",1.00,0,0,0,0,0,0,0,"N",0,0.0,0,0,0,0,0,0,0,0,0,0,0,0,0,0
"US000","3","33441","17","0","2026","1","N",2,0,0,0,0,0,0,0,"N",1.00,0,0,0,0,0,0,0,"N",0,0.0,0,0,0,0,0,0,0,0,0,0,0,0,0,0
"US000","3","334418","18","0","2026","1","",1,60,59,62,948839,879599,1143,1210,"",1.00,1.00,1.00,1.00,1.00,1.00,1.00,1.00,"",0,0.0,0,0.0,1,1.7,1,1.6,54830,6.1,40874,4.9,53,4.9,57,4.9
"US000","3","334419","18","0","2026","1","N",1,0,0,0,0,0,0,0,"N",1.00,0,0,0,0,0,0,0,"N",0,0.0,0,0,0,0,0,0,0,0,0,0,0,0,0,0
"US000","3","3345","16","0","2026","1","N",1,0,0,0,0,0,0,0,"N",1.00,0,0,0,0,0,0,0,"N",0,0.0,0,0,0,0,0,0,0,0,0,0,0,0,0,0
"US000","3","33451","17","0","2026","1","N",1,0,0,0,0,0,0,0,"N",1.00,0,0,0,0,0,0,0,"N",0,0.0,0,0,0,0,0,0,0,0,0,0,0,0,0,0
"US000","3","334515","18","0","2026","1","N",1,0,0,0,0,0,0,0,"N",1.00,0,0,0,0,0,0,0,"N",0,0.0,0,0,0,0,0,0,0,0,0,0,0,0,0,0
"US000","3","335","15","0","2026","1","",2,88,88,89,2353704,0,0,2050,"",1.00,1.00,1.00,1.00,1.00,0.00,0.00,1.00,"",0,0.0,-3,-3.3,-2,-2.2,0,0.0,85563,3.8,0,0.0,0,0.0,111,5.7
"US000","3","3353","16","0","2026","1","",1,85,85,86,2276231,0,0,2052,"",1.00,1.00,1.00,1.00,1.00,0.00,0.00,1.00,"",0,0.0,-2,-2.3,-1,-1.2,1,1.2,88512,4.0,0,0.0,0,0.0,95,4.9
"US000","3","33531","17","0","2026","1","",1,85,85,86,2276231,0,0,2052,"",1.00,1.00,1.00,1.00,1.00,0.00,0.00,1.00,"",0,0.0,-2,-2.3,-1,-1.2,1,1.2,88512,4.0,0,0.0,0,0.0,95,4.9
"US000","3","335311","18","0","2026","1","",1,85,85,86,2276231,0,0,2052,"",1.00,1.00,1.00,1.00,1.00,0.00,0.00,1.00,"",0,0.0,-2,-2.3,-1,-1.2,1,1.2,88512,4.0,0,0.0,0,0.0,95,4.9
"US000","3","3359","16","0","2026","1","",1,3,3,3,77473,0,0,1986,"",1.00,1.00,1.00,1.00,1.00,0.00,0.00,1.00,"",0,0.0,-1,-25.0,-1,-25.0,-1,-25.0,-2949,-3.7,0,0.0,0,0.0,439,28.4
"US000","3","33599","17","0","2026","1","",1,3,3,3,77473,0,0,1986,"",1.00,1.00,1.00,1.00,1.00,0.00,0.00,1.00,"",0,0.0,-1,-25.0,-1,-25.0,-1,-25.0,-2949,-3.7,0,0.0,0,0.0,439,28.4
"US000","3","335999","18","0","2026","1","",1,3,3,3,77473,0,0,1986,"",1.00,1.00,1.00,1.00,1.00,0.00,0.00,1.00,"",0,0.0,-1,-25.0,-1,-25.0,-1,-25.0,-2949,-3.7,0,0.0,0,0.0,439,28.4
"US000","3","336","15","0","2026","1","N",3,0,0,0,0,0,0,0,"N",1.00,0,0,0,0,0,0,0,"N",-1,-25.0,0,0,0,0,0,0,0,0,0,0,0,0,0,0
"US000","3","3364","16","0","2026","1","N",2,0,0,0,0,0,0,0,"N",1.00,0,0,0,0,0,0,0,"N",0,0.0,0,0,0,0,0,0,0,0,0,0,0,0,0,0
"US000","3","33641","17","0","2026","1","N",2,0,0,0,0,0,0,0,"N",1.00,0,0,0,0,0,0,0,"N",0,0.0,0,0,0,0,0,0,0,0,0,0,0,0,0,0
"US000","3","336413","18","0","2026","1","N",1,0,0,0,0,0,0,0,"N",1.00,0,0,0,0,0,0,0,"N",0,0.0,0,0,0,0,0,0,0,0,0,0,0,0,0,0
"US000","3","336419","18","0","2026","1","N",1,0,0,0,0,0,0,0,"N",1.00,0,0,0,0,0,0,0,"N",0,0.0,0,0,0,0,0,0,0,0,0,0,0,0,0,0
"US000","3","3369","16","0","2026","1","",1,1,1,1,237,237,4,18,"",1.00,1.00,1.00,1.00,1.00,1.00,1.00,1.00,"",0,0.0,1,100.0,1,100.0,1,100.0,237,100.0,237,100.0,4,100.0,18,100.0
"US000","3","33699","17","0","2026","1","",1,1,1,1,237,237,4,18,"",1.00,1.00,1.00,1.00,1.00,1.00,1.00,1.00,"",0,0.0,1,100.0,1,100.0,1,100.0,237,100.0,237,100.0,4,100.0,18,100.0
"US000","3","336992","18","0","2026","1","",1,1,1,1,237,237,4,18,"",1.00,1.00,1.00,1.00,1.00,1.00,1.00,1.00,"",0,0.0,1,100.0,1,100.0,1,100.0,237,100.0,237,100.0,4,100.0,18,100.0
"US000","3","42","14","0","2026","1","",48,442,443,445,7965427,5079053,35738,1382,"",1.00,1.00,1.00,1.00,1.00,1.00,1.00,1.00,"",3,6.7,56,14.5,62,16.3,56,14.4,-9916341,-55.5,620595,13.9,-22083,-38.2,-2188,-61.3
"US000","3","423","15","0","2026","1","",25,256,258,257,5466466,3369225,20204,1636,"",1.00,1.00,1.00,1.00,1.00,1.00,1.00,1.00,"",2,8.7,-12,-4.5,-8,-3.0,-12,-4.5,-10807979,-66.4,-277759,-7.6,-25306,-55.6,-3041,-65.0
"US000","3","4232","16","0","2026","1","N",1,0,0,0,0,0,0,0,"N",1.00,0,0,0,0,0,0,0,"N",0,0.0,0,0,0,0,0,0,0,0,0,0,0,0,0,0
"US000","3","42321","17","0","2026","1","N",1,0,0,0,0,0,0,0,"N",1.00,0,0,0,0,0,0,0,"N",0,0.0,0,0,0,0,0,0,0,0,0,0,0,0,0,0
"US000","3","423210","18","0","2026","1","N",1,0,0,0,0,0,0,0,"N",1.00,0,0,0,0,0,0,0,"N",0,0.0,0,0,0,0,0,0,0,0,0,0,0,0,0,0
"US000","3","4233","16","0","2026","1","",3,26,26,26,773889,642177,2282,2290,"",1.00,1.00,1.00,1.00,1.00,1.00,1.00,1.00,"",0,0.0,1,4.0,0,0.0,0,0.0,3569,0.5,-948,-0.1,-3590,-61.1,-19,-0.8
"US000","3","42332","17","0","2026","1","",3,26,26,26,773889,642177,2282,2290,"",1.00,1.00,1.00,1.00,1.00,1.00,1.00,1.00,"",0,0.0,1,4.0,0,0.0,0,0.0,3569,0.5,-948,-0.1,-3590,-61.1,-19,-0.8
"US000","3","423320","18","0","2026","1","",3,26,26,26,773889,642177,2282,2290,"",1.00,1.00,1.00,1.00,1.00,1.00,1.00,1.00,"",0,0.0,1,4.0,0,0.0,0,0.0,3569,0.5,-948,-0.1,-3590,-61.1,-19,-0.8
"US000","3","4234","16","0","2026","1","N",5,0,0,0,0,0,0,0,"N",1.00,0,0,0,0,0,0,0,"N",0,0.0,0,0,0,0,0,0,0,0,0,0,0,0,0,0
"US000","3","42343","17","0","2026","1","N",1,0,0,0,0,0,0,0,"N",1.00,0,0,0,0,0,0,0,"N",0,0.0,0,0,0,0,0,0,0,0,0,0,0,0,0,0
"US000","3","423430","18","0","2026","1","N",1,0,0,0,0,0,0,0,"N",1.00,0,0,0,0,0,0,0,"N",0,0.0,0,0,0,0,0,0,0,0,0,0,0,0,0,0
"US000","3","42344","17","0","2026","1","",1,1,1,1,3857,3857,4,297,"",1.00,1.00,1.00,1.00,1.00,1.00,1.00,1.00,"",0,0.0,0,0.0,0,0.0,0,0.0,-13093,-77.2,-3143,-44.9,-3,-42.9,-1007,-77.2
"US000","3","423440","18","0","2026","1","",1,1,1,1,3857,3857,4,297,"",1.00,1.00,1.00,1.00,1.00,1.00,1.00,1.00,"",0,0.0,0,0.0,0,0.0,0,0.0,-13093,-77.2,-3143,-44.9,-3,-42.9,-1007,-77.2
"US000","3","42345","17","0","2026","1","N",3,0,0,0,0,0,0,0,"N",1.00,0,0,0,0,0,0,0,"N",0,0.0,0,0,0,0,0,0,0,0,0,0,0,0,0,0
"US000","3","423450","18","0","2026","1","N",3,0,0,0,0,0,0,0,"N",1.00,0,0,0,0,0,0,0,"N",0,0.0,0,0,0,0,0,0,0,0,0,0,0,0,0,0
"US000","3","4235","16","0","2026","1","",1,3,3,3,28716,27000,59,736,"",1.00,1.00,1.00,1.00,1.00,1.00,1.00,1.00,"",0,0.0,0,0.0,1,50.0,1,50.0,5129,21.7,4072,17.8,11,22.9,-42,-5.4
"US000","3","42351","17","0","2026","1","",1,3,3,3,28716,27000,59,736,"",1.00,1.00,1.00,1.00,1.00,1.00,1.00,1.00,"",0,0.0,0,0.0,1,50.0,1,50.0,5129,21.7,4072,17.8,11,22.9,-42,-5.4
"US000","3","423510","18","0","2026","1","",1,3,3,3,28716,27000,59,736,"",1.00,1.00,1.00,1.00,1.00,1.00,1.00,1.00,"",0,0.0,0,0.0,1,50.0,1,50.0,5129,21.7,4072,17.8,11,22.9,-42,-5.4
"US000","3","4236","16","0","2026","1","N",4,0,0,0,0,0,0,0,"N",1.00,0,0,0,0,0,0,0,"N",0,0.0,0,0,0,0,0,0,0,0,0,0,0,0,0,0
"US000","3","42361","17","0","2026","1","N",2,0,0,0,0,0,0,0,"N",1.00,0,0,0,0,0,0,0,"N",0,0.0,0,0,0,0,0,0,0,0,0,0,0,0,0,0
"US000","3","423610","18","0","2026","1","N",2,0,0,0,0,0,0,0,"N",1.00,0,0,0,0,0,0,0,"N",0,0.0,0,0,0,0,0,0,0,0,0,0,0,0,0,0
"US000","3","42369","17","0","2026","1","N",2,0,0,0,0,0,0,0,"N",1.00,0,0,0,0,0,0,0,"N",0,0.0,0,0,0,0,0,0,0,0,0,0,0,0,0,0
"US000","3","423690","18","0","2026","1","N",2,0,0,0,0,0,0,0,"N",1.00,0,0,0,0,0,0,0,"N",0,0.0,0,0,0,0,0,0,0,0,0,0,0,0,0,0
"US000","3","4238","16","0","2026","1","N",2,0,0,0,0,0,0,0,"N",1.00,0,0,0,0,0,0,0,"N",1,100.0,0,0,0,0,0,0,0,0,0,0,0,0,0,0
"US000","3","42381","17","0","2026","1","",1,32,31,31,719034,230174,14271,1765,"",1.00,1.00,1.00,1.00,1.00,1.00,1.00,1.00,"",0,0.0,4,14.3,2,6.9,2,6.9,173353,31.8,21045,10.1,1305,10.1,301,20.6
"US000","3","423810","18","0","2026","1","",1,32,31,31,719034,230174,14271,1765,"",1.00,1.00,1.00,1.00,1.00,1.00,1.00,1.00,"",0,0.0,4,14.3,2,6.9,2,6.9,173353,31.8,21045,10.1,1305,10.1,301,20.6
"US000","3","42385","17","0","2026","1","N",1,0,0,0,0,0,0,0,"N",1.00,0,0,0,0,0,0,0,"N",1,100.0,0,0,0,0,0,0,0,0,0,0,0,0,0,0
"US000","3","423850","18","0","2026","1","N",1,0,0,0,0,0,0,0,"N",1.00,0,0,0,0,0,0,0,"N",1,100.0,0,0,0,0,0,0,0,0,0,0,0,0,0,0
"US000","3","4239","16","0","2026","1","",9,40,42,43,356272,208225,1009,658,"",1.00,1.00,1.00,1.00,1.00,1.00,1.00,1.00,"",1,12.5,-2,-4.8,0,0.0,0,0.0,29034,8.9,31718,18.0,13,1.3,63,10.6
"US000","3","42393","17","0","2026","1","N",7,0,0,0,0,0,0,0,"N",1.00,0,0,0,0,0,0,0,"N",1,16.7,0,0,0,0,0,0,0,0,0,0,0,0,0,0
"US000","3","423930","18","0","2026","1","N",7,0,0,0,0,0,0,0,"N",1.00,0,0,0,0,0,0,0,"N",1,16.7,0,0,0,0,0,0,0,0,0,0,0,0,0,0
"US000","3","42399","17","0","2026","1","N",2,0,0,0,0,0,0,0,"N",1.00,0,0,0,0,0,0,0,"N",0,0.0,0,0,0,0,0,0,0,0,0,0,0,0,0,0
"US000","3","423990","18","0","2026","1","N",2,0,0,0,0,0,0,0,"N",1.00,0,0,0,0,0,0,0,"N",0,0.0,0,0,0,0,0,0,0,0,0,0,0,0,0,0
"US000","3","424","15","0","2026","1","N",19,0,0,0,0,0,0,0,"N",1.00,0,0,0,0,0,0,0,"N",1,5.6,0,0,0,0,0,0,0,0,0,0,0,0,0,0
"US000","3","4241","16","0","2026","1","",2,8,8,8,149259,72000,540,1435,"",1.00,1.00,1.00,1.00,1.00,1.00,1.00,1.00,"",0,0.0,-1,-11.1,-1,-11.1,-1,-11.1,-13115,-8.1,-9000,-11.1,-157,-22.5,47,3.4
"US000","3","42412","17","0","2026","1","",1,8,8,8,149259,72000,540,1435,"",1.00,1.00,1.00,1.00,1.00,1.00,1.00,1.00,"",0,0.0,-1,-11.1,-1,-11.1,-1,-11.1,-13115,-8.1,-9000,-11.1,-157,-22.5,47,3.4
"US000","3","424120","18","0","2026","1","",1,8,8,8,149259,72000,540,1435,"",1.00,1.00,1.00,1.00,1.00,1.00,1.00,1.00,"",0,0.0,-1,-11.1,-1,-11.1,-1,-11.1,-13115,-8.1,-9000,-11.1,-157,-22.5,47,3.4
"US000","3","42413","17","0","2026","1","",1,0,0,0,0,0,0,0,"",1.00,0.00,0.00,0.00,0.00,0.00,0.00,0.00,"",0,0.0,0,0.0,0,0.0,0,0.0,0,0.0,0,0.0,0,0.0,0,0.0
"US000","3","424130","18","0","2026","1","",1,0,0,0,0,0,0,0,"",1.00,0.00,0.00,0.00,0.00,0.00,0.00,0.00,"",0,0.0,0,0.0,0,0.0,0,0.0,0,0.0,0,0.0,0,0.0,0,0.0
"US000","3","4244","16","0","2026","1","N",2,0,0,0,0,0,0,0,"N",1.00,0,0,0,0,0,0,0,"N",1,100.0,0,0,0,0,0,0,0,0,0,0,0,0,0,0
"US000","3","42445","17","0","2026","1","N",1,0,0,0,0,0,0,0,"N",1.00,0,0,0,0,0,0,0,"N",1,100.0,0,0,0,0,0,0,0,0,0,0,0,0,0,0
"US000","3","424450","18","0","2026","1","N",1,0,0,0,0,0,0,0,"N",1.00,0,0,0,0,0,0,0,"N",1,100.0,0,0,0,0,0,0,0,0,0,0,0,0,0,0
"US000","3","42446","17","0","2026","1","N",1,0,0,0,0,0,0,0,"N",1.00,0,0,0,0,0,0,0,"N",0,0.0,0,0,0,0,0,0,0,0,0,0,0,0,0,0
"US000","3","424460","18","0","2026","1","N",1,0,0,0,0,0,0,0,"N",1.00,0,0,0,0,0,0,0,"N",0,0.0,0,0,0,0,0,0,0,0,0,0,0,0,0,0
"US000","3","4245","16","0","2026","1","",1,9,9,9,50789,0,0,434,"",1.00,1.00,1.00,1.00,1.00,0.00,0.00,1.00,"",0,0.0,1,12.5,1,12.5,1,12.5,4361,9.4,0,0.0,0,0.0,-12,-2.7
"US000","3","42451","17","0","2026","1","",1,9,9,9,50789,0,0,434,"",1.00,1.00,1.00,1.00,1.00,0.00,0.00,1.00,"",0,0.0,1,12.5,1,12.5,1,12.5,4361,9.4,0,0.0,0,0.0,-12,-2.7
"US000","3","424510","18","0","2026","1","",1,9,9,9,50789,0,0,434,"",1.00,1.00,1.00,1.00,1.00,0.00,0.00,1.00,"",0,0.0,1,12.5,1,12.5,1,12.5,4361,9.4,0,0.0,0,0.0,-12,-2.7
"US000","3","4247","16","0","2026","1","N",4,0,0,0,0,0,0,0,"N",1.00,0,0,0,0,0,0,0,"N",0,0.0,0,0,0,0,0,0,0,0,0,0,0,0,0,0
"US000","3","42471","17","0","2026","1","",2,16,16,16,207758,168231,1887,999,"",1.00,1.00,1.00,1.00,1.00,1.00,1.00,1.00,"",0,0.0,0,0.0,0,0.0,0,0.0,5188,2.6,6644,4.1,-14,-0.7,25,2.6
"US000","3","424710","18","0","2026","1","",2,16,16,16,207758,168231,1887,999,"",1.00,1.00,1.00,1.00,1.00,1.00,1.00,1.00,"",0,0.0,0,0.0,0,0.0,0,0.0,5188,2.6,6644,4.1,-14,-0.7,25,2.6
"US000","3","42472","17","0","2026","1","N",2,0,0,0,0,0,0,0,"N",1.00,0,0,0,0,0,0,0,"N",0,0.0,0,0,0,0,0,0,0,0,0,0,0,0,0,0
"US000","3","424720","18","0","2026","1","N",2,0,0,0,0,0,0,0,"N",1.00,0,0,0,0,0,0,0,"N",0,0.0,0,0,0,0,0,0,0,0,0,0,0,0,0,0
"US000","3","4248","16","0","2026","1","",1,0,0,0,0,0,0,0,"",1.00,0.00,0.00,0.00,0.00,0.00,0.00,0.00,"",0,0.0,0,0.0,0,0.0,0,0.0,0,0.0,0,0.0,0,0.0,0,0.0
"US000","3","42482","17","0","2026","1","",1,0,0,0,0,0,0,0,"",1.00,0.00,0.00,0.00,0.00,0.00,0.00,0.00,"",0,0.0,0,0.0,0,0.0,0,0.0,0,0.0,0,0.0,0,0.0,0,0.0
"US000","3","424820","18","0","2026","1","",1,0,0,0,0,0,0,0,"",1.00,0.00,0.00,0.00,0.00,0.00,0.00,0.00,"",0,0.0,0,0.0,0,0.0,0,0.0,0,0.0,0,0.0,0,0.0,0,0.0
"US000","3","4249","16","0","2026","1","N",9,0,0,0,0,0,0,0,"N",1.00,0,0,0,0,0,0,0,"N",0,0.0,0,0,0,0,0,0,0,0,0,0,0,0,0,0
"US000","3","42491","17","0","2026","1","N",9,0,0,0,0,0,0,0,"N",1.00,0,0,0,0,0,0,0,"N",0,0.0,0,0,0,0,0,0,0,0,0,0,0,0,0,0
"US000","3","424910","18","0","2026","1","N",9,0,0,0,0,0,0,0,"N",1.00,0,0,0,0,0,0,0,"N",0,0.0,0,0,0,0,0,0,0,0,0,0,0,0,0,0
"US000","3","425","15","0","2026","1","N",4,0,0,0,0,0,0,0,"N",1.00,0,0,0,0,0,0,0,"N",0,0.0,0,0,0,0,0,0,0,0,0,0,0,0,0,0
"US000","3","4251","16","0","2026","1","N",4,0,0,0,0,0,0,0,"N",1.00,0,0,0,0,0,0,0,"N",0,0.0,0,0,0,0,0,0,0,0,0,0,0,0,0,0
"US000","3","42512","17","0","2026","1","N",4,0,0,0,0,0,0,0,"N",1.00,0,0,0,0,0,0,0,"N",0,0.0,0,0,0,0,0,0,0,0,0,0,0,0,0,0
"US000","3","425120","18","0","2026","1","N",4,0,0,0,0,0,0,0,"N",1.00,0,0,0,0,0,0,0,"N",0,0.0,0,0,0,0,0,0,0,0,0,0,0,0,0,0
"US000","3","44-45","14","0","2026","1","",734,10669,10675,10709,100461780,42105762,450606,723,"",1.00,1.00,1.00,1.00,1.00,1.00,1.00,1.00,"",7,1.0,-32,-0.3,-25,-0.2,0,0.0,1734844,1.8,276052,0.7,5023,1.1,13,1.8
"US000","3","444","15","0","2026","1","",6,44,47,48,619152,147783,6181,1028,"",1.00,1.00,1.00,1.00,1.00,1.00,1.00,1.00,"N",0,0.0,0,0,0,0,0,0,0,0,0,0,0,0,0,0
"US000","3","4441","16","0","2026","1","N",3,0,0,0,0,0,0,0,"N",1.00,0,0,0,0,0,0,0,"N",0,0.0,0,0,0,0,0,0,0,0,0,0,0,0,0,0
"US000","3","44414","17","0","2026","1","N",2,0,0,0,0,0,0,0,"N",1.00,0,0,0,0,0,0,0,"N",0,0.0,0,0,0,0,0,0,0,0,0,0,0,0,0,0
"US000","3","444140","18","0","2026","1","N",2,0,0,0,0,0,0,0,"N",1.00,0,0,0,0,0,0,0,"N",0,0.0,0,0,0,0,0,0,0,0,0,0,0,0,0,0
"US000","3","44418","17","0","2026","1","",1,15,15,15,122014,99193,6150,626,"",1.00,1.00,1.00,1.00,1.00,1.00,1.00,1.00,"",0,0.0,-1,-6.2,-1,-6.2,-1,-6.2,-19644,-13.9,-9463,-8.7,2238,57.2,-55,-8.1
"US000","3","444180","18","0","2026","1","",1,15,15,15,122014,99193,6150,626,"",1.00,1.00,1.00,1.00,1.00,1.00,1.00,1.00,"",0,0.0,-1,-6.2,-1,-6.2,-1,-6.2,-19644,-13.9,-9463,-8.7,2238,57.2,-55,-8.1
"US000","3","4442","16","0","2026","1","N",3,0,0,0,0,0,0,0,"N",1.00,0,0,0,0,0,0,0,"N",0,0.0,0,0,0,0,0,0,0,0,0,0,0,0,0,0
"US000","3","44424","17","0","2026","1","N",3,0,0,0,0,0,0,0,"N",1.00,0,0,0,0,0,0,0,"N",0,0.0,0,0,0,0,0,0,0,0,0,0,0,0,0,0
"US000","3","444240","18","0","2026","1","N",3,0,0,0,0,0,0,0,"N",1.00,0,0,0,0,0,0,0,"N",0,0.0,0,0,0,0,0,0,0,0,0,0,0,0,0,0
"US000","3","445","15","0","2026","1","",465,5157,5091,5125,40990893,6547085,44256,615,"",1.00,1.00,1.00,1.00,1.00,1.00,1.00,1.00,"",3,0.6,-2,0.0,-58,-1.1,-52,-1.0,122343,0.3,213402,3.4,-10870,-19.7,6,1.0
"US000","3","4451","16","0","2026","1","",27,1036,1023,1023,7826662,5120274,37917,586,"",1.00,1.00,1.00,1.00,1.00,1.00,1.00,1.00,"",0,0.0,-20,-1.9,-27,-2.6,-30,-2.8,-148544,-1.9,308189,6.4,-10012,-20.9,3,0.5
"US000","3","44511","17","0","2026","1","",15,859,850,856,6039843,4208356,32050,543,"",1.00,1.00,1.00,1.00,1.00,1.00,1.00,1.00,"",0,0.0,-37,-4.1,-43,-4.8,-40,-4.5,-388434,-6.0,74155,1.8,-11706,-26.8,-9,-1.6
"US000","3","445110","18","0","2026","1","",15,859,850,856,6039843,4208356,32050,543,"",1.00,1.00,1.00,1.00,1.00,1.00,1.00,1.00,"",0,0.0,-37,-4.1,-43,-4.8,-40,-4.5,-388434,-6.0,74155,1.8,-11706,-26.8,-9,-1.6
"US000","3","44513","17","0","2026","1","",12,177,173,167,1786819,911918,5867,798,"",1.00,1.00,1.00,1.00,1.00,1.00,1.00,1.00,"",0,0.0,17,10.6,16,10.2,10,6.4,239890,15.5,234034,34.5,1694,40.6,45,6.0
"US000","3","445131","18","0","2026","1","",12,177,173,167,1786819,911918,5867,798,"",1.00,1.00,1.00,1.00,1.00,1.00,1.00,1.00,"",0,0.0,17,10.6,16,10.2,10,6.4,239890,15.5,234034,34.5,1694,40.6,45,6.0
"US000","3","4452","16","0","2026","1","N",5,0,0,0,0,0,0,0,"N",1.00,0,0,0,0,0,0,0,"N",0,0.0,0,0,0,0,0,0,0,0,0,0,0,0,0,0
"US000","3","44523","17","0","2026","1","N",4,0,0,0,0,0,0,0,"N",1.00,0,0,0,0,0,0,0,"N",0,0.0,0,0,0,0,0,0,0,0,0,0,0,0,0,0
"US000","3","445230","18","0","2026","1","N",4,0,0,0,0,0,0,0,"N",1.00,0,0,0,0,0,0,0,"N",0,0.0,0,0,0,0,0,0,0,0,0,0,0,0,0,0
"US000","3","44529","17","0","2026","1","N",1,0,0,0,0,0,0,0,"N",1.00,0,0,0,0,0,0,0,"N",0,0.0,0,0,0,0,0,0,0,0,0,0,0,0,0,0
"US000","3","445298","18","0","2026","1","N",1,0,0,0,0,0,0,0,"N",1.00,0,0,0,0,0,0,0,"N",0,0.0,0,0,0,0,0,0,0,0,0,0,0,0,0,0
"US000","3","4453","16","0","2026","1","N",433,0,0,0,0,0,0,0,"N",1.00,0,0,0,0,0,0,0,"N",3,0.7,0,0,0,0,0,0,0,0,0,0,0,0,0,0
"US000","3","44532","17","0","2026","1","N",433,0,0,0,0,0,0,0,"N",1.00,0,0,0,0,0,0,0,"N",3,0.7,0,0,0,0,0,0,0,0,0,0,0,0,0,0
"US000","3","445320","18","0","2026","1","N",433,0,0,0,0,0,0,0,"N",1.00,0,0,0,0,0,0,0,"N",3,0.7,0,0,0,0,0,0,0,0,0,0,0,0,0,0
"US000","3","455","15","0","2026","1","N",3,0,0,0,0,0,0,0,"N",1.00,0,0,0,0,0,0,0,"N",0,0.0,0,0,0,0,0,0,0,0,0,0,0,0,0,0
"US000","3","4552","16","0","2026","1","N",3,0,0,0,0,0,0,0,"N",1.00,0,0,0,0,0,0,0,"N",0,0.0,0,0,0,0,0,0,0,0,0,0,0,0,0,0
"US000","3","45521","17","0","2026","1","N",3,0,0,0,0,0,0,0,"N",1.00,0,0,0,0,0,0,0,"N",0,0.0,0,0,0,0,0,0,0,0,0,0,0,0,0,0
"US000","3","455219","18","0","2026","1","N",3,0,0,0,0,0,0,0,"N",1.00,0,0,0,0,0,0,0,"N",0,0.0,0,0,0,0,0,0,0,0,0,0,0,0,0,0
"US000","3","456","15","0","2026","1","",17,220,221,224,4558710,338576,2379,1582,"",1.00,1.00,1.00,1.00,1.00,1.00,1.00,1.00,"",3,21.4,32,17.0,36,19.5,33,17.3,774620,20.5,297319,720.7,1863,361.0,34,2.2
"US000","3","4561","16","0","2026","1","",17,220,221,224,4558710,338576,2379,1582,"",1.00,1.00,1.00,1.00,1.00,1.00,1.00,1.00,"",3,21.4,32,17.0,36,19.5,33,17.3,774620,20.5,297319,720.7,1863,361.0,34,2.2
"US000","3","45611","17","0","2026","1","N",13,0,0,0,0,0,0,0,"N",1.00,0,0,0,0,0,0,0,"N",2,18.2,0,0,0,0,0,0,0,0,0,0,0,0,0,0
"US000","3","456110","18","0","2026","1","N",13,0,0,0,0,0,0,0,"N",1.00,0,0,0,0,0,0,0,"N",2,18.2,0,0,0,0,0,0,0,0,0,0,0,0,0,0
"US000","3","45619","17","0","2026","1","N",4,0,0,0,0,0,0,0,"N",1.00,0,0,0,0,0,0,0,"N",1,33.3,0,0,0,0,0,0,0,0,0,0,0,0,0,0
"US000","3","456191","18","0","2026","1","N",1,0,0,0,0,0,0,0,"N",1.00,0,0,0,0,0,0,0,"N",1,100.0,0,0,0,0,0,0,0,0,0,0,0,0,0,0
"US000","3","456199","18","0","2026","1","",3,17,17,19,203380,26175,332,886,"",1.00,1.00,1.00,1.00,1.00,1.00,1.00,1.00,"",0,0.0,0,0.0,1,6.2,4,26.7,-3383,-1.6,-15082,-36.6,-184,-35.7,-108,-10.9
"US000","3","457","15","0","2026","1","",113,2520,2582,2582,24036736,14180332,255931,722,"",1.00,1.00,1.00,1.00,1.00,1.00,1.00,1.00,"",2,1.8,-21,-0.8,13,0.5,5,0.2,-437440,-1.8,374475,2.7,21195,9.0,-13,-1.8
"US000","3","4571","16","0","2026","1","N",111,0,0,0,0,0,0,0,"N",1.00,0,0,0,0,0,0,0,"N",2,1.8,0,0,0,0,0,0,0,0,0,0,0,0,0,0
"US000","3","45711","17","0","2026","1","",106,2339,2405,2406,22150908,12805905,239388,715,"",1.00,1.00,1.00,1.00,1.00,1.00,1.00,1.00,"",3,2.9,1,0.0,35,1.5,29,1.2,-198470,-0.9,534339,4.4,25662,12.0,-13,-1.8
"US000","3","457110","18","0","2026","1","",106,2339,2405,2406,22150908,12805905,239388,715,"",1.00,1.00,1.00,1.00,1.00,1.00,1.00,1.00,"",3,2.9,1,0.0,35,1.5,29,1.2,-198470,-0.9,534339,4.4,25662,12.0,-13,-1.8
"US000","3","45712","17","0","2026","1","N",5,0,0,0,0,0,0,0,"N",1.00,0,0,0,0,0,0,0,"N",-1,-16.7,0,0,0,0,0,0,0,0,0,0,0,0,0,0
"US000","3","457120","18","0","2026","1","N",5,0,0,0,0,0,0,0,"N",1.00,0,0,0,0,0,0,0,"N",-1,-16.7,0,0,0,0,0,0,0,0,0,0,0,0,0,0
"US000","3","4572","16","0","2026","1","N",2,0,0,0,0,0,0,0,"N",1.00,0,0,0,0,0,0,0,"N",0,0.0,0,0,0,0,0,0,0,0,0,0,0,0,0,0
"US000","3","45721","17","0","2026","1","N",2,0,0,0,0,0,0,0,"N",1.00,0,0,0,0,0,0,0,"N",0,0.0,0,0,0,0,0,0,0,0,0,0,0,0,0,0
"US000","3","457210","18","0","2026","1","N",2,0,0,0,0,0,0,0,"N",1.00,0,0,0,0,0,0,0,"N",0,0.0,0,0,0,0,0,0,0,0,0,0,0,0,0,0
"US000","3","458","15","0","2026","1","N",3,0,0,0,0,0,0,0,"N",1.00,0,0,0,0,0,0,0,"N",0,0.0,0,0,0,0,0,0,0,0,0,0,0,0,0,0
"US000","3","4581","16","0","2026","1","",2,42,60,51,563929,5869,6,851,"",1.00,1.00,1.00,1.00,1.00,1.00,1.00,1.00,"",0,0.0,-17,-28.8,-1,-1.6,2,4.1,11894,2.2,-3603,-38.0,-3,-33.3,97,12.9
"US000","3","45811","17","0","2026","1","",2,42,60,51,563929,5869,6,851,"",1.00,1.00,1.00,1.00,1.00,1.00,1.00,1.00,"",0,0.0,-17,-28.8,-1,-1.6,2,4.1,11894,2.2,-3603,-38.0,-3,-33.3,97,12.9
"US000","3","458110","18","0","2026","1","",2,42,60,51,563929,5869,6,851,"",1.00,1.00,1.00,1.00,1.00,1.00,1.00,1.00,"",0,0.0,-17,-28.8,-1,-1.6,2,4.1,11894,2.2,-3603,-38.0,-3,-33.3,97,12.9
"US000","3","4583","16","0","2026","1","N",1,0,0,0,0,0,0,0,"N",1.00,0,0,0,0,0,0,0,"N",0,0.0,0,0,0,0,0,0,0,0,0,0,0,0,0,0
"US000","3","45831","17","0","2026","1","N",1,0,0,0,0,0,0,0,"N",1.00,0,0,0,0,0,0,0,"N",0,0.0,0,0,0,0,0,0,0,0,0,0,0,0,0,0
"US000","3","458310","18","0","2026","1","N",1,0,0,0,0,0,0,0,"N",1.00,0,0,0,0,0,0,0,"N",0,0.0,0,0,0,0,0,0,0,0,0,0,0,0,0,0
"US000","3","459","15","0","2026","1","",127,2592,2580,2584,28930994,20266447,107157,861,"",1.00,1.00,1.00,1.00,1.00,1.00,1.00,1.00,"",-1,-0.8,-19,-0.7,-13,-0.5,11,0.4,1345728,4.9,-505522,-2.4,2313,2.2,42,5.1
"US000","3","4591","16","0","2026","1","N",3,0,0,0,0,0,0,0,"N",1.00,0,0,0,0,0,0,0,"N",0,0.0,0,0,0,0,0,0,0,0,0,0,0,0,0,0
"US000","3","45911","17","0","2026","1","N",2,0,0,0,0,0,0,0,"N",1.00,0,0,0,0,0,0,0,"N",0,0.0,0,0,0,0,0,0,0,0,0,0,0,0,0,0
"US000","3","459110","18","0","2026","1","N",2,0,0,0,0,0,0,0,"N",1.00,0,0,0,0,0,0,0,"N",0,0.0,0,0,0,0,0,0,0,0,0,0,0,0,0,0
"US000","3","45912","17","0","2026","1","N",1,0,0,0,0,0,0,0,"N",1.00,0,0,0,0,0,0,0,"N",0,0.0,0,0,0,0,0,0,0,0,0,0,0,0,0,0
"US000","3","459120","18","0","2026","1","N",1,0,0,0,0,0,0,0,"N",1.00,0,0,0,0,0,0,0,"N",0,0.0,0,0,0,0,0,0,0,0,0,0,0,0,0,0
"US000","3","4592","16","0","2026","1","",2,7,5,6,47574,0,0,610,"",1.00,1.00,1.00,1.00,1.00,0.00,0.00,1.00,"",0,0.0,1,16.7,0,0.0,0,0.0,-9416,-16.5,0,0.0,0,0.0,-164,-21.2
"US000","3","45921","17","0","2026","1","",2,7,5,6,47574,0,0,610,"",1.00,1.00,1.00,1.00,1.00,0.00,0.00,1.00,"",0,0.0,1,16.7,0,0.0,0,0.0,-9416,-16.5,0,0.0,0,0.0,-164,-21.2
"US000","3","459210","18","0","2026","1","",2,7,5,6,47574,0,0,610,"",1.00,1.00,1.00,1.00,1.00,0.00,0.00,1.00,"",0,0.0,1,16.7,0,0.0,0,0.0,-9416,-16.5,0,0.0,0,0.0,-164,-21.2
"US000","3","4594","16","0","2026","1","N",43,0,0,0,0,0,0,0,"N",1.00,0,0,0,0,0,0,0,"N",-5,-10.4,0,0,0,0,0,0,0,0,0,0,0,0,0,0
"US000","3","45941","17","0","2026","1","N",4,0,0,0,0,0,0,0,"N",1.00,0,0,0,0,0,0,0,"N",-1,-20.0,0,0,0,0,0,0,0,0,0,0,0,0,0,0
"US000","3","459410","18","0","2026","1","N",4,0,0,0,0,0,0,0,"N",1.00,0,0,0,0,0,0,0,"N",-1,-20.0,0,0,0,0,0,0,0,0,0,0,0,0,0,0
"US000","3","45942","17","0","2026","1","",39,873,861,858,8711165,8197286,841,776,"",1.00,1.00,1.00,1.00,1.00,1.00,1.00,1.00,"",-4,-9.3,-83,-8.7,-88,-9.3,-75,-8.0,-514446,-5.6,-597123,-6.8,23,2.8,26,3.5
"US000","3","459420","18","0","2026","1","",39,873,861,858,8711165,8197286,841,776,"",1.00,1.00,1.00,1.00,1.00,1.00,1.00,1.00,"",-4,-9.3,-83,-8.7,-88,-9.3,-75,-8.0,-514446,-5.6,-597123,-6.8,23,2.8,26,3.5
"US000","3","4599","16","0","2026","1","",79,1690,1692,1697,19894446,11943491,103867,904,"",1.00,1.00,1.00,1.00,1.00,1.00,1.00,1.00,"",4,5.3,70,4.3,82,5.1,88,5.5,1971073,11.0,151352,1.3,1904,1.9,49,5.7
"US000","3","45992","17","0","2026","1","N",2,0,0,0,0,0,0,0,"N",1.00,0,0,0,0,0,0,0,"N",-1,-33.3,0,0,0,0,0,0,0,0,0,0,0,0,0,0
"US000","3","459920","18","0","2026","1","N",2,0,0,0,0,0,0,0,"N",1.00,0,0,0,0,0,0,0,"N",-1,-33.3,0,0,0,0,0,0,0,0,0,0,0,0,0,0
"US000","3","45999","17","0","2026","1","N",77,0,0,0,0,0,0,0,"N",1.00,0,0,0,0,0,0,0,"N",5,6.9,0,0,0,0,0,0,0,0,0,0,0,0,0,0
"US000","3","459991","18","0","2026","1","",72,1434,1436,1440,15963490,11943491,103867,855,"",1.00,1.00,1.00,1.00,1.00,1.00,1.00,1.00,"N",4,5.9,0,0,0,0,0,0,0,0,0,0,0,0,0,0
"US000","3","459999","18","0","2026","1","N",5,0,0,0,0,0,0,0,"N",1.00,0,0,0,0,0,0,0,"N",1,25.0,0,0,0,0,0,0,0,0,0,0,0,0,0,0
"US000","3","48-49","14","0","2026","1","",2944,317935,318083,318382,6558860366,313924894,3219038,1586,"",1.00,1.00,1.00,1.00,1.00,1.00,1.00,1.00,"",-2,-0.1,4459,1.4,3518,1.1,4050,1.3,218057438,3.4,1788209,0.6,113094,3.6,33,2.1
"US000","3","481","15","0","2026","1","",5,35,34,35,316489,44575,94,702,"",1.00,1.00,1.00,1.00,1.00,1.00,1.00,1.00,"N",0,0.0,0,0,0,0,0,0,0,0,0,0,0,0,0,0
"US000","3","4811","16","0","2026","1","",2,23,23,24,222385,16308,49,733,"",1.00,1.00,1.00,1.00,1.00,1.00,1.00,1.00,"",0,0.0,-1,-4.2,0,0.0,0,0.0,3469,1.6,-2005,-10.9,-24,-32.9,21,2.9
"US000","3","48111","17","0","2026","1","",2,23,23,24,222385,16308,49,733,"",1.00,1.00,1.00,1.00,1.00,1.00,1.00,1.00,"",0,0.0,-1,-4.2,0,0.0,0,0.0,3469,1.6,-2005,-10.9,-24,-32.9,21,2.9
"US000","3","481111","18","0","2026","1","",2,23,23,24,222385,16308,49,733,"",1.00,1.00,1.00,1.00,1.00,1.00,1.00,1.00,"",0,0.0,-1,-4.2,0,0.0,0,0.0,3469,1.6,-2005,-10.9,-24,-32.9,21,2.9
"US000","3","4812","16","0","2026","1","",3,12,11,11,94104,28267,45,639,"",1.00,1.00,1.00,1.00,1.00,1.00,1.00,1.00,"N",0,0.0,0,0,0,0,0,0,0,0,0,0,0,0,0,0
"US000","3","48121","17","0","2026","1","",3,12,11,11,94104,28267,45,639,"",1.00,1.00,1.00,1.00,1.00,1.00,1.00,1.00,"N",0,0.0,0,0,0,0,0,0,0,0,0,0,0,0,0,0
"US000","3","481211","18","0","2026","1","N",1,0,0,0,0,0,0,0,"N",1.00,0,0,0,0,0,0,0,"N",0,0.0,0,0,0,0,0,0,0,0,0,0,0,0,0,0
"US000","3","481219","18","0","2026","1","N",2,0,0,0,0,0,0,0,"N",1.00,0,0,0,0,0,0,0,"N",0,0.0,0,0,0,0,0,0,0,0,0,0,0,0,0,0
"US000","3","483","15","0","2026","1","",9,93,88,88,1096639,502451,8385,941,"",1.00,1.00,1.00,1.00,1.00,1.00,1.00,1.00,"",0,0.0,6,6.9,6,7.3,3,3.5,107030,10.8,81857,19.5,823,10.9,42,4.7
"US000","3","4831","16","0","2026","1","",1,4,4,4,46712,28291,1273,898,"",1.00,1.00,1.00,1.00,1.00,1.00,1.00,1.00,"",0,0.0,-2,-33.3,0,0.0,-1,-20.0,-4709,-9.2,-3834,-11.9,-462,-26.6,107,13.5
"US000","3","48311","17","0","2026","1","",1,4,4,4,46712,28291,1273,898,"",1.00,1.00,1.00,1.00,1.00,1.00,1.00,1.00,"",0,0.0,-2,-33.3,0,0.0,-1,-20.0,-4709,-9.2,-3834,-11.9,-462,-26.6,107,13.5
"US000","3","483114","18","0","2026","1","",1,4,4,4,46712,28291,1273,898,"",1.00,1.00,1.00,1.00,1.00,1.00,1.00,1.00,"",0,0.0,-2,-33.3,0,0.0,-1,-20.0,-4709,-9.2,-3834,-11.9,-462,-26.6,107,13.5
"US000","3","4832","16","0","2026","1","",8,89,84,84,1049927,474160,7112,943,"",1.00,1.00,1.00,1.00,1.00,1.00,1.00,1.00,"",0,0.0,8,9.9,6,7.7,4,5.0,111739,11.9,85691,22.1,1285,22.1,37,4.1
"US000","3","48321","17","0","2026","1","",8,89,84,84,1049927,474160,7112,943,"",1.00,1.00,1.00,1.00,1.00,1.00,1.00,1.00,"",0,0.0,8,9.9,6,7.7,4,5.0,111739,11.9,85691,22.1,1285,22.1,37,4.1
"US000","3","483212","18","0","2026","1","",8,89,84,84,1049927,474160,7112,943,"",1.00,1.00,1.00,1.00,1.00,1.00,1.00,1.00,"",0,0.0,8,9.9,6,7.7,4,5.0,111739,11.9,85691,22.1,1285,22.1,37,4.1
"US000","3","485","15","0","2026","1","",1772,254692,254865,255114,5067535813,245780169,2392572,1529,"",1.00,1.00,1.00,1.00,1.00,1.00,1.00,1.00,"",-7,-0.4,1969,0.8,1398,0.6,1918,0.8,137899729,2.8,1704560,0.7,158640,7.1,31,2.1
"US000","3","4851","16","0","2026","1","",511,184437,184302,184588,4224829998,154659697,1542213,1762,"",1.00,1.00,1.00,1.00,1.00,1.00,1.00,1.00,"",-5,-1.0,1526,0.8,870,0.5,1594,0.9,108946915,2.6,-5593804,-3.5,33552,2.2,33,1.9
"US000","3","48511","17","0","2026","1","",511,184437,184302,184588,4224829998,154659697,1542213,1762,"",1.00,1.00,1.00,1.00,1.00,1.00,1.00,1.00,"",-5,-1.0,1526,0.8,870,0.5,1594,0.9,108946915,2.6,-5593804,-3.5,33552,2.2,33,1.9
"US000","3","485111","18","0","2026","1","",130,104093,104172,104332,2457905945,61708250,226492,1815,"",1.00,1.00,1.00,1.00,1.00,1.00,1.00,1.00,"",2,1.6,356,0.3,162,0.2,336,0.3,40911886,1.7,-3714086,-5.7,32104,16.5,26,1.5
"US000","3","485112","18","0","2026","1","N",6,0,0,0,0,0,0,0,"N",1.00,0,0,0,0,0,0,0,"N",0,0.0,0,0,0,0,0,0,0,0,0,0,0,0,0,0
"US000","3","485113","18","0","2026","1","",370,69678,69791,69930,1457335662,90522032,1304766,1606,"",1.00,1.00,1.00,1.00,1.00,1.00,1.00,1.00,"",-7,-1.9,1394,2.0,968,1.4,1492,2.2,58415493,4.2,-1871802,-2.0,230,0.0,35,2.2
"US000","3","485119","18","0","2026","1","N",5,0,0,0,0,0,0,0,"N",1.00,0,0,0,0,0,0,0,"N",0,0.0,0,0,0,0,0,0,0,0,0,0,0,0,0,0
"US000","3","4852","16","0","2026","1","",70,5852,5884,5882,134982101,84788900,753909,1768,"",1.00,1.00,1.00,1.00,1.00,1.00,1.00,1.00,"",-1,-1.4,-354,-5.7,-295,-4.8,-360,-5.8,-2237625,-1.6,6877187,8.8,101612,15.6,68,4.0
"US000","3","48521","17","0","2026","1","",70,5852,5884,5882,134982101,84788900,753909,1768,"",1.00,1.00,1.00,1.00,1.00,1.00,1.00,1.00,"",-1,-1.4,-354,-5.7,-295,-4.8,-360,-5.8,-2237625,-1.6,6877187,8.8,101612,15.6,68,4.0
"US000","3","485210","18","0","2026","1","",70,5852,5884,5882,134982101,84788900,753909,1768,"",1.00,1.00,1.00,1.00,1.00,1.00,1.00,1.00,"",-1,-1.4,-354,-5.7,-295,-4.8,-360,-5.8,-2237625,-1.6,6877187,8.8,101612,15.6,68,4.0
"US000","3","4853","16","0","2026","1","N",4,0,0,0,0,0,0,0,"N",1.00,0,0,0,0,0,0,0,"N",0,0.0,0,0,0,0,0,0,0,0,0,0,0,0,0,0
"US000","3","48531","17","0","2026","1","N",3,0,0,0,0,0,0,0,"N",1.00,0,0,0,0,0,0,0,"N",0,0.0,0,0,0,0,0,0,0,0,0,0,0,0,0,0
"US000","3","485310","18","0","2026","1","N",3,0,0,0,0,0,0,0,"N",1.00,0,0,0,0,0,0,0,"N",0,0.0,0,0,0,0,0,0,0,0,0,0,0,0,0,0
"US000","3","48532","17","0","2026","1","",1,18,18,19,510326,123808,6067,2141,"",1.00,1.00,1.00,1.00,1.00,1.00,1.00,1.00,"",0,0.0,1,5.9,1,5.9,2,11.8,57638,12.7,12184,10.9,4169,219.7,93,4.5
"US000","3","485320","18","0","2026","1","",1,18,18,19,510326,123808,6067,2141,"",1.00,1.00,1.00,1.00,1.00,1.00,1.00,1.00,"",0,0.0,1,5.9,1,5.9,2,11.8,57638,12.7,12184,10.9,4169,219.7,93,4.5
"US000","3","4854","16","0","2026","1","",1118,62694,62970,62946,684477582,1409783,4591,837,"",1.00,1.00,1.00,1.00,1.00,1.00,1.00,1.00,"",-1,-0.1,649,1.0,688,1.1,563,0.9,28229743,4.3,110550,8.5,432,10.4,26,3.2
"US000","3","48541","17","0","2026","1","",1118,62694,62970,62946,684477582,1409783,4591,837,"",1.00,1.00,1.00,1.00,1.00,1.00,1.00,1.00,"",-1,-0.1,649,1.0,688,1.1,563,0.9,28229743,4.3,110550,8.5,432,10.4,26,3.2
"US000","3","485410","18","0","2026","1","",1118,62694,62970,62946,684477582,1409783,4591,837,"",1.00,1.00,1.00,1.00,1.00,1.00,1.00,1.00,"",-1,-0.1,649,1.0,688,1.1,563,0.9,28229743,4.3,110550,8.5,432,10.4,26,3.2
"US000","3","4855","16","0","2026","1","N",3,0,0,0,0,0,0,0,"N",1.00,0,0,0,0,0,0,0,"N",0,0.0,0,0,0,0,0,0,0,0,0,0,0,0,0,0
"US000","3","48551","17","0","2026","1","N",3,0,0,0,0,0,0,0,"N",1.00,0,0,0,0,0,0,0,"N",0,0.0,0,0,0,0,0,0,0,0,0,0,0,0,0,0
"US000","3","485510","18","0","2026","1","N",3,0,0,0,0,0,0,0,"N",1.00,0,0,0,0,0,0,0,"N",0,0.0,0,0,0,0,0,0,0,0,0,0,0,0,0,0
"US000","3","4859","16","0","2026","1","",66,1562,1564,1552,21006384,4401658,85421,1036,"",1.00,1.00,1.00,1.00,1.00,1.00,1.00,1.00,"",0,0.0,137,9.6,131,9.1,121,8.5,2792970,15.3,260117,6.3,18837,28.3,56,5.7
"US000","3","48599","17","0","2026","1","",66,1562,1564,1552,21006384,4401658,85421,1036,"",1.00,1.00,1.00,1.00,1.00,1.00,1.00,1.00,"",0,0.0,137,9.6,131,9.1,121,8.5,2792970,15.3,260117,6.3,18837,28.3,56,5.7
"US000","3","485991","18","0","2026","1","",50,1043,1042,1038,13232558,2749630,63723,978,"",1.00,1.00,1.00,1.00,1.00,1.00,1.00,1.00,"",0,0.0,147,16.4,140,15.5,139,15.5,2411330,22.3,203880,8.0,13534,27.0,52,5.6
"US000","3","485999","18","0","2026","1","",16,519,522,514,7773826,1652028,21698,1154,"",1.00,1.00,1.00,1.00,1.00,1.00,1.00,1.00,"",0,0.0,-10,-1.9,-9,-1.7,-18,-3.4,381640,5.2,56237,3.5,5303,32.3,82,7.6
"US000","3","486","15","0","2026","1","",19,896,886,886,20139032,392901,2297,1742,"",1.00,1.00,1.00,1.00,1.00,1.00,1.00,1.00,"",0,0.0,27,3.1,25,2.9,22,2.5,1646538,8.9,9836,2.6,649,39.4,97,5.9
"US000","3","4862","16","0","2026","1","",19,896,886,886,20139032,392901,2297,1742,"",1.00,1.00,1.00,1.00,1.00,1.00,1.00,1.00,"",0,0.0,27,3.1,25,2.9,22,2.5,1646538,8.9,9836,2.6,649,39.4,97,5.9
"US000","3","48621","17","0","2026","1","",19,896,886,886,20139032,392901,2297,1742,"",1.00,1.00,1.00,1.00,1.00,1.00,1.00,1.00,"",0,0.0,27,3.1,25,2.9,22,2.5,1646538,8.9,9836,2.6,649,39.4,97,5.9
"US000","3","486210","18","0","2026","1","",19,896,886,886,20139032,392901,2297,1742,"",1.00,1.00,1.00,1.00,1.00,1.00,1.00,1.00,"",0,0.0,27,3.1,25,2.9,22,2.5,1646538,8.9,9836,2.6,649,39.4,97,5.9
"US000","3","487","15","0","2026","1","",18,668,668,683,9572161,276948,4500,1094,"",1.00,1.00,1.00,1.00,1.00,1.00,1.00,1.00,"",0,0.0,33,5.2,30,4.7,36,5.6,1002336,11.7,67220,32.1,935,26.2,64,6.2
"US000","3","4871","16","0","2026","1","N",14,0,0,0,0,0,0,0,"N",1.00,0,0,0,0,0,0,0,"N",0,0.0,0,0,0,0,0,0,0,0,0,0,0,0,0,0
"US000","3","48711","17","0","2026","1","N",14,0,0,0,0,0,0,0,"N",1.00,0,0,0,0,0,0,0,"N",0,0.0,0,0,0,0,0,0,0,0,0,0,0,0,0,0
"US000","3","487110","18","0","2026","1","N",14,0,0,0,0,0,0,0,"N",1.00,0,0,0,0,0,0,0,"N",0,0.0,0,0,0,0,0,0,0,0,0,0,0,0,0,0
"US000","3","4872","16","0","2026","1","N",3,0,0,0,0,0,0,0,"N",1.00,0,0,0,0,0,0,0,"N",0,0.0,0,0,0,0,0,0,0,0,0,0,0,0,0,0
"US000","3","48721","17","0","2026","1","N",3,0,0,0,0,0,0,0,"N",1.00,0,0,0,0,0,0,0,"N",0,0.0,0,0,0,0,0,0,0,0,0,0,0,0,0,0
"US000","3","487210","18","0","2026","1","N",3,0,0,0,0,0,0,0,"N",1.00,0,0,0,0,0,0,0,"N",0,0.0,0,0,0,0,0,0,0,0,0,0,0,0,0,0
"US000","3","4879","16","0","2026","1","",1,81,79,81,1693817,0,0,1622,"",1.00,1.00,1.00,1.00,1.00,0.00,0.00,1.00,"",0,0.0,6,8.0,6,8.2,6,8.0,142500,9.2,0,0.0,0,0.0,17,1.1
"US000","3","48799","17","0","2026","1","",1,81,79,81,1693817,0,0,1622,"",1.00,1.00,1.00,1.00,1.00,0.00,0.00,1.00,"",0,0.0,6,8.0,6,8.2,6,8.0,142500,9.2,0,0.0,0,0.0,17,1.1
"US000","3","487990","18","0","2026","1","",1,81,79,81,1693817,0,0,1622,"",1.00,1.00,1.00,1.00,1.00,0.00,0.00,1.00,"",0,0.0,6,8.0,6,8.2,6,8.0,142500,9.2,0,0.0,0,0.0,17,1.1
"US000","3","488","15","0","2026","1","",868,52441,52442,52543,1301314236,65932155,800241,1908,"",1.00,1.00,1.00,1.00,1.00,1.00,1.00,1.00,"",4,0.5,1964,3.9,1687,3.3,1815,3.6,68642513,5.6,-67051,-0.1,-53370,-6.3,36,1.9
"US000","3","4881","16","0","2026","1","",603,37465,37479,37502,890459147,40876053,485965,1827,"",1.00,1.00,1.00,1.00,1.00,1.00,1.00,1.00,"",8,1.3,1122,3.1,943,2.6,1090,3.0,48320452,5.7,142448,0.3,-120016,-19.8,49,2.8
"US000","3","48811","17","0","2026","1","N",596,0,0,0,0,0,0,0,"N",1.00,0,0,0,0,0,0,0,"N",8,1.4,0,0,0,0,0,0,0,0,0,0,0,0,0,0
"US000","3","488111","18","0","2026","1","N",33,0,0,0,0,0,0,0,"N",1.00,0,0,0,0,0,0,0,"N",0,0.0,0,0,0,0,0,0,0,0,0,0,0,0,0,0
"US000","3","488119","18","0","2026","1","",563,35794,35819,35828,851119143,40301265,472098,1828,"",1.00,1.00,1.00,1.00,1.00,1.00,1.00,1.00,"",8,1.4,1050,3.0,880,2.5,1019,2.9,46247553,5.7,144526,0.4,-120307,-20.3,50,2.8
"US000","3","48819","17","0","2026","1","N",7,0,0,0,0,0,0,0,"N",1.00,0,0,0,0,0,0,0,"N",0,0.0,0,0,0,0,0,0,0,0,0,0,0,0,0,0
"US000","3","488190","18","0","2026","1","N",7,0,0,0,0,0,0,0,"N",1.00,0,0,0,0,0,0,0,"N",0,0.0,0,0,0,0,0,0,0,0,0,0,0,0,0,0
"US000","3","4882","16","0","2026","1","N",5,0,0,0,0,0,0,0,"N",1.00,0,0,0,0,0,0,0,"N",-1,-16.7,0,0,0,0,0,0,0,0,0,0,0,0,0,0
"US000","3","48821","17","0","2026","1","N",5,0,0,0,0,0,0,0,"N",1.00,0,0,0,0,0,0,0,"N",-1,-16.7,0,0,0,0,0,0,0,0,0,0,0,0,0,0
"US000","3","488210","18","0","2026","1","N",5,0,0,0,0,0,0,0,"N",1.00,0,0,0,0,0,0,0,"N",-1,-16.7,0,0,0,0,0,0,0,0,0,0,0,0,0,0
"US000","3","4883","16","0","2026","1","",67,5324,5304,5361,158436454,9666054,175043,2287,"",1.00,1.00,1.00,1.00,1.00,1.00,1.00,1.00,"",-2,-2.9,12,0.2,-50,-0.9,-27,-0.5,3123393,2.0,36967,0.4,54139,44.8,54,2.4
"US000","3","48831","17","0","2026","1","",49,4760,4760,4802,141328999,8785305,160002,2277,"",1.00,1.00,1.00,1.00,1.00,1.00,1.00,1.00,"",-1,-2.0,4,0.1,-23,-0.5,-5,-0.1,5266083,3.9,-454,0.0,53604,50.4,88,4.0
"US000","3","488310","18","0","2026","1","",49,4760,4760,4802,141328999,8785305,160002,2277,"",1.00,1.00,1.00,1.00,1.00,1.00,1.00,1.00,"",-1,-2.0,4,0.1,-23,-0.5,-5,-0.1,5266083,3.9,-454,0.0,53604,50.4,88,4.0
"US000","3","48832","17","0","2026","1","",13,342,323,338,10261829,477229,4549,2361,"",1.00,1.00,1.00,1.00,1.00,1.00,1.00,1.00,"",-1,-7.1,4,1.2,-32,-9.0,-26,-7.1,-1900280,-15.6,10031,2.1,-178,-3.8,-294,-11.1
"US000","3","488320","18","0","2026","1","",13,342,323,338,10261829,477229,4549,2361,"",1.00,1.00,1.00,1.00,1.00,1.00,1.00,1.00,"",-1,-7.1,4,1.2,-32,-9.0,-26,-7.1,-1900280,-15.6,10031,2.1,-178,-3.8,-294,-11.1
"US000","3","48833","17","0","2026","1","N",2,0,0,0,0,0,0,0,"N",1.00,0,0,0,0,0,0,0,"N",0,0.0,0,0,0,0,0,0,0,0,0,0,0,0,0,0
"US000","3","488330","18","0","2026","1","N",2,0,0,0,0,0,0,0,"N",1.00,0,0,0,0,0,0,0,"N",0,0.0,0,0,0,0,0,0,0,0,0,0,0,0,0,0
"US000","3","48839","17","0","2026","1","N",3,0,0,0,0,0,0,0,"N",1.00,0,0,0,0,0,0,0,"N",0,0.0,0,0,0,0,0,0,0,0,0,0,0,0,0,0
"US000","3","488390","18","0","2026","1","N",3,0,0,0,0,0,0,0,"N",1.00,0,0,0,0,0,0,0,"N",0,0.0,0,0,0,0,0,0,0,0,0,0,0,0,0,0
"US000","3","4884","16","0","2026","1","",142,4577,4547,4495,108346268,12974571,130584,1836,"",1.00,1.00,1.00,1.00,1.00,1.00,1.00,1.00,"",-1,-0.7,11,0.2,-37,-0.8,-98,-2.1,322224,0.3,209149,1.6,11083,9.3,22,1.2
"US000","3","48841","17","0","2026","1","N",2,0,0,0,0,0,0,0,"N",1.00,0,0,0,0,0,0,0,"N",0,0.0,0,0,0,0,0,0,0,0,0,0,0,0,0,0
"US000","3","488410","18","0","2026","1","N",2,0,0,0,0,0,0,0,"N",1.00,0,0,0,0,0,0,0,"N",0,0.0,0,0,0,0,0,0,0,0,0,0,0,0,0,0
"US000","3","48849","17","0","2026","1","N",140,0,0,0,0,0,0,0,"N",1.00,0,0,0,0,0,0,0,"N",-1,-0.7,0,0,0,0,0,0,0,0,0,0,0,0,0,0
"US000","3","488490","18","0","2026","1","N",140,0,0,0,0,0,0,0,"N",1.00,0,0,0,0,0,0,0,"N",-1,-0.7,0,0,0,0,0,0,0,0,0,0,0,0,0,0
"US000","3","4885","16","0","2026","1","N",1,0,0,0,0,0,0,0,"N",1.00,0,0,0,0,0,0,0,"N",0,0.0,0,0,0,0,0,0,0,0,0,0,0,0,0,0
"US000","3","48851","17","0","2026","1","N",1,0,0,0,0,0,0,0,"N",1.00,0,0,0,0,0,0,0,"N",0,0.0,0,0,0,0,0,0,0,0,0,0,0,0,0,0
"US000","3","488510","18","0","2026","1","N",1,0,0,0,0,0,0,0,"N",1.00,0,0,0,0,0,0,0,"N",0,0.0,0,0,0,0,0,0,0,0,0,0,0,0,0,0
"US000","3","4889","16","0","2026","1","",50,3717,3730,3775,109829215,1004520,3717,2259,"",1.00,1.00,1.00,1.00,1.00,1.00,1.00,1.00,"",0,0.0,624,20.2,614,19.7,633,20.1,16015497,17.1,-6254,-0.6,-1438,-27.9,-56,-2.4
"US000","3","48899","17","0","2026","1","",50,3717,3730,3775,109829215,1004520,3717,2259,"",1.00,1.00,1.00,1.00,1.00,1.00,1.00,1.00,"",0,0.0,624,20.2,614,19.7,633,20.1,16015497,17.1,-6254,-0.6,-1438,-27.9,-56,-2.4
"US000","3","488999","18","0","2026","1","",50,3717,3730,3775,109829215,1004520,3717,2259,"",1.00,1.00,1.00,1.00,1.00,1.00,1.00,1.00,"",0,0.0,624,20.2,614,19.7,633,20.1,16015497,17.1,-6254,-0.6,-1438,-27.9,-56,-2.4
"US000","3","492","15","0","2026","1","",3,9,9,9,124542,9266,0,1064,"",1.00,1.00,1.00,1.00,1.00,1.00,0.00,1.00,"N",0,0.0,0,0,0,0,0,0,0,0,0,0,0,0,0,0
"US000","3","4921","16","0","2026","1","N",2,0,0,0,0,0,0,0,"N",1.00,0,0,0,0,0,0,0,"N",0,0.0,0,0,0,0,0,0,0,0,0,0,0,0,0,0
"US000","3","49211","17","0","2026","1","N",2,0,0,0,0,0,0,0,"N",1.00,0,0,0,0,0,0,0,"N",0,0.0,0,0,0,0,0,0,0,0,0,0,0,0,0,0
"US000","3","492110","18","0","2026","1","N",2,0,0,0,0,0,0,0,"N",1.00,0,0,0,0,0,0,0,"N",0,0.0,0,0,0,0,0,0,0,0,0,0,0,0,0,0
"US000","3","4922","16","0","2026","1","N",1,0,0,0,0,0,0,0,"N",1.00,0,0,0,0,0,0,0,"N",0,0.0,0,0,0,0,0,0,0,0,0,0,0,0,0,0
"US000","3","49221","17","0","2026","1","N",1,0,0,0,0,0,0,0,"N",1.00,0,0,0,0,0,0,0,"N",0,0.0,0,0,0,0,0,0,0,0,0,0,0,0,0,0
"US000","3","492210","18","0","2026","1","N",1,0,0,0,0,0,0,0,"N",1.00,0,0,0,0,0,0,0,"N",0,0.0,0,0,0,0,0,0,0,0,0,0,0,0,0,0
"US000","3","493","15","0","2026","1","",250,9101,9091,9024,158761454,986429,10949,1346,"",1.00,1.00,1.00,1.00,1.00,1.00,1.00,1.00,"",1,0.4,456,5.3,368,4.2,252,2.9,8727600,5.8,-14715,-1.5,5486,100.4,21,1.6
"US000","3","4931","16","0","2026","1","",250,9101,9091,9024,158761454,986429,10949,1346,"",1.00,1.00,1.00,1.00,1.00,1.00,1.00,1.00,"",1,0.4,456,5.3,368,4.2,252,2.9,8727600,5.8,-14715,-1.5,5486,100.4,21,1.6
"US000","3","49311","17","0","2026","1","",233,8844,8838,8764,154332544,876426,10554,1347,"",1.00,1.00,1.00,1.00,1.00,1.00,1.00,1.00,"",0,0.0,436,5.2,352,4.1,235,2.8,8340506,5.7,-1588,-0.2,5761,120.2,22,1.7
"US000","3","493110","18","0","2026","1","",233,8844,8838,8764,154332544,876426,10554,1347,"",1.00,1.00,1.00,1.00,1.00,1.00,1.00,1.00,"",0,0.0,436,5.2,352,4.1,235,2.8,8340506,5.7,-1588,-0.2,5761,120.2,22,1.7
"US000","3","49312","17","0","2026","1","",1,13,12,13,175890,0,0,1068,"",1.00,1.00,1.00,1.00,1.00,0.00,0.00,1.00,"",0,0.0,0,0.0,-1,-7.7,0,0.0,7231,4.3,0,0.0,0,0.0,70,7.0
"US000","3","493120","18","0","2026","1","",1,13,12,13,175890,0,0,1068,"",1.00,1.00,1.00,1.00,1.00,0.00,0.00,1.00,"",0,0.0,0,0.0,-1,-7.7,0,0.0,7231,4.3,0,0.0,0,0.0,70,7.0
"US000","3","49319","17","0","2026","1","",16,244,241,247,4253020,110003,395,1341,"",1.00,1.00,1.00,1.00,1.00,1.00,1.00,1.00,"",1,6.7,20,8.9,17,7.6,17,7.4,379863,9.8,-13127,-10.7,-275,-41.0,23,1.7
"US000","3","493190","18","0","2026","1","",16,244,241,247,4253020,110003,395,1341,"",1.00,1.00,1.00,1.00,1.00,1.00,1.00,1.00,"",1,6.7,20,8.9,17,7.6,17,7.4,379863,9.8,-13127,-10.7,-275,-41.0,23,1.7
"US000","3","51","14","0","2026","1","",5199,126945,126761,127050,1441571041,129136989,833777,874,"",1.00,1.00,1.00,1.00,1.00,1.00,1.00,1.00,"",2,0.0,845,0.7,508,0.4,516,0.4,52517176,3.8,2581324,2.0,29147,3.6,28,3.3
"US000","3","512","15","0","2026","1","",7,98,99,97,788106,74931,862,619,"",1.00,1.00,1.00,1.00,1.00,1.00,1.00,1.00,"",0,0.0,6,6.5,3,3.1,-1,-1.0,114614,17.0,205,0.3,-446,-34.1,76,14.0
"US000","3","5121","16","0","2026","1","",7,98,99,97,788106,74931,862,619,"",1.00,1.00,1.00,1.00,1.00,1.00,1.00,1.00,"",0,0.0,6,6.5,3,3.1,-1,-1.0,114614,17.0,205,0.3,-446,-34.1,76,14.0
"US000","3","51211","17","0","2026","1","",3,18,18,18,285149,0,0,1219,"",1.00,1.00,1.00,1.00,1.00,0.00,0.00,1.00,"",0,0.0,0,0.0,-1,-5.3,-3,-14.3,-50931,-15.2,0,0.0,0,0.0,-118,-8.8
"US000","3","512110","18","0","2026","1","",3,18,18,18,285149,0,0,1219,"",1.00,1.00,1.00,1.00,1.00,0.00,0.00,1.00,"",0,0.0,0,0.0,-1,-5.3,-3,-14.3,-50931,-15.2,0,0.0,0,0.0,-118,-8.8
"US000","3","51213","17","0","2026","1","",4,80,81,79,502957,74931,862,484,"",1.00,1.00,1.00,1.00,1.00,1.00,1.00,1.00,"",0,0.0,6,8.1,4,5.2,2,2.6,165545,49.1,205,0.3,-446,-34.1,142,41.5
"US000","3","512131","18","0","2026","1","",4,80,81,79,502957,74931,862,484,"",1.00,1.00,1.00,1.00,1.00,1.00,1.00,1.00,"",0,0.0,6,8.1,4,5.2,2,2.6,165545,49.1,205,0.3,-446,-34.1,142,41.5
"US000","3","513","15","0","2026","1","",5,62,62,63,1112860,198242,598,1373,"",1.00,1.00,1.00,1.00,1.00,1.00,1.00,1.00,"",0,0.0,-3,-4.6,-2,-3.1,-3,-4.5,-3128,-0.3,-12189,-5.8,145,32.0,52,3.9
"US000","3","5131","16","0","2026","1","N",4,0,0,0,0,0,0,0,"N",1.00,0,0,0,0,0,0,0,"N",0,0.0,0,0,0,0,0,0,0,0,0,0,0,0,0,0
"US000","3","51311","17","0","2026","1","",1,8,8,9,73860,73860,561,682,"",1.00,1.00,1.00,1.00,1.00,1.00,1.00,1.00,"",0,0.0,0,0.0,1,14.3,1,12.5,13421,22.2,13421,22.2,513,1068.8,76,12.5
"US000","3","513110","18","0","2026","1","",1,8,8,9,73860,73860,561,682,"",1.00,1.00,1.00,1.00,1.00,1.00,1.00,1.00,"",0,0.0,0,0.0,1,14.3,1,12.5,13421,22.2,13421,22.2,513,1068.8,76,12.5
"US000","3","51312","17","0","2026","1","N",2,0,0,0,0,0,0,0,"N",1.00,0,0,0,0,0,0,0,"N",0,0.0,0,0,0,0,0,0,0,0,0,0,0,0,0,0
"US000","3","513120","18","0","2026","1","N",2,0,0,0,0,0,0,0,"N",1.00,0,0,0,0,0,0,0,"N",0,0.0,0,0,0,0,0,0,0,0,0,0,0,0,0,0
"US000","3","51319","17","0","2026","1","N",1,0,0,0,0,0,0,0,"N",1.00,0,0,0,0,0,0,0,"N",0,0.0,0,0,0,0,0,0,0,0,0,0,0,0,0,0
"US000","3","513199","18","0","2026","1","N",1,0,0,0,0,0,0,0,"N",1.00,0,0,0,0,0,0,0,"N",0,0.0,0,0,0,0,0,0,0,0,0,0,0,0,0,0
"US000","3","5132","16","0","2026","1","N",1,0,0,0,0,0,0,0,"N",1.00,0,0,0,0,0,0,0,"N",0,0.0,0,0,0,0,0,0,0,0,0,0,0,0,0,0
"US000","3","51321","17","0","2026","1","N",1,0,0,0,0,0,0,0,"N",1.00,0,0,0,0,0,0,0,"N",0,0.0,0,0,0,0,0,0,0,0,0,0,0,0,0,0
"US000","3","513210","18","0","2026","1","N",1,0,0,0,0,0,0,0,"N",1.00,0,0,0,0,0,0,0,"N",0,0.0,0,0,0,0,0,0,0,0,0,0,0,0,0,0
"US000","3","516","15","0","2026","1","",29,155,153,152,1872708,124923,102,939,"",1.00,1.00,1.00,1.00,1.00,1.00,1.00,1.00,"",-2,-6.5,-32,-17.1,-42,-21.5,-33,-17.8,-162764,-8.0,-6331,-4.8,-328,-76.3,111,13.4
"US000","3","5161","16","0","2026","1","",10,48,49,46,423494,101051,78,683,"",1.00,1.00,1.00,1.00,1.00,1.00,1.00,1.00,"",0,0.0,-19,-28.4,-22,-31.0,-23,-33.3,-4503,-1.1,-8569,-7.8,-330,-80.9,206,43.2
"US000","3","51611","17","0","2026","1","N",5,0,0,0,0,0,0,0,"N",1.00,0,0,0,0,0,0,0,"N",0,0.0,0,0,0,0,0,0,0,0,0,0,0,0,0,0
"US000","3","516110","18","0","2026","1","N",5,0,0,0,0,0,0,0,"N",1.00,0,0,0,0,0,0,0,"N",0,0.0,0,0,0,0,0,0,0,0,0,0,0,0,0,0
"US000","3","51612","17","0","2026","1","N",5,0,0,0,0,0,0,0,"N",1.00,0,0,0,0,0,0,0,"N",0,0.0,0,0,0,0,0,0,0,0,0,0,0,0,0,0
"US000","3","516120","18","0","2026","1","N",5,0,0,0,0,0,0,0,"N",1.00,0,0,0,0,0,0,0,"N",0,0.0,0,0,0,0,0,0,0,0,0,0,0,0,0,0
"US000","3","5162","16","0","2026","1","",19,107,104,106,1449214,23872,24,1055,"",1.00,1.00,1.00,1.00,1.00,1.00,1.00,1.00,"",-2,-9.5,-13,-10.8,-20,-16.1,-10,-8.6,-158261,-9.8,2238,10.3,2,9.1,25,2.4
"US000","3","51621","17","0","2026","1","",19,107,104,106,1449214,23872,24,1055,"",1.00,1.00,1.00,1.00,1.00,1.00,1.00,1.00,"",-2,-9.5,-13,-10.8,-20,-16.1,-10,-8.6,-158261,-9.8,2238,10.3,2,9.1,25,2.4
"US000","3","516210","18","0","2026","1","",19,107,104,106,1449214,23872,24,1055,"",1.00,1.00,1.00,1.00,1.00,1.00,1.00,1.00,"",-2,-9.5,-13,-10.8,-20,-16.1,-10,-8.6,-158261,-9.8,2238,10.3,2,9.1,25,2.4
"US000","3","517","15","0","2026","1","",51,960,967,967,19660865,6729654,40802,1568,"",1.00,1.00,1.00,1.00,1.00,1.00,1.00,1.00,"",1,2.0,4,0.4,9,0.9,12,1.3,1021542,5.5,348588,5.5,5287,14.9,69,4.6
"US000","3","5171","16","0","2026","1","",46,854,861,865,18350586,6020418,35005,1641,"",1.00,1.00,1.00,1.00,1.00,1.00,1.00,1.00,"",2,4.5,6,0.7,15,1.8,20,2.4,1083803,6.3,358618,6.3,5311,17.9,72,4.6
"US000","3","51711","17","0","2026","1","",42,818,823,829,17881105,5648416,34797,1671,"",1.00,1.00,1.00,1.00,1.00,1.00,1.00,1.00,"",2,5.0,7,0.9,13,1.6,20,2.5,1107557,6.6,379821,7.2,5323,18.1,78,4.9
"US000","3","517111","18","0","2026","1","",26,480,481,484,9956989,605082,10394,1590,"",1.00,1.00,1.00,1.00,1.00,1.00,1.00,1.00,"",2,8.3,-6,-1.2,-2,-0.4,-1,-0.2,83725,0.8,149541,32.8,4068,64.3,23,1.5
"US000","3","517112","18","0","2026","1","",16,338,342,345,7924116,5043334,24403,1784,"",1.00,1.00,1.00,1.00,1.00,1.00,1.00,1.00,"",0,0.0,13,4.0,15,4.6,21,6.5,1023832,14.8,230280,4.8,1255,5.4,152,9.3
"US000","3","51712","17","0","2026","1","",4,36,38,36,469481,372002,208,985,"",1.00,1.00,1.00,1.00,1.00,1.00,1.00,1.00,"",0,0.0,-1,-2.7,2,5.6,0,0.0,-23754,-4.8,-21203,-5.4,-12,-5.5,-59,-5.7
"US000","3","517121","18","0","2026","1","",4,36,38,36,469481,372002,208,985,"",1.00,1.00,1.00,1.00,1.00,1.00,1.00,1.00,"",0,0.0,-1,-2.7,2,5.6,0,0.0,-23754,-4.8,-21203,-5.4,-12,-5.5,-59,-5.7
"US000","3","5174","16","0","2026","1","",2,18,18,17,201692,147467,376,878,"",1.00,1.00,1.00,1.00,1.00,1.00,1.00,1.00,"",0,0.0,1,5.9,-3,-14.3,-2,-10.5,8914,4.6,-2347,-1.6,-11,-2.8,98,12.6
"US000","3","51741","17","0","2026","1","",2,18,18,17,201692,147467,376,878,"",1.00,1.00,1.00,1.00,1.00,1.00,1.00,1.00,"",0,0.0,1,5.9,-3,-14.3,-2,-10.5,8914,4.6,-2347,-1.6,-11,-2.8,98,12.6
"US000","3","517410","18","0","2026","1","",2,18,18,17,201692,147467,376,878,"",1.00,1.00,1.00,1.00,1.00,1.00,1.00,1.00,"",0,0.0,1,5.9,-3,-14.3,-2,-10.5,8914,4.6,-2347,-1.6,-11,-2.8,98,12.6
"US000","3","5178","16","0","2026","1","",3,88,88,85,1108587,561769,5421,980,"",1.00,1.00,1.00,1.00,1.00,1.00,1.00,1.00,"",-1,-25.0,-3,-3.3,-3,-3.3,-6,-6.6,-71175,-6.0,-7683,-1.3,-13,-0.2,-17,-1.7
"US000","3","51781","17","0","2026","1","",3,88,88,85,1108587,561769,5421,980,"",1.00,1.00,1.00,1.00,1.00,1.00,1.00,1.00,"",-1,-25.0,-3,-3.3,-3,-3.3,-6,-6.6,-71175,-6.0,-7683,-1.3,-13,-0.2,-17,-1.7
"US000","3","517810","18","0","2026","1","",3,88,88,85,1108587,561769,5421,980,"",1.00,1.00,1.00,1.00,1.00,1.00,1.00,1.00,"",-1,-25.0,-3,-3.3,-3,-3.3,-6,-6.6,-71175,-6.0,-7683,-1.3,-13,-0.2,-17,-1.7
"US000","3","518","15","0","2026","1","",93,2051,2053,2047,47536074,911262,8537,1783,"",1.00,1.00,1.00,1.00,1.00,1.00,1.00,1.00,"",-3,-3.1,122,6.3,98,5.0,94,4.8,4793687,11.2,39665,4.6,6347,289.8,93,5.5
"US000","3","5182","16","0","2026","1","",93,2051,2053,2047,47536074,911262,8537,1783,"",1.00,1.00,1.00,1.00,1.00,1.00,1.00,1.00,"",-3,-3.1,122,6.3,98,5.0,94,4.8,4793687,11.2,39665,4.6,6347,289.8,93,5.5
"US000","3","51821","17","0","2026","1","",93,2051,2053,2047,47536074,911262,8537,1783,"",1.00,1.00,1.00,1.00,1.00,1.00,1.00,1.00,"",-3,-3.1,122,6.3,98,5.0,94,4.8,4793687,11.2,39665,4.6,6347,289.8,93,5.5
"US000","3","518210","18","0","2026","1","",93,2051,2053,2047,47536074,911262,8537,1783,"",1.00,1.00,1.00,1.00,1.00,1.00,1.00,1.00,"",-3,-3.1,122,6.3,98,5.0,94,4.8,4793687,11.2,39665,4.6,6347,289.8,93,5.5
"US000","3","519","15","0","2026","1","",5014,123619,123427,123724,1370600428,121097977,782876,853,"",1.00,1.00,1.00,1.00,1.00,1.00,1.00,1.00,"",6,0.1,748,0.6,442,0.4,447,0.4,46753225,3.5,2211386,1.9,18142,2.4,25,3.0
"US000","3","5192","16","0","2026","1","",5014,123619,123427,123724,1370600428,121097977,782876,853,"",1.00,1.00,1.00,1.00,1.00,1.00,1.00,1.00,"",6,0.1,748,0.6,442,0.4,447,0.4,46753225,3.5,2211386,1.9,18142,2.4,25,3.0
"US000","3","51921","17","0","2026","1","N",5011,0,0,0,0,0,0,0,"N",1.00,0,0,0,0,0,0,0,"N",6,0.1,0,0,0,0,0,0,0,0,0,0,0,0,0,0
"US000","3","519210","18","0","2026","1","N",5011,0,0,0,0,0,0,0,"N",1.00,0,0,0,0,0,0,0,"N",6,0.1,0,0,0,0,0,0,0,0,0,0,0,0,0,0
"US000","3","51929","17","0","2026","1","N",3,0,0,0,0,0,0,0,"N",1.00,0,0,0,0,0,0,0,"N",0,0.0,0,0,0,0,0,0,0,0,0,0,0,0,0,0
"US000","3","519290","18","0","2026","1","N",3,0,0,0,0,0,0,0,"N",1.00,0,0,0,0,0,0,0,"N",0,0.0,0,0,0,0,0,0,0,0,0,0,0,0,0,0
"US000","3","52","14","0","2026","1","",206,12698,12612,12646,350170320,71484862,1249447,2129,"",1.00,1.00,1.00,1.00,1.00,1.00,1.00,1.00,"",1,0.5,-209,-1.6,-298,-2.3,-268,-2.1,6134588,1.8,1180211,1.7,-43533,-3.4,79,3.9
"US000","3","522","15","0","2026","1","",51,1515,1491,1488,34722781,9603253,96685,1783,"",1.00,1.00,1.00,1.00,1.00,1.00,1.00,1.00,"",1,2.0,-21,-1.4,-32,-2.1,-39,-2.6,-1577266,-4.3,-237412,-2.4,-17089,-15.0,-44,-2.4
"US000","3","5221","16","0","2026","1","N",8,0,0,0,0,0,0,0,"N",1.00,0,0,0,0,0,0,0,"N",1,14.3,0,0,0,0,0,0,0,0,0,0,0,0,0,0
"US000","3","52211","17","0","2026","1","N",2,0,0,0,0,0,0,0,"N",1.00,0,0,0,0,0,0,0,"N",1,100.0,0,0,0,0,0,0,0,0,0,0,0,0,0,0
"US000","3","522110","18","0","2026","1","N",2,0,0,0,0,0,0,0,"N",1.00,0,0,0,0,0,0,0,"N",1,100.0,0,0,0,0,0,0,0,0,0,0,0,0,0,0
"US000","3","52213","17","0","2026","1","N",6,0,0,0,0,0,0,0,"N",1.00,0,0,0,0,0,0,0,"N",0,0.0,0,0,0,0,0,0,0,0,0,0,0,0,0,0
"US000","3","522130","18","0","2026","1","N",6,0,0,0,0,0,0,0,"N",1.00,0,0,0,0,0,0,0,"N",0,0.0,0,0,0,0,0,0,0,0,0,0,0,0,0,0
"US000","3","5222","16","0","2026","1","",37,1430,1406,1402,32647523,8618129,89174,1778,"",1.00,1.00,1.00,1.00,1.00,1.00,1.00,1.00,"",0,0.0,-14,-1.0,-26,-1.8,-33,-2.3,-1643263,-4.8,-316277,-3.5,-10860,-10.9,-58,-3.2
"US000","3","52222","17","0","2026","1","N",1,0,0,0,0,0,0,0,"N",1.00,0,0,0,0,0,0,0,"N",0,0.0,0,0,0,0,0,0,0,0,0,0,0,0,0,0
"US000","3","522220","18","0","2026","1","N",1,0,0,0,0,0,0,0,"N",1.00,0,0,0,0,0,0,0,"N",0,0.0,0,0,0,0,0,0,0,0,0,0,0,0,0,0
"US000","3","52229","17","0","2026","1","N",36,0,0,0,0,0,0,0,"N",1.00,0,0,0,0,0,0,0,"N",0,0.0,0,0,0,0,0,0,0,0,0,0,0,0,0,0
"US000","3","522291","18","0","2026","1","N",25,0,0,0,0,0,0,0,"N",1.00,0,0,0,0,0,0,0,"N",-1,-3.8,0,0,0,0,0,0,0,0,0,0,0,0,0,0
"US000","3","522292","18","0","2026","1","",10,919,911,902,24705017,5086072,49061,2087,"",1.00,1.00,1.00,1.00,1.00,1.00,1.00,1.00,"",1,11.1,-5,-0.5,-9,-1.0,-19,-2.1,-1229717,-4.7,130382,2.6,9401,23.7,-78,-3.6
"US000","3","522299","18","0","2026","1","",1,0,0,0,0,0,0,0,"",1.00,0.00,0.00,0.00,0.00,0.00,0.00,0.00,"",0,0.0,-1,-100.0,-1,-100.0,-1,-100.0,-48377,-100.0,0,0.0,0,0.0,-3721,-100.0
"US000","3","5223","16","0","2026","1","N",6,0,0,0,0,0,0,0,"N",1.00,0,0,0,0,0,0,0,"N",0,0.0,0,0,0,0,0,0,0,0,0,0,0,0,0,0
"US000","3","52231","17","0","2026","1","N",2,0,0,0,0,0,0,0,"N",1.00,0,0,0,0,0,0,0,"N",0,0.0,0,0,0,0,0,0,0,0,0,0,0,0,0,0
"US000","3","522310","18","0","2026","1","N",2,0,0,0,0,0,0,0,"N",1.00,0,0,0,0,0,0,0,"N",0,0.0,0,0,0,0,0,0,0,0,0,0,0,0,0,0
"US000","3","52232","17","0","2026","1","",1,3,3,3,35007,0,0,898,"",1.00,1.00,1.00,1.00,1.00,0.00,0.00,1.00,"",0,0.0,-1,-25.0,-1,-25.0,-1,-25.0,-7007,-16.7,0,0.0,0,0.0,90,11.1
"US000","3","522320","18","0","2026","1","",1,3,3,3,35007,0,0,898,"",1.00,1.00,1.00,1.00,1.00,0.00,0.00,1.00,"",0,0.0,-1,-25.0,-1,-25.0,-1,-25.0,-7007,-16.7,0,0.0,0,0.0,90,11.1
"US000","3","52239","17","0","2026","1","",3,5,5,5,149249,124556,1868,2296,"",1.00,1.00,1.00,1.00,1.00,1.00,1.00,1.00,"",0,0.0,-1,-16.7,-1,-16.7,-2,-28.6,24679,19.8,18602,17.6,272,17.0,783,51.8
"US000","3","522390","18","0","2026","1","",3,5,5,5,149249,124556,1868,2296,"",1.00,1.00,1.00,1.00,1.00,1.00,1.00,1.00,"",0,0.0,-1,-16.7,-1,-16.7,-2,-28.6,24679,19.8,18602,17.6,272,17.0,783,51.8
"US000","3","523","15","0","2026","1","",36,1146,1145,1147,46241994,25517747,89825,3104,"",1.00,1.00,1.00,1.00,1.00,1.00,1.00,1.00,"",1,2.9,50,4.6,49,4.5,46,4.2,4734135,11.4,3384333,15.3,4308,5.0,195,6.7
"US000","3","5231","16","0","2026","1","",7,22,22,22,588785,126280,970,2059,"",1.00,1.00,1.00,1.00,1.00,1.00,1.00,1.00,"",1,16.7,0,0.0,0,0.0,0,0.0,-22246,-3.6,13080,11.6,512,111.8,-77,-3.6
"US000","3","52315","17","0","2026","1","",6,21,21,21,553368,91480,855,2027,"",1.00,1.00,1.00,1.00,1.00,1.00,1.00,1.00,"",1,20.0,0,0.0,0,0.0,0,0.0,-18310,-3.2,11480,14.4,507,145.7,-67,-3.2
"US000","3","523150","18","0","2026","1","",6,21,21,21,553368,91480,855,2027,"",1.00,1.00,1.00,1.00,1.00,1.00,1.00,1.00,"",1,20.0,0,0.0,0,0.0,0,0.0,-18310,-3.2,11480,14.4,507,145.7,-67,-3.2
"US000","3","52316","17","0","2026","1","",1,1,1,1,35417,34800,115,2724,"",1.00,1.00,1.00,1.00,1.00,1.00,1.00,1.00,"",0,0.0,0,0.0,0,0.0,0,0.0,-3936,-10.0,1600,4.8,5,4.5,-303,-10.0
"US000","3","523160","18","0","2026","1","",1,1,1,1,35417,34800,115,2724,"",1.00,1.00,1.00,1.00,1.00,1.00,1.00,1.00,"",0,0.0,0,0.0,0,0.0,0,0.0,-3936,-10.0,1600,4.8,5,4.5,-303,-10.0
"US000","3","5239","16","0","2026","1","",29,1124,1123,1125,45653209,25391467,88855,3124,"",1.00,1.00,1.00,1.00,1.00,1.00,1.00,1.00,"",0,0.0,50,4.7,49,4.6,46,4.3,4756381,11.6,3371253,15.3,3796,4.5,199,6.8
"US000","3","52391","17","0","2026","1","",1,10,8,8,237564,60308,1990,2109,"",1.00,1.00,1.00,1.00,1.00,1.00,1.00,1.00,"",0,0.0,0,0.0,-1,-11.1,-1,-11.1,4849,2.1,-4616,-7.1,-347,-14.8,191,10.0
"US000","3","523910","18","0","2026","1","",1,10,8,8,237564,60308,1990,2109,"",1.00,1.00,1.00,1.00,1.00,1.00,1.00,1.00,"",0,0.0,0,0.0,-1,-11.1,-1,-11.1,4849,2.1,-4616,-7.1,-347,-14.8,191,10.0
"US000","3","52394","17","0","2026","1","",27,1030,1031,1032,43464941,25331159,86865,3243,"",1.00,1.00,1.00,1.00,1.00,1.00,1.00,1.00,"",0,0.0,50,5.1,49,5.0,46,4.7,4625372,11.9,3375869,15.4,4143,5.0,203,6.7
"US000","3","523940","18","0","2026","1","",27,1030,1031,1032,43464941,25331159,86865,3243,"",1.00,1.00,1.00,1.00,1.00,1.00,1.00,1.00,"",0,0.0,50,5.1,49,5.0,46,4.7,4625372,11.9,3375869,15.4,4143,5.0,203,6.7
"US000","3","52399","17","0","2026","1","",1,84,84,85,1950704,0,0,1779,"",1.00,1.00,1.00,1.00,1.00,0.00,0.00,1.00,"",0,0.0,0,0.0,1,1.2,1,1.2,126160,6.9,0,0.0,0,0.0,102,6.1
"US000","3","523991","18","0","2026","1","",1,84,84,85,1950704,0,0,1779,"",1.00,1.00,1.00,1.00,1.00,0.00,0.00,1.00,"",0,0.0,0,0.0,1,1.2,1,1.2,126160,6.9,0,0.0,0,0.0,102,6.1
"US000","3","524","15","0","2026","1","",95,9837,9780,9818,263739143,36070899,1061847,2068,"",1.00,1.00,1.00,1.00,1.00,1.00,1.00,1.00,"",0,0.0,-254,-2.5,-327,-3.2,-290,-2.9,2181596,0.8,-1949614,-5.1,-28111,-2.6,76,3.8
"US000","3","5241","16","0","2026","1","",46,7835,7780,7802,208929972,32242785,1004015,2059,"",1.00,1.00,1.00,1.00,1.00,1.00,1.00,1.00,"",0,0.0,-290,-3.6,-351,-4.3,-325,-4.0,431303,0.2,-1769670,-5.2,6760,0.7,86,4.4
"US000","3","52411","17","0","2026","1","",20,6276,6221,6241,158023310,31845902,999610,1946,"",1.00,1.00,1.00,1.00,1.00,1.00,1.00,1.00,"",-1,-4.8,-276,-4.2,-323,-4.9,-300,-4.6,-1175227,-0.7,-1901085,-5.6,4525,0.5,75,4.0
"US000","3","524113","18","0","2026","1","N",2,0,0,0,0,0,0,0,"N",1.00,0,0,0,0,0,0,0,"N",0,0.0,0,0,0,0,0,0,0,0,0,0,0,0,0,0
"US000","3","524114","18","0","2026","1","N",18,0,0,0,0,0,0,0,"N",1.00,0,0,0,0,0,0,0,"N",-1,-5.3,0,0,0,0,0,0,0,0,0,0,0,0,0,0
"US000","3","52412","17","0","2026","1","",24,1545,1545,1547,50457016,389883,4300,2511,"",1.00,1.00,1.00,1.00,1.00,1.00,1.00,1.00,"",0,0.0,-15,-1.0,-30,-1.9,-26,-1.7,1551595,3.2,124415,46.9,2130,98.2,114,4.8
"US000","3","524126","18","0","2026","1","",23,1535,1535,1538,50078404,319883,3250,2508,"",1.00,1.00,1.00,1.00,1.00,1.00,1.00,1.00,"",0,0.0,-23,-1.5,-37,-2.4,-32,-2.0,1331921,2.7,75415,30.8,1395,75.2,115,4.8
"US000","3","524128","18","0","2026","1","",1,10,10,9,378612,70000,1050,3013,"",1.00,1.00,1.00,1.00,1.00,1.00,1.00,1.00,"",0,0.0,8,400.0,7,233.3,6,200.0,219674,138.2,49000,233.3,735,233.3,-1572,-34.3
"US000","3","52413","17","0","2026","1","",2,14,14,14,449646,7000,105,2471,"",1.00,1.00,1.00,1.00,1.00,1.00,1.00,1.00,"",1,100.0,1,7.7,2,16.7,1,7.7,54935,13.9,7000,100.0,105,100.0,74,3.1
"US000","3","524130","18","0","2026","1","",2,14,14,14,449646,7000,105,2471,"",1.00,1.00,1.00,1.00,1.00,1.00,1.00,1.00,"",1,100.0,1,7.7,2,16.7,1,7.7,54935,13.9,7000,100.0,105,100.0,74,3.1
"US000","3","5242","16","0","2026","1","",49,2002,2000,2016,54809171,3828114,57832,2102,"",1.00,1.00,1.00,1.00,1.00,1.00,1.00,1.00,"",0,0.0,36,1.8,24,1.2,35,1.8,1750293,3.3,-179944,-4.5,-34871,-37.6,35,1.7
"US000","3","52421","17","0","2026","1","N",14,0,0,0,0,0,0,0,"N",1.00,0,0,0,0,0,0,0,"N",1,7.7,0,0,0,0,0,0,0,0,0,0,0,0,0,0
"US000","3","524210","18","0","2026","1","N",14,0,0,0,0,0,0,0,"N",1.00,0,0,0,0,0,0,0,"N",1,7.7,0,0,0,0,0,0,0,0,0,0,0,0,0,0
"US000","3","52429","17","0","2026","1","N",35,0,0,0,0,0,0,0,"N",1.00,0,0,0,0,0,0,0,"N",-1,-2.8,0,0,0,0,0,0,0,0,0,0,0,0,0,0
"US000","3","524291","18","0","2026","1","",9,237,235,235,7842154,329000,9677,2560,"",1.00,1.00,1.00,1.00,1.00,1.00,1.00,1.00,"",1,12.5,16,7.2,12,5.4,9,4.0,1529048,24.2,33749,11.4,1781,22.6,386,17.8
"US000","3","524292","18","0","2026","1","",18,1247,1247,1257,34271593,2696277,42530,2108,"",1.00,1.00,1.00,1.00,1.00,1.00,1.00,1.00,"",-1,-5.3,17,1.4,8,0.6,11,0.9,-55624,-0.2,-20840,-0.8,-36076,-45.9,-24,-1.1
"US000","3","524298","18","0","2026","1","N",8,0,0,0,0,0,0,0,"N",1.00,0,0,0,0,0,0,0,"N",-1,-11.1,0,0,0,0,0,0,0,0,0,0,0,0,0,0
"US000","3","525","15","0","2026","1","",24,200,196,193,5466402,292963,1090,2142,"",1.00,1.00,1.00,1.00,1.00,1.00,1.00,1.00,"",-1,-4.0,16,8.7,12,6.5,15,8.4,796123,17.0,-17096,-5.5,-2641,-70.8,168,8.5
"US000","3","5251","16","0","2026","1","N",23,0,0,0,0,0,0,0,"N",1.00,0,0,0,0,0,0,0,"N",0,0.0,0,0,0,0,0,0,0,0,0,0,0,0,0,0
"US000","3","52511","17","0","2026","1","",14,116,111,105,3209146,81428,82,2231,"",1.00,1.00,1.00,1.00,1.00,1.00,1.00,1.00,"",0,0.0,6,5.5,5,4.7,1,1.0,785851,32.4,13345,19.6,14,20.6,483,27.6
"US000","3","525110","18","0","2026","1","",14,116,111,105,3209146,81428,82,2231,"",1.00,1.00,1.00,1.00,1.00,1.00,1.00,1.00,"",0,0.0,6,5.5,5,4.7,1,1.0,785851,32.4,13345,19.6,14,20.6,483,27.6
"US000","3","52512","17","0","2026","1","N",3,0,0,0,0,0,0,0,"N",1.00,0,0,0,0,0,0,0,"N",0,0.0,0,0,0,0,0,0,0,0,0,0,0,0,0,0
"US000","3","525120","18","0","2026","1","N",3,0,0,0,0,0,0,0,"N",1.00,0,0,0,0,0,0,0,"N",0,0.0,0,0,0,0,0,0,0,0,0,0,0,0,0,0
"US000","3","52519","17","0","2026","1","N",6,0,0,0,0,0,0,0,"N",1.00,0,0,0,0,0,0,0,"N",0,0.0,0,0,0,0,0,0,0,0,0,0,0,0,0,0
"US000","3","525190","18","0","2026","1","N",6,0,0,0,0,0,0,0,"N",1.00,0,0,0,0,0,0,0,"N",0,0.0,0,0,0,0,0,0,0,0,0,0,0,0,0,0
"US000","3","5259","16","0","2026","1","N",1,0,0,0,0,0,0,0,"N",1.00,0,0,0,0,0,0,0,"N",-1,-50.0,0,0,0,0,0,0,0,0,0,0,0,0,0,0
"US000","3","52592","17","0","2026","1","N",1,0,0,0,0,0,0,0,"N",1.00,0,0,0,0,0,0,0,"N",-1,-50.0,0,0,0,0,0,0,0,0,0,0,0,0,0,0
"US000","3","525920","18","0","2026","1","N",1,0,0,0,0,0,0,0,"N",1.00,0,0,0,0,0,0,0,"N",-1,-50.0,0,0,0,0,0,0,0,0,0,0,0,0,0,0
"US000","3","53","14","0","2026","1","",1687,34248,34443,34485,563114329,184674132,2173939,1259,"",1.00,1.00,1.00,1.00,1.00,1.00,1.00,1.00,"",-5,-0.3,-724,-2.1,-652,-1.9,-677,-1.9,23326737,4.3,2539485,1.4,248597,12.9,75,6.3
"US000","3","531","15","0","2026","1","",1679,33839,34035,34075,558319994,184598844,2173331,1264,"",1.00,1.00,1.00,1.00,1.00,1.00,1.00,1.00,"",-5,-0.3,-767,-2.2,-693,-2.0,-715,-2.1,22328794,4.2,2544454,1.4,248494,12.9,76,6.4
"US000","3","5311","16","0","2026","1","",1172,26268,26473,26455,450013503,139071422,1619656,1311,"",1.00,1.00,1.00,1.00,1.00,1.00,1.00,1.00,"",-7,-0.6,-873,-3.2,-834,-3.1,-885,-3.2,19109424,4.4,2703456,2.0,111349,7.4,95,7.8
"US000","3","53111","17","0","2026","1","",1078,24137,24160,24135,415221210,124713196,1472357,1323,"",1.00,1.00,1.00,1.00,1.00,1.00,1.00,1.00,"",-10,-0.9,-890,-3.6,-868,-3.5,-877,-3.5,18302952,4.6,1429773,1.2,185734,14.4,103,8.4
"US000","3","531110","18","0","2026","1","",1078,24137,24160,24135,415221210,124713196,1472357,1323,"",1.00,1.00,1.00,1.00,1.00,1.00,1.00,1.00,"",-10,-0.9,-890,-3.6,-868,-3.5,-877,-3.5,18302952,4.6,1429773,1.2,185734,14.4,103,8.4
"US000","3","53112","17","0","2026","1","",84,2025,2209,2210,33033674,13205748,135028,1183,"",1.00,1.00,1.00,1.00,1.00,1.00,1.00,1.00,"",3,3.7,18,0.9,35,1.6,-11,-0.5,727631,2.3,1223087,10.2,-71126,-34.5,18,1.5
"US000","3","531120","18","0","2026","1","",84,2025,2209,2210,33033674,13205748,135028,1183,"",1.00,1.00,1.00,1.00,1.00,1.00,1.00,1.00,"",3,3.7,18,0.9,35,1.6,-11,-0.5,727631,2.3,1223087,10.2,-71126,-34.5,18,1.5
"US000","3","53119","17","0","2026","1","",10,106,104,110,1758619,1152478,12271,1268,"",1.00,1.00,1.00,1.00,1.00,1.00,1.00,1.00,"",0,0.0,-1,-0.9,-1,-1.0,3,2.8,78841,4.7,50596,4.6,-3259,-21.0,53,4.4
"US000","3","531190","18","0","2026","1","",10,106,104,110,1758619,1152478,12271,1268,"",1.00,1.00,1.00,1.00,1.00,1.00,1.00,1.00,"",0,0.0,-1,-0.9,-1,-1.0,3,2.8,78841,4.7,50596,4.6,-3259,-21.0,53,4.4
"US000","3","5312","16","0","2026","1","",52,710,712,721,9671672,1825872,19004,1041,"",1.00,1.00,1.00,1.00,1.00,1.00,1.00,1.00,"",0,0.0,189,36.3,191,36.7,166,29.9,2484035,34.6,-55361,-2.9,1091,6.1,2,0.2
"US000","3","53121","17","0","2026","1","",52,710,712,721,9671672,1825872,19004,1041,"",1.00,1.00,1.00,1.00,1.00,1.00,1.00,1.00,"",0,0.0,189,36.3,191,36.7,166,29.9,2484035,34.6,-55361,-2.9,1091,6.1,2,0.2
"US000","3","531210","18","0","2026","1","",52,710,712,721,9671672,1825872,19004,1041,"",1.00,1.00,1.00,1.00,1.00,1.00,1.00,1.00,"",0,0.0,189,36.3,191,36.7,166,29.9,2484035,34.6,-55361,-2.9,1091,6.1,2,0.2
"US000","3","5313","16","0","2026","1","",455,6861,6850,6899,98634819,43701550,534671,1104,"",1.00,1.00,1.00,1.00,1.00,1.00,1.00,1.00,"",2,0.4,-83,-1.2,-50,-0.7,4,0.1,735335,0.8,-103641,-0.2,136054,34.1,15,1.4
"US000","3","53131","17","0","2026","1","",440,6498,6485,6531,92749746,42045528,515268,1097,"",1.00,1.00,1.00,1.00,1.00,1.00,1.00,1.00,"",3,0.7,-89,-1.4,-51,-0.8,-4,-0.1,985572,1.1,-171927,-0.4,129724,33.6,20,1.9
"US000","3","531311","18","0","2026","1","",416,5627,5614,5651,83792416,38511787,401778,1145,"",1.00,1.00,1.00,1.00,1.00,1.00,1.00,1.00,"",2,0.5,-108,-1.9,-84,-1.5,-46,-0.8,614464,0.7,-187350,-0.5,98077,32.3,24,2.1
"US000","3","531312","18","0","2026","1","",24,871,871,880,8957330,3533741,113490,788,"",1.00,1.00,1.00,1.00,1.00,1.00,1.00,1.00,"",1,4.3,19,2.2,33,3.9,42,5.0,371108,4.3,15423,0.4,31647,38.7,4,0.5
"US000","3","53132","17","0","2026","1","N",10,0,0,0,0,0,0,0,"N",1.00,0,0,0,0,0,0,0,"N",-1,-9.1,0,0,0,0,0,0,0,0,0,0,0,0,0,0
"US000","3","531320","18","0","2026","1","N",10,0,0,0,0,0,0,0,"N",1.00,0,0,0,0,0,0,0,"N",-1,-9.1,0,0,0,0,0,0,0,0,0,0,0,0,0,0
"US000","3","53139","17","0","2026","1","N",5,0,0,0,0,0,0,0,"N",1.00,0,0,0,0,0,0,0,"N",0,0.0,0,0,0,0,0,0,0,0,0,0,0,0,0,0
"US000","3","531390","18","0","2026","1","N",5,0,0,0,0,0,0,0,"N",1.00,0,0,0,0,0,0,0,"N",0,0.0,0,0,0,0,0,0,0,0,0,0,0,0,0,0
"US000","3","532","15","0","2026","1","",8,409,408,410,4794335,75288,608,902,"",1.00,1.00,1.00,1.00,1.00,1.00,1.00,1.00,"",0,0.0,43,11.7,41,11.2,38,10.2,997943,26.3,-4969,-6.2,103,20.4,109,13.7
"US000","3","5321","16","0","2026","1","N",1,0,0,0,0,0,0,0,"N",1.00,0,0,0,0,0,0,0,"N",0,0.0,0,0,0,0,0,0,0,0,0,0,0,0,0,0
"US000","3","53211","17","0","2026","1","N",1,0,0,0,0,0,0,0,"N",1.00,0,0,0,0,0,0,0,"N",0,0.0,0,0,0,0,0,0,0,0,0,0,0,0,0,0
"US000","3","532112","18","0","2026","1","N",1,0,0,0,0,0,0,0,"N",1.00,0,0,0,0,0,0,0,"N",0,0.0,0,0,0,0,0,0,0,0,0,0,0,0,0,0
"US000","3","5322","16","0","2026","1","N",5,0,0,0,0,0,0,0,"N",1.00,0,0,0,0,0,0,0,"N",0,0.0,0,0,0,0,0,0,0,0,0,0,0,0,0,0
"US000","3","53228","17","0","2026","1","N",5,0,0,0,0,0,0,0,"N",1.00,0,0,0,0,0,0,0,"N",0,0.0,0,0,0,0,0,0,0,0,0,0,0,0,0,0
"US000","3","532283","18","0","2026","1","N",1,0,0,0,0,0,0,0,"N",1.00,0,0,0,0,0,0,0,"N",0,0.0,0,0,0,0,0,0,0,0,0,0,0,0,0,0
"US000","3","532284","18","0","2026","1","N",4,0,0,0,0,0,0,0,"N",1.00,0,0,0,0,0,0,0,"N",0,0.0,0,0,0,0,0,0,0,0,0,0,0,0,0,0
"US000","3","5324","16","0","2026","1","N",2,0,0,0,0,0,0,0,"N",1.00,0,0,0,0,0,0,0,"N",0,0.0,0,0,0,0,0,0,0,0,0,0,0,0,0,0
"US000","3","53241","17","0","2026","1","N",1,0,0,0,0,0,0,0,"N",1.00,0,0,0,0,0,0,0,"N",0,0.0,0,0,0,0,0,0,0,0,0,0,0,0,0,0
"US000","3","532412","18","0","2026","1","N",1,0,0,0,0,0,0,0,"N",1.00,0,0,0,0,0,0,0,"N",0,0.0,0,0,0,0,0,0,0,0,0,0,0,0,0,0
"US000","3","53249","17","0","2026","1","N",1,0,0,0,0,0,0,0,"N",1.00,0,0,0,0,0,0,0,"N",0,0.0,0,0,0,0,0,0,0,0,0,0,0,0,0,0
"US000","3","532490","18","0","2026","1","N",1,0,0,0,0,0,0,0,"N",1.00,0,0,0,0,0,0,0,"N",0,0.0,0,0,0,0,0,0,0,0,0,0,0,0,0,0
"US000","3","54","14","0","2026","1","",1351,22462,22419,22413,517193476,53577299,496499,1774,"",1.00,1.00,1.00,1.00,1.00,1.00,1.00,1.00,"",58,4.5,429,1.9,503,2.3,359,1.6,20313157,4.1,3588360,7.2,-90126,-15.4,37,2.1
"US000","3","541","15","0","2026","1","",1351,22462,22419,22413,517193476,53577299,496499,1774,"",1.00,1.00,1.00,1.00,1.00,1.00,1.00,1.00,"",58,4.5,429,1.9,503,2.3,359,1.6,20313157,4.1,3588360,7.2,-90126,-15.4,37,2.1
"US000","3","5411","16","0","2026","1","",38,397,391,389,9490334,213835,1696,1861,"",1.00,1.00,1.00,1.00,1.00,1.00,1.00,1.00,"",-1,-2.6,23,6.1,9,2.4,13,3.5,450794,5.0,3416,1.6,138,8.9,18,1.0
"US000","3","54111","17","0","2026","1","",34,351,347,347,8566959,213835,1696,1892,"",1.00,1.00,1.00,1.00,1.00,1.00,1.00,1.00,"",-1,-2.9,15,4.5,5,1.5,11,3.3,399373,4.9,3416,1.6,138,8.9,33,1.8
"US000","3","541110","18","0","2026","1","",34,351,347,347,8566959,213835,1696,1892,"",1.00,1.00,1.00,1.00,1.00,1.00,1.00,1.00,"",-1,-2.9,15,4.5,5,1.5,11,3.3,399373,4.9,3416,1.6,138,8.9,33,1.8
"US000","3","54119","17","0","2026","1","",4,46,44,42,923375,0,0,1614,"",1.00,1.00,1.00,1.00,1.00,0.00,0.00,1.00,"",0,0.0,8,21.1,4,10.0,2,5.0,51421,5.9,0,0.0,0,0.0,-91,-5.3
"US000","3","541199","18","0","2026","1","",4,46,44,42,923375,0,0,1614,"",1.00,1.00,1.00,1.00,1.00,0.00,0.00,1.00,"",0,0.0,8,21.1,4,10.0,2,5.0,51421,5.9,0,0.0,0,0.0,-91,-5.3
"US000","3","5412","16","0","2026","1","",94,2799,2787,2801,56708140,17842294,57470,1560,"",1.00,1.00,1.00,1.00,1.00,1.00,1.00,1.00,"",0,0.0,-4,-0.1,1,0.0,10,0.4,1148427,2.1,-156306,-0.9,-9375,-14.0,30,2.0
"US000","3","54121","17","0","2026","1","",94,2799,2787,2801,56708140,17842294,57470,1560,"",1.00,1.00,1.00,1.00,1.00,1.00,1.00,1.00,"",0,0.0,-4,-0.1,1,0.0,10,0.4,1148427,2.1,-156306,-0.9,-9375,-14.0,30,2.0
"US000","3","541211","18","0","2026","1","N",3,0,0,0,0,0,0,0,"N",1.00,0,0,0,0,0,0,0,"N",0,0.0,0,0,0,0,0,0,0,0,0,0,0,0,0,0
"US000","3","541213","18","0","2026","1","N",1,0,0,0,0,0,0,0,"N",1.00,0,0,0,0,0,0,0,"N",0,0.0,0,0,0,0,0,0,0,0,0,0,0,0,0,0
"US000","3","541214","18","0","2026","1","",19,418,426,432,7965316,426756,3747,1441,"",1.00,1.00,1.00,1.00,1.00,1.00,1.00,1.00,"",0,0.0,6,1.5,11,2.7,15,3.6,322030,4.2,-70788,-14.2,-4694,-55.6,23,1.6
"US000","3","541219","18","0","2026","1","",71,2366,2346,2355,48560528,17346961,52705,1586,"",1.00,1.00,1.00,1.00,1.00,1.00,1.00,1.00,"",0,0.0,-13,-0.5,-12,-0.5,-6,-0.3,795336,1.7,-83239,-0.5,-4059,-7.2,33,2.1
"US000","3","5413","16","0","2026","1","",499,8341,8297,8331,189087242,3360835,51255,1748,"",1.00,1.00,1.00,1.00,1.00,1.00,1.00,1.00,"",9,1.8,-248,-2.9,-235,-2.8,-304,-3.5,-1310458,-0.7,-3063082,-47.7,-26055,-33.7,42,2.5
"US000","3","54131","17","0","2026","1","",2,41,40,40,854987,0,0,1631,"",1.00,1.00,1.00,1.00,1.00,0.00,0.00,1.00,"",0,0.0,1,2.5,-1,-2.4,-1,-2.4,-96565,-10.1,0,0.0,0,0.0,-169,-9.4
"US000","3","541310","18","0","2026","1","",2,41,40,40,854987,0,0,1631,"",1.00,1.00,1.00,1.00,1.00,0.00,0.00,1.00,"",0,0.0,1,2.5,-1,-2.4,-1,-2.4,-96565,-10.1,0,0.0,0,0.0,-169,-9.4
"US000","3","54132","17","0","2026","1","",20,852,840,854,28912817,220584,3820,2621,"",1.00,1.00,1.00,1.00,1.00,1.00,1.00,1.00,"",0,0.0,7,0.8,24,2.9,-22,-2.5,-568517,-1.9,-84463,-27.7,79,2.1,-61,-2.3
"US000","3","541320","18","0","2026","1","",20,852,840,854,28912817,220584,3820,2621,"",1.00,1.00,1.00,1.00,1.00,1.00,1.00,1.00,"",0,0.0,7,0.8,24,2.9,-22,-2.5,-568517,-1.9,-84463,-27.7,79,2.1,-61,-2.3
"US000","3","54133","17","0","2026","1","",394,6596,6563,6573,141755077,2979372,45230,1658,"",1.00,1.00,1.00,1.00,1.00,1.00,1.00,1.00,"",5,1.3,-272,-4.0,-284,-4.1,-296,-4.3,-1719483,-1.2,-2971438,-49.9,-26550,-37.0,49,3.0
"US000","3","541330","18","0","2026","1","",394,6596,6563,6573,141755077,2979372,45230,1658,"",1.00,1.00,1.00,1.00,1.00,1.00,1.00,1.00,"",5,1.3,-272,-4.0,-284,-4.1,-296,-4.3,-1719483,-1.2,-2971438,-49.9,-26550,-37.0,49,3.0
"US000","3","54134","17","0","2026","1","N",1,0,0,0,0,0,0,0,"N",1.00,0,0,0,0,0,0,0,"N",0,0.0,0,0,0,0,0,0,0,0,0,0,0,0,0,0
"US000","3","541340","18","0","2026","1","N",1,0,0,0,0,0,0,0,"N",1.00,0,0,0,0,0,0,0,"N",0,0.0,0,0,0,0,0,0,0,0,0,0,0,0,0,0
"US000","3","54135","17","0","2026","1","",39,332,334,337,5042031,39601,235,1160,"",1.00,1.00,1.00,1.00,1.00,1.00,1.00,1.00,"",2,5.4,-5,-1.5,-6,-1.8,-7,-2.0,167523,3.4,-3790,-8.7,-52,-18.1,58,5.3
"US000","3","541350","18","0","2026","1","",39,332,334,337,5042031,39601,235,1160,"",1.00,1.00,1.00,1.00,1.00,1.00,1.00,1.00,"",2,5.4,-5,-1.5,-6,-1.8,-7,-2.0,167523,3.4,-3790,-8.7,-52,-18.1,58,5.3
"US000","3","54136","17","0","2026","1","N",2,0,0,0,0,0,0,0,"N",1.00,0,0,0,0,0,0,0,"N",0,0.0,0,0,0,0,0,0,0,0,0,0,0,0,0,0
"US000","3","541360","18","0","2026","1","N",2,0,0,0,0,0,0,0,"N",1.00,0,0,0,0,0,0,0,"N",0,0.0,0,0,0,0,0,0,0,0,0,0,0,0,0,0
"US000","3","54137","17","0","2026","1","",28,124,124,124,2441366,117828,1904,1514,"",1.00,1.00,1.00,1.00,1.00,1.00,1.00,1.00,"",0,0.0,5,4.2,7,6.0,9,7.8,223294,10.1,-3040,-2.5,434,29.5,56,3.8
"US000","3","541370","18","0","2026","1","",28,124,124,124,2441366,117828,1904,1514,"",1.00,1.00,1.00,1.00,1.00,1.00,1.00,1.00,"",0,0.0,5,4.2,7,6.0,9,7.8,223294,10.1,-3040,-2.5,434,29.5,56,3.8
"US000","3","54138","17","0","2026","1","",13,392,392,399,10019059,3450,66,1954,"",1.00,1.00,1.00,1.00,1.00,1.00,1.00,1.00,"",2,18.2,18,4.8,27,7.4,15,3.9,712913,7.7,-351,-9.2,34,106.2,42,2.2
"US000","3","541380","18","0","2026","1","",13,392,392,399,10019059,3450,66,1954,"",1.00,1.00,1.00,1.00,1.00,1.00,1.00,1.00,"",2,18.2,18,4.8,27,7.4,15,3.9,712913,7.7,-351,-9.2,34,106.2,42,2.2
"US000","3","5414","16","0","2026","1","N",3,0,0,0,0,0,0,0,"N",1.00,0,0,0,0,0,0,0,"N",0,0.0,0,0,0,0,0,0,0,0,0,0,0,0,0,0
"US000","3","54141","17","0","2026","1","N",1,0,0,0,0,0,0,0,"N",1.00,0,0,0,0,0,0,0,"N",0,0.0,0,0,0,0,0,0,0,0,0,0,0,0,0,0
"US000","3","541410","18","0","2026","1","N",1,0,0,0,0,0,0,0,"N",1.00,0,0,0,0,0,0,0,"N",0,0.0,0,0,0,0,0,0,0,0,0,0,0,0,0,0
"US000","3","54143","17","0","2026","1","",2,5,5,5,66965,44811,45,1030,"",1.00,1.00,1.00,1.00,1.00,1.00,1.00,1.00,"",0,0.0,1,25.0,0,0.0,0,0.0,6277,10.3,4437,11.0,5,12.5,30,3.0
"US000","3","541430","18","0","2026","1","",2,5,5,5,66965,44811,45,1030,"",1.00,1.00,1.00,1.00,1.00,1.00,1.00,1.00,"",0,0.0,1,25.0,0,0.0,0,0.0,6277,10.3,4437,11.0,5,12.5,30,3.0
"US000","3","5415","16","0","2026","1","",345,5423,5445,5423,124729815,10883411,83840,1767,"",1.00,1.00,1.00,1.00,1.00,1.00,1.00,1.00,"",23,7.1,151,2.9,204,3.9,158,3.0,10036461,8.8,3059158,39.1,9704,13.1,89,5.3
"US000","3","54151","17","0","2026","1","",345,5423,5445,5423,124729815,10883411,83840,1767,"",1.00,1.00,1.00,1.00,1.00,1.00,1.00,1.00,"",23,7.1,151,2.9,204,3.9,158,3.0,10036461,8.8,3059158,39.1,9704,13.1,89,5.3
"US000","3","541511","18","0","2026","1","",58,596,593,584,13729778,4626859,23898,1787,"",1.00,1.00,1.00,1.00,1.00,1.00,1.00,1.00,"",9,18.4,135,29.3,136,29.8,125,27.2,4107010,42.7,3521114,318.4,-111,-0.5,174,10.8
"US000","3","541512","18","0","2026","1","",163,2347,2361,2353,58854055,5028745,39428,1923,"",1.00,1.00,1.00,1.00,1.00,1.00,1.00,1.00,"",9,5.8,55,2.4,101,4.5,97,4.3,3401317,6.1,-332368,-6.2,-2479,-5.9,43,2.3
"US000","3","541513","18","0","2026","1","",101,2127,2135,2132,43809676,488653,12935,1581,"",1.00,1.00,1.00,1.00,1.00,1.00,1.00,1.00,"",4,4.1,-36,-1.7,-33,-1.5,-58,-2.6,2597187,6.3,176130,56.4,10512,433.8,123,8.4
"US000","3","541519","18","0","2026","1","",23,353,356,354,8336306,739154,7579,1810,"",1.00,1.00,1.00,1.00,1.00,1.00,1.00,1.00,"",1,4.5,-3,-0.8,0,0.0,-6,-1.7,-69053,-0.8,-305718,-29.3,1782,30.7,1,0.1
"US000","3","5416","16","0","2026","1","",238,2659,2659,2653,64636051,13455175,189776,1871,"",1.00,1.00,1.00,1.00,1.00,1.00,1.00,1.00,"",17,7.7,451,20.4,449,20.3,415,18.5,9083551,16.4,3511438,35.3,-42125,-18.2,-55,-2.9
"US000","3","54161","17","0","2026","1","",102,1653,1639,1635,38898804,6387407,90253,1822,"",1.00,1.00,1.00,1.00,1.00,1.00,1.00,1.00,"",5,5.2,374,29.2,351,27.3,359,28.1,5101954,15.1,2672102,71.9,-4822,-5.1,-207,-10.2
"US000","3","541611","18","0","2026","1","",68,1130,1126,1111,28179618,4461701,82927,1931,"",1.00,1.00,1.00,1.00,1.00,1.00,1.00,1.00,"",5,7.9,163,16.9,154,15.8,151,15.7,1596278,6.0,1251582,39.0,-8302,-9.1,-185,-8.7
"US000","3","541612","18","0","2026","1","",23,273,264,272,5810869,287195,3461,1658,"",1.00,1.00,1.00,1.00,1.00,1.00,1.00,1.00,"",1,4.5,31,12.8,17,6.9,25,10.1,315430,5.7,-43182,-13.1,1766,104.2,-65,-3.8
"US000","3","541613","18","0","2026","1","",5,8,8,8,231865,58415,672,2229,"",1.00,1.00,1.00,1.00,1.00,1.00,1.00,1.00,"",0,0.0,-7,-46.7,-7,-46.7,-7,-46.7,-120679,-34.2,-3393,-5.5,-1151,-63.1,421,23.3
"US000","3","541614","18","0","2026","1","N",4,0,0,0,0,0,0,0,"N",1.00,0,0,0,0,0,0,0,"N",0,0.0,0,0,0,0,0,0,0,0,0,0,0,0,0,0
"US000","3","541618","18","0","2026","1","N",2,0,0,0,0,0,0,0,"N",1.00,0,0,0,0,0,0,0,"N",-1,-33.3,0,0,0,0,0,0,0,0,0,0,0,0,0,0
"US000","3","54162","17","0","2026","1","",17,109,122,111,1738257,649773,11674,1173,"",1.00,1.00,1.00,1.00,1.00,1.00,1.00,1.00,"",1,6.2,-12,-9.9,4,3.4,-22,-16.5,43116,2.5,43115,7.1,3296,39.3,121,11.5
"US000","3","541620","18","0","2026","1","",17,109,122,111,1738257,649773,11674,1173,"",1.00,1.00,1.00,1.00,1.00,1.00,1.00,1.00,"",1,6.2,-12,-9.9,4,3.4,-22,-16.5,43116,2.5,43115,7.1,3296,39.3,121,11.5
"US000","3","54169","17","0","2026","1","",119,897,898,907,23998990,6417995,87849,2050,"",1.00,1.00,1.00,1.00,1.00,1.00,1.00,1.00,"",11,10.2,89,11.0,94,11.7,78,9.4,3938481,19.6,796221,14.2,-40599,-31.6,154,8.1
"US000","3","541690","18","0","2026","1","",119,897,898,907,23998990,6417995,87849,2050,"",1.00,1.00,1.00,1.00,1.00,1.00,1.00,1.00,"",11,10.2,89,11.0,94,11.7,78,9.4,3938481,19.6,796221,14.2,-40599,-31.6,154,8.1
"US000","3","5417","16","0","2026","1","",46,2219,2217,2202,58058752,4525453,93252,2018,"",1.00,1.00,1.00,1.00,1.00,1.00,1.00,1.00,"",2,4.5,1,0.0,21,1.0,23,1.1,-110594,-0.2,-235386,-4.9,-23191,-19.9,-18,-0.9
"US000","3","54171","17","0","2026","1","",30,2107,2105,2091,55800495,4029224,86291,2043,"",1.00,1.00,1.00,1.00,1.00,1.00,1.00,1.00,"",2,7.1,31,1.5,43,2.1,44,2.1,22060,0.0,94515,2.4,-21966,-20.3,-38,-1.8
"US000","3","541714","18","0","2026","1","N",4,0,0,0,0,0,0,0,"N",1.00,0,0,0,0,0,0,0,"N",1,33.3,0,0,0,0,0,0,0,0,0,0,0,0,0,0
"US000","3","541715","18","0","2026","1","N",26,0,0,0,0,0,0,0,"N",1.00,0,0,0,0,0,0,0,"N",1,4.0,0,0,0,0,0,0,0,0,0,0,0,0,0,0
"US000","3","54172","17","0","2026","1","",16,112,112,111,2258257,496229,6961,1556,"",1.00,1.00,1.00,1.00,1.00,1.00,1.00,1.00,"",0,0.0,-30,-21.1,-22,-16.4,-21,-15.9,-132654,-5.5,-329901,-39.9,-1225,-15.0,204,15.1
"US000","3","541720","18","0","2026","1","",16,112,112,111,2258257,496229,6961,1556,"",1.00,1.00,1.00,1.00,1.00,1.00,1.00,1.00,"",0,0.0,-30,-21.1,-22,-16.4,-21,-15.9,-132654,-5.5,-329901,-39.9,-1225,-15.0,204,15.1
"US000","3","5418","16","0","2026","1","",39,416,412,414,11053499,2324167,4169,2054,"",1.00,1.00,1.00,1.00,1.00,1.00,1.00,1.00,"",1,2.6,43,11.5,41,11.1,41,11.0,856946,8.4,354725,18.0,898,27.5,-53,-2.5
"US000","3","54181","17","0","2026","1","",4,6,5,5,71511,28652,344,1031,"",1.00,1.00,1.00,1.00,1.00,1.00,1.00,1.00,"N",0,0.0,0,0,0,0,0,0,0,0,0,0,0,0,0,0
"US000","3","541810","18","0","2026","1","",4,6,5,5,71511,28652,344,1031,"",1.00,1.00,1.00,1.00,1.00,1.00,1.00,1.00,"N",0,0.0,0,0,0,0,0,0,0,0,0,0,0,0,0,0
"US000","3","54182","17","0","2026","1","",32,382,379,381,10350307,2069166,3114,2092,"",1.00,1.00,1.00,1.00,1.00,1.00,1.00,1.00,"",0,0.0,36,10.4,35,10.2,35,10.1,647172,6.7,202741,10.9,707,29.4,-69,-3.2
"US000","3","541820","18","0","2026","1","",32,382,379,381,10350307,2069166,3114,2092,"",1.00,1.00,1.00,1.00,1.00,1.00,1.00,1.00,"",0,0.0,36,10.4,35,10.2,35,10.1,647172,6.7,202741,10.9,707,29.4,-69,-3.2
"US000","3","54184","17","0","2026","1","N",1,0,0,0,0,0,0,0,"N",1.00,0,0,0,0,0,0,0,"N",1,100.0,0,0,0,0,0,0,0,0,0,0,0,0,0,0
"US000","3","541840","18","0","2026","1","N",1,0,0,0,0,0,0,0,"N",1.00,0,0,0,0,0,0,0,"N",1,100.0,0,0,0,0,0,0,0,0,0,0,0,0,0,0
"US000","3","54189","17","0","2026","1","N",2,0,0,0,0,0,0,0,"N",1.00,0,0,0,0,0,0,0,"N",0,0.0,0,0,0,0,0,0,0,0,0,0,0,0,0,0
"US000","3","541890","18","0","2026","1","N",2,0,0,0,0,0,0,0,"N",1.00,0,0,0,0,0,0,0,"N",0,0.0,0,0,0,0,0,0,0,0,0,0,0,0,0,0
"US000","3","5419","16","0","2026","1","N",49,0,0,0,0,0,0,0,"N",1.00,0,0,0,0,0,0,0,"N",7,16.7,0,0,0,0,0,0,0,0,0,0,0,0,0,0
"US000","3","54191","17","0","2026","1","",1,10,10,11,77122,77122,77,574,"",1.00,1.00,1.00,1.00,1.00,1.00,1.00,1.00,"",0,0.0,1,11.1,1,11.1,2,22.2,13862,21.9,13862,21.9,14,22.2,33,6.1
"US000","3","541910","18","0","2026","1","",1,10,10,11,77122,77122,77,574,"",1.00,1.00,1.00,1.00,1.00,1.00,1.00,1.00,"",0,0.0,1,11.1,1,11.1,2,22.2,13862,21.9,13862,21.9,14,22.2,33,6.1
"US000","3","54193","17","0","2026","1","",1,2,2,2,98307,14000,378,3781,"",1.00,1.00,1.00,1.00,1.00,1.00,1.00,1.00,"",0,0.0,1,100.0,1,100.0,1,100.0,79090,411.6,7000,100.0,189,100.0,2303,155.8
"US000","3","541930","18","0","2026","1","",1,2,2,2,98307,14000,378,3781,"",1.00,1.00,1.00,1.00,1.00,1.00,1.00,1.00,"",0,0.0,1,100.0,1,100.0,1,100.0,79090,411.6,7000,100.0,189,100.0,2303,155.8
"US000","3","54194","17","0","2026","1","N",6,0,0,0,0,0,0,0,"N",1.00,0,0,0,0,0,0,0,"N",0,0.0,0,0,0,0,0,0,0,0,0,0,0,0,0,0
"US000","3","541940","18","0","2026","1","N",6,0,0,0,0,0,0,0,"N",1.00,0,0,0,0,0,0,0,"N",0,0.0,0,0,0,0,0,0,0,0,0,0,0,0,0,0
"US000","3","54199","17","0","2026","1","",41,127,130,119,2448404,836196,14541,1503,"",1.00,1.00,1.00,1.00,1.00,1.00,1.00,1.00,"",7,20.6,4,3.3,6,4.8,-5,-4.0,78384,3.3,89098,11.9,-328,-2.2,29,2.0
"US000","3","541990","18","0","2026","1","",41,127,130,119,2448404,836196,14541,1503,"",1.00,1.00,1.00,1.00,1.00,1.00,1.00,1.00,"",7,20.6,4,3.3,6,4.8,-5,-4.0,78384,3.3,89098,11.9,-328,-2.2,29,2.0
"US000","3","56","14","0","2026","1","",3570,84861,84991,83873,1391607981,204273544,3592657,1266,"",1.00,1.00,1.00,1.00,1.00,1.00,1.00,1.00,"",44,1.2,5548,7.0,4019,5.0,4158,5.2,124321889,9.8,33605794,19.7,682650,23.5,47,3.9
"US000","3","561","15","0","2026","1","",2435,56901,57173,55972,936919423,172458883,3297639,1271,"",1.00,1.00,1.00,1.00,1.00,1.00,1.00,1.00,"",44,1.8,3203,6.0,1778,3.2,1915,3.5,74413004,8.6,32937477,23.6,590922,21.8,51,4.2
"US000","3","5611","16","0","2026","1","",205,3660,3640,3625,92429685,9212963,131065,1952,"",1.00,1.00,1.00,1.00,1.00,1.00,1.00,1.00,"",5,2.5,-942,-20.5,-961,-20.9,-988,-21.4,-8722601,-8.6,33140,0.4,3484,2.7,262,15.5
"US000","3","56111","17","0","2026","1","",205,3660,3640,3625,92429685,9212963,131065,1952,"",1.00,1.00,1.00,1.00,1.00,1.00,1.00,1.00,"",5,2.5,-942,-20.5,-961,-20.9,-988,-21.4,-8722601,-8.6,33140,0.4,3484,2.7,262,15.5
"US000","3","561110","18","0","2026","1","",205,3660,3640,3625,92429685,9212963,131065,1952,"",1.00,1.00,1.00,1.00,1.00,1.00,1.00,1.00,"",5,2.5,-942,-20.5,-961,-20.9,-988,-21.4,-8722601,-8.6,33140,0.4,3484,2.7,262,15.5
"US000","3","5612","16","0","2026","1","",198,12328,12240,12482,256853320,110738782,2536169,1600,"",1.00,1.00,1.00,1.00,1.00,1.00,1.00,1.00,"",6,3.1,627,5.4,550,4.7,754,6.4,32718410,14.6,28740993,35.1,430943,20.5,127,8.6
"US000","3","56121","17","0","2026","1","",198,12328,12240,12482,256853320,110738782,2536169,1600,"",1.00,1.00,1.00,1.00,1.00,1.00,1.00,1.00,"",6,3.1,627,5.4,550,4.7,754,6.4,32718410,14.6,28740993,35.1,430943,20.5,127,8.6
"US000","3","561210","18","0","2026","1","",198,12328,12240,12482,256853320,110738782,2536169,1600,"",1.00,1.00,1.00,1.00,1.00,1.00,1.00,1.00,"",6,3.1,627,5.4,550,4.7,754,6.4,32718410,14.6,28740993,35.1,430943,20.5,127,8.6
"US000","3","5613","16","0","2026","1","",34,4288,4412,2834,43115689,1525655,30594,863,"",1.00,1.00,1.00,1.00,1.00,1.00,1.00,1.00,"",6,21.4,2478,136.9,1318,42.6,1010,55.4,15766062,57.6,671654,78.6,4843,18.8,-75,-8.0
"US000","3","56131","17","0","2026","1","",8,155,156,153,2898847,457405,4322,1442,"",1.00,1.00,1.00,1.00,1.00,1.00,1.00,1.00,"N",0,0.0,0,0,0,0,0,0,0,0,0,0,0,0,0,0
"US000","3","561311","18","0","2026","1","",8,155,156,153,2898847,457405,4322,1442,"",1.00,1.00,1.00,1.00,1.00,1.00,1.00,1.00,"N",0,0.0,0,0,0,0,0,0,0,0,0,0,0,0,0,0
"US000","3","56132","17","0","2026","1","",25,4120,4243,2668,39917450,768858,23278,835,"",1.00,1.00,1.00,1.00,1.00,1.00,1.00,1.00,"N",5,25.0,0,0,0,0,0,0,0,0,0,0,0,0,0,0
"US000","3","561320","18","0","2026","1","",25,4120,4243,2668,39917450,768858,23278,835,"",1.00,1.00,1.00,1.00,1.00,1.00,1.00,1.00,"N",5,25.0,0,0,0,0,0,0,0,0,0,0,0,0,0,0
"US000","3","56133","17","0","2026","1","",1,13,13,13,299392,299392,2994,1772,"",1.00,1.00,1.00,1.00,1.00,1.00,1.00,1.00,"",1,100.0,13,100.0,13,100.0,13,100.0,299392,100.0,299392,100.0,2994,100.0,1772,100.0
"US000","3","561330","18","0","2026","1","",1,13,13,13,299392,299392,2994,1772,"",1.00,1.00,1.00,1.00,1.00,1.00,1.00,1.00,"",1,100.0,13,100.0,13,100.0,13,100.0,299392,100.0,299392,100.0,2994,100.0,1772,100.0
"US000","3","5614","16","0","2026","1","",103,1861,1897,1934,39736347,6800751,80769,1611,"",1.00,1.00,1.00,1.00,1.00,1.00,1.00,1.00,"",2,2.0,-53,-2.8,-68,-3.5,-48,-2.4,829731,2.1,200895,3.0,21460,36.2,79,5.2
"US000","3","56141","17","0","2026","1","",12,199,195,193,3737064,529044,2648,1469,"",1.00,1.00,1.00,1.00,1.00,1.00,1.00,1.00,"",-1,-7.7,-87,-30.4,-90,-31.6,-98,-33.7,-547344,-12.8,-54229,-9.3,-4688,-63.9,322,28.1
"US000","3","561410","18","0","2026","1","",12,199,195,193,3737064,529044,2648,1469,"",1.00,1.00,1.00,1.00,1.00,1.00,1.00,1.00,"",-1,-7.7,-87,-30.4,-90,-31.6,-98,-33.7,-547344,-12.8,-54229,-9.3,-4688,-63.9,322,28.1
"US000","3","56142","17","0","2026","1","",58,1372,1375,1410,30880089,5959541,72396,1714,"",1.00,1.00,1.00,1.00,1.00,1.00,1.00,1.00,"",2,3.6,29,2.2,28,2.1,62,4.6,1495995,5.1,238257,4.2,22606,45.4,35,2.1
"US000","3","561421","18","0","2026","1","",44,1144,1147,1172,26226451,5126824,64443,1748,"",1.00,1.00,1.00,1.00,1.00,1.00,1.00,1.00,"",1,2.3,38,3.4,37,3.3,58,5.2,1265288,5.1,246415,5.0,23875,58.9,18,1.0
"US000","3","561422","18","0","2026","1","",14,228,228,238,4653638,832717,7953,1547,"",1.00,1.00,1.00,1.00,1.00,1.00,1.00,1.00,"",1,7.7,-9,-3.8,-9,-3.8,4,1.7,230707,5.2,-8158,-1.0,-1269,-13.8,105,7.3
"US000","3","56143","17","0","2026","1","N",5,0,0,0,0,0,0,0,"N",1.00,0,0,0,0,0,0,0,"N",0,0.0,0,0,0,0,0,0,0,0,0,0,0,0,0,0
"US000","3","561439","18","0","2026","1","N",5,0,0,0,0,0,0,0,"N",1.00,0,0,0,0,0,0,0,"N",0,0.0,0,0,0,0,0,0,0,0,0,0,0,0,0,0
"US000","3","56144","17","0","2026","1","N",6,0,0,0,0,0,0,0,"N",1.00,0,0,0,0,0,0,0,"N",-2,-25.0,0,0,0,0,0,0,0,0,0,0,0,0,0,0
"US000","3","561440","18","0","2026","1","N",6,0,0,0,0,0,0,0,"N",1.00,0,0,0,0,0,0,0,"N",-2,-25.0,0,0,0,0,0,0,0,0,0,0,0,0,0,0
"US000","3","56149","17","0","2026","1","",22,248,285,289,4568148,232187,4542,1282,"",1.00,1.00,1.00,1.00,1.00,1.00,1.00,1.00,"",3,15.8,9,3.8,24,9.2,18,6.6,271286,6.3,52187,29.0,3206,240.0,-4,-0.3
"US000","3","561492","18","0","2026","1","N",2,0,0,0,0,0,0,0,"N",1.00,0,0,0,0,0,0,0,"N",0,0.0,0,0,0,0,0,0,0,0,0,0,0,0,0,0
"US000","3","561499","18","0","2026","1","N",20,0,0,0,0,0,0,0,"N",1.00,0,0,0,0,0,0,0,"N",3,17.6,0,0,0,0,0,0,0,0,0,0,0,0,0,0
"US000","3","5615","16","0","2026","1","",109,1344,1433,1496,14271185,4808802,37139,771,"",1.00,1.00,1.00,1.00,1.00,1.00,1.00,1.00,"",1,0.9,-67,-4.7,-161,-10.1,66,4.6,44668,0.3,-417547,-8.0,-2670,-6.7,31,4.2
"US000","3","56151","17","0","2026","1","",1,4,4,4,78737,0,0,1514,"",1.00,1.00,1.00,1.00,1.00,0.00,0.00,1.00,"",0,0.0,-2,-33.3,-3,-42.9,-2,-33.3,-40330,-33.9,0,0.0,0,0.0,68,4.7
"US000","3","561510","18","0","2026","1","",1,4,4,4,78737,0,0,1514,"",1.00,1.00,1.00,1.00,1.00,0.00,0.00,1.00,"",0,0.0,-2,-33.3,-3,-42.9,-2,-33.3,-40330,-33.9,0,0.0,0,0.0,68,4.7
"US000","3","56152","17","0","2026","1","",1,54,54,55,333633,166668,0,472,"",1.00,1.00,1.00,1.00,1.00,1.00,0.00,1.00,"",0,0.0,-7,-11.5,-7,-11.5,-6,-9.8,-67792,-16.9,-49483,-22.9,0,0.0,-34,-6.7
"US000","3","561520","18","0","2026","1","",1,54,54,55,333633,166668,0,472,"",1.00,1.00,1.00,1.00,1.00,1.00,0.00,1.00,"",0,0.0,-7,-11.5,-7,-11.5,-6,-9.8,-67792,-16.9,-49483,-22.9,0,0.0,-34,-6.7
"US000","3","56159","17","0","2026","1","",107,1286,1375,1437,13858815,4642134,37139,780,"",1.00,1.00,1.00,1.00,1.00,1.00,1.00,1.00,"",1,0.9,-58,-4.3,-151,-9.9,74,5.4,152790,1.1,-368064,-7.3,-2670,-6.7,33,4.4
"US000","3","561591","18","0","2026","1","",98,960,997,1008,12100172,4068446,32851,942,"",1.00,1.00,1.00,1.00,1.00,1.00,1.00,1.00,"",1,1.0,-8,-0.8,24,2.5,28,2.9,579040,5.0,46012,1.1,953,3.0,32,3.5
"US000","3","561599","18","0","2026","1","",9,326,378,429,1758643,573688,4288,358,"",1.00,1.00,1.00,1.00,1.00,1.00,1.00,1.00,"",0,0.0,-50,-13.3,-175,-31.6,46,12.0,-426250,-19.5,-414076,-41.9,-3623,-45.8,-26,-6.8
"US000","3","5616","16","0","2026","1","",36,854,855,864,12289684,2162767,17152,1102,"",1.00,1.00,1.00,1.00,1.00,1.00,1.00,1.00,"",0,0.0,-28,-3.2,-25,-2.8,-10,-1.1,-369409,-2.9,-63965,-2.9,-1944,-10.2,-6,-0.5
"US000","3","56161","17","0","2026","1","N",34,0,0,0,0,0,0,0,"N",1.00,0,0,0,0,0,0,0,"N",0,0.0,0,0,0,0,0,0,0,0,0,0,0,0,0,0
"US000","3","561611","18","0","2026","1","",1,0,0,0,0,0,0,0,"",1.00,0.00,0.00,0.00,0.00,0.00,0.00,0.00,"",0,0.0,0,0.0,0,0.0,0,0.0,0,0.0,0,0.0,0,0.0,0,0.0
"US000","3","561612","18","0","2026","1","N",33,0,0,0,0,0,0,0,"N",1.00,0,0,0,0,0,0,0,"N",0,0.0,0,0,0,0,0,0,0,0,0,0,0,0,0,0
"US000","3","56162","17","0","2026","1","N",2,0,0,0,0,0,0,0,"N",1.00,0,0,0,0,0,0,0,"N",0,0.0,0,0,0,0,0,0,0,0,0,0,0,0,0,0
"US000","3","561621","18","0","2026","1","N",2,0,0,0,0,0,0,0,"N",1.00,0,0,0,0,0,0,0,"N",0,0.0,0,0,0,0,0,0,0,0,0,0,0,0,0,0
"US000","3","5617","16","0","2026","1","",1520,26148,26255,26443,373988813,14070360,127343,1095,"",1.00,1.00,1.00,1.00,1.00,1.00,1.00,1.00,"",11,0.7,492,1.9,468,1.8,510,2.0,20428164,5.8,2145827,18.0,-9344,-6.8,41,3.9
"US000","3","56171","17","0","2026","1","",71,939,949,985,14689436,1976257,27125,1180,"",1.00,1.00,1.00,1.00,1.00,1.00,1.00,1.00,"",-2,-2.7,-9,-0.9,-5,-0.5,-15,-1.5,209939,1.4,-70005,-3.4,-1778,-6.2,29,2.5
"US000","3","561710","18","0","2026","1","",71,939,949,985,14689436,1976257,27125,1180,"",1.00,1.00,1.00,1.00,1.00,1.00,1.00,1.00,"",-2,-2.7,-9,-0.9,-5,-0.5,-15,-1.5,209939,1.4,-70005,-3.4,-1778,-6.2,29,2.5
"US000","3","56172","17","0","2026","1","",905,14247,14287,14369,208804314,8787368,78726,1123,"",1.00,1.00,1.00,1.00,1.00,1.00,1.00,1.00,"",7,0.8,316,2.3,263,1.9,285,2.0,11943541,6.1,947252,12.1,-8590,-9.8,42,3.9
"US000","3","561720","18","0","2026","1","",905,14247,14287,14369,208804314,8787368,78726,1123,"",1.00,1.00,1.00,1.00,1.00,1.00,1.00,1.00,"",7,0.8,316,2.3,263,1.9,285,2.0,11943541,6.1,947252,12.1,-8590,-9.8,42,3.9
"US000","3","56173","17","0","2026","1","",245,4588,4634,4683,64159636,2987746,19050,1065,"",1.00,1.00,1.00,1.00,1.00,1.00,1.00,1.00,"",2,0.8,224,5.1,219,5.0,207,4.6,5679588,9.7,1261697,73.1,-511,-2.6,47,4.6
"US000","3","561730","18","0","2026","1","",245,4588,4634,4683,64159636,2987746,19050,1065,"",1.00,1.00,1.00,1.00,1.00,1.00,1.00,1.00,"",2,0.8,224,5.1,219,5.0,207,4.6,5679588,9.7,1261697,73.1,-511,-2.6,47,4.6
"US000","3","56179","17","0","2026","1","",299,6374,6385,6406,86335427,318989,2442,1040,"",1.00,1.00,1.00,1.00,1.00,1.00,1.00,1.00,"",4,1.4,-39,-0.6,-9,-0.1,33,0.5,2595096,3.1,6883,2.2,1535,169.2,32,3.2
"US000","3","561790","18","0","2026","1","",299,6374,6385,6406,86335427,318989,2442,1040,"",1.00,1.00,1.00,1.00,1.00,1.00,1.00,1.00,"",4,1.4,-39,-0.6,-9,-0.1,33,0.5,2595096,3.1,6883,2.2,1535,169.2,32,3.2
"US000","3","5619","16","0","2026","1","",230,6418,6441,6294,104234700,23138803,337408,1256,"",1.00,1.00,1.00,1.00,1.00,1.00,1.00,1.00,"",13,6.0,696,12.2,657,11.4,621,10.9,13717979,15.2,1626480,7.6,144150,74.6,40,3.3
"US000","3","56192","17","0","2026","1","",20,1560,1599,1497,15568972,957290,21561,772,"",1.00,1.00,1.00,1.00,1.00,1.00,1.00,1.00,"",1,5.3,374,31.5,395,32.8,347,30.2,5839559,60.0,865,0.1,-5925,-21.6,138,21.8
"US000","3","561920","18","0","2026","1","",20,1560,1599,1497,15568972,957290,21561,772,"",1.00,1.00,1.00,1.00,1.00,1.00,1.00,1.00,"",1,5.3,374,31.5,395,32.8,347,30.2,5839559,60.0,865,0.1,-5925,-21.6,138,21.8
"US000","3","56199","17","0","2026","1","",210,4858,4842,4797,88665728,22181513,315847,1411,"",1.00,1.00,1.00,1.00,1.00,1.00,1.00,1.00,"",12,6.1,322,7.1,262,5.7,274,6.1,7878420,9.8,1625615,7.9,150075,90.5,44,3.2
"US000","3","561990","18","0","2026","1","",210,4858,4842,4797,88665728,22181513,315847,1411,"",1.00,1.00,1.00,1.00,1.00,1.00,1.00,1.00,"",12,6.1,322,7.1,262,5.7,274,6.1,7878420,9.8,1625615,7.9,150075,90.5,44,3.2
"US000","3","562","15","0","2026","1","",1135,27960,27818,27901,454688558,31814661,295018,1254,"",1.00,1.00,1.00,1.00,1.00,1.00,1.00,1.00,"",0,0.0,2345,9.2,2241,8.8,2243,8.7,49908885,12.3,668317,2.1,91728,45.1,39,3.2
"US000","3","5621","16","0","2026","1","",271,7059,7011,6991,104726821,5457093,40237,1148,"",1.00,1.00,1.00,1.00,1.00,1.00,1.00,1.00,"",4,1.5,2078,41.7,2037,41.0,2019,40.6,31562429,43.1,137190,2.6,885,2.2,17,1.5
"US000","3","56211","17","0","2026","1","",271,7059,7011,6991,104726821,5457093,40237,1148,"",1.00,1.00,1.00,1.00,1.00,1.00,1.00,1.00,"",4,1.5,2078,41.7,2037,41.0,2019,40.6,31562429,43.1,137190,2.6,885,2.2,17,1.5
"US000","3","562111","18","0","2026","1","",253,6926,6877,6855,103346921,4996415,33608,1154,"",1.00,1.00,1.00,1.00,1.00,1.00,1.00,1.00,"",4,1.6,2072,42.7,2034,42.0,2019,41.7,31580496,44.0,136732,2.8,-3071,-8.4,14,1.2
"US000","3","562112","18","0","2026","1","",4,12,12,11,285307,35000,2170,1881,"",1.00,1.00,1.00,1.00,1.00,1.00,1.00,1.00,"",0,0.0,0,0.0,-2,-14.3,-3,-21.4,-51447,-15.3,-14000,-28.6,1435,195.2,-62,-3.2
"US000","3","562119","18","0","2026","1","",14,121,122,125,1094593,425678,4459,686,"",1.00,1.00,1.00,1.00,1.00,1.00,1.00,1.00,"",0,0.0,6,5.2,5,4.3,3,2.5,33380,3.1,14458,3.5,2521,130.1,-6,-0.9
"US000","3","5622","16","0","2026","1","",745,19447,19354,19405,326854679,24048308,206970,1296,"",1.00,1.00,1.00,1.00,1.00,1.00,1.00,1.00,"",-4,-0.5,308,1.6,252,1.3,269,1.4,17856616,5.8,433063,1.8,76794,59.0,53,4.3
"US000","3","56221","17","0","2026","1","",745,19447,19354,19405,326854679,24048308,206970,1296,"",1.00,1.00,1.00,1.00,1.00,1.00,1.00,1.00,"",-4,-0.5,308,1.6,252,1.3,269,1.4,17856616,5.8,433063,1.8,76794,59.0,53,4.3
"US000","3","562211","18","0","2026","1","",48,1138,1133,1129,18477987,1875239,32754,1254,"",1.00,1.00,1.00,1.00,1.00,1.00,1.00,1.00,"",-1,-2.0,12,1.1,9,0.8,6,0.5,352066,1.9,60391,3.3,16008,95.6,14,1.1
"US000","3","562212","18","0","2026","1","",559,13862,13845,13846,210648734,20129016,152454,1170,"",1.00,1.00,1.00,1.00,1.00,1.00,1.00,1.00,"",-2,-0.4,133,1.0,111,0.8,87,0.6,6685551,3.3,381405,1.9,58219,61.8,28,2.5
"US000","3","562213","18","0","2026","1","",20,525,480,520,10281799,318827,8275,1556,"",1.00,1.00,1.00,1.00,1.00,1.00,1.00,1.00,"",-1,-4.8,4,0.8,-36,-7.0,4,0.8,505753,5.2,-20212,-6.0,-933,-10.1,103,7.1
"US000","3","562219","18","0","2026","1","",118,3922,3896,3910,87446159,1725226,13487,1721,"",1.00,1.00,1.00,1.00,1.00,1.00,1.00,1.00,"",0,0.0,159,4.2,168,4.5,172,4.6,10313246,13.4,11479,0.7,3500,35.0,136,8.6
"US000","3","5629","16","0","2026","1","",119,1454,1453,1505,23107058,2309260,47811,1209,"",1.00,1.00,1.00,1.00,1.00,1.00,1.00,1.00,"",0,0.0,-41,-2.7,-48,-3.2,-45,-2.9,489840,2.2,98064,4.4,14049,41.6,61,5.3
"US000","3","56291","17","0","2026","1","N",5,0,0,0,0,0,0,0,"N",1.00,0,0,0,0,0,0,0,"N",1,25.0,0,0,0,0,0,0,0,0,0,0,0,0,0,0
"US000","3","562910","18","0","2026","1","N",5,0,0,0,0,0,0,0,"N",1.00,0,0,0,0,0,0,0,"N",1,25.0,0,0,0,0,0,0,0,0,0,0,0,0,0,0
"US000","3","56292","17","0","2026","1","",93,1102,1106,1126,16921284,1308949,29927,1171,"",1.00,1.00,1.00,1.00,1.00,1.00,1.00,1.00,"",-1,-1.1,-11,-1.0,-14,-1.2,-3,-0.3,678546,4.2,23477,1.8,9462,46.2,56,5.0
"US000","3","562920","18","0","2026","1","",93,1102,1106,1126,16921284,1308949,29927,1171,"",1.00,1.00,1.00,1.00,1.00,1.00,1.00,1.00,"",-1,-1.1,-11,-1.0,-14,-1.2,-3,-0.3,678546,4.2,23477,1.8,9462,46.2,56,5.0
"US000","3","56299","17","0","2026","1","N",21,0,0,0,0,0,0,0,"N",1.00,0,0,0,0,0,0,0,"N",0,0.0,0,0,0,0,0,0,0,0,0,0,0,0,0,0
"US000","3","562991","18","0","2026","1","N",1,0,0,0,0,0,0,0,"N",1.00,0,0,0,0,0,0,0,"N",0,0.0,0,0,0,0,0,0,0,0,0,0,0,0,0,0
"US000","3","562998","18","0","2026","1","N",20,0,0,0,0,0,0,0,"N",1.00,0,0,0,0,0,0,0,"N",0,0.0,0,0,0,0,0,0,0,0,0,0,0,0,0,0
"US000","3","61","14","0","2026","1","",66459,8307729,8404614,8435284,128462065857,3367050760,18612633,1179,"",1.00,1.00,1.00,1.00,1.00,1.00,1.00,1.00,"",93,0.1,41948,0.5,21957,0.3,24255,0.3,3334626478,2.7,101325169,3.1,981884,5.6,27,2.3
"US000","3","611","15","0","2026","1","",66459,8307729,8404614,8435284,128462065857,3367050760,18612633,1179,"",1.00,1.00,1.00,1.00,1.00,1.00,1.00,1.00,"",93,0.1,41948,0.5,21957,0.3,24255,0.3,3334626478,2.7,101325169,3.1,981884,5.6,27,2.3
"US000","3","6111","16","0","2026","1","",63648,7796770,7842296,7861702,119802132607,3095831165,17269446,1176,"",1.00,1.00,1.00,1.00,1.00,1.00,1.00,1.00,"",51,0.1,34176,0.4,10351,0.1,13490,0.2,2950897242,2.5,95287421,3.2,858155,5.2,26,2.3
"US000","3","61111","17","0","2026","1","",63648,7796770,7842296,7861702,119802132607,3095831165,17269446,1176,"",1.00,1.00,1.00,1.00,1.00,1.00,1.00,1.00,"",51,0.1,34176,0.4,10351,0.1,13490,0.2,2950897242,2.5,95287421,3.2,858155,5.2,26,2.3
"US000","3","611110","18","0","2026","1","",63648,7796770,7842296,7861702,119802132607,3095831165,17269446,1176,"",1.00,1.00,1.00,1.00,1.00,1.00,1.00,1.00,"",51,0.1,34176,0.4,10351,0.1,13490,0.2,2950897242,2.5,95287421,3.2,858155,5.2,26,2.3
"US000","3","6112","16","0","2026","1","",1471,367450,415947,426228,6107646487,191741630,948381,1165,"",1.00,1.00,1.00,1.00,1.00,1.00,1.00,1.00,"",31,2.2,1674,0.5,6022,1.5,4912,1.2,262722147,4.5,3221807,1.7,121234,14.7,38,3.4
"US000","3","61121","17","0","2026","1","",1471,367450,415947,426228,6107646487,191741630,948381,1165,"",1.00,1.00,1.00,1.00,1.00,1.00,1.00,1.00,"",31,2.2,1674,0.5,6022,1.5,4912,1.2,262722147,4.5,3221807,1.7,121234,14.7,38,3.4
"US000","3","611210","18","0","2026","1","",1471,367450,415947,426228,6107646487,191741630,948381,1165,"",1.00,1.00,1.00,1.00,1.00,1.00,1.00,1.00,"",31,2.2,1674,0.5,6022,1.5,4912,1.2,262722147,4.5,3221807,1.7,121234,14.7,38,3.4
"US000","3","6113","16","0","2026","1","",485,81335,83307,83841,1753698468,12308785,90784,1629,"",1.00,1.00,1.00,1.00,1.00,1.00,1.00,1.00,"",6,1.3,3885,5.0,3918,4.9,3758,4.7,90277472,5.4,900117,7.9,24812,37.6,9,0.6
"US000","3","61131","17","0","2026","1","",485,81335,83307,83841,1753698468,12308785,90784,1629,"",1.00,1.00,1.00,1.00,1.00,1.00,1.00,1.00,"",6,1.3,3885,5.0,3918,4.9,3758,4.7,90277472,5.4,900117,7.9,24812,37.6,9,0.6
"US000","3","611310","18","0","2026","1","",485,81335,83307,83841,1753698468,12308785,90784,1629,"",1.00,1.00,1.00,1.00,1.00,1.00,1.00,1.00,"",6,1.3,3885,5.0,3918,4.9,3758,4.7,90277472,5.4,900117,7.9,24812,37.6,9,0.6
"US000","3","6114","16","0","2026","1","",81,1515,1521,1526,26580665,3603544,15768,1345,"",1.00,1.00,1.00,1.00,1.00,1.00,1.00,1.00,"",1,1.2,-759,-33.4,-767,-33.5,-783,-33.9,-5230163,-16.4,427958,13.5,675,4.5,277,25.9
"US000","3","61142","17","0","2026","1","",7,324,322,323,5834837,0,0,1390,"",1.00,1.00,1.00,1.00,1.00,0.00,0.00,1.00,"",0,0.0,-6,-1.8,-6,-1.8,-4,-1.2,168656,3.0,0,0.0,0,0.0,63,4.7
"US000","3","611420","18","0","2026","1","",7,324,322,323,5834837,0,0,1390,"",1.00,1.00,1.00,1.00,1.00,0.00,0.00,1.00,"",0,0.0,-6,-1.8,-6,-1.8,-4,-1.2,168656,3.0,0,0.0,0,0.0,63,4.7
"US000","3","61143","17","0","2026","1","",74,1191,1199,1203,20745828,3603544,15768,1332,"",1.00,1.00,1.00,1.00,1.00,1.00,1.00,1.00,"",1,1.4,-753,-38.7,-761,-38.8,-779,-39.3,-5398819,-20.6,427958,13.5,675,4.5,307,30.0
"US000","3","611430","18","0","2026","1","",74,1191,1199,1203,20745828,3603544,15768,1332,"",1.00,1.00,1.00,1.00,1.00,1.00,1.00,1.00,"",1,1.4,-753,-38.7,-761,-38.8,-779,-39.3,-5398819,-20.6,427958,13.5,675,4.5,307,30.0
"US000","3","6115","16","0","2026","1","",172,10458,10659,10806,149453271,28922791,79773,1080,"",1.00,1.00,1.00,1.00,1.00,1.00,1.00,1.00,"",0,0.0,115,1.1,-78,-0.7,-124,-1.1,5524680,3.8,1922093,7.1,-20132,-20.2,42,4.0
"US000","3","61151","17","0","2026","1","",172,10458,10659,10806,149453271,28922791,79773,1080,"",1.00,1.00,1.00,1.00,1.00,1.00,1.00,1.00,"",0,0.0,115,1.1,-78,-0.7,-124,-1.1,5524680,3.8,1922093,7.1,-20132,-20.2,42,4.0
"US000","3","611512","18","0","2026","1","",4,97,112,142,1388461,486998,1198,913,"",1.00,1.00,1.00,1.00,1.00,1.00,1.00,1.00,"",0,0.0,-1,-1.0,2,1.8,32,29.1,185285,15.4,139717,40.2,-346,-22.4,40,4.6
"US000","3","611513","18","0","2026","1","",32,2225,2152,2170,32198074,4942430,761,1135,"",1.00,1.00,1.00,1.00,1.00,1.00,1.00,1.00,"",-1,-3.0,5,0.2,-3,-0.1,-32,-1.5,1019909,3.3,203532,4.3,-46377,-98.4,41,3.7
"US000","3","611519","18","0","2026","1","",136,8136,8395,8494,115866736,23493363,77814,1068,"",1.00,1.00,1.00,1.00,1.00,1.00,1.00,1.00,"",1,0.7,111,1.4,-77,-0.9,-124,-1.4,4319486,3.9,1578844,7.2,26591,51.9,43,4.2
"US000","3","6116","16","0","2026","1","",193,8298,8400,8385,87484046,1580697,25411,805,"",1.00,1.00,1.00,1.00,1.00,1.00,1.00,1.00,"",-2,-1.0,-35,-0.4,-82,-1.0,-430,-4.9,-764774,-0.9,-159911,-9.2,3174,14.3,10,1.3
"US000","3","61161","17","0","2026","1","N",8,0,0,0,0,0,0,0,"N",1.00,0,0,0,0,0,0,0,"N",-1,-11.1,0,0,0,0,0,0,0,0,0,0,0,0,0,0
"US000","3","611610","18","0","2026","1","N",8,0,0,0,0,0,0,0,"N",1.00,0,0,0,0,0,0,0,"N",-1,-11.1,0,0,0,0,0,0,0,0,0,0,0,0,0,0
"US000","3","61162","17","0","2026","1","",67,2679,2701,2658,23133087,561573,17223,664,"",1.00,1.00,1.00,1.00,1.00,1.00,1.00,1.00,"",1,1.5,180,7.2,152,6.0,-75,-2.7,1380274,6.3,53832,10.6,1811,11.8,19,2.9
"US000","3","611620","18","0","2026","1","",67,2679,2701,2658,23133087,561573,17223,664,"",1.00,1.00,1.00,1.00,1.00,1.00,1.00,1.00,"",1,1.5,180,7.2,152,6.0,-75,-2.7,1380274,6.3,53832,10.6,1811,11.8,19,2.9
"US000","3","61163","17","0","2026","1","N",4,0,0,0,0,0,0,0,"N",1.00,0,0,0,0,0,0,0,"N",-2,-33.3,0,0,0,0,0,0,0,0,0,0,0,0,0,0
"US000","3","611630","18","0","2026","1","N",4,0,0,0,0,0,0,0,"N",1.00,0,0,0,0,0,0,0,"N",-2,-33.3,0,0,0,0,0,0,0,0,0,0,0,0,0,0
"US000","3","61169","17","0","2026","1","",114,5228,5309,5343,60098405,457174,3977,873,"",1.00,1.00,1.00,1.00,1.00,1.00,1.00,1.00,"",0,0.0,-156,-2.9,-168,-3.1,-279,-5.0,-1802668,-2.9,44622,10.8,1420,55.5,6,0.7
"US000","3","611691","18","0","2026","1","",48,3380,3414,3365,37121669,156082,486,843,"",1.00,1.00,1.00,1.00,1.00,1.00,1.00,1.00,"",0,0.0,-32,-0.9,-31,-0.9,-185,-5.2,-675290,-1.8,-162,-0.1,25,5.4,5,0.6
"US000","3","611692","18","0","2026","1","",1,6,7,9,35979,0,0,377,"",1.00,1.00,1.00,1.00,1.00,0.00,0.00,1.00,"",0,0.0,0,0.0,3,75.0,3,50.0,2483,7.4,0,0.0,0,0.0,-106,-21.9
"US000","3","611699","18","0","2026","1","",65,1842,1888,1969,22940757,301092,3491,929,"",1.00,1.00,1.00,1.00,1.00,1.00,1.00,1.00,"",0,0.0,-124,-6.3,-140,-6.9,-97,-4.7,-1129861,-4.7,44784,17.5,1395,66.6,12,1.3
"US000","3","6117","16","0","2026","1","",409,41903,42484,42796,535070313,33062148,183070,971,"",1.00,1.00,1.00,1.00,1.00,1.00,1.00,1.00,"",6,1.5,2892,7.4,2593,6.5,3432,8.7,31199874,6.2,-274316,-0.8,-6034,-3.2,-12,-1.2
"US000","3","61171","17","0","2026","1","",409,41903,42484,42796,535070313,33062148,183070,971,"",1.00,1.00,1.00,1.00,1.00,1.00,1.00,1.00,"",6,1.5,2892,7.4,2593,6.5,3432,8.7,31199874,6.2,-274316,-0.8,-6034,-3.2,-12,-1.2
"US000","3","611710","18","0","2026","1","",409,41903,42484,42796,535070313,33062148,183070,971,"",1.00,1.00,1.00,1.00,1.00,1.00,1.00,1.00,"",6,1.5,2892,7.4,2593,6.5,3432,8.7,31199874,6.2,-274316,-0.8,-6034,-3.2,-12,-1.2
"US000","3","62","14","0","2026","1","",7251,955012,954142,956974,19329349619,1081281219,9148117,1556,"",1.00,1.00,1.00,1.00,1.00,1.00,1.00,1.00,"",-47,-0.6,-5033,-0.5,-7447,-0.8,-7787,-0.8,257612316,1.4,1307139,0.1,1831821,25.0,31,2.0
"US000","3","621","15","0","2026","1","",2290,89133,89312,89770,1780958344,243700774,2377912,1532,"",1.00,1.00,1.00,1.00,1.00,1.00,1.00,1.00,"",11,0.5,1164,1.3,1163,1.3,1417,1.6,70743281,4.1,10119298,4.3,42718,1.8,40,2.7
"US000","3","6211","16","0","2026","1","",819,24915,24904,24965,595319028,73129316,542783,1837,"",1.00,1.00,1.00,1.00,1.00,1.00,1.00,1.00,"",11,1.4,360,1.5,298,1.2,237,1.0,9899681,1.7,2881460,4.1,-272504,-33.4,9,0.5
"US000","3","62111","17","0","2026","1","",819,24915,24904,24965,595319028,73129316,542783,1837,"",1.00,1.00,1.00,1.00,1.00,1.00,1.00,1.00,"",11,1.4,360,1.5,298,1.2,237,1.0,9899681,1.7,2881460,4.1,-272504,-33.4,9,0.5
"US000","3","621111","18","0","2026","1","",801,24414,24403,24464,586930669,70456369,455669,1848,"",1.00,1.00,1.00,1.00,1.00,1.00,1.00,1.00,"",10,1.3,354,1.5,288,1.2,230,0.9,9661512,1.7,2848100,4.2,-279619,-38.0,8,0.4
"US000","3","621112","18","0","2026","1","",18,501,501,501,8388359,2672947,87114,1288,"",1.00,1.00,1.00,1.00,1.00,1.00,1.00,1.00,"",1,5.9,6,1.2,10,2.0,7,1.4,238169,2.9,33360,1.3,7115,8.9,17,1.3
"US000","3","6212","16","0","2026","1","",8,261,260,268,5437571,1276707,76728,1590,"",1.00,1.00,1.00,1.00,1.00,1.00,1.00,1.00,"",-1,-11.1,-6,-2.2,-1,-0.4,1,0.4,276309,5.4,49436,4.0,4424,6.1,92,6.1
"US000","3","62121","17","0","2026","1","",8,261,260,268,5437571,1276707,76728,1590,"",1.00,1.00,1.00,1.00,1.00,1.00,1.00,1.00,"",-1,-11.1,-6,-2.2,-1,-0.4,1,0.4,276309,5.4,49436,4.0,4424,6.1,92,6.1
"US000","3","621210","18","0","2026","1","",8,261,260,268,5437571,1276707,76728,1590,"",1.00,1.00,1.00,1.00,1.00,1.00,1.00,1.00,"",-1,-11.1,-6,-2.2,-1,-0.4,1,0.4,276309,5.4,49436,4.0,4424,6.1,92,6.1
"US000","3","6213","16","0","2026","1","",121,2884,2889,2905,47559383,12305451,210345,1265,"",1.00,1.00,1.00,1.00,1.00,1.00,1.00,1.00,"",15,14.2,160,5.9,187,6.9,195,7.2,6803497,16.7,2585448,26.6,22023,11.7,109,9.4
"US000","3","62131","17","0","2026","1","N",1,0,0,0,0,0,0,0,"N",1.00,0,0,0,0,0,0,0,"N",0,0.0,0,0,0,0,0,0,0,0,0,0,0,0,0,0
"US000","3","621310","18","0","2026","1","N",1,0,0,0,0,0,0,0,"N",1.00,0,0,0,0,0,0,0,"N",0,0.0,0,0,0,0,0,0,0,0,0,0,0,0,0,0
"US000","3","62133","17","0","2026","1","",42,1304,1310,1314,23060902,5852432,52704,1355,"",1.00,1.00,1.00,1.00,1.00,1.00,1.00,1.00,"",2,5.0,-26,-2.0,-7,-0.5,1,0.1,2982471,14.9,-79779,-1.3,26598,101.9,185,15.8
"US000","3","621330","18","0","2026","1","",42,1304,1310,1314,23060902,5852432,52704,1355,"",1.00,1.00,1.00,1.00,1.00,1.00,1.00,1.00,"",2,5.0,-26,-2.0,-7,-0.5,1,0.1,2982471,14.9,-79779,-1.3,26598,101.9,185,15.8
"US000","3","62134","17","0","2026","1","N",30,0,0,0,0,0,0,0,"N",1.00,0,0,0,0,0,0,0,"N",9,42.9,0,0,0,0,0,0,0,0,0,0,0,0,0,0
"US000","3","621340","18","0","2026","1","N",30,0,0,0,0,0,0,0,"N",1.00,0,0,0,0,0,0,0,"N",9,42.9,0,0,0,0,0,0,0,0,0,0,0,0,0,0
"US000","3","62139","17","0","2026","1","",48,797,798,807,12742566,2482412,19940,1224,"",1.00,1.00,1.00,1.00,1.00,1.00,1.00,1.00,"",4,9.1,58,7.8,66,9.0,62,8.3,1293774,11.3,1067580,75.5,4981,33.3,32,2.7
"US000","3","621399","18","0","2026","1","",48,797,798,807,12742566,2482412,19940,1224,"",1.00,1.00,1.00,1.00,1.00,1.00,1.00,1.00,"",4,9.1,58,7.8,66,9.0,62,8.3,1293774,11.3,1067580,75.5,4981,33.3,32,2.7
"US000","3","6214","16","0","2026","1","",509,37378,37519,37739,760607537,92911062,995146,1558,"",1.00,1.00,1.00,1.00,1.00,1.00,1.00,1.00,"",-3,-0.6,583,1.6,559,1.5,667,1.8,38425929,5.3,2003253,2.2,124969,14.4,54,3.6
"US000","3","62141","17","0","2026","1","",10,214,215,215,3170594,1172134,16717,1136,"",1.00,1.00,1.00,1.00,1.00,1.00,1.00,1.00,"",0,0.0,-61,-22.2,-38,-15.0,-38,-15.0,-634737,-16.7,-413072,-26.1,8111,94.2,12,1.1
"US000","3","621410","18","0","2026","1","",10,214,215,215,3170594,1172134,16717,1136,"",1.00,1.00,1.00,1.00,1.00,1.00,1.00,1.00,"",0,0.0,-61,-22.2,-38,-15.0,-38,-15.0,-634737,-16.7,-413072,-26.1,8111,94.2,12,1.1
"US000","3","62142","17","0","2026","1","",244,16155,16344,16422,261910094,48803867,582989,1235,"",1.00,1.00,1.00,1.00,1.00,1.00,1.00,1.00,"",-3,-1.2,613,3.9,699,4.5,780,5.0,24720905,10.4,297034,0.6,201189,52.7,66,5.6
"US000","3","621420","18","0","2026","1","",244,16155,16344,16422,261910094,48803867,582989,1235,"",1.00,1.00,1.00,1.00,1.00,1.00,1.00,1.00,"",-3,-1.2,613,3.9,699,4.5,780,5.0,24720905,10.4,297034,0.6,201189,52.7,66,5.6
"US000","3","62149","17","0","2026","1","",255,21009,20960,21102,495526849,42935061,395440,1813,"",1.00,1.00,1.00,1.00,1.00,1.00,1.00,1.00,"",0,0.0,31,0.1,-102,-0.5,-75,-0.4,14339761,3.0,2119291,5.2,-84331,-17.6,56,3.2
"US000","3","621491","18","0","2026","1","",1,118,114,113,2110326,0,0,1412,"",1.00,1.00,1.00,1.00,1.00,0.00,0.00,1.00,"",0,0.0,4,3.5,-1,-0.9,-5,-4.2,122751,6.2,0,0.0,0,0.0,90,6.8
"US000","3","621492","18","0","2026","1","N",2,0,0,0,0,0,0,0,"N",1.00,0,0,0,0,0,0,0,"N",0,0.0,0,0,0,0,0,0,0,0,0,0,0,0,0,0
"US000","3","621493","18","0","2026","1","N",27,0,0,0,0,0,0,0,"N",1.00,0,0,0,0,0,0,0,"N",0,0.0,0,0,0,0,0,0,0,0,0,0,0,0,0,0
"US000","3","621498","18","0","2026","1","",225,17865,17813,17917,427359629,25344440,282731,1840,"",1.00,1.00,1.00,1.00,1.00,1.00,1.00,1.00,"",0,0.0,-3,0.0,-137,-0.8,-145,-0.8,11228395,2.7,1499998,6.3,2826,1.0,58,3.3
"US000","3","6215","16","0","2026","1","",17,253,256,258,5148096,0,0,1549,"",1.00,1.00,1.00,1.00,1.00,0.00,0.00,1.00,"",1,6.2,9,3.7,15,6.2,15,6.2,535233,11.6,0,0.0,0,0.0,87,6.0
"US000","3","62151","17","0","2026","1","",17,253,256,258,5148096,0,0,1549,"",1.00,1.00,1.00,1.00,1.00,0.00,0.00,1.00,"",1,6.2,9,3.7,15,6.2,15,6.2,535233,11.6,0,0.0,0,0.0,87,6.0
"US000","3","621511","18","0","2026","1","",9,155,157,159,3698602,0,0,1812,"",1.00,1.00,1.00,1.00,1.00,0.00,0.00,1.00,"",0,0.0,3,2.0,8,5.4,9,6.0,311601,9.2,0,0.0,0,0.0,79,4.6
"US000","3","621512","18","0","2026","1","",8,98,99,99,1449494,0,0,1130,"",1.00,1.00,1.00,1.00,1.00,0.00,0.00,1.00,"",1,14.3,6,6.5,7,7.6,6,6.5,223632,18.2,0,0.0,0,0.0,109,10.7
"US000","3","6216","16","0","2026","1","",93,2754,2724,2716,45955270,7122413,54547,1294,"",1.00,1.00,1.00,1.00,1.00,1.00,1.00,1.00,"",-6,-6.1,-124,-4.3,-138,-4.8,-148,-5.2,1022122,2.3,66529,0.9,-20491,-27.3,89,7.4
"US000","3","62161","17","0","2026","1","",93,2754,2724,2716,45955270,7122413,54547,1294,"",1.00,1.00,1.00,1.00,1.00,1.00,1.00,1.00,"",-6,-6.1,-124,-4.3,-138,-4.8,-148,-5.2,1022122,2.3,66529,0.9,-20491,-27.3,89,7.4
"US000","3","621610","18","0","2026","1","",93,2754,2724,2716,45955270,7122413,54547,1294,"",1.00,1.00,1.00,1.00,1.00,1.00,1.00,1.00,"",-6,-6.1,-124,-4.3,-138,-4.8,-148,-5.2,1022122,2.3,66529,0.9,-20491,-27.3,89,7.4
"US000","3","6219","16","0","2026","1","",723,20688,20760,20919,320931459,56955825,498363,1188,"",1.00,1.00,1.00,1.00,1.00,1.00,1.00,1.00,"",-6,-0.8,182,0.9,243,1.2,450,2.2,13780510,4.5,2533172,4.7,184297,58.7,35,3.0
"US000","3","62191","17","0","2026","1","",612,18915,19010,19119,294473443,53144098,467362,1191,"",1.00,1.00,1.00,1.00,1.00,1.00,1.00,1.00,"",-8,-1.3,251,1.3,310,1.7,471,2.5,13809451,4.9,2911240,5.8,170013,57.2,35,3.0
"US000","3","621910","18","0","2026","1","",612,18915,19010,19119,294473443,53144098,467362,1191,"",1.00,1.00,1.00,1.00,1.00,1.00,1.00,1.00,"",-8,-1.3,251,1.3,310,1.7,471,2.5,13809451,4.9,2911240,5.8,170013,57.2,35,3.0
"US000","3","62199","17","0","2026","1","",111,1773,1750,1800,26458016,3811727,31001,1147,"",1.00,1.00,1.00,1.00,1.00,1.00,1.00,1.00,"",2,1.8,-69,-3.7,-67,-3.7,-21,-1.2,-28941,-0.1,-378068,-9.0,14284,85.4,32,2.9
"US000","3","621991","18","0","2026","1","",1,60,60,59,775974,0,0,1000,"",1.00,1.00,1.00,1.00,1.00,0.00,0.00,1.00,"",0,0.0,4,7.1,3,5.3,1,1.7,29719,4.0,0,0.0,0,0.0,-7,-0.7
"US000","3","621999","18","0","2026","1","",110,1713,1690,1741,25682042,3811727,31001,1152,"",1.00,1.00,1.00,1.00,1.00,1.00,1.00,1.00,"",2,1.9,-73,-4.1,-70,-4.0,-22,-1.2,-58660,-0.2,-378068,-9.0,14284,85.4,33,2.9
"US000","3","622","15","0","2026","1","",1432,689960,689492,691480,14933081895,439887209,1693833,1664,"",1.00,1.00,1.00,1.00,1.00,1.00,1.00,1.00,"",-16,-1.1,-5047,-0.7,-6746,-1.0,-7246,-1.0,143810182,1.0,-4351109,-1.0,166894,10.9,31,1.9
"US000","3","6221","16","0","2026","1","",1411,685999,685535,687517,14846933340,439015050,1680051,1664,"",1.00,1.00,1.00,1.00,1.00,1.00,1.00,1.00,"",-16,-1.1,-5117,-0.7,-6829,-1.0,-7324,-1.1,138167836,0.9,-4234770,-1.0,161302,10.6,31,1.9
"US000","3","62211","17","0","2026","1","",1411,685999,685535,687517,14846933340,439015050,1680051,1664,"",1.00,1.00,1.00,1.00,1.00,1.00,1.00,1.00,"",-16,-1.1,-5117,-0.7,-6829,-1.0,-7324,-1.1,138167836,0.9,-4234770,-1.0,161302,10.6,31,1.9
"US000","3","622110","18","0","2026","1","",1411,685999,685535,687517,14846933340,439015050,1680051,1664,"",1.00,1.00,1.00,1.00,1.00,1.00,1.00,1.00,"",-16,-1.1,-5117,-0.7,-6829,-1.0,-7324,-1.1,138167836,0.9,-4234770,-1.0,161302,10.6,31,1.9
"US000","3","6222","16","0","2026","1","",17,3230,3240,3241,61242097,872159,13782,1455,"",1.00,1.00,1.00,1.00,1.00,1.00,1.00,1.00,"",0,0.0,62,2.0,93,3.0,82,2.6,3202083,5.5,-116339,-11.8,5592,68.3,41,2.9
"US000","3","62221","17","0","2026","1","",17,3230,3240,3241,61242097,872159,13782,1455,"",1.00,1.00,1.00,1.00,1.00,1.00,1.00,1.00,"",0,0.0,62,2.0,93,3.0,82,2.6,3202083,5.5,-116339,-11.8,5592,68.3,41,2.9
"US000","3","622210","18","0","2026","1","",17,3230,3240,3241,61242097,872159,13782,1455,"",1.00,1.00,1.00,1.00,1.00,1.00,1.00,1.00,"",0,0.0,62,2.0,93,3.0,82,2.6,3202083,5.5,-116339,-11.8,5592,68.3,41,2.9
"US000","3","6223","16","0","2026","1","",4,731,717,722,24906458,0,0,2649,"",1.00,1.00,1.00,1.00,1.00,0.00,0.00,1.00,"",0,0.0,8,1.1,-10,-1.4,-4,-0.6,2440263,10.9,0,0.0,0,0.0,266,11.2
"US000","3","62231","17","0","2026","1","",4,731,717,722,24906458,0,0,2649,"",1.00,1.00,1.00,1.00,1.00,0.00,0.00,1.00,"",0,0.0,8,1.1,-10,-1.4,-4,-0.6,2440263,10.9,0,0.0,0,0.0,266,11.2
"US000","3","622310","18","0","2026","1","",4,731,717,722,24906458,0,0,2649,"",1.00,1.00,1.00,1.00,1.00,0.00,0.00,1.00,"",0,0.0,8,1.1,-10,-1.4,-4,-0.6,2440263,10.9,0,0.0,0,0.0,266,11.2
"US000","3","623","15","0","2026","1","",723,55300,55017,55186,759111364,98528891,971037,1058,"",1.00,1.00,1.00,1.00,1.00,1.00,1.00,1.00,"",-8,-1.1,-59,-0.1,-395,-0.7,-314,-0.6,12888774,1.7,-1128135,-1.1,422245,76.9,22,2.1
"US000","3","6231","16","0","2026","1","",307,40584,40310,40464,568780091,34341238,231070,1082,"",1.00,1.00,1.00,1.00,1.00,1.00,1.00,1.00,"",-2,-0.6,-107,-0.3,-432,-1.1,-356,-0.9,10714361,1.9,-96576,-0.3,40130,21.0,29,2.8
"US000","3","62311","17","0","2026","1","",307,40584,40310,40464,568780091,34341238,231070,1082,"",1.00,1.00,1.00,1.00,1.00,1.00,1.00,1.00,"",-2,-0.6,-107,-0.3,-432,-1.1,-356,-0.9,10714361,1.9,-96576,-0.3,40130,21.0,29,2.8
"US000","3","623110","18","0","2026","1","",307,40584,40310,40464,568780091,34341238,231070,1082,"",1.00,1.00,1.00,1.00,1.00,1.00,1.00,1.00,"",-2,-0.6,-107,-0.3,-432,-1.1,-356,-0.9,10714361,1.9,-96576,-0.3,40130,21.0,29,2.8
"US000","3","6232","16","0","2026","1","",322,9681,9704,9749,129423380,52842730,696991,1025,"",1.00,1.00,1.00,1.00,1.00,1.00,1.00,1.00,"",-6,-1.8,-136,-1.4,-149,-1.5,-80,-0.8,-1087714,-0.8,-1290228,-2.4,379060,119.2,4,0.4
"US000","3","62321","17","0","2026","1","",208,6292,6277,6271,78800049,33532921,385511,965,"",1.00,1.00,1.00,1.00,1.00,1.00,1.00,1.00,"",-5,-2.3,-144,-2.2,-204,-3.1,-173,-2.7,-1643519,-2.0,-1370264,-3.9,195933,103.4,6,0.6
"US000","3","623210","18","0","2026","1","",208,6292,6277,6271,78800049,33532921,385511,965,"",1.00,1.00,1.00,1.00,1.00,1.00,1.00,1.00,"",-5,-2.3,-144,-2.2,-204,-3.1,-173,-2.7,-1643519,-2.0,-1370264,-3.9,195933,103.4,6,0.6
"US000","3","62322","17","0","2026","1","",114,3389,3427,3478,50623331,19309809,311480,1135,"",1.00,1.00,1.00,1.00,1.00,1.00,1.00,1.00,"",-1,-0.9,8,0.2,55,1.6,93,2.7,555805,1.1,80036,0.4,183127,142.7,-5,-0.4
"US000","3","623220","18","0","2026","1","",114,3389,3427,3478,50623331,19309809,311480,1135,"",1.00,1.00,1.00,1.00,1.00,1.00,1.00,1.00,"",-1,-0.9,8,0.2,55,1.6,93,2.7,555805,1.1,80036,0.4,183127,142.7,-5,-0.4
"US000","3","6233","16","0","2026","1","",49,3466,3440,3418,41970016,8821611,31862,938,"",1.00,1.00,1.00,1.00,1.00,1.00,1.00,1.00,"",-1,-2.0,117,3.5,132,4.0,88,2.6,2624486,6.7,417470,5.0,4574,16.8,29,3.2
"US000","3","62331","17","0","2026","1","",49,3466,3440,3418,41970016,8821611,31862,938,"",1.00,1.00,1.00,1.00,1.00,1.00,1.00,1.00,"",-1,-2.0,117,3.5,132,4.0,88,2.6,2624486,6.7,417470,5.0,4574,16.8,29,3.2
"US000","3","623311","18","0","2026","1","",24,2747,2723,2705,34848813,8069679,22524,984,"",1.00,1.00,1.00,1.00,1.00,1.00,1.00,1.00,"",0,0.0,76,2.8,92,3.5,48,1.8,2062119,6.3,361490,4.7,1518,7.2,33,3.5
"US000","3","623312","18","0","2026","1","",25,719,717,713,7121203,751932,9338,765,"",1.00,1.00,1.00,1.00,1.00,1.00,1.00,1.00,"",-1,-3.8,41,6.0,40,5.9,40,5.9,562367,8.6,55980,8.0,3056,48.6,19,2.5
"US000","3","6239","16","0","2026","1","",45,1569,1563,1555,18937877,2523312,11114,932,"",1.00,1.00,1.00,1.00,1.00,1.00,1.00,1.00,"",1,2.3,67,4.5,54,3.6,34,2.2,637641,3.5,-158801,-5.9,-1519,-12.0,0,0.0
"US000","3","62399","17","0","2026","1","",45,1569,1563,1555,18937877,2523312,11114,932,"",1.00,1.00,1.00,1.00,1.00,1.00,1.00,1.00,"",1,2.3,67,4.5,54,3.6,34,2.2,637641,3.5,-158801,-5.9,-1519,-12.0,0,0.0
"US000","3","623990","18","0","2026","1","",45,1569,1563,1555,18937877,2523312,11114,932,"",1.00,1.00,1.00,1.00,1.00,1.00,1.00,1.00,"",1,2.3,67,4.5,54,3.6,34,2.2,637641,3.5,-158801,-5.9,-1519,-12.0,0,0.0
"US000","3","624","15","0","2026","1","",2806,120619,120321,120538,1856198016,299164345,4105335,1185,"",1.00,1.00,1.00,1.00,1.00,1.00,1.00,1.00,"",-34,-1.2,-1091,-0.9,-1469,-1.2,-1644,-1.3,30170079,1.7,-3332915,-1.1,1199964,41.3,33,2.9
"US000","3","6241","16","0","2026","1","",1815,100299,100074,100237,1597205583,250057401,3247037,1226,"",1.00,1.00,1.00,1.00,1.00,1.00,1.00,1.00,"",-13,-0.7,-894,-0.9,-1117,-1.1,-1309,-1.3,26399336,1.7,-816893,-0.3,1172166,56.5,33,2.8
"US000","3","62411","17","0","2026","1","",256,17636,17562,17587,261826880,18904536,234396,1145,"",1.00,1.00,1.00,1.00,1.00,1.00,1.00,1.00,"",-1,-0.4,79,0.4,85,0.5,28,0.2,3548773,1.4,872062,4.8,98368,72.3,12,1.1
"US000","3","624110","18","0","2026","1","",256,17636,17562,17587,261826880,18904536,234396,1145,"",1.00,1.00,1.00,1.00,1.00,1.00,1.00,1.00,"",-1,-0.4,79,0.4,85,0.5,28,0.2,3548773,1.4,872062,4.8,98368,72.3,12,1.1
"US000","3","62412","17","0","2026","1","",778,25840,25817,25859,370713579,78608071,1104830,1104,"",1.00,1.00,1.00,1.00,1.00,1.00,1.00,1.00,"",0,0.0,-543,-2.1,-602,-2.3,-627,-2.4,13715272,3.8,-10017682,-11.3,474275,75.2,65,6.3
"US000","3","624120","18","0","2026","1","",778,25840,25817,25859,370713579,78608071,1104830,1104,"",1.00,1.00,1.00,1.00,1.00,1.00,1.00,1.00,"",0,0.0,-543,-2.1,-602,-2.3,-627,-2.4,13715272,3.8,-10017682,-11.3,474275,75.2,65,6.3
"US000","3","62419","17","0","2026","1","",781,56823,56695,56791,964665124,152544794,1907811,1307,"",1.00,1.00,1.00,1.00,1.00,1.00,1.00,1.00,"",-12,-1.5,-430,-0.8,-600,-1.0,-710,-1.2,9135291,1.0,8328727,5.8,599523,45.8,25,2.0
"US000","3","624190","18","0","2026","1","",781,56823,56695,56791,964665124,152544794,1907811,1307,"",1.00,1.00,1.00,1.00,1.00,1.00,1.00,1.00,"",-12,-1.5,-430,-0.8,-600,-1.0,-710,-1.2,9135291,1.0,8328727,5.8,599523,45.8,25,2.0
"US000","3","6242","16","0","2026","1","",190,3710,3695,3714,53120224,13513655,315545,1102,"",1.00,1.00,1.00,1.00,1.00,1.00,1.00,1.00,"",-3,-1.6,-161,-4.2,-176,-4.5,-161,-4.2,2154481,4.2,-552114,-3.9,28352,9.9,90,8.9
"US000","3","62421","17","0","2026","1","",78,887,892,893,7147088,3044701,81651,617,"",1.00,1.00,1.00,1.00,1.00,1.00,1.00,1.00,"",-2,-2.5,5,0.6,4,0.5,6,0.7,8329,0.1,-66138,-2.1,-3513,-4.1,-3,-0.5
"US000","3","624210","18","0","2026","1","",78,887,892,893,7147088,3044701,81651,617,"",1.00,1.00,1.00,1.00,1.00,1.00,1.00,1.00,"",-2,-2.5,5,0.6,4,0.5,6,0.7,8329,0.1,-66138,-2.1,-3513,-4.1,-3,-0.5
"US000","3","62422","17","0","2026","1","",85,2324,2313,2329,38679025,9091296,209258,1281,"",1.00,1.00,1.00,1.00,1.00,1.00,1.00,1.00,"",0,0.0,-174,-7.0,-181,-7.3,-173,-6.9,2055404,5.6,-540898,-5.6,16095,8.3,153,13.6
"US000","3","624221","18","0","2026","1","",18,409,395,394,9522426,3109469,67349,1834,"",1.00,1.00,1.00,1.00,1.00,1.00,1.00,1.00,"",1,5.9,5,1.2,-19,-4.6,-21,-5.1,1623921,20.6,-494976,-13.7,27913,70.8,356,24.1
"US000","3","624229","18","0","2026","1","",67,1915,1918,1935,29156599,5981827,141909,1167,"",1.00,1.00,1.00,1.00,1.00,1.00,1.00,1.00,"",-1,-1.5,-179,-8.5,-162,-7.8,-152,-7.3,431483,1.5,-45922,-0.8,-11818,-7.7,108,10.2
"US000","3","62423","17","0","2026","1","",27,499,490,492,7294111,1377658,24636,1137,"",1.00,1.00,1.00,1.00,1.00,1.00,1.00,1.00,"",-1,-3.6,8,1.6,1,0.2,6,1.2,90748,1.3,54922,4.2,15770,177.9,3,0.3
"US000","3","624230","18","0","2026","1","",27,499,490,492,7294111,1377658,24636,1137,"",1.00,1.00,1.00,1.00,1.00,1.00,1.00,1.00,"",-1,-3.6,8,1.6,1,0.2,6,1.2,90748,1.3,54922,4.2,15770,177.9,3,0.3
"US000","3","6243","16","0","2026","1","",189,4999,4989,5013,66139867,19697859,234007,1017,"",1.00,1.00,1.00,1.00,1.00,1.00,1.00,1.00,"",0,0.0,-70,-1.4,-149,-2.9,-152,-2.9,163970,0.2,-400524,-2.0,5627,2.5,27,2.7
"US000","3","62431","17","0","2026","1","",189,4999,4989,5013,66139867,19697859,234007,1017,"",1.00,1.00,1.00,1.00,1.00,1.00,1.00,1.00,"",0,0.0,-70,-1.4,-149,-2.9,-152,-2.9,163970,0.2,-400524,-2.0,5627,2.5,27,2.7
"US000","3","624310","18","0","2026","1","",189,4999,4989,5013,66139867,19697859,234007,1017,"",1.00,1.00,1.00,1.00,1.00,1.00,1.00,1.00,"",0,0.0,-70,-1.4,-149,-2.9,-152,-2.9,163970,0.2,-400524,-2.0,5627,2.5,27,2.7
"US000","3","6244","16","0","2026","1","",612,11611,11563,11574,139732342,15895430,308746,928,"",1.00,1.00,1.00,1.00,1.00,1.00,1.00,1.00,"",-18,-2.9,34,0.3,-27,-0.2,-22,-0.2,1452292,1.1,-1563384,-9.0,-6181,-2.0,10,1.1
"US000","3","62441","17","0","2026","1","",612,11611,11563,11574,139732342,15895430,308746,928,"",1.00,1.00,1.00,1.00,1.00,1.00,1.00,1.00,"",-18,-2.9,34,0.3,-27,-0.2,-22,-0.2,1452292,1.1,-1563384,-9.0,-6181,-2.0,10,1.1
"US000","3","624410","18","0","2026","1","",612,11611,11563,11574,139732342,15895430,308746,928,"",1.00,1.00,1.00,1.00,1.00,1.00,1.00,1.00,"",-18,-2.9,34,0.3,-27,-0.2,-22,-0.2,1452292,1.1,-1563384,-9.0,-6181,-2.0,10,1.1
"US000","3","71","14","0","2026","1","",3940,287340,289729,290725,3119630390,689969803,9507491,830,"",1.00,1.00,1.00,1.00,1.00,1.00,1.00,1.00,"",4,0.1,3472,1.2,3468,1.2,3495,1.2,117549609,3.9,14290533,2.1,708127,8.0,22,2.7
"US000","3","711","15","0","2026","1","",173,6910,7132,7597,70453848,9110511,71491,751,"",1.00,1.00,1.00,1.00,1.00,1.00,1.00,1.00,"",-1,-0.6,-25,-0.4,-39,-0.5,356,4.9,1722050,2.5,155981,1.7,7705,12.1,8,1.1
"US000","3","7111","16","0","2026","1","",13,646,658,659,6011193,4226660,27961,707,"",1.00,1.00,1.00,1.00,1.00,1.00,1.00,1.00,"",0,0.0,110,20.5,-28,-4.1,-31,-4.5,-487215,-7.5,-142693,-3.3,6309,29.1,-77,-9.8
"US000","3","71111","17","0","2026","1","",7,477,489,487,4685217,3358917,12342,744,"",1.00,1.00,1.00,1.00,1.00,1.00,1.00,1.00,"",0,0.0,19,4.1,3,0.6,-2,-0.4,-325642,-6.5,-294549,-8.1,5254,74.1,-63,-7.8
"US000","3","711110","18","0","2026","1","",7,477,489,487,4685217,3358917,12342,744,"",1.00,1.00,1.00,1.00,1.00,1.00,1.00,1.00,"",0,0.0,19,4.1,3,0.6,-2,-0.4,-325642,-6.5,-294549,-8.1,5254,74.1,-63,-7.8
"US000","3","71112","17","0","2026","1","N",1,0,0,0,0,0,0,0,"N",1.00,0,0,0,0,0,0,0,"N",0,0.0,0,0,0,0,0,0,0,0,0,0,0,0,0,0
"US000","3","711120","18","0","2026","1","N",1,0,0,0,0,0,0,0,"N",1.00,0,0,0,0,0,0,0,"N",0,0.0,0,0,0,0,0,0,0,0,0,0,0,0,0,0
"US000","3","71113","17","0","2026","1","N",5,0,0,0,0,0,0,0,"N",1.00,0,0,0,0,0,0,0,"N",0,0.0,0,0,0,0,0,0,0,0,0,0,0,0,0,0
"US000","3","711130","18","0","2026","1","N",5,0,0,0,0,0,0,0,"N",1.00,0,0,0,0,0,0,0,"N",0,0.0,0,0,0,0,0,0,0,0,0,0,0,0,0,0
"US000","3","7112","16","0","2026","1","",14,643,596,565,6569006,1675316,1505,840,"",1.00,1.00,1.00,1.00,1.00,1.00,1.00,1.00,"N",-1,-6.7,0,0,0,0,0,0,0,0,0,0,0,0,0,0
"US000","3","71121","17","0","2026","1","",14,643,596,565,6569006,1675316,1505,840,"",1.00,1.00,1.00,1.00,1.00,1.00,1.00,1.00,"N",-1,-6.7,0,0,0,0,0,0,0,0,0,0,0,0,0,0
"US000","3","711211","18","0","2026","1","N",1,0,0,0,0,0,0,0,"N",1.00,0,0,0,0,0,0,0,"N",0,0.0,0,0,0,0,0,0,0,0,0,0,0,0,0,0
"US000","3","711212","18","0","2026","1","N",3,0,0,0,0,0,0,0,"N",1.00,0,0,0,0,0,0,0,"N",0,0.0,0,0,0,0,0,0,0,0,0,0,0,0,0,0
"US000","3","711219","18","0","2026","1","",10,436,383,359,3643068,100357,1505,714,"",1.00,1.00,1.00,1.00,1.00,1.00,1.00,1.00,"",-1,-9.1,6,1.4,33,9.4,6,1.7,-42568,-1.2,-18686,-15.7,-281,-15.7,-37,-4.9
"US000","3","7113","16","0","2026","1","",146,5621,5878,6373,57873649,3208535,42025,747,"",1.00,1.00,1.00,1.00,1.00,1.00,1.00,1.00,"N",0,0.0,0,0,0,0,0,0,0,0,0,0,0,0,0,0
"US000","3","71131","17","0","2026","1","",140,5523,5777,6272,56632102,3197662,42018,744,"",1.00,1.00,1.00,1.00,1.00,1.00,1.00,1.00,"N",0,0.0,0,0,0,0,0,0,0,0,0,0,0,0,0,0
"US000","3","711310","18","0","2026","1","",140,5523,5777,6272,56632102,3197662,42018,744,"",1.00,1.00,1.00,1.00,1.00,1.00,1.00,1.00,"N",0,0.0,0,0,0,0,0,0,0,0,0,0,0,0,0,0
"US000","3","71132","17","0","2026","1","",6,98,101,101,1241547,10873,7,955,"",1.00,1.00,1.00,1.00,1.00,1.00,1.00,1.00,"",0,0.0,9,10.1,2,2.0,7,7.4,49986,4.2,-143,-1.3,0,0.0,-20,-2.1
"US000","3","711320","18","0","2026","1","",6,98,101,101,1241547,10873,7,955,"",1.00,1.00,1.00,1.00,1.00,1.00,1.00,1.00,"",0,0.0,9,10.1,2,2.0,7,7.4,49986,4.2,-143,-1.3,0,0.0,-20,-2.1
"US000","3","712","15","0","2026","1","",745,38021,38257,38995,420991200,26348189,375226,843,"",1.00,1.00,1.00,1.00,1.00,1.00,1.00,1.00,"",12,1.6,-746,-1.9,-433,-1.1,-943,-2.4,15520280,3.8,1482970,6.0,152350,68.4,46,5.8
"US000","3","7121","16","0","2026","1","",745,38021,38257,38995,420991200,26348189,375226,843,"",1.00,1.00,1.00,1.00,1.00,1.00,1.00,1.00,"",12,1.6,-746,-1.9,-433,-1.1,-943,-2.4,15520280,3.8,1482970,6.0,152350,68.4,46,5.8
"US000","3","71211","17","0","2026","1","",169,2804,2863,2863,38717854,2739137,21604,1047,"",1.00,1.00,1.00,1.00,1.00,1.00,1.00,1.00,"",2,1.2,-45,-1.6,18,0.6,-19,-0.7,1651693,4.5,665725,32.1,561,2.7,50,5.0
"US000","3","712110","18","0","2026","1","",169,2804,2863,2863,38717854,2739137,21604,1047,"",1.00,1.00,1.00,1.00,1.00,1.00,1.00,1.00,"",2,1.2,-45,-1.6,18,0.6,-19,-0.7,1651693,4.5,665725,32.1,561,2.7,50,5.0
"US000","3","71212","17","0","2026","1","",17,104,107,107,1331872,463541,4965,967,"",1.00,1.00,1.00,1.00,1.00,1.00,1.00,1.00,"",0,0.0,-6,-5.5,-1,-0.9,-4,-3.6,-38623,-2.8,38192,9.0,-2311,-31.8,6,0.6
"US000","3","712120","18","0","2026","1","",17,104,107,107,1331872,463541,4965,967,"",1.00,1.00,1.00,1.00,1.00,1.00,1.00,1.00,"",0,0.0,-6,-5.5,-1,-0.9,-4,-3.6,-38623,-2.8,38192,9.0,-2311,-31.8,6,0.6
"US000","3","71213","17","0","2026","1","",17,2515,2728,2977,29713721,2927632,610,834,"",1.00,1.00,1.00,1.00,1.00,1.00,1.00,1.00,"",0,0.0,159,6.7,213,8.5,10,0.3,2071026,7.5,257605,9.6,83,15.7,20,2.5
"US000","3","712130","18","0","2026","1","",17,2515,2728,2977,29713721,2927632,610,834,"",1.00,1.00,1.00,1.00,1.00,1.00,1.00,1.00,"",0,0.0,159,6.7,213,8.5,10,0.3,2071026,7.5,257605,9.6,83,15.7,20,2.5
"US000","3","71219","17","0","2026","1","",542,32598,32559,33048,351227753,20217879,348047,825,"",1.00,1.00,1.00,1.00,1.00,1.00,1.00,1.00,"",10,1.9,-854,-2.6,-663,-2.0,-930,-2.7,11836184,3.5,521448,2.6,154017,79.4,47,6.0
"US000","3","712190","18","0","2026","1","",542,32598,32559,33048,351227753,20217879,348047,825,"",1.00,1.00,1.00,1.00,1.00,1.00,1.00,1.00,"",10,1.9,-854,-2.6,-663,-2.0,-930,-2.7,11836184,3.5,521448,2.6,154017,79.4,47,6.0
"US000","3","713","15","0","2026","1","",3022,242409,244340,244133,2628185342,654511103,9060774,830,"",1.00,1.00,1.00,1.00,1.00,1.00,1.00,1.00,"",-7,-0.2,4243,1.8,3940,1.6,4082,1.7,100307279,4.0,12651582,2.0,548072,6.4,18,2.2
"US000","3","7131","16","0","2026","1","",11,458,461,506,2135031,190492,706,346,"",1.00,1.00,1.00,1.00,1.00,1.00,1.00,1.00,"",0,0.0,62,15.7,61,15.2,78,18.2,-210429,-9.0,-3141,-1.6,-68,-8.8,-96,-21.7
"US000","3","71311","17","0","2026","1","N",10,0,0,0,0,0,0,0,"N",1.00,0,0,0,0,0,0,0,"N",0,0.0,0,0,0,0,0,0,0,0,0,0,0,0,0,0
"US000","3","713110","18","0","2026","1","N",10,0,0,0,0,0,0,0,"N",1.00,0,0,0,0,0,0,0,"N",0,0.0,0,0,0,0,0,0,0,0,0,0,0,0,0,0
"US000","3","71312","17","0","2026","1","N",1,0,0,0,0,0,0,0,"N",1.00,0,0,0,0,0,0,0,"N",0,0.0,0,0,0,0,0,0,0,0,0,0,0,0,0,0
"US000","3","713120","18","0","2026","1","N",1,0,0,0,0,0,0,0,"N",1.00,0,0,0,0,0,0,0,"N",0,0.0,0,0,0,0,0,0,0,0,0,0,0,0,0,0
"US000","3","7132","16","0","2026","1","",357,115345,115524,115954,1631303200,567324194,7948352,1085,"",1.00,1.00,1.00,1.00,1.00,1.00,1.00,1.00,"",0,0.0,2186,1.9,2256,2.0,2409,2.1,65527356,4.2,6936067,1.2,338322,4.4,22,2.1
"US000","3","71321","17","0","2026","1","",261,105918,106108,106578,1506923859,482733278,7714345,1091,"",1.00,1.00,1.00,1.00,1.00,1.00,1.00,1.00,"",4,1.6,2116,2.0,2168,2.1,2349,2.3,64655393,4.5,7075145,1.5,379398,5.2,24,2.2
"US000","3","713210","18","0","2026","1","",261,105918,106108,106578,1506923859,482733278,7714345,1091,"",1.00,1.00,1.00,1.00,1.00,1.00,1.00,1.00,"",4,1.6,2116,2.0,2168,2.1,2349,2.3,64655393,4.5,7075145,1.5,379398,5.2,24,2.2
"US000","3","71329","17","0","2026","1","",96,9427,9416,9376,124379341,84590916,234007,1017,"",1.00,1.00,1.00,1.00,1.00,1.00,1.00,1.00,"",-4,-4.0,70,0.7,88,0.9,60,0.6,871963,0.7,-139078,-0.2,-41076,-14.9,-1,-0.1
"US000","3","713290","18","0","2026","1","",96,9427,9416,9376,124379341,84590916,234007,1017,"",1.00,1.00,1.00,1.00,1.00,1.00,1.00,1.00,"",-4,-4.0,70,0.7,88,0.9,60,0.6,871963,0.7,-139078,-0.2,-41076,-14.9,-1,-0.1
"US000","3","7139","16","0","2026","1","",2654,126606,128355,127673,994747111,86996417,1111716,600,"",1.00,1.00,1.00,1.00,1.00,1.00,1.00,1.00,"",-7,-0.3,1995,1.6,1623,1.3,1595,1.3,34990352,3.6,5718656,7.0,209818,23.3,13,2.2
"US000","3","71391","17","0","2026","1","",231,6162,6019,6603,42673272,10261328,94949,524,"",1.00,1.00,1.00,1.00,1.00,1.00,1.00,1.00,"",1,0.4,385,6.7,259,4.5,25,0.4,-678878,-1.6,599869,6.2,4729,5.2,-28,-5.1
"US000","3","713910","18","0","2026","1","",231,6162,6019,6603,42673272,10261328,94949,524,"",1.00,1.00,1.00,1.00,1.00,1.00,1.00,1.00,"",1,0.4,385,6.7,259,4.5,25,0.4,-678878,-1.6,599869,6.2,4729,5.2,-28,-5.1
"US000","3","71392","17","0","2026","1","N",4,0,0,0,0,0,0,0,"N",1.00,0,0,0,0,0,0,0,"N",0,0.0,0,0,0,0,0,0,0,0,0,0,0,0,0,0
"US000","3","713920","18","0","2026","1","N",4,0,0,0,0,0,0,0,"N",1.00,0,0,0,0,0,0,0,"N",0,0.0,0,0,0,0,0,0,0,0,0,0,0,0,0,0
"US000","3","71393","17","0","2026","1","N",31,0,0,0,0,0,0,0,"N",1.00,0,0,0,0,0,0,0,"N",-1,-3.1,0,0,0,0,0,0,0,0,0,0,0,0,0,0
"US000","3","713930","18","0","2026","1","N",31,0,0,0,0,0,0,0,"N",1.00,0,0,0,0,0,0,0,"N",-1,-3.1,0,0,0,0,0,0,0,0,0,0,0,0,0,0
"US000","3","71394","17","0","2026","1","",1158,50636,50339,51139,338576692,27732241,315075,514,"",1.00,1.00,1.00,1.00,1.00,1.00,1.00,1.00,"",6,0.5,1503,3.1,1409,2.9,1323,2.7,15833501,4.9,-8035,0.0,-5745,-1.8,10,2.0
"US000","3","713940","18","0","2026","1","",1158,50636,50339,51139,338576692,27732241,315075,514,"",1.00,1.00,1.00,1.00,1.00,1.00,1.00,1.00,"",6,0.5,1503,3.1,1409,2.9,1323,2.7,15833501,4.9,-8035,0.0,-5745,-1.8,10,2.0
"US000","3","71395","17","0","2026","1","N",2,0,0,0,0,0,0,0,"N",1.00,0,0,0,0,0,0,0,"N",0,0.0,0,0,0,0,0,0,0,0,0,0,0,0,0,0
"US000","3","713950","18","0","2026","1","N",2,0,0,0,0,0,0,0,"N",1.00,0,0,0,0,0,0,0,"N",0,0.0,0,0,0,0,0,0,0,0,0,0,0,0,0,0
"US000","3","71399","17","0","2026","1","",1228,68223,70416,68448,599849229,44147319,633771,668,"",1.00,1.00,1.00,1.00,1.00,1.00,1.00,1.00,"",-13,-1.0,120,0.2,-49,-0.1,230,0.3,19313097,3.3,5181122,13.3,198801,45.7,20,3.1
"US000","3","713990","18","0","2026","1","",1228,68223,70416,68448,599849229,44147319,633771,668,"",1.00,1.00,1.00,1.00,1.00,1.00,1.00,1.00,"",-13,-1.0,120,0.2,-49,-0.1,230,0.3,19313097,3.3,5181122,13.3,198801,45.7,20,3.1
"US000","3","72","14","0","2026","1","",702,104183,104496,104056,1328929502,372571315,6085481,981,"",1.00,1.00,1.00,1.00,1.00,1.00,1.00,1.00,"",-11,-1.5,971,0.9,930,0.9,443,0.4,36188248,2.8,-7654538,-2.0,-134056,-2.2,20,2.1
"US000","3","721","15","0","2026","1","",191,92087,92385,92057,1227723730,357102981,6004398,1025,"",1.00,1.00,1.00,1.00,1.00,1.00,1.00,1.00,"",2,1.1,815,0.9,717,0.8,463,0.5,33744334,2.8,-7017939,-1.9,-127513,-2.1,21,2.1
"US000","3","7211","16","0","2026","1","",148,91636,91922,91562,1223490969,355392106,5956632,1026,"",1.00,1.00,1.00,1.00,1.00,1.00,1.00,1.00,"",0,0.0,826,0.9,701,0.8,434,0.5,33429792,2.8,-7330796,-2.0,-134604,-2.2,21,2.1
"US000","3","72111","17","0","2026","1","",40,3306,3321,3346,34834840,18253978,96343,806,"",1.00,1.00,1.00,1.00,1.00,1.00,1.00,1.00,"",0,0.0,-291,-8.1,-312,-8.6,-242,-6.7,-1940352,-5.3,-562958,-3.0,-2286,-2.3,22,2.8
"US000","3","721110","18","0","2026","1","",40,3306,3321,3346,34834840,18253978,96343,806,"",1.00,1.00,1.00,1.00,1.00,1.00,1.00,1.00,"",0,0.0,-291,-8.1,-312,-8.6,-242,-6.7,-1940352,-5.3,-562958,-3.0,-2286,-2.3,22,2.8
"US000","3","72112","17","0","2026","1","",107,88326,88597,88212,1188619334,337138128,5860289,1035,"",1.00,1.00,1.00,1.00,1.00,1.00,1.00,1.00,"",0,0.0,1121,1.3,1016,1.2,679,0.8,35475031,3.1,-6767838,-2.0,-132318,-2.2,21,2.1
"US000","3","721120","18","0","2026","1","",107,88326,88597,88212,1188619334,337138128,5860289,1035,"",1.00,1.00,1.00,1.00,1.00,1.00,1.00,1.00,"",0,0.0,1121,1.3,1016,1.2,679,0.8,35475031,3.1,-6767838,-2.0,-132318,-2.2,21,2.1
"US000","3","72119","17","0","2026","1","",1,4,4,4,36795,0,0,708,"",1.00,1.00,1.00,1.00,1.00,0.00,0.00,1.00,"",0,0.0,-4,-50.0,-3,-42.9,-3,-42.9,-104887,-74.0,0,0.0,0,0.0,-778,-52.4
"US000","3","721199","18","0","2026","1","",1,4,4,4,36795,0,0,708,"",1.00,1.00,1.00,1.00,1.00,0.00,0.00,1.00,"",0,0.0,-4,-50.0,-3,-42.9,-3,-42.9,-104887,-74.0,0,0.0,0,0.0,-778,-52.4
"US000","3","7212","16","0","2026","1","N",41,0,0,0,0,0,0,0,"N",1.00,0,0,0,0,0,0,0,"N",1,2.5,0,0,0,0,0,0,0,0,0,0,0,0,0,0
"US000","3","72121","17","0","2026","1","N",41,0,0,0,0,0,0,0,"N",1.00,0,0,0,0,0,0,0,"N",1,2.5,0,0,0,0,0,0,0,0,0,0,0,0,0,0
"US000","3","721211","18","0","2026","1","N",37,0,0,0,0,0,0,0,"N",1.00,0,0,0,0,0,0,0,"N",1,2.8,0,0,0,0,0,0,0,0,0,0,0,0,0,0
"US000","3","721214","18","0","2026","1","N",4,0,0,0,0,0,0,0,"N",1.00,0,0,0,0,0,0,0,"N",0,0.0,0,0,0,0,0,0,0,0,0,0,0,0,0,0
"US000","3","7213","16","0","2026","1","N",2,0,0,0,0,0,0,0,"N",1.00,0,0,0,0,0,0,0,"N",1,100.0,0,0,0,0,0,0,0,0,0,0,0,0,0,0
"US000","3","72131","17","0","2026","1","N",2,0,0,0,0,0,0,0,"N",1.00,0,0,0,0,0,0,0,"N",1,100.0,0,0,0,0,0,0,0,0,0,0,0,0,0,0
"US000","3","721310","18","0","2026","1","N",2,0,0,0,0,0,0,0,"N",1.00,0,0,0,0,0,0,0,"N",1,100.0,0,0,0,0,0,0,0,0,0,0,0,0,0,0
"US000","3","722","15","0","2026","1","",511,12096,12111,11999,101205772,15468334,81083,645,"",1.00,1.00,1.00,1.00,1.00,1.00,1.00,1.00,"",-13,-2.5,156,1.3,213,1.8,-20,-0.2,2443914,2.5,-636599,-4.0,-6543,-7.5,9,1.4
"US000","3","7223","16","0","2026","1","",177,5285,5276,5183,44761710,940696,3402,656,"",1.00,1.00,1.00,1.00,1.00,1.00,1.00,1.00,"",0,0.0,196,3.9,265,5.3,89,1.7,-517191,-1.1,51372,5.8,734,27.5,-32,-4.7
"US000","3","72231","17","0","2026","1","N",175,0,0,0,0,0,0,0,"N",1.00,0,0,0,0,0,0,0,"N",-1,-0.6,0,0,0,0,0,0,0,0,0,0,0,0,0,0
"US000","3","722310","18","0","2026","1","N",175,0,0,0,0,0,0,0,"N",1.00,0,0,0,0,0,0,0,"N",-1,-0.6,0,0,0,0,0,0,0,0,0,0,0,0,0,0
"US000","3","72233","17","0","2026","1","N",2,0,0,0,0,0,0,0,"N",1.00,0,0,0,0,0,0,0,"N",1,100.0,0,0,0,0,0,0,0,0,0,0,0,0,0,0
"US000","3","722330","18","0","2026","1","N",2,0,0,0,0,0,0,0,"N",1.00,0,0,0,0,0,0,0,"N",1,100.0,0,0,0,0,0,0,0,0,0,0,0,0,0,0
"US000","3","7224","16","0","2026","1","",18,336,331,339,3435502,2780688,0,788,"",1.00,1.00,1.00,1.00,1.00,1.00,0.00,1.00,"",-2,-10.0,15,4.7,11,3.4,8,2.4,78171,2.3,-50750,-1.8,0,0.0,-9,-1.1
"US000","3","72241","17","0","2026","1","",18,336,331,339,3435502,2780688,0,788,"",1.00,1.00,1.00,1.00,1.00,1.00,0.00,1.00,"",-2,-10.0,15,4.7,11,3.4,8,2.4,78171,2.3,-50750,-1.8,0,0.0,-9,-1.1
"US000","3","722410","18","0","2026","1","",18,336,331,339,3435502,2780688,0,788,"",1.00,1.00,1.00,1.00,1.00,1.00,0.00,1.00,"",-2,-10.0,15,4.7,11,3.4,8,2.4,78171,2.3,-50750,-1.8,0,0.0,-9,-1.1
"US000","3","7225","16","0","2026","1","",316,6475,6504,6477,53008560,11746950,77681,629,"",1.00,1.00,1.00,1.00,1.00,1.00,1.00,1.00,"",-11,-3.4,-55,-0.8,-63,-1.0,-117,-1.8,2882934,5.8,-637221,-5.1,-7277,-8.6,42,7.2
"US000","3","72251","17","0","2026","1","",316,6475,6504,6477,53008560,11746950,77681,629,"",1.00,1.00,1.00,1.00,1.00,1.00,1.00,1.00,"",-11,-3.4,-55,-0.8,-63,-1.0,-117,-1.8,2882934,5.8,-637221,-5.1,-7277,-8.6,42,7.2
"US000","3","722511","18","0","2026","1","",26,1050,1064,1044,13781924,9784956,61270,1007,"",1.00,1.00,1.00,1.00,1.00,1.00,1.00,1.00,"",-1,-3.7,-20,-1.9,5,0.5,-37,-3.4,1471205,12.0,-1143136,-10.5,-15022,-19.7,122,13.8
"US000","3","722513","18","0","2026","1","",13,262,266,261,2924525,801230,12726,855,"",1.00,1.00,1.00,1.00,1.00,1.00,1.00,1.00,"",1,8.3,52,24.8,55,26.1,47,22.0,1116158,61.7,519207,184.1,7857,161.4,198,30.1
"US000","3","722514","18","0","2026","1","",276,5161,5171,5170,36275897,1143877,3432,540,"",1.00,1.00,1.00,1.00,1.00,1.00,1.00,1.00,"",-11,-3.8,-85,-1.6,-122,-2.3,-125,-2.4,299936,0.8,-8945,-0.8,-25,-0.7,16,3.1
"US000","3","722515","18","0","2026","1","",1,2,3,2,26214,16887,253,864,"",1.00,1.00,1.00,1.00,1.00,1.00,1.00,1.00,"",0,0.0,-2,-50.0,-1,-25.0,-2,-50.0,-4365,-14.3,-4347,-20.5,-87,-25.6,276,46.9
"US000","3","81","14","0","2026","1","",2066,33871,33825,34123,535324197,71216792,1072510,1213,"",1.00,1.00,1.00,1.00,1.00,1.00,1.00,1.00,"",-4,-0.2,470,1.4,418,1.3,334,1.0,19284816,3.7,273642,0.4,32078,3.1,29,2.4
"US000","3","811","15","0","2026","1","",598,15029,15053,15061,248151571,5564243,29909,1269,"",1.00,1.00,1.00,1.00,1.00,1.00,1.00,1.00,"",-1,-0.2,268,1.8,311,2.1,173,1.2,8427889,3.5,-29037,-0.5,13208,79.1,23,1.8
"US000","3","8111","16","0","2026","1","",542,12493,12499,12524,199123289,5182457,26897,1225,"",1.00,1.00,1.00,1.00,1.00,1.00,1.00,1.00,"",-1,-0.2,177,1.4,219,1.8,99,0.8,6011561,3.1,-78052,-1.5,12248,83.6,21,1.7
"US000","3","81111","17","0","2026","1","N",537,0,0,0,0,0,0,0,"N",1.00,0,0,0,0,0,0,0,"N",-1,-0.2,0,0,0,0,0,0,0,0,0,0,0,0,0,0
"US000","3","811111","18","0","2026","1","N",531,0,0,0,0,0,0,0,"N",1.00,0,0,0,0,0,0,0,"N",-1,-0.2,0,0,0,0,0,0,0,0,0,0,0,0,0,0
"US000","3","811114","18","0","2026","1","N",6,0,0,0,0,0,0,0,"N",1.00,0,0,0,0,0,0,0,"N",0,0.0,0,0,0,0,0,0,0,0,0,0,0,0,0,0
"US000","3","81119","17","0","2026","1","N",5,0,0,0,0,0,0,0,"N",1.00,0,0,0,0,0,0,0,"N",0,0.0,0,0,0,0,0,0,0,0,0,0,0,0,0,0
"US000","3","811192","18","0","2026","1","N",2,0,0,0,0,0,0,0,"N",1.00,0,0,0,0,0,0,0,"N",0,0.0,0,0,0,0,0,0,0,0,0,0,0,0,0,0
"US000","3","811198","18","0","2026","1","N",3,0,0,0,0,0,0,0,"N",1.00,0,0,0,0,0,0,0,"N",0,0.0,0,0,0,0,0,0,0,0,0,0,0,0,0,0
"US000","3","8112","16","0","2026","1","",13,276,276,285,4179373,326232,1957,1152,"",1.00,1.00,1.00,1.00,1.00,1.00,1.00,1.00,"",0,0.0,8,3.0,-2,-0.7,-2,-0.7,240556,6.1,48198,17.3,289,17.3,61,5.6
"US000","3","81121","17","0","2026","1","",13,276,276,285,4179373,326232,1957,1152,"",1.00,1.00,1.00,1.00,1.00,1.00,1.00,1.00,"",0,0.0,8,3.0,-2,-0.7,-2,-0.7,240556,6.1,48198,17.3,289,17.3,61,5.6
"US000","3","811210","18","0","2026","1","",13,276,276,285,4179373,326232,1957,1152,"",1.00,1.00,1.00,1.00,1.00,1.00,1.00,1.00,"",0,0.0,8,3.0,-2,-0.7,-2,-0.7,240556,6.1,48198,17.3,289,17.3,61,5.6
"US000","3","8113","16","0","2026","1","",43,2260,2278,2252,44848909,55554,1055,1524,"",1.00,1.00,1.00,1.00,1.00,1.00,1.00,1.00,"",0,0.0,83,3.8,94,4.3,76,3.5,2175772,5.1,817,1.5,671,174.7,18,1.2
"US000","3","81131","17","0","2026","1","",43,2260,2278,2252,44848909,55554,1055,1524,"",1.00,1.00,1.00,1.00,1.00,1.00,1.00,1.00,"",0,0.0,83,3.8,94,4.3,76,3.5,2175772,5.1,817,1.5,671,174.7,18,1.2
"US000","3","811310","18","0","2026","1","",43,2260,2278,2252,44848909,55554,1055,1524,"",1.00,1.00,1.00,1.00,1.00,1.00,1.00,1.00,"",0,0.0,83,3.8,94,4.3,76,3.5,2175772,5.1,817,1.5,671,174.7,18,1.2
"US000","3","812","15","0","2026","1","",1014,7409,7381,7470,100376863,12420727,249046,1041,"",1.00,1.00,1.00,1.00,1.00,1.00,1.00,1.00,"",-3,-0.3,82,1.1,59,0.8,62,0.8,4686561,4.9,254927,2.1,25753,11.5,40,4.0
"US000","3","8121","16","0","2026","1","",4,11,10,6,77165,64548,450,660,"",1.00,1.00,1.00,1.00,1.00,1.00,1.00,1.00,"N",1,33.3,0,0,0,0,0,0,0,0,0,0,0,0,0,0
"US000","3","81211","17","0","2026","1","N",1,0,0,0,0,0,0,0,"N",1.00,0,0,0,0,0,0,0,"N",1,100.0,0,0,0,0,0,0,0,0,0,0,0,0,0,0
"US000","3","812113","18","0","2026","1","N",1,0,0,0,0,0,0,0,"N",1.00,0,0,0,0,0,0,0,"N",1,100.0,0,0,0,0,0,0,0,0,0,0,0,0,0,0
"US000","3","81219","17","0","2026","1","N",3,0,0,0,0,0,0,0,"N",1.00,0,0,0,0,0,0,0,"N",0,0.0,0,0,0,0,0,0,0,0,0,0,0,0,0,0
"US000","3","812199","18","0","2026","1","N",3,0,0,0,0,0,0,0,"N",1.00,0,0,0,0,0,0,0,"N",0,0.0,0,0,0,0,0,0,0,0,0,0,0,0,0,0
"US000","3","8122","16","0","2026","1","",699,2241,2227,2267,23923724,5634582,121326,820,"",1.00,1.00,1.00,1.00,1.00,1.00,1.00,1.00,"",-8,-1.1,-14,-0.6,0,0.0,14,0.6,822154,3.6,152993,2.8,31,0.0,28,3.5
"US000","3","81221","17","0","2026","1","",2,11,13,8,104810,42620,2642,756,"",1.00,1.00,1.00,1.00,1.00,1.00,1.00,1.00,"",0,0.0,-2,-15.4,1,8.3,-4,-33.3,12559,13.6,3820,9.8,1517,134.8,181,31.5
"US000","3","812210","18","0","2026","1","",2,11,13,8,104810,42620,2642,756,"",1.00,1.00,1.00,1.00,1.00,1.00,1.00,1.00,"",0,0.0,-2,-15.4,1,8.3,-4,-33.3,12559,13.6,3820,9.8,1517,134.8,181,31.5
"US000","3","81222","17","0","2026","1","",697,2230,2214,2259,23818914,5591962,118684,820,"",1.00,1.00,1.00,1.00,1.00,1.00,1.00,1.00,"",-8,-1.1,-12,-0.5,-1,0.0,18,0.8,809595,3.5,149173,2.7,-1486,-1.2,27,3.4
"US000","3","812220","18","0","2026","1","",697,2230,2214,2259,23818914,5591962,118684,820,"",1.00,1.00,1.00,1.00,1.00,1.00,1.00,1.00,"",-8,-1.1,-12,-0.5,-1,0.0,18,0.8,809595,3.5,149173,2.7,-1486,-1.2,27,3.4
"US000","3","8123","16","0","2026","1","",5,248,243,251,2236906,202706,203,696,"",1.00,1.00,1.00,1.00,1.00,1.00,1.00,1.00,"N",0,0.0,0,0,0,0,0,0,0,0,0,0,0,0,0,0
"US000","3","81232","17","0","2026","1","N",2,0,0,0,0,0,0,0,"N",1.00,0,0,0,0,0,0,0,"N",0,0.0,0,0,0,0,0,0,0,0,0,0,0,0,0,0
"US000","3","812320","18","0","2026","1","N",2,0,0,0,0,0,0,0,"N",1.00,0,0,0,0,0,0,0,"N",0,0.0,0,0,0,0,0,0,0,0,0,0,0,0,0,0
"US000","3","81233","17","0","2026","1","N",3,0,0,0,0,0,0,0,"N",1.00,0,0,0,0,0,0,0,"N",0,0.0,0,0,0,0,0,0,0,0,0,0,0,0,0,0
"US000","3","812331","18","0","2026","1","N",2,0,0,0,0,0,0,0,"N",1.00,0,0,0,0,0,0,0,"N",0,0.0,0,0,0,0,0,0,0,0,0,0,0,0,0,0
"US000","3","812332","18","0","2026","1","",1,24,25,25,177452,0,0,553,"",1.00,1.00,1.00,1.00,1.00,0.00,0.00,1.00,"",0,0.0,0,0.0,0,0.0,0,0.0,13851,8.5,0,0.0,0,0.0,43,8.4
"US000","3","8129","16","0","2026","1","",306,4909,4901,4946,74139068,6518891,127067,1159,"",1.00,1.00,1.00,1.00,1.00,1.00,1.00,1.00,"",4,1.3,97,2.0,74,1.5,74,1.5,4030868,5.7,129705,2.0,26483,26.3,44,3.9
"US000","3","81291","17","0","2026","1","N",235,0,0,0,0,0,0,0,"N",1.00,0,0,0,0,0,0,0,"N",7,3.1,0,0,0,0,0,0,0,0,0,0,0,0,0,0
"US000","3","812910","18","0","2026","1","N",235,0,0,0,0,0,0,0,"N",1.00,0,0,0,0,0,0,0,"N",7,3.1,0,0,0,0,0,0,0,0,0,0,0,0,0,0
"US000","3","81293","17","0","2026","1","",69,2829,2830,2840,48663490,2729718,82039,1321,"",1.00,1.00,1.00,1.00,1.00,1.00,1.00,1.00,"",-3,-4.2,25,0.9,21,0.7,13,0.5,3331555,7.3,65703,2.5,16081,24.4,82,6.6
"US000","3","812930","18","0","2026","1","",69,2829,2830,2840,48663490,2729718,82039,1321,"",1.00,1.00,1.00,1.00,1.00,1.00,1.00,1.00,"",-3,-4.2,25,0.9,21,0.7,13,0.5,3331555,7.3,65703,2.5,16081,24.4,82,6.6
"US000","3","81299","17","0","2026","1","N",2,0,0,0,0,0,0,0,"N",1.00,0,0,0,0,0,0,0,"N",0,0.0,0,0,0,0,0,0,0,0,0,0,0,0,0,0
"US000","3","812990","18","0","2026","1","N",2,0,0,0,0,0,0,0,"N",1.00,0,0,0,0,0,0,0,"N",0,0.0,0,0,0,0,0,0,0,0,0,0,0,0,0,0
"US000","3","813","15","0","2026","1","",454,11433,11391,11592,186795763,53231822,793555,1253,"",1.00,1.00,1.00,1.00,1.00,1.00,1.00,1.00,"",0,0.0,120,1.1,48,0.4,99,0.9,6170366,3.4,47752,0.1,-6883,-0.9,32,2.6
"US000","3","8131","16","0","2026","1","N",5,0,0,0,0,0,0,0,"N",1.00,0,0,0,0,0,0,0,"N",0,0.0,0,0,0,0,0,0,0,0,0,0,0,0,0,0
"US000","3","81311","17","0","2026","1","N",5,0,0,0,0,0,0,0,"N",1.00,0,0,0,0,0,0,0,"N",0,0.0,0,0,0,0,0,0,0,0,0,0,0,0,0,0
"US000","3","813110","18","0","2026","1","N",5,0,0,0,0,0,0,0,"N",1.00,0,0,0,0,0,0,0,"N",0,0.0,0,0,0,0,0,0,0,0,0,0,0,0,0,0
"US000","3","8132","16","0","2026","1","",44,1394,1412,1431,17330211,7105734,51228,944,"",1.00,1.00,1.00,1.00,1.00,1.00,1.00,1.00,"",0,0.0,-6,-0.4,10,0.7,13,0.9,805533,4.9,341261,5.0,9471,22.7,40,4.4
"US000","3","81321","17","0","2026","1","",44,1394,1412,1431,17330211,7105734,51228,944,"",1.00,1.00,1.00,1.00,1.00,1.00,1.00,1.00,"",0,0.0,-6,-0.4,10,0.7,13,0.9,805533,4.9,341261,5.0,9471,22.7,40,4.4
"US000","3","813211","18","0","2026","1","",26,234,241,248,4699387,1183915,16552,1500,"",1.00,1.00,1.00,1.00,1.00,1.00,1.00,1.00,"",0,0.0,3,1.3,-8,-3.2,-2,-0.8,298332,6.8,104170,9.6,7066,74.5,109,7.8
"US000","3","813212","18","0","2026","1","",4,597,609,619,6343466,2264874,9059,802,"",1.00,1.00,1.00,1.00,1.00,1.00,1.00,1.00,"",0,0.0,-9,-1.5,19,3.2,4,0.7,333839,5.6,122661,5.7,2632,41.0,36,4.7
"US000","3","813219","18","0","2026","1","",14,563,562,564,6287358,3656945,25617,859,"",1.00,1.00,1.00,1.00,1.00,1.00,1.00,1.00,"",0,0.0,0,0.0,-1,-0.2,11,2.0,173362,2.8,114430,3.2,-227,-0.9,19,2.3
"US000","3","8133","16","0","2026","1","",188,6388,6338,6340,99602087,29634696,503522,1206,"",1.00,1.00,1.00,1.00,1.00,1.00,1.00,1.00,"",-1,-0.5,65,1.0,43,0.7,53,0.8,3420691,3.6,1449890,5.1,-48103,-8.7,32,2.7
"US000","3","81331","17","0","2026","1","",188,6388,6338,6340,99602087,29634696,503522,1206,"",1.00,1.00,1.00,1.00,1.00,1.00,1.00,1.00,"",-1,-0.5,65,1.0,43,0.7,53,0.8,3420691,3.6,1449890,5.1,-48103,-8.7,32,2.7
"US000","3","813311","18","0","2026","1","",29,2076,2072,2062,36118661,7139287,63470,1342,"",1.00,1.00,1.00,1.00,1.00,1.00,1.00,1.00,"",-2,-6.5,21,1.0,25,1.2,13,0.6,5121179,16.5,519923,7.9,-9543,-13.1,179,15.4
"US000","3","813312","18","0","2026","1","",67,921,908,919,16635340,3051428,84022,1397,"",1.00,1.00,1.00,1.00,1.00,1.00,1.00,1.00,"",0,0.0,-9,-1.0,-17,-1.8,-4,-0.4,67275,0.4,162815,5.6,12750,17.9,21,1.5
"US000","3","813319","18","0","2026","1","",92,3391,3358,3359,46848086,19443981,356030,1070,"",1.00,1.00,1.00,1.00,1.00,1.00,1.00,1.00,"",1,1.1,53,1.6,35,1.1,44,1.3,-1767763,-3.6,767152,4.1,-51310,-12.6,-55,-4.9
"US000","3","8134","16","0","2026","1","N",55,0,0,0,0,0,0,0,"N",1.00,0,0,0,0,0,0,0,"N",1,1.9,0,0,0,0,0,0,0,0,0,0,0,0,0,0
"US000","3","81341","17","0","2026","1","N",55,0,0,0,0,0,0,0,"N",1.00,0,0,0,0,0,0,0,"N",1,1.9,0,0,0,0,0,0,0,0,0,0,0,0,0,0
"US000","3","813410","18","0","2026","1","N",55,0,0,0,0,0,0,0,"N",1.00,0,0,0,0,0,0,0,"N",1,1.9,0,0,0,0,0,0,0,0,0,0,0,0,0,0
"US000","3","8139","16","0","2026","1","",162,2317,2304,2476,50296357,11778942,109983,1635,"",1.00,1.00,1.00,1.00,1.00,1.00,1.00,1.00,"",0,0.0,79,3.5,16,0.7,65,2.7,1213552,2.5,-1143279,-8.8,1993,1.8,2,0.1
"US000","3","81391","17","0","2026","1","",109,1467,1463,1592,32476666,4343232,56622,1657,"",1.00,1.00,1.00,1.00,1.00,1.00,1.00,1.00,"",0,0.0,75,5.4,26,1.8,64,4.2,1275628,4.1,-901573,-17.2,-6705,-10.6,4,0.2
"US000","3","813910","18","0","2026","1","",109,1467,1463,1592,32476666,4343232,56622,1657,"",1.00,1.00,1.00,1.00,1.00,1.00,1.00,1.00,"",0,0.0,75,5.4,26,1.8,64,4.2,1275628,4.1,-901573,-17.2,-6705,-10.6,4,0.2
"US000","3","81392","17","0","2026","1","",18,616,617,661,14869633,6344960,40606,1812,"",1.00,1.00,1.00,1.00,1.00,1.00,1.00,1.00,"",0,0.0,-14,-2.2,-14,-2.2,-3,-0.5,-202061,-1.3,-232786,-3.5,3648,9.9,5,0.3
"US000","3","813920","18","0","2026","1","",18,616,617,661,14869633,6344960,40606,1812,"",1.00,1.00,1.00,1.00,1.00,1.00,1.00,1.00,"",0,0.0,-14,-2.2,-14,-2.2,-3,-0.5,-202061,-1.3,-232786,-3.5,3648,9.9,5,0.3
"US000","3","81393","17","0","2026","1","",10,56,54,53,555394,462878,2801,786,"",1.00,1.00,1.00,1.00,1.00,1.00,1.00,1.00,"",1,11.1,6,12.0,4,8.0,2,3.9,-51012,-8.4,-21809,-4.5,-106,-3.6,-141,-15.2
"US000","3","813930","18","0","2026","1","",10,56,54,53,555394,462878,2801,786,"",1.00,1.00,1.00,1.00,1.00,1.00,1.00,1.00,"",1,11.1,6,12.0,4,8.0,2,3.9,-51012,-8.4,-21809,-4.5,-106,-3.6,-141,-15.2
"US000","3","81394","17","0","2026","1","",10,54,50,50,735287,137907,2358,1102,"",1.00,1.00,1.00,1.00,1.00,1.00,1.00,1.00,"",-2,-16.7,4,8.0,-1,-2.0,0,0.0,72067,10.9,1491,1.1,1429,153.8,88,8.7
"US000","3","813940","18","0","2026","1","",10,54,50,50,735287,137907,2358,1102,"",1.00,1.00,1.00,1.00,1.00,1.00,1.00,1.00,"",-2,-16.7,4,8.0,-1,-2.0,0,0.0,72067,10.9,1491,1.1,1429,153.8,88,8.7
"US000","3","81399","17","0","2026","1","",15,124,120,120,1659377,489965,7596,1052,"",1.00,1.00,1.00,1.00,1.00,1.00,1.00,1.00,"",1,7.1,8,6.9,1,0.8,2,1.7,118930,7.7,11398,2.4,3727,96.3,45,4.5
"US000","3","813990","18","0","2026","1","",15,124,120,120,1659377,489965,7596,1052,"",1.00,1.00,1.00,1.00,1.00,1.00,1.00,1.00,"",1,7.1,8,6.9,1,0.8,2,1.7,118930,7.7,11398,2.4,3727,96.3,45,4.5
"US000","3","92","14","0","2026","1","",63782,4303893,4303406,4316646,86020354921,5758677421,46208998,1536,"",1.00,1.00,1.00,1.00,1.00,1.00,1.00,1.00,"",68,0.1,55146,1.3,48415,1.1,49596,1.2,3776579909,4.6,213851118,3.9,5633971,13.9,50,3.4
"US000","3","921","15","0","2026","1","",37154,2822644,2823513,2835341,50569923807,4163663003,30438249,1376,"",1.00,1.00,1.00,1.00,1.00,1.00,1.00,1.00,"",69,0.2,33173,1.2,28240,1.0,32564,1.2,2194254979,4.5,143202810,3.6,2583715,9.3,45,3.4
"US000","3","9211","16","0","2026","1","",37154,2822644,2823513,2835341,50569923807,4163663003,30438249,1376,"",1.00,1.00,1.00,1.00,1.00,1.00,1.00,1.00,"",69,0.2,33173,1.2,28240,1.0,32564,1.2,2194254979,4.5,143202810,3.6,2583715,9.3,45,3.4
"US000","3","92111","17","0","2026","1","",4551,197471,195908,198082,3533255983,320943278,3339435,1379,"",1.00,1.00,1.00,1.00,1.00,1.00,1.00,1.00,"",23,0.5,8703,4.6,8300,4.4,9483,5.0,303624458,9.4,15535562,5.1,11208,0.3,60,4.5
"US000","3","921110","18","0","2026","1","",4551,197471,195908,198082,3533255983,320943278,3339435,1379,"",1.00,1.00,1.00,1.00,1.00,1.00,1.00,1.00,"",23,0.5,8703,4.6,8300,4.4,9483,5.0,303624458,9.4,15535562,5.1,11208,0.3,60,4.5
"US000","3","92112","17","0","2026","1","",2854,277344,277223,278711,5051088579,80912971,1243095,1399,"",1.00,1.00,1.00,1.00,1.00,1.00,1.00,1.00,"",1,0.0,4412,1.6,4042,1.5,4373,1.6,215175576,4.4,4909070,6.5,7655,0.6,39,2.9
"US000","3","921120","18","0","2026","1","",2854,277344,277223,278711,5051088579,80912971,1243095,1399,"",1.00,1.00,1.00,1.00,1.00,1.00,1.00,1.00,"",1,0.0,4412,1.6,4042,1.5,4373,1.6,215175576,4.4,4909070,6.5,7655,0.6,39,2.9
"US000","3","92113","17","0","2026","1","",2592,77018,76950,77017,1546903004,75297927,885986,1545,"",1.00,1.00,1.00,1.00,1.00,1.00,1.00,1.00,"",6,0.2,2819,3.8,2792,3.8,2628,3.5,99163475,6.8,1393210,1.9,419669,90.0,45,3.0
"US000","3","921130","18","0","2026","1","",2592,77018,76950,77017,1546903004,75297927,885986,1545,"",1.00,1.00,1.00,1.00,1.00,1.00,1.00,1.00,"",6,0.2,2819,3.8,2792,3.8,2628,3.5,99163475,6.8,1393210,1.9,419669,90.0,45,3.0
"US000","3","92114","17","0","2026","1","",21044,1822090,1822613,1829188,32336320382,2288931329,13113528,1363,"",1.00,1.00,1.00,1.00,1.00,1.00,1.00,1.00,"",-52,-0.2,13456,0.7,8651,0.5,9966,0.5,1152021658,3.7,78849580,3.6,2739600,26.4,41,3.1
"US000","3","921140","18","0","2026","1","",21044,1822090,1822613,1829188,32336320382,2288931329,13113528,1363,"",1.00,1.00,1.00,1.00,1.00,1.00,1.00,1.00,"",-52,-0.2,13456,0.7,8651,0.5,9966,0.5,1152021658,3.7,78849580,3.6,2739600,26.4,41,3.1
"US000","3","92115","17","0","2026","1","",1137,124197,124446,124686,2061317784,932317433,9609837,1274,"",1.00,1.00,1.00,1.00,1.00,1.00,1.00,1.00,"",-4,-0.4,999,0.8,1197,1.0,978,0.8,88007661,4.5,23590002,2.6,-1073859,-10.1,44,3.6
"US000","3","921150","18","0","2026","1","",1137,124197,124446,124686,2061317784,932317433,9609837,1274,"",1.00,1.00,1.00,1.00,1.00,1.00,1.00,1.00,"",-4,-0.4,999,0.8,1197,1.0,978,0.8,88007661,4.5,23590002,2.6,-1073859,-10.1,44,3.6
"US000","3","92119","17","0","2026","1","",4976,324524,326373,327657,6041038075,465260065,2246368,1425,"",1.00,1.00,1.00,1.00,1.00,1.00,1.00,1.00,"",95,1.9,2784,0.9,3258,1.0,5136,1.6,336262151,5.9,18925386,4.2,479442,27.1,64,4.7
"US000","3","921190","18","0","2026","1","",4976,324524,326373,327657,6041038075,465260065,2246368,1425,"",1.00,1.00,1.00,1.00,1.00,1.00,1.00,1.00,"",95,1.9,2784,0.9,3258,1.0,5136,1.6,336262151,5.9,18925386,4.2,479442,27.1,64,4.7
"US000","3","922","15","0","2026","1","",13588,990200,988200,988542,25343612375,805473902,6988998,1971,"",1.00,1.00,1.00,1.00,1.00,1.00,1.00,1.00,"",10,0.1,17734,1.8,16150,1.7,14825,1.5,1076787194,4.4,32016659,4.1,1862061,36.3,52,2.7
"US000","3","9221","16","0","2026","1","",13588,990200,988200,988542,25343612375,805473902,6988998,1971,"",1.00,1.00,1.00,1.00,1.00,1.00,1.00,1.00,"",10,0.1,17734,1.8,16150,1.7,14825,1.5,1076787194,4.4,32016659,4.1,1862061,36.3,52,2.7
"US000","3","92211","17","0","2026","1","",1908,77873,77810,77874,1413848676,34249171,269340,1397,"",1.00,1.00,1.00,1.00,1.00,1.00,1.00,1.00,"",-9,-0.5,492,0.6,463,0.6,444,0.6,61314682,4.5,330968,1.0,41280,18.1,53,3.9
"US000","3","922110","18","0","2026","1","",1908,77873,77810,77874,1413848676,34249171,269340,1397,"",1.00,1.00,1.00,1.00,1.00,1.00,1.00,1.00,"",-9,-0.5,492,0.6,463,0.6,444,0.6,61314682,4.5,330968,1.0,41280,18.1,53,3.9
"US000","3","92212","17","0","2026","1","",3557,437581,437304,437177,11038372944,249447654,2303923,1941,"",1.00,1.00,1.00,1.00,1.00,1.00,1.00,1.00,"",11,0.3,8828,2.1,8491,2.0,8318,1.9,616366283,5.9,6244885,2.6,887190,62.6,71,3.8
"US000","3","922120","18","0","2026","1","",3557,437581,437304,437177,11038372944,249447654,2303923,1941,"",1.00,1.00,1.00,1.00,1.00,1.00,1.00,1.00,"",11,0.3,8828,2.1,8491,2.0,8318,1.9,616366283,5.9,6244885,2.6,887190,62.6,71,3.8
"US000","3","92213","17","0","2026","1","",1024,36869,36781,36784,881656568,20150276,128814,1842,"",1.00,1.00,1.00,1.00,1.00,1.00,1.00,1.00,"",-10,-1.0,647,1.8,669,1.9,484,1.3,35566343,4.2,165178,0.8,40925,46.6,45,2.5
"US000","3","922130","18","0","2026","1","",1024,36869,36781,36784,881656568,20150276,128814,1842,"",1.00,1.00,1.00,1.00,1.00,1.00,1.00,1.00,"",-10,-1.0,647,1.8,669,1.9,484,1.3,35566343,4.2,165178,0.8,40925,46.6,45,2.5
"US000","3","92214","17","0","2026","1","",604,59262,59082,59153,1288881307,33838659,142891,1676,"",1.00,1.00,1.00,1.00,1.00,1.00,1.00,1.00,"",-13,-2.1,332,0.6,212,0.4,44,0.1,30057653,2.4,-761627,-2.2,2675,1.9,34,2.1
"US000","3","922140","18","0","2026","1","",604,59262,59082,59153,1288881307,33838659,142891,1676,"",1.00,1.00,1.00,1.00,1.00,1.00,1.00,1.00,"",-13,-2.1,332,0.6,212,0.4,44,0.1,30057653,2.4,-761627,-2.2,2675,1.9,34,2.1
"US000","3","92215","17","0","2026","1","",272,17089,17005,16982,338561409,4508354,75417,1530,"",1.00,1.00,1.00,1.00,1.00,1.00,1.00,1.00,"",-4,-1.4,-420,-2.4,-305,-1.8,-287,-1.7,-20215311,-5.6,-73797,-1.6,41315,121.2,-60,-3.8
"US000","3","922150","18","0","2026","1","",272,17089,17005,16982,338561409,4508354,75417,1530,"",1.00,1.00,1.00,1.00,1.00,1.00,1.00,1.00,"",-4,-1.4,-420,-2.4,-305,-1.8,-287,-1.7,-20215311,-5.6,-73797,-1.6,41315,121.2,-60,-3.8
"US000","3","92216","17","0","2026","1","",5423,233865,232418,232555,6022035954,423795458,3721771,1989,"",1.00,1.00,1.00,1.00,1.00,1.00,1.00,1.00,"",21,0.4,5622,2.5,4595,2.0,4134,1.8,225422022,3.9,24789487,6.2,829073,28.7,35,1.8
"US000","3","922160","18","0","2026","1","",5423,233865,232418,232555,6022035954,423795458,3721771,1989,"",1.00,1.00,1.00,1.00,1.00,1.00,1.00,1.00,"",21,0.4,5622,2.5,4595,2.0,4134,1.8,225422022,3.9,24789487,6.2,829073,28.7,35,1.8
"US000","3","92219","17","0","2026","1","",800,127661,127800,128017,4360255517,39484330,346842,2624,"",1.00,1.00,1.00,1.00,1.00,1.00,1.00,1.00,"",14,1.8,2233,1.8,2025,1.6,1688,1.3,128275522,3.0,1321565,3.5,19603,6.0,37,1.4
"US000","3","922190","18","0","2026","1","",800,127661,127800,128017,4360255517,39484330,346842,2624,"",1.00,1.00,1.00,1.00,1.00,1.00,1.00,1.00,"",14,1.8,2233,1.8,2025,1.6,1688,1.3,128275522,3.0,1321565,3.5,19603,6.0,37,1.4
"US000","3","923","15","0","2026","1","",2284,229962,230852,231169,4703683344,217791605,2300638,1569,"",1.00,1.00,1.00,1.00,1.00,1.00,1.00,1.00,"",10,0.4,922,0.4,439,0.2,-523,-0.2,163862959,3.6,29589278,15.7,533016,30.2,53,3.5
"US000","3","9231","16","0","2026","1","",2284,229962,230852,231169,4703683344,217791605,2300638,1569,"",1.00,1.00,1.00,1.00,1.00,1.00,1.00,1.00,"",10,0.4,922,0.4,439,0.2,-523,-0.2,163862959,3.6,29589278,15.7,533016,30.2,53,3.5
"US000","3","92311","17","0","2026","1","",280,27419,28852,28959,446465777,36017096,320228,1209,"",1.00,1.00,1.00,1.00,1.00,1.00,1.00,1.00,"",1,0.4,-529,-1.9,-124,-0.4,-463,-1.6,17304708,4.0,1902523,5.6,21361,7.1,62,5.4
"US000","3","923110","18","0","2026","1","",280,27419,28852,28959,446465777,36017096,320228,1209,"",1.00,1.00,1.00,1.00,1.00,1.00,1.00,1.00,"",1,0.4,-529,-1.9,-124,-0.4,-463,-1.6,17304708,4.0,1902523,5.6,21361,7.1,62,5.4
"US000","3","92312","17","0","2026","1","",1204,84003,83773,83918,1694230485,151943222,1656914,1553,"",1.00,1.00,1.00,1.00,1.00,1.00,1.00,1.00,"",-3,-0.2,700,0.8,288,0.3,180,0.2,45891943,2.8,24525669,19.2,424926,34.5,35,2.3
"US000","3","923120","18","0","2026","1","",1204,84003,83773,83918,1694230485,151943222,1656914,1553,"",1.00,1.00,1.00,1.00,1.00,1.00,1.00,1.00,"",-3,-0.2,700,0.8,288,0.3,180,0.2,45891943,2.8,24525669,19.2,424926,34.5,35,2.3
"US000","3","92313","17","0","2026","1","",560,115831,115520,115577,2527753707,29577653,322469,1681,"",1.00,1.00,1.00,1.00,1.00,1.00,1.00,1.00,"",7,1.3,572,0.5,103,0.1,-384,-0.3,99997546,4.1,3146121,11.9,88317,37.7,65,4.0
"US000","3","923130","18","0","2026","1","",560,115831,115520,115577,2527753707,29577653,322469,1681,"",1.00,1.00,1.00,1.00,1.00,1.00,1.00,1.00,"",7,1.3,572,0.5,103,0.1,-384,-0.3,99997546,4.1,3146121,11.9,88317,37.7,65,4.0
"US000","3","92314","17","0","2026","1","",240,2709,2707,2715,35233375,253634,1027,1000,"",1.00,1.00,1.00,1.00,1.00,1.00,1.00,1.00,"",5,2.1,179,7.1,172,6.8,144,5.6,668762,1.9,14965,6.3,-1588,-60.7,-45,-4.3
"US000","3","923140","18","0","2026","1","",240,2709,2707,2715,35233375,253634,1027,1000,"",1.00,1.00,1.00,1.00,1.00,1.00,1.00,1.00,"",5,2.1,179,7.1,172,6.8,144,5.6,668762,1.9,14965,6.3,-1588,-60.7,-45,-4.3
"US000","3","924","15","0","2026","1","",4184,102820,102441,103314,2140805739,125772936,1452953,1601,"",1.00,1.00,1.00,1.00,1.00,1.00,1.00,1.00,"",-11,-0.3,1314,1.3,961,0.9,1154,1.1,194762142,10.0,2433151,2.0,147680,11.3,129,8.8
"US000","3","9241","16","0","2026","1","",4184,102820,102441,103314,2140805739,125772936,1452953,1601,"",1.00,1.00,1.00,1.00,1.00,1.00,1.00,1.00,"",-11,-0.3,1314,1.3,961,0.9,1154,1.1,194762142,10.0,2433151,2.0,147680,11.3,129,8.8
"US000","3","92411","17","0","2026","1","",1681,59195,59041,59309,1583197252,54169136,665004,2058,"",1.00,1.00,1.00,1.00,1.00,1.00,1.00,1.00,"",0,0.0,-1589,-2.6,-1606,-2.6,-1453,-2.4,153414133,10.7,132833,0.2,111560,20.2,247,13.6
"US000","3","924110","18","0","2026","1","",1681,59195,59041,59309,1583197252,54169136,665004,2058,"",1.00,1.00,1.00,1.00,1.00,1.00,1.00,1.00,"",0,0.0,-1589,-2.6,-1606,-2.6,-1453,-2.4,153414133,10.7,132833,0.2,111560,20.2,247,13.6
"US000","3","92412","17","0","2026","1","",2503,43625,43400,44005,557608487,71603800,787949,982,"",1.00,1.00,1.00,1.00,1.00,1.00,1.00,1.00,"",-11,-0.4,2903,7.1,2567,6.3,2607,6.3,41348009,8.0,2300318,3.3,36120,4.8,13,1.3
"US000","3","924120","18","0","2026","1","",2503,43625,43400,44005,557608487,71603800,787949,982,"",1.00,1.00,1.00,1.00,1.00,1.00,1.00,1.00,"",-11,-0.4,2903,7.1,2567,6.3,2607,6.3,41348009,8.0,2300318,3.3,36120,4.8,13,1.3
"US000","3","925","15","0","2026","1","",3703,86247,85811,85895,1603527319,310485359,3234085,1435,"",1.00,1.00,1.00,1.00,1.00,1.00,1.00,1.00,"",-16,-0.4,1067,1.3,670,0.8,576,0.7,66649686,4.3,5113928,1.7,353138,12.3,48,3.5
"US000","3","9251","16","0","2026","1","",3703,86247,85811,85895,1603527319,310485359,3234085,1435,"",1.00,1.00,1.00,1.00,1.00,1.00,1.00,1.00,"",-16,-0.4,1067,1.3,670,0.8,576,0.7,66649686,4.3,5113928,1.7,353138,12.3,48,3.5
"US000","3","92511","17","0","2026","1","",2377,51915,51697,51490,987085228,226641630,2249682,1469,"",1.00,1.00,1.00,1.00,1.00,1.00,1.00,1.00,"",-16,-0.7,234,0.5,157,0.3,-22,0.0,33907517,3.6,3880508,1.7,126397,6.0,47,3.3
"US000","3","925110","18","0","2026","1","",2377,51915,51697,51490,987085228,226641630,2249682,1469,"",1.00,1.00,1.00,1.00,1.00,1.00,1.00,1.00,"",-16,-0.7,234,0.5,157,0.3,-22,0.0,33907517,3.6,3880508,1.7,126397,6.0,47,3.3
"US000","3","92512","17","0","2026","1","",1326,34332,34114,34405,616442091,83843729,984403,1383,"",1.00,1.00,1.00,1.00,1.00,1.00,1.00,1.00,"",0,0.0,833,2.5,513,1.5,598,1.8,32742169,5.6,1233420,1.5,226741,29.9,48,3.6
"US000","3","925120","18","0","2026","1","",1326,34332,34114,34405,616442091,83843729,984403,1383,"",1.00,1.00,1.00,1.00,1.00,1.00,1.00,1.00,"",0,0.0,833,2.5,513,1.5,598,1.8,32742169,5.6,1233420,1.5,226741,29.9,48,3.6
"US000","3","926","15","0","2026","1","",2855,71883,72452,72249,1654962704,134959085,1790416,1763,"",1.00,1.00,1.00,1.00,1.00,1.00,1.00,1.00,"",6,0.2,913,1.3,1936,2.7,985,1.4,79815367,5.1,1451238,1.1,154282,9.4,54,3.2
"US000","3","9261","16","0","2026","1","",2855,71883,72452,72249,1654962704,134959085,1790416,1763,"",1.00,1.00,1.00,1.00,1.00,1.00,1.00,1.00,"",6,0.2,913,1.3,1936,2.7,985,1.4,79815367,5.1,1451238,1.1,154282,9.4,54,3.2
"US000","3","92611","17","0","2026","1","",631,13553,13581,13504,287380548,46747252,388739,1632,"",1.00,1.00,1.00,1.00,1.00,1.00,1.00,1.00,"",-2,-0.3,226,1.7,187,1.4,137,1.0,18391607,6.8,-409918,-0.9,536,0.1,84,5.4
"US000","3","926110","18","0","2026","1","",631,13553,13581,13504,287380548,46747252,388739,1632,"",1.00,1.00,1.00,1.00,1.00,1.00,1.00,1.00,"",-2,-0.3,226,1.7,187,1.4,137,1.0,18391607,6.8,-409918,-0.9,536,0.1,84,5.4
"US000","3","92612","17","0","2026","1","",418,27711,28194,28097,755188471,52943937,852513,2075,"",1.00,1.00,1.00,1.00,1.00,1.00,1.00,1.00,"",5,1.2,93,0.3,1023,3.8,341,1.2,45159618,6.4,506631,1.0,113489,15.4,90,4.5
"US000","3","926120","18","0","2026","1","",418,27711,28194,28097,755188471,52943937,852513,2075,"",1.00,1.00,1.00,1.00,1.00,1.00,1.00,1.00,"",5,1.2,93,0.3,1023,3.8,341,1.2,45159618,6.4,506631,1.0,113489,15.4,90,4.5
"US000","3","92613","17","0","2026","1","",450,12711,12741,12749,286934851,14825734,315957,1733,"",1.00,1.00,1.00,1.00,1.00,1.00,1.00,1.00,"",0,0.0,189,1.5,261,2.1,180,1.4,-2727814,-0.9,301684,2.1,11384,3.7,-46,-2.6
"US000","3","926130","18","0","2026","1","",450,12711,12741,12749,286934851,14825734,315957,1733,"",1.00,1.00,1.00,1.00,1.00,1.00,1.00,1.00,"",0,0.0,189,1.5,261,2.1,180,1.4,-2727814,-0.9,301684,2.1,11384,3.7,-46,-2.6
"US000","3","92614","17","0","2026","1","",504,2529,2515,2508,31494953,5832674,107445,962,"",1.00,1.00,1.00,1.00,1.00,1.00,1.00,1.00,"",3,0.6,59,2.4,59,2.4,36,1.5,1633396,5.5,123024,2.2,-1092,-1.0,31,3.3
"US000","3","926140","18","0","2026","1","",504,2529,2515,2508,31494953,5832674,107445,962,"",1.00,1.00,1.00,1.00,1.00,1.00,1.00,1.00,"",3,0.6,59,2.4,59,2.4,36,1.5,1633396,5.5,123024,2.2,-1092,-1.0,31,3.3
"US000","3","92615","17","0","2026","1","",852,15379,15421,15391,293963881,14609488,125762,1469,"",1.00,1.00,1.00,1.00,1.00,1.00,1.00,1.00,"",0,0.0,346,2.3,406,2.7,291,1.9,17358560,6.3,929817,6.8,29965,31.3,55,3.9
"US000","3","926150","18","0","2026","1","",852,15379,15421,15391,293963881,14609488,125762,1469,"",1.00,1.00,1.00,1.00,1.00,1.00,1.00,1.00,"",0,0.0,346,2.3,406,2.7,291,1.9,17358560,6.3,929817,6.8,29965,31.3,55,3.9
"US000","3","927","15","0","2026","1","",1,66,66,65,2372323,0,0,2779,"",1.00,1.00,1.00,1.00,1.00,0.00,0.00,1.00,"",0,0.0,7,11.9,4,6.5,1,1.6,126183,5.6,0,0.0,0,0.0,-23,-0.8
"US000","3","9271","16","0","2026","1","",1,66,66,65,2372323,0,0,2779,"",1.00,1.00,1.00,1.00,1.00,0.00,0.00,1.00,"",0,0.0,7,11.9,4,6.5,1,1.6,126183,5.6,0,0.0,0,0.0,-23,-0.8
"US000","3","92711","17","0","2026","1","",1,66,66,65,2372323,0,0,2779,"",1.00,1.00,1.00,1.00,1.00,0.00,0.00,1.00,"",0,0.0,7,11.9,4,6.5,1,1.6,126183,5.6,0,0.0,0,0.0,-23,-0.8
"US000","3","927110","18","0","2026","1","",1,66,66,65,2372323,0,0,2779,"",1.00,1.00,1.00,1.00,1.00,0.00,0.00,1.00,"",0,0.0,7,11.9,4,6.5,1,1.6,126183,5.6,0,0.0,0,0.0,-23,-0.8
"US000","3","928","15","0","2026","1","",13,71,71,71,1467310,531531,3659,1590,"",1.00,1.00,1.00,1.00,1.00,1.00,1.00,1.00,"",0,0.0,16,29.1,15,26.8,14,24.6,321399,28.0,44054,9.0,79,2.2,16,1.0
"US000","3","9281","16","0","2026","1","",13,71,71,71,1467310,531531,3659,1590,"",1.00,1.00,1.00,1.00,1.00,1.00,1.00,1.00,"",0,0.0,16,29.1,15,26.8,14,24.6,321399,28.0,44054,9.0,79,2.2,16,1.0
"US000","3","92811","17","0","2026","1","N",9,0,0,0,0,0,0,0,"N",1.00,0,0,0,0,0,0,0,"N",0,0.0,0,0,0,0,0,0,0,0,0,0,0,0,0,0
"US000","3","928110","18","0","2026","1","N",9,0,0,0,0,0,0,0,"N",1.00,0,0,0,0,0,0,0,"N",0,0.0,0,0,0,0,0,0,0,0,0,0,0,0,0,0
"US000","3","92812","17","0","2026","1","N",4,0,0,0,0,0,0,0,"N",1.00,0,0,0,0,0,0,0,"N",0,0.0,0,0,0,0,0,0,0,0,0,0,0,0,0,0
"US000","3","928120","18","0","2026","1","N",4,0,0,0,0,0,0,0,"N",1.00,0,0,0,0,0,0,0,"N",0,0.0,0,0,0,0,0,0,0,0,0,0,0,0,0,0
"US000","3","99","14","0","2026","1","",225,822,821,819,18905736,2090075,38306,1772,"",1.00,1.00,1.00,1.00,1.00,1.00,1.00,1.00,"",52,30.1,417,103.0,376,84.5,374,84.0,11160001,144.1,901839,75.9,21652,130.0,392,28.4
"US000","3","999","15","0","2026","1","",225,822,821,819,18905736,2090075,38306,1772,"",1.00,1.00,1.00,1.00,1.00,1.00,1.00,1.00,"",52,30.1,417,103.0,376,84.5,374,84.0,11160001,144.1,901839,75.9,21652,130.0,392,28.4
"US000","3","9999","16","0","2026","1","",225,822,821,819,18905736,2090075,38306,1772,"",1.00,1.00,1.00,1.00,1.00,1.00,1.00,1.00,"",52,30.1,417,103.0,376,84.5,374,84.0,11160001,144.1,901839,75.9,21652,130.0,392,28.4
"US000","3","99999","17","0","2026","1","",225,822,821,819,18905736,2090075,38306,1772,"",1.00,1.00,1.00,1.00,1.00,1.00,1.00,1.00,"",52,30.1,417,103.0,376,84.5,374,84.0,11160001,144.1,901839,75.9,21652,130.0,392,28.4
"US000","3","999999","18","0","2026","1","",225,822,821,819,18905736,2090075,38306,1772,"",1.00,1.00,1.00,1.00,1.00,1.00,1.00,1.00,"",52,30.1,417,103.0,376,84.5,374,84.0,11160001,144.1,901839,75.9,21652,130.0,392,28.4
"US000","5","10","11","0","2026","1","",12075890,131605010,131655477,132003896,2879036704848,1231982798625,21125660303,1681,"",1.00,1.00,1.00,1.00,1.00,1.00,1.00,1.00,"",418214,3.6,670382,0.5,324511,0.2,251384,0.2,119359178153,4.3,76008642796,6.6,973910267,4.8,65,4.0
"US000","5","101","12","0","2026","1","",1501769,22067783,22085405,22234001,517550539304,251066873991,5109080233,1799,"",1.00,1.00,1.00,1.00,1.00,1.00,1.00,1.00,"",25028,1.7,-2136,0.0,-86458,-0.4,-94601,-0.4,24466937932,5.0,5730345774,2.3,142191866,2.9,90,5.3
"US000","5","1011","13","0","2026","1","",144463,1629482,1638414,1669007,36609821293,17386437540,337336572,1711,"",1.00,1.00,1.00,1.00,1.00,1.00,1.00,1.00,"",591,0.4,-23209,-1.4,-19954,-1.2,-17592,-1.0,1034214312,2.9,20738217,0.1,449489,0.1,68,4.1
"US000","5","1012","13","0","2026","1","",953703,8008425,8000703,8113824,170763036833,91346830504,2386055210,1634,"",1.00,1.00,1.00,1.00,1.00,1.00,1.00,1.00,"",18789,2.0,159153,2.0,95107,1.2,82142,1.0,9446961364,5.9,3626637838,4.1,71704416,3.1,69,4.4
"US000","5","1013","13","0","2026","1","",403603,12429876,12446288,12451170,310177681178,142333605947,2385688451,1918,"",1.00,1.00,1.00,1.00,1.00,1.00,1.00,1.00,"",5648,1.4,-138080,-1.1,-161611,-1.3,-159151,-1.3,13985762256,4.7,2082969719,1.5,70037961,3.0,109,6.0
"US000","5","102","12","0","2026","1","",10574121,109537227,109570072,109769895,2361486165544,980915924634,16016580070,1657,"",1.00,1.00,1.00,1.00,1.00,1.00,1.00,1.00,"",393186,3.9,672518,0.6,410969,0.4,345985,0.3,94892240221,4.2,70278297022,7.7,831718401,5.5,60,3.8
"US000","5","1021","13","0","2026","1","",2029216,28437565,28152548,28145767,483516335123,292678263548,3830282110,1317,"",1.00,1.00,1.00,1.00,1.00,1.00,1.00,1.00,"",1359,0.1,-214016,-0.7,-296429,-1.0,-281855,-1.0,8307056886,1.7,41595921933,16.6,92539728,2.5,35,2.7
"US000","5","1022","13","0","2026","1","",301207,2817398,2870051,2853269,153490076725,41897329007,917071902,4147,"",1.00,1.00,1.00,1.00,1.00,1.00,1.00,1.00,"",8694,3.0,-29083,-1.0,-4505,-0.2,1036,0.0,5463419400,3.7,1448747732,3.6,85937681,10.3,163,4.1
"US000","5","1023","13","0","2026","1","",1091412,8701114,8700490,8679481,414582975498,108358813238,1832401301,3668,"",1.00,1.00,1.00,1.00,1.00,1.00,1.00,1.00,"",22883,2.1,43243,0.5,30352,0.4,12478,0.1,32254025065,8.4,6156062027,6.0,133202788,7.8,274,8.1
"US000","5","1024","13","0","2026","1","",2586898,21999754,22054878,22065087,657567401711,252106187103,4933730901,2295,"",1.00,1.00,1.00,1.00,1.00,1.00,1.00,1.00,"",68657,2.7,-43305,-0.2,-117081,-0.5,-112005,-0.5,20221849441,3.2,7813675016,3.2,308950542,6.7,80,3.6
"US000","5","1025","13","0","2026","1","",2349962,26513583,26636702,26618688,443303322875,146399328720,2291000440,1282,"",1.00,1.00,1.00,1.00,1.00,1.00,1.00,1.00,"",155983,7.1,646560,2.5,573770,2.2,530421,2.0,19442537965,4.6,8028952497,5.8,142490075,6.6,28,2.2
"US000","5","1026","13","0","2026","1","",999746,16181635,16237723,16452969,138687531857,100227290425,1530090726,655,"",1.00,1.00,1.00,1.00,1.00,1.00,1.00,1.00,"",20720,2.1,155799,1.0,107935,0.7,68294,0.4,4537475483,3.4,2958619471,3.0,10277767,0.7,17,2.7
"US000","5","1027","13","0","2026","1","",890394,4599780,4608453,4625306,63977724583,35917464614,593110661,1067,"",1.00,1.00,1.00,1.00,1.00,1.00,1.00,1.00,"",14690,1.7,5059,0.1,-10138,-0.2,-18726,-0.4,1918698483,3.1,846589910,2.4,19226758,3.4,34,3.3
"US000","5","1029","13","0","2026","1","",325286,286398,309227,329328,6360797172,3331247979,88892029,1587,"",1.00,1.00,1.00,1.00,1.00,1.00,1.00,1.00,"",100200,44.5,108261,60.8,127065,69.8,146342,80.0,2747177498,76.0,1429728436,75.2,39093062,78.5,52,3.4
"US000","5","11","14","0","2026","1","",114190,1078687,1086575,1117923,13069955084,9398745599,204760246,919,"",1.00,1.00,1.00,1.00,1.00,1.00,1.00,1.00,"",507,0.4,-4530,-0.4,-332,0.0,4140,0.4,335603962,2.6,88920600,1.0,2230535,1.1,24,2.7
"US000","5","111","15","0","2026","1","",51264,431013,442121,468348,5004594248,3627534988,82876274,861,"",1.00,1.00,1.00,1.00,1.00,1.00,1.00,1.00,"",5,0.0,-8023,-1.8,-6771,-1.5,-8315,-1.7,43453876,0.9,-42019291,-1.1,-560268,-0.7,22,2.6
"US000","5","1111","16","0","2026","1","",14958,50200,50274,51715,609821260,461027732,5063841,925,"",1.00,1.00,1.00,1.00,1.00,1.00,1.00,1.00,"",175,1.2,-218,-0.4,-292,-0.6,-508,-1.0,13427296,2.3,1581170,0.3,-413064,-7.5,27,3.0
"US000","5","11111","17","0","2026","1","",1541,4896,4922,5116,59225656,41235360,515117,915,"",1.00,1.00,1.00,1.00,1.00,1.00,1.00,1.00,"",34,2.3,0,0.0,-52,-1.0,-93,-1.8,1543811,2.7,-806813,-1.9,-44095,-7.9,32,3.6
"US000","5","111110","18","0","2026","1","",1541,4896,4922,5116,59225656,41235360,515117,915,"",1.00,1.00,1.00,1.00,1.00,1.00,1.00,1.00,"",34,2.3,0,0.0,-52,-1.0,-93,-1.8,1543811,2.7,-806813,-1.9,-44095,-7.9,32,3.6
"US000","5","11112","17","0","2026","1","",73,242,231,239,5216392,2374061,30045,1691,"",1.00,1.00,1.00,1.00,1.00,1.00,1.00,1.00,"",7,10.6,22,10.0,-6,-2.5,2,0.8,426034,8.9,60771,2.6,-19760,-39.7,98,6.2
"US000","5","111120","18","0","2026","1","",73,242,231,239,5216392,2374061,30045,1691,"",1.00,1.00,1.00,1.00,1.00,1.00,1.00,1.00,"",7,10.6,22,10.0,-6,-2.5,2,0.8,426034,8.9,60771,2.6,-19760,-39.7,98,6.2
"US000","5","11113","17","0","2026","1","",93,266,252,269,2999980,2274393,29378,880,"",1.00,1.00,1.00,1.00,1.00,1.00,1.00,1.00,"",-1,-1.1,38,16.7,26,11.5,12,4.7,19002,0.6,83678,3.8,-594,-2.0,-88,-9.1
"US000","5","111130","18","0","2026","1","",93,266,252,269,2999980,2274393,29378,880,"",1.00,1.00,1.00,1.00,1.00,1.00,1.00,1.00,"",-1,-1.1,38,16.7,26,11.5,12,4.7,19002,0.6,83678,3.8,-594,-2.0,-88,-9.1
"US000","5","11114","17","0","2026","1","",1965,4654,4689,4841,50663155,46571050,342679,824,"",1.00,1.00,1.00,1.00,1.00,1.00,1.00,1.00,"",-39,-1.9,28,0.6,98,2.1,45,0.9,1548859,3.2,1022176,2.2,-25312,-6.9,15,1.9
"US000","5","111140","18","0","2026","1","",1965,4654,4689,4841,50663155,46571050,342679,824,"",1.00,1.00,1.00,1.00,1.00,1.00,1.00,1.00,"",-39,-1.9,28,0.6,98,2.1,45,0.9,1548859,3.2,1022176,2.2,-25312,-6.9,15,1.9
"US000","5","11115","17","0","2026","1","",4330,17579,17680,17996,223845547,167294490,1894401,970,"",1.00,1.00,1.00,1.00,1.00,1.00,1.00,1.00,"",98,2.3,151,0.9,213,1.2,40,0.2,4431986,2.0,-318025,-0.2,-109673,-5.5,12,1.3
"US000","5","111150","18","0","2026","1","",4330,17579,17680,17996,223845547,167294490,1894401,970,"",1.00,1.00,1.00,1.00,1.00,1.00,1.00,1.00,"",98,2.3,151,0.9,213,1.2,40,0.2,4431986,2.0,-318025,-0.2,-109673,-5.5,12,1.3
"US000","5","11116","17","0","2026","1","",761,2283,2304,2533,30614498,16873750,545896,992,"",1.00,1.00,1.00,1.00,1.00,1.00,1.00,1.00,"",-11,-1.4,-92,-3.9,-121,-5.0,-78,-3.0,273150,0.9,-361659,-2.1,20129,3.8,47,5.0
"US000","5","111160","18","0","2026","1","",761,2283,2304,2533,30614498,16873750,545896,992,"",1.00,1.00,1.00,1.00,1.00,1.00,1.00,1.00,"",-11,-1.4,-92,-3.9,-121,-5.0,-78,-3.0,273150,0.9,-361659,-2.1,20129,3.8,47,5.0
"US000","5","11119","17","0","2026","1","",6195,20280,20196,20721,237256032,184404628,1706325,895,"",1.00,1.00,1.00,1.00,1.00,1.00,1.00,1.00,"",87,1.4,-365,-1.8,-450,-2.2,-436,-2.1,5184454,2.2,1901042,1.0,-233759,-12.0,37,4.3
"US000","5","111191","18","0","2026","1","",4632,15615,15603,15973,183880409,142807218,1207903,899,"",1.00,1.00,1.00,1.00,1.00,1.00,1.00,1.00,"",65,1.4,-96,-0.6,7,0.0,-314,-1.9,6063847,3.4,2673243,1.9,-146819,-10.8,37,4.3
"US000","5","111199","18","0","2026","1","",1563,4665,4593,4748,53375623,41597410,498422,879,"",1.00,1.00,1.00,1.00,1.00,1.00,1.00,1.00,"",22,1.4,-269,-5.5,-457,-9.0,-122,-2.5,-879393,-1.6,-772201,-1.8,-86940,-14.9,36,4.3
"US000","5","1112","16","0","2026","1","",5395,60720,61745,65421,749756474,508277929,14651962,921,"",1.00,1.00,1.00,1.00,1.00,1.00,1.00,1.00,"",17,0.3,-257,-0.4,-1673,-2.6,-1701,-2.5,-2478424,-0.3,2683990,0.5,-248402,-1.7,15,1.7
"US000","5","11121","17","0","2026","1","",5395,60720,61745,65421,749756474,508277929,14651962,921,"",1.00,1.00,1.00,1.00,1.00,1.00,1.00,1.00,"",17,0.3,-257,-0.4,-1673,-2.6,-1701,-2.5,-2478424,-0.3,2683990,0.5,-248402,-1.7,15,1.7
"US000","5","111211","18","0","2026","1","",1018,10716,11659,12857,146881475,119322027,2557473,962,"",1.00,1.00,1.00,1.00,1.00,1.00,1.00,1.00,"",-21,-2.0,82,0.8,-381,-3.2,-593,-4.4,2186186,1.5,2573296,2.2,92427,3.7,38,4.1
"US000","5","111219","18","0","2026","1","",4377,50004,50086,52564,602874999,388955902,12094489,911,"",1.00,1.00,1.00,1.00,1.00,1.00,1.00,1.00,"",38,0.9,-339,-0.7,-1292,-2.5,-1108,-2.1,-4664610,-0.8,110694,0.0,-340829,-2.7,9,1.0
"US000","5","1113","16","0","2026","1","",9761,115239,120866,128505,1186683870,864537038,25737087,751,"",1.00,1.00,1.00,1.00,1.00,1.00,1.00,1.00,"",-40,-0.4,-1452,-1.2,2563,2.2,3224,2.6,46035070,4.0,20916309,2.5,667371,2.7,20,2.7
"US000","5","11131","17","0","2026","1","",306,2979,3000,3043,40401289,19576170,720782,1033,"",1.00,1.00,1.00,1.00,1.00,1.00,1.00,1.00,"",-16,-5.0,62,2.1,-55,-1.8,-147,-4.6,714082,1.8,-255980,-1.3,178643,33.0,33,3.3
"US000","5","111310","18","0","2026","1","",306,2979,3000,3043,40401289,19576170,720782,1033,"",1.00,1.00,1.00,1.00,1.00,1.00,1.00,1.00,"",-16,-5.0,62,2.1,-55,-1.8,-147,-4.6,714082,1.8,-255980,-1.3,178643,33.0,33,3.3
"US000","5","11132","17","0","2026","1","",242,2258,2282,2368,24495825,15549723,656864,818,"",1.00,1.00,1.00,1.00,1.00,1.00,1.00,1.00,"",-12,-4.7,-127,-5.3,63,2.8,188,8.6,799920,3.4,365190,2.4,24506,3.9,12,1.5
"US000","5","111320","18","0","2026","1","",242,2258,2282,2368,24495825,15549723,656864,818,"",1.00,1.00,1.00,1.00,1.00,1.00,1.00,1.00,"",-12,-4.7,-127,-5.3,63,2.8,188,8.6,799920,3.4,365190,2.4,24506,3.9,12,1.5
"US000","5","11133","17","0","2026","1","",9213,110002,115584,123094,1121786756,829411145,24359441,742,"",1.00,1.00,1.00,1.00,1.00,1.00,1.00,1.00,"",-12,-0.1,-1387,-1.2,2555,2.3,3183,2.7,44521068,4.1,20807099,2.6,464222,1.9,20,2.8
"US000","5","111331","18","0","2026","1","",1446,22209,22872,23480,195070818,182314356,2468425,657,"",1.00,1.00,1.00,1.00,1.00,1.00,1.00,1.00,"",-13,-0.9,-186,-0.8,180,0.8,-1108,-4.5,2619020,1.4,2526688,1.4,-233843,-8.7,20,3.1
"US000","5","111332","18","0","2026","1","",1724,17788,18079,17723,195429791,125560843,4666973,842,"",1.00,1.00,1.00,1.00,1.00,1.00,1.00,1.00,"",-9,-0.5,-854,-4.6,-647,-3.5,-567,-3.1,-5831722,-2.9,-6204024,-4.7,-164305,-3.4,8,1.0
"US000","5","111333","18","0","2026","1","",517,19086,23266,28065,172869716,134904223,5420382,567,"",1.00,1.00,1.00,1.00,1.00,1.00,1.00,1.00,"",23,4.7,1704,9.8,3805,19.6,5530,24.5,34282860,24.7,23688577,21.3,1220967,29.1,28,5.2
"US000","5","111334","18","0","2026","1","",911,12219,12572,13917,121291509,91098568,2366277,723,"",1.00,1.00,1.00,1.00,1.00,1.00,1.00,1.00,"",-20,-2.1,62,0.5,345,2.8,87,0.6,8766893,7.8,2289561,2.6,101836,4.5,43,6.3
"US000","5","111335","18","0","2026","1","",2142,14608,14577,14458,188054063,109888034,4093818,994,"",1.00,1.00,1.00,1.00,1.00,1.00,1.00,1.00,"",36,1.7,-2897,-16.5,-2275,-13.5,-1580,-9.9,-19232753,-9.3,-13972898,-11.3,-939368,-18.7,45,4.7
"US000","5","111336","18","0","2026","1","",467,6699,6468,6838,66141680,47611960,1401545,763,"",1.00,1.00,1.00,1.00,1.00,1.00,1.00,1.00,"",8,1.7,883,15.2,639,11.0,530,8.4,6329862,10.6,5032610,11.8,89489,6.8,-6,-0.8
"US000","5","111339","18","0","2026","1","",2006,17393,17750,18613,182929179,138033161,3942021,785,"",1.00,1.00,1.00,1.00,1.00,1.00,1.00,1.00,"",-37,-1.8,-99,-0.6,508,2.9,291,1.6,17586908,10.6,7446585,5.7,389446,11.0,66,9.2
"US000","5","1114","16","0","2026","1","",10036,148957,152842,163876,1780866335,1296662679,27664378,883,"",1.00,1.00,1.00,1.00,1.00,1.00,1.00,1.00,"",-2,0.0,-4989,-3.2,-6082,-3.8,-7422,-4.3,-26099626,-1.4,-67397575,-4.9,-246629,-0.9,22,2.6
"US000","5","11141","17","0","2026","1","",2808,45052,44959,45080,565326237,417387151,12118794,966,"",1.00,1.00,1.00,1.00,1.00,1.00,1.00,1.00,"",-2,-0.1,-1956,-4.2,-2625,-5.5,-2406,-5.1,-13399590,-2.3,-23526019,-5.3,104476,0.9,26,2.8
"US000","5","111411","18","0","2026","1","",340,8288,8254,8207,104245976,72833146,1472182,972,"",1.00,1.00,1.00,1.00,1.00,1.00,1.00,1.00,"",5,1.5,-299,-3.5,-732,-8.1,-730,-8.2,-5908150,-5.4,-5620150,-7.2,-96064,-6.1,13,1.4
"US000","5","111419","18","0","2026","1","",2468,36764,36705,36873,461080261,344554005,10646612,964,"",1.00,1.00,1.00,1.00,1.00,1.00,1.00,1.00,"",-7,-0.3,-1657,-4.3,-1893,-4.9,-1676,-4.3,-7491440,-1.6,-17905869,-4.9,200540,1.9,28,3.0
"US000","5","11142","17","0","2026","1","",7228,103905,107883,118796,1215540098,879275528,15545584,849,"",1.00,1.00,1.00,1.00,1.00,1.00,1.00,1.00,"",0,0.0,-3033,-2.8,-3457,-3.1,-5016,-4.1,-12700036,-1.0,-43871556,-4.8,-351105,-2.2,20,2.4
"US000","5","111421","18","0","2026","1","",5074,69479,70235,76531,813410409,574986673,10774469,868,"",1.00,1.00,1.00,1.00,1.00,1.00,1.00,1.00,"",-8,-0.2,-2326,-3.2,-2556,-3.5,-3583,-4.5,-13290576,-1.6,-40058584,-6.5,-312579,-2.8,19,2.2
"US000","5","111422","18","0","2026","1","",2154,34426,37648,42265,402129689,304288855,4771115,812,"",1.00,1.00,1.00,1.00,1.00,1.00,1.00,1.00,"",8,0.4,-707,-2.0,-901,-2.3,-1433,-3.3,590540,0.1,-3812972,-1.2,-38526,-0.8,23,2.9
"US000","5","1119","16","0","2026","1","",11114,55897,56394,58831,677466309,497029610,9759006,914,"",1.00,1.00,1.00,1.00,1.00,1.00,1.00,1.00,"",-145,-1.3,-1107,-1.9,-1287,-2.2,-1908,-3.1,12569560,1.9,196815,0.0,-319544,-3.2,39,4.5
"US000","5","11191","17","0","2026","1","",332,1189,1218,1259,11447809,10538535,81127,721,"",1.00,1.00,1.00,1.00,1.00,1.00,1.00,1.00,"",-8,-2.4,-51,-4.1,-53,-4.2,-43,-3.3,-159359,-1.4,64116,0.6,-4424,-5.2,19,2.7
"US000","5","111910","18","0","2026","1","",332,1189,1218,1259,11447809,10538535,81127,721,"",1.00,1.00,1.00,1.00,1.00,1.00,1.00,1.00,"",-8,-2.4,-51,-4.1,-53,-4.2,-43,-3.3,-159359,-1.4,64116,0.6,-4424,-5.2,19,2.7
"US000","5","11192","17","0","2026","1","",2246,7828,7729,8085,85929576,59433330,918948,839,"",1.00,1.00,1.00,1.00,1.00,1.00,1.00,1.00,"",-118,-5.0,-471,-5.7,-692,-8.2,-623,-7.2,-2969645,-3.3,-3789786,-6.0,-55285,-5.7,32,4.0
"US000","5","111920","18","0","2026","1","",2246,7828,7729,8085,85929576,59433330,918948,839,"",1.00,1.00,1.00,1.00,1.00,1.00,1.00,1.00,"",-118,-5.0,-471,-5.7,-692,-8.2,-623,-7.2,-2969645,-3.3,-3789786,-6.0,-55285,-5.7,32,4.0
"US000","5","11193","17","0","2026","1","",256,3337,3267,3311,72678951,22534373,292251,1692,"",1.00,1.00,1.00,1.00,1.00,1.00,1.00,1.00,"",-1,-0.4,-37,-1.1,-52,-1.6,-53,-1.6,9769034,15.5,-638631,-2.8,-147769,-33.6,248,17.2
"US000","5","111930","18","0","2026","1","",256,3337,3267,3311,72678951,22534373,292251,1692,"",1.00,1.00,1.00,1.00,1.00,1.00,1.00,1.00,"",-1,-0.4,-37,-1.1,-52,-1.6,-53,-1.6,9769034,15.5,-638631,-2.8,-147769,-33.6,248,17.2
"US000","5","11194","17","0","2026","1","",1814,7415,7658,7979,90996618,68879255,1390366,911,"",1.00,1.00,1.00,1.00,1.00,1.00,1.00,1.00,"",-17,-0.9,-64,-0.9,-21,-0.3,-63,-0.8,2999381,3.4,1427898,2.1,15520,1.1,36,4.1
"US000","5","111940","18","0","2026","1","",1814,7415,7658,7979,90996618,68879255,1390366,911,"",1.00,1.00,1.00,1.00,1.00,1.00,1.00,1.00,"",-17,-0.9,-64,-0.9,-21,-0.3,-63,-0.8,2999381,3.4,1427898,2.1,15520,1.1,36,4.1
"US000","5","11199","17","0","2026","1","",6466,36128,36522,38197,416413355,335644117,7076314,867,"",1.00,1.00,1.00,1.00,1.00,1.00,1.00,1.00,"",-1,0.0,-484,-1.3,-469,-1.3,-1126,-2.9,2930149,0.7,3133218,0.9,-127586,-1.8,22,2.6
"US000","5","111991","18","0","2026","1","",358,1029,1049,1112,12655547,11842519,114296,916,"",1.00,1.00,1.00,1.00,1.00,1.00,1.00,1.00,"",4,1.1,1,0.1,-23,-2.1,-18,-1.6,182526,1.5,303547,2.6,-13163,-10.3,25,2.8
"US000","5","111992","18","0","2026","1","",224,807,864,871,8756153,6598237,28005,795,"",1.00,1.00,1.00,1.00,1.00,1.00,1.00,1.00,"",-6,-2.6,-102,-11.2,-27,-3.0,-1,-0.1,-30140,-0.3,-224556,-3.3,176,0.6,36,4.7
"US000","5","111998","18","0","2026","1","",5884,34292,34609,36214,395001655,317203361,6934013,867,"",1.00,1.00,1.00,1.00,1.00,1.00,1.00,1.00,"",1,0.0,-383,-1.1,-419,-1.2,-1107,-3.0,2777763,0.7,3054227,1.0,-114599,-1.6,21,2.5
"US000","5","112","15","0","2026","1","",29254,266159,267329,269105,3541411999,2631475945,25297522,1018,"",1.00,1.00,1.00,1.00,1.00,1.00,1.00,1.00,"",314,1.1,3450,1.3,3535,1.3,2934,1.1,148802091,4.4,88960229,3.5,1001037,4.1,30,3.0
"US000","5","1121","16","0","2026","1","",18383,161770,162319,163201,2030109039,1563303495,14291685,961,"",1.00,1.00,1.00,1.00,1.00,1.00,1.00,1.00,"",152,0.8,2067,1.3,2273,1.4,1642,1.0,90859398,4.7,63997700,4.3,-9289,-0.1,31,3.3
"US000","5","11211","17","0","2026","1","",11824,57287,57638,57953,725619570,525147374,4121258,969,"",1.00,1.00,1.00,1.00,1.00,1.00,1.00,1.00,"",261,2.3,632,1.1,988,1.7,644,1.1,41422141,6.1,18427499,3.6,35171,0.9,44,4.8
"US000","5","112111","18","0","2026","1","",10584,42225,42546,42842,506145909,371742435,3143386,915,"",1.00,1.00,1.00,1.00,1.00,1.00,1.00,1.00,"",239,2.3,964,2.3,1256,3.0,983,2.3,38451973,8.2,19008832,5.4,35413,1.1,47,5.4
"US000","5","112112","18","0","2026","1","",1240,15062,15092,15111,219473661,153404939,977872,1119,"",1.00,1.00,1.00,1.00,1.00,1.00,1.00,1.00,"",22,1.8,-332,-2.2,-268,-1.7,-339,-2.2,2970168,1.4,-581333,-0.4,-242,0.0,38,3.5
"US000","5","11212","17","0","2026","1","",6559,104483,104681,105248,1304489469,1038156121,10170427,957,"",1.00,1.00,1.00,1.00,1.00,1.00,1.00,1.00,"",-109,-1.6,1435,1.4,1285,1.2,998,1.0,49437257,3.9,45570201,4.6,-44460,-0.4,25,2.7
"US000","5","112120","18","0","2026","1","",6559,104483,104681,105248,1304489469,1038156121,10170427,957,"",1.00,1.00,1.00,1.00,1.00,1.00,1.00,1.00,"",-109,-1.6,1435,1.4,1285,1.2,998,1.0,49437257,3.9,45570201,4.6,-44460,-0.4,25,2.7
"US000","5","1122","16","0","2026","1","",2199,26236,26193,26240,371946760,294565417,1563390,1091,"",1.00,1.00,1.00,1.00,1.00,1.00,1.00,1.00,"",-45,-2.0,-137,-0.5,-190,-0.7,-145,-0.5,11906730,3.3,-787566,-0.3,-22758,-1.4,41,3.9
"US000","5","11221","17","0","2026","1","",2199,26236,26193,26240,371946760,294565417,1563390,1091,"",1.00,1.00,1.00,1.00,1.00,1.00,1.00,1.00,"",-45,-2.0,-137,-0.5,-190,-0.7,-145,-0.5,11906730,3.3,-787566,-0.3,-22758,-1.4,41,3.9
"US000","5","112210","18","0","2026","1","",2199,26236,26193,26240,371946760,294565417,1563390,1091,"",1.00,1.00,1.00,1.00,1.00,1.00,1.00,1.00,"",-45,-2.0,-137,-0.5,-190,-0.7,-145,-0.5,11906730,3.3,-787566,-0.3,-22758,-1.4,41,3.9
"US000","5","1123","16","0","2026","1","",2737,49034,49265,49575,739570235,514960246,5259979,1154,"",1.00,1.00,1.00,1.00,1.00,1.00,1.00,1.00,"",83,3.1,1552,3.3,1629,3.4,1590,3.3,23063437,3.2,22965582,4.7,661247,14.4,-1,-0.1
"US000","5","11231","17","0","2026","1","",879,24328,24481,24570,376050987,258304019,3246533,1183,"",1.00,1.00,1.00,1.00,1.00,1.00,1.00,1.00,"",41,4.9,1131,4.9,1326,5.7,1228,5.3,13791858,3.8,16627350,6.9,627154,23.9,-17,-1.4
"US000","5","112310","18","0","2026","1","",879,24328,24481,24570,376050987,258304019,3246533,1183,"",1.00,1.00,1.00,1.00,1.00,1.00,1.00,1.00,"",41,4.9,1131,4.9,1326,5.7,1228,5.3,13791858,3.8,16627350,6.9,627154,23.9,-17,-1.4
"US000","5","11232","17","0","2026","1","",756,7913,7893,7939,117046054,85221182,546064,1138,"",1.00,1.00,1.00,1.00,1.00,1.00,1.00,1.00,"",102,15.6,595,8.1,501,6.8,505,6.8,5556343,5.0,947808,1.1,110499,25.4,-24,-2.1
"US000","5","112320","18","0","2026","1","",756,7913,7893,7939,117046054,85221182,546064,1138,"",1.00,1.00,1.00,1.00,1.00,1.00,1.00,1.00,"",102,15.6,595,8.1,501,6.8,505,6.8,5556343,5.0,947808,1.1,110499,25.4,-24,-2.1
"US000","5","11233","17","0","2026","1","",373,4564,4539,4592,60828093,50422707,385983,1025,"",1.00,1.00,1.00,1.00,1.00,1.00,1.00,1.00,"",-90,-19.4,-528,-10.4,-527,-10.4,-465,-9.2,-6741726,-10.0,-1087889,-2.1,-58837,-13.2,0,0.0
"US000","5","112330","18","0","2026","1","",373,4564,4539,4592,60828093,50422707,385983,1025,"",1.00,1.00,1.00,1.00,1.00,1.00,1.00,1.00,"",-90,-19.4,-528,-10.4,-527,-10.4,-465,-9.2,-6741726,-10.0,-1087889,-2.1,-58837,-13.2,0,0.0
"US000","5","11234","17","0","2026","1","",499,10259,10379,10464,162206964,103227624,837105,1204,"",1.00,1.00,1.00,1.00,1.00,1.00,1.00,1.00,"",13,2.7,562,5.8,511,5.2,520,5.2,12730230,8.5,8458573,8.9,67509,8.8,35,3.0
"US000","5","112340","18","0","2026","1","",499,10259,10379,10464,162206964,103227624,837105,1204,"",1.00,1.00,1.00,1.00,1.00,1.00,1.00,1.00,"",13,2.7,562,5.8,511,5.2,520,5.2,12730230,8.5,8458573,8.9,67509,8.8,35,3.0
"US000","5","11239","17","0","2026","1","",230,1970,1973,2010,23438137,17784714,244294,909,"",1.00,1.00,1.00,1.00,1.00,1.00,1.00,1.00,"",17,8.0,-208,-9.6,-182,-8.4,-198,-9.0,-2273268,-8.8,-1980260,-10.0,-85078,-25.8,2,0.2
"US000","5","112390","18","0","2026","1","",230,1970,1973,2010,23438137,17784714,244294,909,"",1.00,1.00,1.00,1.00,1.00,1.00,1.00,1.00,"",17,8.0,-208,-9.6,-182,-8.4,-198,-9.0,-2273268,-8.8,-1980260,-10.0,-85078,-25.8,2,0.2
"US000","5","1124","16","0","2026","1","",415,1487,1542,1565,15590613,12081734,159118,783,"",1.00,1.00,1.00,1.00,1.00,1.00,1.00,1.00,"",8,2.0,-11,-0.7,25,1.6,24,1.6,406826,2.7,-71068,-0.6,-114,-0.1,14,1.8
"US000","5","11241","17","0","2026","1","",265,948,979,995,10801249,8303458,100263,853,"",1.00,1.00,1.00,1.00,1.00,1.00,1.00,1.00,"",-1,-0.4,-23,-2.4,5,0.5,6,0.6,47315,0.4,-177242,-2.1,-1948,-1.9,7,0.8
"US000","5","112410","18","0","2026","1","",265,948,979,995,10801249,8303458,100263,853,"",1.00,1.00,1.00,1.00,1.00,1.00,1.00,1.00,"",-1,-0.4,-23,-2.4,5,0.5,6,0.6,47315,0.4,-177242,-2.1,-1948,-1.9,7,0.8
"US000","5","11242","17","0","2026","1","",150,539,563,570,4789364,3778276,58855,661,"",1.00,1.00,1.00,1.00,1.00,1.00,1.00,1.00,"",9,6.4,12,2.3,20,3.7,18,3.3,359511,8.1,106174,2.9,1834,3.2,31,4.9
"US000","5","112420","18","0","2026","1","",150,539,563,570,4789364,3778276,58855,661,"",1.00,1.00,1.00,1.00,1.00,1.00,1.00,1.00,"",9,6.4,12,2.3,20,3.7,18,3.3,359511,8.1,106174,2.9,1834,3.2,31,4.9
"US000","5","1125","16","0","2026","1","",1030,6768,6863,7209,86212314,64548672,876502,955,"",1.00,1.00,1.00,1.00,1.00,1.00,1.00,1.00,"",-5,-0.5,28,0.4,-12,-0.2,2,0.0,437527,0.5,793950,1.2,79798,10.0,4,0.4
"US000","5","11251","17","0","2026","1","",1030,6768,6863,7209,86212314,64548672,876502,955,"",1.00,1.00,1.00,1.00,1.00,1.00,1.00,1.00,"",-5,-0.5,28,0.4,-12,-0.2,2,0.0,437527,0.5,793950,1.2,79798,10.0,4,0.4
"US000","5","112511","18","0","2026","1","",468,3316,3411,3588,43164292,31548317,378598,966,"",1.00,1.00,1.00,1.00,1.00,1.00,1.00,1.00,"",-1,-0.2,69,2.1,66,2.0,92,2.6,540328,1.3,798277,2.6,35240,10.3,-9,-0.9
"US000","5","112512","18","0","2026","1","",350,2428,2439,2618,28843600,23791014,320818,889,"",1.00,1.00,1.00,1.00,1.00,1.00,1.00,1.00,"",-11,-3.0,5,0.2,15,0.6,13,0.5,825457,2.9,268785,1.1,39997,14.2,21,2.4
"US000","5","112519","18","0","2026","1","",212,1024,1013,1003,14204422,9209341,177086,1078,"",1.00,1.00,1.00,1.00,1.00,1.00,1.00,1.00,"",7,3.4,-46,-4.3,-93,-8.4,-103,-9.3,-928258,-6.1,-273112,-2.9,4561,2.6,14,1.3
"US000","5","1129","16","0","2026","1","",4490,20864,21147,21315,297983038,182016381,3146848,1086,"",1.00,1.00,1.00,1.00,1.00,1.00,1.00,1.00,"",121,2.8,-49,-0.2,-190,-0.9,-179,-0.8,22128173,8.0,2061631,1.1,292153,10.2,87,8.7
"US000","5","11291","17","0","2026","1","",929,3893,4053,4274,47785825,33770851,631590,902,"",1.00,1.00,1.00,1.00,1.00,1.00,1.00,1.00,"",30,3.3,240,6.6,126,3.2,139,3.4,3673832,8.3,1703623,5.3,18554,3.0,33,3.8
"US000","5","112910","18","0","2026","1","",929,3893,4053,4274,47785825,33770851,631590,902,"",1.00,1.00,1.00,1.00,1.00,1.00,1.00,1.00,"",30,3.3,240,6.6,126,3.2,139,3.4,3673832,8.3,1703623,5.3,18554,3.0,33,3.8
"US000","5","11292","17","0","2026","1","",1765,6519,6626,6688,77975939,55005233,648476,907,"",1.00,1.00,1.00,1.00,1.00,1.00,1.00,1.00,"",85,5.1,250,4.0,212,3.3,228,3.5,4612947,6.3,3133425,6.0,27188,4.4,23,2.6
"US000","5","112920","18","0","2026","1","",1765,6519,6626,6688,77975939,55005233,648476,907,"",1.00,1.00,1.00,1.00,1.00,1.00,1.00,1.00,"",85,5.1,250,4.0,212,3.3,228,3.5,4612947,6.3,3133425,6.0,27188,4.4,23,2.6
"US000","5","11293","17","0","2026","1","",67,520,523,520,5432627,4960415,18010,802,"",1.00,1.00,1.00,1.00,1.00,1.00,1.00,1.00,"",-4,-5.6,-4,-0.8,-20,-3.7,-9,-1.7,337041,6.6,266152,5.7,1763,10.9,65,8.8
"US000","5","112930","18","0","2026","1","",67,520,523,520,5432627,4960415,18010,802,"",1.00,1.00,1.00,1.00,1.00,1.00,1.00,1.00,"",-4,-5.6,-4,-0.8,-20,-3.7,-9,-1.7,337041,6.6,266152,5.7,1763,10.9,65,8.8
"US000","5","11299","17","0","2026","1","",1729,9932,9945,9833,166788647,88279882,1848772,1296,"",1.00,1.00,1.00,1.00,1.00,1.00,1.00,1.00,"",10,0.6,-535,-5.1,-508,-4.9,-537,-5.2,13504353,8.8,-3041569,-3.3,244648,15.3,166,14.7
"US000","5","112990","18","0","2026","1","",1729,9932,9945,9833,166788647,88279882,1848772,1296,"",1.00,1.00,1.00,1.00,1.00,1.00,1.00,1.00,"",10,0.6,-535,-5.1,-508,-4.9,-537,-5.2,13504353,8.8,-3041569,-3.3,244648,15.3,166,14.7
"US000","5","113","15","0","2026","1","",8387,43853,43566,42886,660385630,473836309,7741349,1170,"",1.00,1.00,1.00,1.00,1.00,1.00,1.00,1.00,"",-152,-1.8,-1623,-3.6,-1833,-4.0,-2088,-4.6,-5448892,-0.8,-10515013,-2.2,-191976,-2.4,39,3.4
"US000","5","1131","16","0","2026","1","",709,2855,2846,2878,62665221,36924423,397096,1686,"",1.00,1.00,1.00,1.00,1.00,1.00,1.00,1.00,"",14,2.0,29,1.0,73,2.6,92,3.3,6414330,11.4,1881928,5.4,35130,9.7,138,8.9
"US000","5","11311","17","0","2026","1","",709,2855,2846,2878,62665221,36924423,397096,1686,"",1.00,1.00,1.00,1.00,1.00,1.00,1.00,1.00,"",14,2.0,29,1.0,73,2.6,92,3.3,6414330,11.4,1881928,5.4,35130,9.7,138,8.9
"US000","5","113110","18","0","2026","1","",709,2855,2846,2878,62665221,36924423,397096,1686,"",1.00,1.00,1.00,1.00,1.00,1.00,1.00,1.00,"",14,2.0,29,1.0,73,2.6,92,3.3,6414330,11.4,1881928,5.4,35130,9.7,138,8.9
"US000","5","1132","16","0","2026","1","",344,1531,1505,1543,20228628,13729298,253540,1019,"",1.00,1.00,1.00,1.00,1.00,1.00,1.00,1.00,"",-7,-2.0,-85,-5.3,-66,-4.2,-115,-6.9,511085,2.6,48183,0.4,5667,2.3,80,8.5
"US000","5","11321","17","0","2026","1","",344,1531,1505,1543,20228628,13729298,253540,1019,"",1.00,1.00,1.00,1.00,1.00,1.00,1.00,1.00,"",-7,-2.0,-85,-5.3,-66,-4.2,-115,-6.9,511085,2.6,48183,0.4,5667,2.3,80,8.5
"US000","5","113210","18","0","2026","1","",344,1531,1505,1543,20228628,13729298,253540,1019,"",1.00,1.00,1.00,1.00,1.00,1.00,1.00,1.00,"",-7,-2.0,-85,-5.3,-66,-4.2,-115,-6.9,511085,2.6,48183,0.4,5667,2.3,80,8.5
"US000","5","1133","16","0","2026","1","",7334,39467,39215,38465,577491781,423182588,7090713,1138,"",1.00,1.00,1.00,1.00,1.00,1.00,1.00,1.00,"",-159,-2.1,-1567,-3.8,-1840,-4.5,-2065,-5.1,-12374307,-2.1,-12445124,-2.9,-232773,-3.2,28,2.5
"US000","5","11331","17","0","2026","1","",7334,39467,39215,38465,577491781,423182588,7090713,1138,"",1.00,1.00,1.00,1.00,1.00,1.00,1.00,1.00,"",-159,-2.1,-1567,-3.8,-1840,-4.5,-2065,-5.1,-12374307,-2.1,-12445124,-2.9,-232773,-3.2,28,2.5
"US000","5","113310","18","0","2026","1","",7334,39467,39215,38465,577491781,423182588,7090713,1138,"",1.00,1.00,1.00,1.00,1.00,1.00,1.00,1.00,"",-159,-2.1,-1567,-3.8,-1840,-4.5,-2065,-5.1,-12374307,-2.1,-12445124,-2.9,-232773,-3.2,28,2.5
"US000","5","114","15","0","2026","1","",2726,7031,6888,6812,138405367,93249412,3899875,1541,"",1.00,1.00,1.00,1.00,1.00,1.00,1.00,1.00,"",-11,-0.4,191,2.8,140,2.1,138,2.1,14300195,11.5,6047445,6.9,496899,14.6,128,9.1
"US000","5","1141","16","0","2026","1","",2086,4697,4578,4553,110094440,73988822,3642958,1837,"",1.00,1.00,1.00,1.00,1.00,1.00,1.00,1.00,"",-26,-1.2,154,3.4,87,1.9,138,3.1,13582066,14.1,5901842,8.7,476905,15.1,181,10.9
"US000","5","11411","17","0","2026","1","",2086,4697,4578,4553,110094440,73988822,3642958,1837,"",1.00,1.00,1.00,1.00,1.00,1.00,1.00,1.00,"",-26,-1.2,154,3.4,87,1.9,138,3.1,13582066,14.1,5901842,8.7,476905,15.1,181,10.9
"US000","5","114111","18","0","2026","1","",929,2723,2639,2502,65271198,48468382,2056718,1915,"",1.00,1.00,1.00,1.00,1.00,1.00,1.00,1.00,"",-15,-1.6,130,5.0,-64,-2.4,67,2.8,6148629,10.4,4839301,11.1,246710,13.6,150,8.5
"US000","5","114112","18","0","2026","1","",964,1482,1458,1594,36140557,19577982,1346122,1839,"",1.00,1.00,1.00,1.00,1.00,1.00,1.00,1.00,"",-21,-2.1,-5,-0.3,48,3.4,60,3.9,6647980,22.5,625492,3.3,228432,20.4,303,19.7
"US000","5","114119","18","0","2026","1","",193,492,481,457,8682685,5942458,240118,1401,"",1.00,1.00,1.00,1.00,1.00,1.00,1.00,1.00,"",10,5.5,29,6.3,103,27.2,11,2.5,785457,9.9,437049,7.9,1763,0.7,-15,-1.1
"US000","5","1142","16","0","2026","1","",640,2334,2310,2259,28310927,19260590,256917,946,"",1.00,1.00,1.00,1.00,1.00,1.00,1.00,1.00,"",15,2.4,37,1.6,53,2.3,0,0.0,718129,2.6,145603,0.8,19994,8.4,11,1.2
"US000","5","11421","17","0","2026","1","",640,2334,2310,2259,28310927,19260590,256917,946,"",1.00,1.00,1.00,1.00,1.00,1.00,1.00,1.00,"",15,2.4,37,1.6,53,2.3,0,0.0,718129,2.6,145603,0.8,19994,8.4,11,1.2
"US000","5","114210","18","0","2026","1","",640,2334,2310,2259,28310927,19260590,256917,946,"",1.00,1.00,1.00,1.00,1.00,1.00,1.00,1.00,"",15,2.4,37,1.6,53,2.3,0,0.0,718129,2.6,145603,0.8,19994,8.4,11,1.2
"US000","5","115","15","0","2026","1","",22559,330631,326671,330772,3725157840,2572648945,84945226,870,"",1.00,1.00,1.00,1.00,1.00,1.00,1.00,1.00,"",351,1.6,1475,0.4,4597,1.4,11471,3.6,134496692,3.7,46447230,1.8,1484843,1.8,16,1.9
"US000","5","1151","16","0","2026","1","",12891,280246,276004,279645,3003211521,2078524838,78821631,829,"",1.00,1.00,1.00,1.00,1.00,1.00,1.00,1.00,"",179,1.4,1442,0.5,4995,1.8,11685,4.4,107389754,3.7,33019110,1.6,1363313,1.8,12,1.5
"US000","5","11511","17","0","2026","1","",12891,280246,276004,279645,3003211521,2078524838,78821631,829,"",1.00,1.00,1.00,1.00,1.00,1.00,1.00,1.00,"",179,1.4,1442,0.5,4995,1.8,11685,4.4,107389754,3.7,33019110,1.6,1363313,1.8,12,1.5
"US000","5","115111","18","0","2026","1","",494,5551,4263,3863,74855191,42415506,894535,1263,"",1.00,1.00,1.00,1.00,1.00,1.00,1.00,1.00,"",-8,-1.6,58,1.1,-58,-1.3,-216,-5.3,5131673,7.4,1767152,4.3,51440,6.1,105,9.1
"US000","5","115112","18","0","2026","1","",3932,23619,24406,24851,321732303,208303831,5394624,1019,"",1.00,1.00,1.00,1.00,1.00,1.00,1.00,1.00,"",21,0.5,-574,-2.4,52,0.2,220,0.9,-5355496,-1.6,-1023296,-0.5,-77097,-1.4,-12,-1.2
"US000","5","115113","18","0","2026","1","",1118,8876,8558,9158,103884088,71490152,2640177,902,"",1.00,1.00,1.00,1.00,1.00,1.00,1.00,1.00,"",16,1.5,-368,-4.0,39,0.5,250,2.8,2160243,2.1,1421835,2.0,-110690,-4.0,22,2.5
"US000","5","115114","18","0","2026","1","",2143,75151,73772,73714,1047188743,653207279,18916202,1085,"",1.00,1.00,1.00,1.00,1.00,1.00,1.00,1.00,"",-13,-0.6,-70,-0.1,-664,-0.9,-720,-1.0,29015199,2.8,-4429678,-0.7,-814857,-4.1,36,3.4
"US000","5","115115","18","0","2026","1","",3300,149217,145882,148267,1205152440,955362894,46857557,627,"",1.00,1.00,1.00,1.00,1.00,1.00,1.00,1.00,"",114,3.6,1550,1.0,5364,3.8,11397,8.3,66389318,5.8,32391656,3.5,2239496,5.0,9,1.5
"US000","5","115116","18","0","2026","1","",1904,17832,19123,19792,250398756,147745176,4118536,1018,"",1.00,1.00,1.00,1.00,1.00,1.00,1.00,1.00,"",49,2.6,846,5.0,262,1.4,754,4.0,10048817,4.2,2891441,2.0,75021,1.9,7,0.7
"US000","5","1152","16","0","2026","1","",6385,31562,31564,31586,393862346,276300164,2866937,960,"",1.00,1.00,1.00,1.00,1.00,1.00,1.00,1.00,"",62,1.0,198,0.6,3,0.0,-66,-0.2,13649430,3.6,7946465,3.0,87048,3.1,32,3.4
"US000","5","11521","17","0","2026","1","",6385,31562,31564,31586,393862346,276300164,2866937,960,"",1.00,1.00,1.00,1.00,1.00,1.00,1.00,1.00,"",62,1.0,198,0.6,3,0.0,-66,-0.2,13649430,3.6,7946465,3.0,87048,3.1,32,3.4
"US000","5","115210","18","0","2026","1","",6385,31562,31564,31586,393862346,276300164,2866937,960,"",1.00,1.00,1.00,1.00,1.00,1.00,1.00,1.00,"",62,1.0,198,0.6,3,0.0,-66,-0.2,13649430,3.6,7946465,3.0,87048,3.1,32,3.4
"US000","5","1153","16","0","2026","1","",3283,18823,19103,19541,328083973,217823943,3256658,1317,"",1.00,1.00,1.00,1.00,1.00,1.00,1.00,1.00,"",110,3.5,-165,-0.9,-401,-2.1,-148,-0.8,13457508,4.3,5481655,2.6,34482,1.1,69,5.5
"US000","5","11531","17","0","2026","1","",3283,18823,19103,19541,328083973,217823943,3256658,1317,"",1.00,1.00,1.00,1.00,1.00,1.00,1.00,1.00,"",110,3.5,-165,-0.9,-401,-2.1,-148,-0.8,13457508,4.3,5481655,2.6,34482,1.1,69,5.5
"US000","5","115310","18","0","2026","1","",3283,18823,19103,19541,328083973,217823943,3256658,1317,"",1.00,1.00,1.00,1.00,1.00,1.00,1.00,1.00,"",110,3.5,-165,-0.9,-401,-2.1,-148,-0.8,13457508,4.3,5481655,2.6,34482,1.1,69,5.5
"US000","5","21","14","0","2026","1","",30273,550795,551839,551084,23539866209,7987691941,132576326,3285,"",1.00,1.00,1.00,1.00,1.00,1.00,1.00,1.00,"",84,0.3,-18679,-3.3,-19622,-3.4,-21732,-3.8,698610350,3.1,-68182383,-0.8,-1781046,-1.3,209,6.8
"US000","5","211","15","0","2026","1","",6052,111432,110977,109474,9878963841,1715503249,20778885,6869,"",1.00,1.00,1.00,1.00,1.00,1.00,1.00,1.00,"",-80,-1.3,-7592,-6.4,-7318,-6.2,-8317,-7.1,440886016,4.7,-75191326,-4.2,-2663788,-11.4,736,12.0
"US000","5","2111","16","0","2026","1","",6052,111432,110977,109474,9878963841,1715503249,20778885,6869,"",1.00,1.00,1.00,1.00,1.00,1.00,1.00,1.00,"",-80,-1.3,-7592,-6.4,-7318,-6.2,-8317,-7.1,440886016,4.7,-75191326,-4.2,-2663788,-11.4,736,12.0
"US000","5","21112","17","0","2026","1","",4158,76689,76219,74732,7320449581,1193197343,13573439,7421,"",1.00,1.00,1.00,1.00,1.00,1.00,1.00,1.00,"",-57,-1.4,-4534,-5.6,-4789,-5.9,-5991,-7.4,360939052,5.2,-55427661,-4.4,-1506101,-10.0,811,12.3
"US000","5","211120","18","0","2026","1","",4158,76689,76219,74732,7320449581,1193197343,13573439,7421,"",1.00,1.00,1.00,1.00,1.00,1.00,1.00,1.00,"",-57,-1.4,-4534,-5.6,-4789,-5.9,-5991,-7.4,360939052,5.2,-55427661,-4.4,-1506101,-10.0,811,12.3
"US000","5","21113","17","0","2026","1","",1894,34743,34758,34742,2558514260,522305906,7205446,5664,"",1.00,1.00,1.00,1.00,1.00,1.00,1.00,1.00,"",-23,-1.2,-3058,-8.1,-2529,-6.8,-2326,-6.3,79946964,3.2,-19763665,-3.6,-1157687,-13.8,564,11.1
"US000","5","211130","18","0","2026","1","",1894,34743,34758,34742,2558514260,522305906,7205446,5664,"",1.00,1.00,1.00,1.00,1.00,1.00,1.00,1.00,"",-23,-1.2,-3058,-8.1,-2529,-6.8,-2326,-6.3,79946964,3.2,-19763665,-3.6,-1157687,-13.8,564,11.1
"US000","5","212","15","0","2026","1","",7416,180567,180221,181887,5200025177,2730272381,46816976,2211,"",1.00,1.00,1.00,1.00,1.00,1.00,1.00,1.00,"",123,1.7,-2874,-1.6,-2936,-1.6,-3592,-1.9,246654983,5.0,66588021,2.5,-3393245,-6.8,140,6.8
"US000","5","2121","16","0","2026","1","",626,37609,37316,37070,1116691351,511532874,7545450,2301,"",1.00,1.00,1.00,1.00,1.00,1.00,1.00,1.00,"",-9,-1.4,-2687,-6.7,-2664,-6.7,-2572,-6.5,-121562466,-9.8,-24072442,-4.5,-1723639,-18.6,-82,-3.4
"US000","5","21211","17","0","2026","1","",626,37609,37316,37070,1116691351,511532874,7545450,2301,"",1.00,1.00,1.00,1.00,1.00,1.00,1.00,1.00,"",-9,-1.4,-2687,-6.7,-2664,-6.7,-2572,-6.5,-121562466,-9.8,-24072442,-4.5,-1723639,-18.6,-82,-3.4
"US000","5","212114","18","0","2026","1","",379,16262,16107,16086,473254271,270485602,3208962,2254,"",1.00,1.00,1.00,1.00,1.00,1.00,1.00,1.00,"",-14,-3.6,-1269,-7.2,-1403,-8.0,-1260,-7.3,-74619451,-13.6,-3416058,-1.2,-1201090,-27.2,-159,-6.6
"US000","5","212115","18","0","2026","1","",247,21347,21209,20984,643437080,241047272,4336488,2337,"",1.00,1.00,1.00,1.00,1.00,1.00,1.00,1.00,"",5,2.1,-1418,-6.2,-1261,-5.6,-1312,-5.9,-46943015,-6.8,-20656384,-7.9,-522549,-10.8,-22,-0.9
"US000","5","2122","16","0","2026","1","",557,45924,45957,46017,1832606827,1012925788,9144025,3067,"",1.00,1.00,1.00,1.00,1.00,1.00,1.00,1.00,"",44,8.6,583,1.3,574,1.3,609,1.3,271532889,17.4,50409179,5.2,-876673,-8.7,421,15.9
"US000","5","21221","17","0","2026","1","",34,4618,4531,4530,130834217,107970775,556227,2207,"",1.00,1.00,1.00,1.00,1.00,1.00,1.00,1.00,"",-4,-10.5,-578,-11.1,-644,-12.4,-621,-12.1,-11974307,-8.4,-12980089,-10.7,-2674,-0.5,84,4.0
"US000","5","212210","18","0","2026","1","",34,4618,4531,4530,130834217,107970775,556227,2207,"",1.00,1.00,1.00,1.00,1.00,1.00,1.00,1.00,"",-4,-10.5,-578,-11.1,-644,-12.4,-621,-12.1,-11974307,-8.4,-12980089,-10.7,-2674,-0.5,84,4.0
"US000","5","21222","17","0","2026","1","",248,16328,16416,16437,757962784,519680059,5163033,3557,"",1.00,1.00,1.00,1.00,1.00,1.00,1.00,1.00,"",21,9.3,661,4.2,786,5.0,763,4.9,166792468,28.2,44953558,9.5,-644074,-11.1,653,22.5
"US000","5","212220","18","0","2026","1","",248,16328,16416,16437,757962784,519680059,5163033,3557,"",1.00,1.00,1.00,1.00,1.00,1.00,1.00,1.00,"",21,9.3,661,4.2,786,5.0,763,4.9,166792468,28.2,44953558,9.5,-644074,-11.1,653,22.5
"US000","5","21223","17","0","2026","1","",112,20151,20156,20224,749921436,277753920,2331518,2859,"",1.00,1.00,1.00,1.00,1.00,1.00,1.00,1.00,"",5,4.7,197,1.0,177,0.9,287,1.4,72296979,10.7,8027560,3.0,-294054,-11.2,247,9.5
"US000","5","212230","18","0","2026","1","",112,20151,20156,20224,749921436,277753920,2331518,2859,"",1.00,1.00,1.00,1.00,1.00,1.00,1.00,1.00,"",5,4.7,197,1.0,177,0.9,287,1.4,72296979,10.7,8027560,3.0,-294054,-11.2,247,9.5
"US000","5","21229","17","0","2026","1","",163,4827,4854,4826,193888390,107521034,1093247,3084,"",1.00,1.00,1.00,1.00,1.00,1.00,1.00,1.00,"",22,15.6,303,6.7,255,5.5,180,3.9,44417749,29.7,10408150,10.7,64129,6.2,579,23.1
"US000","5","212290","18","0","2026","1","",163,4827,4854,4826,193888390,107521034,1093247,3084,"",1.00,1.00,1.00,1.00,1.00,1.00,1.00,1.00,"",22,15.6,303,6.7,255,5.5,180,3.9,44417749,29.7,10408150,10.7,64129,6.2,579,23.1
"US000","5","2123","16","0","2026","1","",6233,97034,96948,98800,2250726999,1205813719,30127501,1774,"",1.00,1.00,1.00,1.00,1.00,1.00,1.00,1.00,"",88,1.4,-770,-0.8,-846,-0.9,-1629,-1.6,96684560,4.5,40251284,3.5,-792933,-2.6,95,5.7
"US000","5","21231","17","0","2026","1","",2596,43478,43390,44377,940895677,486190706,13147138,1654,"",1.00,1.00,1.00,1.00,1.00,1.00,1.00,1.00,"",60,2.4,819,1.9,772,1.8,340,0.8,71479418,8.2,37162003,8.3,417267,3.3,102,6.6
"US000","5","212311","18","0","2026","1","",583,7061,6985,7086,113142450,75662365,1703394,1236,"",1.00,1.00,1.00,1.00,1.00,1.00,1.00,1.00,"",10,1.7,2,0.0,-84,-1.2,-214,-2.9,-7481141,-6.2,-817566,-1.1,-65279,-3.7,-63,-4.8
"US000","5","212312","18","0","2026","1","",1175,22859,22855,23438,489412234,235674283,7959884,1633,"",1.00,1.00,1.00,1.00,1.00,1.00,1.00,1.00,"",22,1.9,1051,4.8,919,4.2,669,2.9,42010722,9.4,12283904,5.5,282334,3.7,81,5.2
"US000","5","212313","18","0","2026","1","",280,5151,5146,5196,132574985,66227356,640528,1975,"",1.00,1.00,1.00,1.00,1.00,1.00,1.00,1.00,"",-27,-8.8,-1225,-19.2,-1194,-18.8,-1211,-18.9,-6643893,-4.8,7631887,13.0,91693,16.7,295,17.6
"US000","5","212319","18","0","2026","1","",558,8407,8404,8657,205766008,108626702,2843332,1864,"",1.00,1.00,1.00,1.00,1.00,1.00,1.00,1.00,"",55,10.9,991,13.4,1131,15.6,1096,14.5,43593730,26.9,18063778,19.9,108519,4.0,182,10.8
"US000","5","21232","17","0","2026","1","",3151,41635,41684,42450,937926696,506164838,14476099,1721,"",1.00,1.00,1.00,1.00,1.00,1.00,1.00,1.00,"",18,0.6,-1428,-3.3,-1475,-3.4,-1891,-4.3,-10692497,-1.1,-8312135,-1.6,-570297,-3.8,44,2.6
"US000","5","212321","18","0","2026","1","",2703,29125,29196,29896,619355867,366302241,12119358,1620,"",1.00,1.00,1.00,1.00,1.00,1.00,1.00,1.00,"",21,0.8,99,0.3,159,0.5,-314,-1.0,8938403,1.5,5310368,1.5,255930,2.2,24,1.5
"US000","5","212322","18","0","2026","1","",272,6746,6753,6820,178843444,75183674,1578338,2031,"",1.00,1.00,1.00,1.00,1.00,1.00,1.00,1.00,"",5,1.9,-1039,-13.3,-1107,-14.1,-1059,-13.4,236790,0.1,-6683732,-8.2,-558199,-26.1,279,15.9
"US000","5","212323","18","0","2026","1","",176,5764,5735,5734,139727385,64678923,778403,1871,"",1.00,1.00,1.00,1.00,1.00,1.00,1.00,1.00,"",-8,-4.3,-488,-7.8,-527,-8.4,-518,-8.3,-19867690,-12.4,-6938771,-9.7,-268028,-25.6,-92,-4.7
"US000","5","21239","17","0","2026","1","",486,11921,11874,11973,371904626,213458175,2504264,2399,"",1.00,1.00,1.00,1.00,1.00,1.00,1.00,1.00,"",10,2.1,-161,-1.3,-143,-1.2,-78,-0.6,35897639,10.7,11401416,5.6,-639903,-20.4,254,11.8
"US000","5","212390","18","0","2026","1","",486,11921,11874,11973,371904626,213458175,2504264,2399,"",1.00,1.00,1.00,1.00,1.00,1.00,1.00,1.00,"",10,2.1,-161,-1.3,-143,-1.2,-78,-0.6,35897639,10.7,11401416,5.6,-639903,-20.4,254,11.8
"US000","5","213","15","0","2026","1","",16805,258796,260641,259723,8460877191,3541916311,64980465,2506,"",1.00,1.00,1.00,1.00,1.00,1.00,1.00,1.00,"",41,0.2,-8213,-3.1,-9368,-3.5,-9823,-3.6,11069351,0.1,-59579078,-1.7,4275987,7.0,88,3.6
"US000","5","2131","16","0","2026","1","",16805,258796,260641,259723,8460877191,3541916311,64980465,2506,"",1.00,1.00,1.00,1.00,1.00,1.00,1.00,1.00,"",41,0.2,-8213,-3.1,-9368,-3.5,-9823,-3.6,11069351,0.1,-59579078,-1.7,4275987,7.0,88,3.6
"US000","5","21311","17","0","2026","1","",16805,258796,260641,259723,8460877191,3541916311,64980465,2506,"",1.00,1.00,1.00,1.00,1.00,1.00,1.00,1.00,"",41,0.2,-8213,-3.1,-9368,-3.5,-9823,-3.6,11069351,0.1,-59579078,-1.7,4275987,7.0,88,3.6
"US000","5","213111","18","0","2026","1","",1972,39255,39139,38695,1376177981,544845322,10412205,2712,"",1.00,1.00,1.00,1.00,1.00,1.00,1.00,1.00,"",-33,-1.6,-1997,-4.8,-2167,-5.2,-2523,-6.1,-43995971,-3.1,-18024777,-3.2,811296,8.5,64,2.4
"US000","5","213112","18","0","2026","1","",13662,207535,209321,208739,6747226865,2788420502,50727244,2489,"",1.00,1.00,1.00,1.00,1.00,1.00,1.00,1.00,"",56,0.4,-6156,-2.9,-7597,-3.5,-7726,-3.6,28890322,0.4,-57042821,-2.0,3277102,6.9,93,3.9
"US000","5","213113","18","0","2026","1","",389,4141,4097,4018,96155164,45976321,1163412,1811,"",1.00,1.00,1.00,1.00,1.00,1.00,1.00,1.00,"",-3,-0.8,-620,-13.0,-618,-13.1,-657,-14.1,-17353251,-15.3,-7214527,-13.6,-43108,-3.6,-40,-2.2
"US000","5","213114","18","0","2026","1","",440,4844,4994,5139,169570286,121743960,1815658,2613,"",1.00,1.00,1.00,1.00,1.00,1.00,1.00,1.00,"",8,1.9,506,11.7,889,21.7,994,24.0,40213011,31.1,19469211,19.0,225994,14.2,242,10.2
"US000","5","213115","18","0","2026","1","",342,3021,3090,3132,71746895,40930206,861946,1791,"",1.00,1.00,1.00,1.00,1.00,1.00,1.00,1.00,"",13,4.0,54,1.8,125,4.2,89,2.9,3315240,4.8,3233836,8.6,4703,0.5,31,1.8
"US000","5","22","14","0","2026","1","",25485,608356,610411,611267,27714597690,8346313262,92682030,3495,"",1.00,1.00,1.00,1.00,1.00,1.00,1.00,1.00,"",792,3.2,15576,2.6,13693,2.3,13055,2.2,2160903235,8.5,342322193,4.3,2189952,2.4,196,5.9
"US000","5","221","15","0","2026","1","",25485,608356,610411,611267,27714597690,8346313262,92682030,3495,"",1.00,1.00,1.00,1.00,1.00,1.00,1.00,1.00,"",792,3.2,15576,2.6,13693,2.3,13055,2.2,2160903235,8.5,342322193,4.3,2189952,2.4,196,5.9
"US000","5","2211","16","0","2026","1","",15217,428102,429645,430194,20664547062,6163335625,64942439,3703,"",1.00,1.00,1.00,1.00,1.00,1.00,1.00,1.00,"",689,4.7,13619,3.3,12071,2.9,11398,2.7,1764312325,9.3,297245353,5.1,2031397,3.2,216,6.2
"US000","5","22111","17","0","2026","1","",7719,159900,160473,160798,8434694766,2254351295,28995814,4045,"",1.00,1.00,1.00,1.00,1.00,1.00,1.00,1.00,"",468,6.5,4318,2.8,3355,2.1,2960,1.9,465611325,5.8,68547672,3.1,292914,1.0,137,3.5
"US000","5","221111","18","0","2026","1","",651,8255,8266,8290,431501705,118813039,1588696,4013,"",1.00,1.00,1.00,1.00,1.00,1.00,1.00,1.00,"",-4,-0.6,343,4.3,336,4.2,332,4.2,58222414,15.6,8782300,8.0,20447,1.3,394,10.9
"US000","5","221112","18","0","2026","1","",1907,77075,77127,77333,3975013727,1070444282,11129285,3962,"",1.00,1.00,1.00,1.00,1.00,1.00,1.00,1.00,"",38,2.0,3941,5.4,3619,4.9,3869,5.3,313118343,8.6,38706411,3.8,24659,0.2,123,3.2
"US000","5","221113","18","0","2026","1","",216,37154,37979,37892,2277890923,547289688,6116749,4651,"",1.00,1.00,1.00,1.00,1.00,1.00,1.00,1.00,"",33,18.0,474,1.3,545,1.5,91,0.2,-11007716,-0.5,22009261,4.2,542704,9.7,-69,-1.5
"US000","5","221114","18","0","2026","1","",2809,16770,16503,16425,775099211,219694630,4933913,3599,"",1.00,1.00,1.00,1.00,1.00,1.00,1.00,1.00,"",204,7.8,255,1.5,-30,-0.2,-208,-1.3,58062991,8.1,2722034,1.3,307549,6.6,268,8.0
"US000","5","221115","18","0","2026","1","",861,11644,11618,11772,531911862,174134871,2607586,3504,"",1.00,1.00,1.00,1.00,1.00,1.00,1.00,1.00,"",70,8.8,-1314,-10.1,-1706,-12.8,-1839,-13.5,-28122487,-5.0,-13689393,-7.3,-1086306,-29.4,264,8.1
"US000","5","221116","18","0","2026","1","",80,1102,1095,1116,48415139,16769568,317417,3372,"",1.00,1.00,1.00,1.00,1.00,1.00,1.00,1.00,"",14,21.2,132,13.6,112,11.4,126,12.7,6600345,15.8,2759039,19.7,56342,21.6,93,2.8
"US000","5","221117","18","0","2026","1","",229,2323,2275,2279,83411575,32273788,541649,2799,"",1.00,1.00,1.00,1.00,1.00,1.00,1.00,1.00,"",2,0.9,-57,-2.4,-102,-4.3,-66,-2.8,154957,0.2,-712061,-2.2,20657,4.0,94,3.5
"US000","5","221118","18","0","2026","1","",966,5577,5610,5691,311450624,74931429,1760519,4258,"",1.00,1.00,1.00,1.00,1.00,1.00,1.00,1.00,"",111,13.0,544,10.8,581,11.6,655,13.0,68582478,28.2,7970081,11.9,406862,30.1,546,14.7
"US000","5","22112","17","0","2026","1","",7498,268202,269172,269396,12229852296,3908984330,35946625,3498,"",1.00,1.00,1.00,1.00,1.00,1.00,1.00,1.00,"",221,3.0,9301,3.6,8716,3.3,8438,3.2,1298701000,11.9,228697681,6.2,1738483,5.1,265,8.2
"US000","5","221121","18","0","2026","1","",927,30457,30608,30668,1607487821,422991120,3537114,4044,"",1.00,1.00,1.00,1.00,1.00,1.00,1.00,1.00,"",17,1.9,832,2.8,855,2.9,886,3.0,154172184,10.6,22090729,5.5,242916,7.4,282,7.5
"US000","5","221122","18","0","2026","1","",6571,237745,238564,238728,10622364475,3485993210,32409511,3428,"",1.00,1.00,1.00,1.00,1.00,1.00,1.00,1.00,"",204,3.2,8469,3.7,7861,3.4,7552,3.3,1144528816,12.1,206606952,6.3,1495567,4.8,263,8.3
"US000","5","2212","16","0","2026","1","",3358,117859,118156,118182,5649063046,1506049903,19434824,3681,"",1.00,1.00,1.00,1.00,1.00,1.00,1.00,1.00,"",58,1.8,832,0.7,553,0.5,752,0.6,363577438,6.9,42698757,2.9,340269,1.8,216,6.2
"US000","5","22121","17","0","2026","1","",3358,117859,118156,118182,5649063046,1506049903,19434824,3681,"",1.00,1.00,1.00,1.00,1.00,1.00,1.00,1.00,"",58,1.8,832,0.7,553,0.5,752,0.6,363577438,6.9,42698757,2.9,340269,1.8,216,6.2
"US000","5","221210","18","0","2026","1","",3358,117859,118156,118182,5649063046,1506049903,19434824,3681,"",1.00,1.00,1.00,1.00,1.00,1.00,1.00,1.00,"",58,1.8,832,0.7,553,0.5,752,0.6,363577438,6.9,42698757,2.9,340269,1.8,216,6.2
"US000","5","2213","16","0","2026","1","",6910,62395,62610,62891,1400987582,676927734,8304767,1721,"",1.00,1.00,1.00,1.00,1.00,1.00,1.00,1.00,"",45,0.7,1125,1.8,1069,1.7,905,1.5,33013472,2.4,2378083,0.4,-181714,-2.1,13,0.8
"US000","5","22131","17","0","2026","1","",5998,53366,53544,53804,1194402450,572501642,6787447,1715,"",1.00,1.00,1.00,1.00,1.00,1.00,1.00,1.00,"",51,0.9,675,1.3,626,1.2,495,0.9,14802237,1.3,-4928291,-0.9,-340778,-4.8,2,0.1
"US000","5","221310","18","0","2026","1","",5998,53366,53544,53804,1194402450,572501642,6787447,1715,"",1.00,1.00,1.00,1.00,1.00,1.00,1.00,1.00,"",51,0.9,675,1.3,626,1.2,495,0.9,14802237,1.3,-4928291,-0.9,-340778,-4.8,2,0.1
"US000","5","22132","17","0","2026","1","",763,7622,7660,7673,161349628,84926276,1192043,1622,"",1.00,1.00,1.00,1.00,1.00,1.00,1.00,1.00,"",1,0.1,435,6.1,446,6.2,400,5.5,15281062,10.5,6544140,8.3,114647,10.6,67,4.3
"US000","5","221320","18","0","2026","1","",763,7622,7660,7673,161349628,84926276,1192043,1622,"",1.00,1.00,1.00,1.00,1.00,1.00,1.00,1.00,"",1,0.1,435,6.1,446,6.2,400,5.5,15281062,10.5,6544140,8.3,114647,10.6,67,4.3
"US000","5","22133","17","0","2026","1","",149,1407,1406,1414,45235504,19499816,325277,2470,"",1.00,1.00,1.00,1.00,1.00,1.00,1.00,1.00,"",-7,-4.5,15,1.1,-3,-0.2,10,0.7,2930173,6.9,762234,4.1,44417,15.8,148,6.4
"US000","5","221330","18","0","2026","1","",149,1407,1406,1414,45235504,19499816,325277,2470,"",1.00,1.00,1.00,1.00,1.00,1.00,1.00,1.00,"",-7,-4.5,15,1.1,-3,-0.2,10,0.7,2930173,6.9,762234,4.1,44417,15.8,148,6.4
"US000","5","23","14","0","2026","1","",953703,8008425,8000703,8113824,170763036833,91346830504,2386055210,1634,"",1.00,1.00,1.00,1.00,1.00,1.00,1.00,1.00,"",18789,2.0,159153,2.0,95107,1.2,82142,1.0,9446961364,5.9,3626637838,4.1,71704416,3.1,69,4.4
"US000","5","236","15","0","2026","1","",295409,1822367,1820668,1833250,44001186843,21205517558,509288393,1854,"",1.00,1.00,1.00,1.00,1.00,1.00,1.00,1.00,"",5999,2.1,20630,1.1,9924,0.5,8384,0.5,2067975080,4.9,800165110,3.9,12178111,2.4,74,4.2
"US000","5","2361","16","0","2026","1","",228559,894851,891543,894925,17866925905,9615161472,188109075,1538,"",1.00,1.00,1.00,1.00,1.00,1.00,1.00,1.00,"",3936,1.8,-12321,-1.4,-18858,-2.1,-22231,-2.4,-247729943,-1.4,164916102,1.7,2451907,1.3,9,0.6
"US000","5","23611","17","0","2026","1","",228559,894851,891543,894925,17866925905,9615161472,188109075,1538,"",1.00,1.00,1.00,1.00,1.00,1.00,1.00,1.00,"",3936,1.8,-12321,-1.4,-18858,-2.1,-22231,-2.4,-247729943,-1.4,164916102,1.7,2451907,1.3,9,0.6
"US000","5","236115","18","0","2026","1","",86989,346679,345787,346538,7473236880,3800271378,65384635,1660,"",1.00,1.00,1.00,1.00,1.00,1.00,1.00,1.00,"",67,0.1,-12900,-3.6,-14494,-4.0,-16343,-4.5,-288566019,-3.7,-7400855,-0.2,-1377223,-2.1,6,0.4
"US000","5","236116","18","0","2026","1","",5393,44073,44240,44358,1335804888,563593333,13078166,2324,"",1.00,1.00,1.00,1.00,1.00,1.00,1.00,1.00,"",280,5.5,-1099,-2.4,-900,-2.0,-888,-2.0,45770830,3.5,15566092,2.8,921558,7.6,128,5.8
"US000","5","236117","18","0","2026","1","",5731,57653,57290,56926,2137427372,766428444,12303478,2870,"",1.00,1.00,1.00,1.00,1.00,1.00,1.00,1.00,"",200,3.6,-1400,-2.4,-1621,-2.8,-1629,-2.8,-169019279,-7.3,22916086,3.1,-39652,-0.3,-145,-4.8
"US000","5","236118","18","0","2026","1","",130446,446446,444226,447103,6920456765,4484868317,97342796,1194,"",1.00,1.00,1.00,1.00,1.00,1.00,1.00,1.00,"",3389,2.7,3078,0.7,-1843,-0.4,-3371,-0.7,164084525,2.4,133834779,3.1,2947224,3.1,30,2.6
"US000","5","2362","16","0","2026","1","",66850,927516,929125,938325,26134260938,11590356086,321179318,2158,"",1.00,1.00,1.00,1.00,1.00,1.00,1.00,1.00,"",2063,3.2,32951,3.7,28782,3.2,30615,3.4,2315705023,9.7,635249008,5.8,9726204,3.1,124,6.1
"US000","5","23621","17","0","2026","1","",7411,165694,168818,172286,4538391548,2015918723,66970012,2067,"",1.00,1.00,1.00,1.00,1.00,1.00,1.00,1.00,"",406,5.8,5152,3.2,4235,2.6,6591,4.0,332390629,7.9,79080482,4.1,932755,1.4,89,4.5
"US000","5","236210","18","0","2026","1","",7411,165694,168818,172286,4538391548,2015918723,66970012,2067,"",1.00,1.00,1.00,1.00,1.00,1.00,1.00,1.00,"",406,5.8,5152,3.2,4235,2.6,6591,4.0,332390629,7.9,79080482,4.1,932755,1.4,89,4.5
"US000","5","23622","17","0","2026","1","",59439,761822,760307,766039,21595869390,9574437363,254209306,2178,"",1.00,1.00,1.00,1.00,1.00,1.00,1.00,1.00,"",1657,2.9,27799,3.8,24547,3.3,24024,3.2,1983314394,10.1,556168526,6.2,8793449,3.6,132,6.5
"US000","5","236220","18","0","2026","1","",59439,761822,760307,766039,21595869390,9574437363,254209306,2178,"",1.00,1.00,1.00,1.00,1.00,1.00,1.00,1.00,"",1657,2.9,27799,3.8,24547,3.3,24024,3.2,1983314394,10.1,556168526,6.2,8793449,3.6,132,6.5
"US000","5","237","15","0","2026","1","",60376,1123032,1125908,1159191,28347720149,13531602783,425733279,1919,"",1.00,1.00,1.00,1.00,1.00,1.00,1.00,1.00,"",1943,3.3,57153,5.4,38924,3.6,38144,3.4,2129188777,8.1,743890934,5.8,20747284,5.1,71,3.8
"US000","5","2371","16","0","2026","1","",31727,614014,619413,631340,15579667187,7425135493,215172481,1928,"",1.00,1.00,1.00,1.00,1.00,1.00,1.00,1.00,"",1179,3.9,37249,6.5,28380,4.8,29123,4.8,1419975992,10.0,444015063,6.4,13003252,6.4,82,4.4
"US000","5","23711","17","0","2026","1","",13119,217973,218108,221746,4789529376,2452718335,64920106,1680,"",1.00,1.00,1.00,1.00,1.00,1.00,1.00,1.00,"",183,1.4,11825,5.7,9094,4.4,8097,3.8,420669989,9.6,144300295,6.3,2804861,4.5,77,4.8
"US000","5","237110","18","0","2026","1","",13119,217973,218108,221746,4789529376,2452718335,64920106,1680,"",1.00,1.00,1.00,1.00,1.00,1.00,1.00,1.00,"",183,1.4,11825,5.7,9094,4.4,8097,3.8,420669989,9.6,144300295,6.3,2804861,4.5,77,4.8
"US000","5","23712","17","0","2026","1","",4457,137974,141228,144105,3542454924,1711264238,63596335,1931,"",1.00,1.00,1.00,1.00,1.00,1.00,1.00,1.00,"",113,2.6,2664,2.0,-1619,-1.1,-873,-0.6,4556051,0.1,-25094553,-1.4,-252585,-0.4,2,0.1
"US000","5","237120","18","0","2026","1","",4457,137974,141228,144105,3542454924,1711264238,63596335,1931,"",1.00,1.00,1.00,1.00,1.00,1.00,1.00,1.00,"",113,2.6,2664,2.0,-1619,-1.1,-873,-0.6,4556051,0.1,-25094553,-1.4,-252585,-0.4,2,0.1
"US000","5","23713","17","0","2026","1","",14151,258067,260077,265489,7247682887,3261152920,86656040,2134,"",1.00,1.00,1.00,1.00,1.00,1.00,1.00,1.00,"",883,6.7,22760,9.7,20905,8.7,21899,9.0,994749952,15.9,324809321,11.1,10450976,13.7,124,6.2
"US000","5","237130","18","0","2026","1","",14151,258067,260077,265489,7247682887,3261152920,86656040,2134,"",1.00,1.00,1.00,1.00,1.00,1.00,1.00,1.00,"",883,6.7,22760,9.7,20905,8.7,21899,9.0,994749952,15.9,324809321,11.1,10450976,13.7,124,6.2
"US000","5","2372","16","0","2026","1","",5557,33808,33764,33753,1172401562,375043429,6263691,2670,"",1.00,1.00,1.00,1.00,1.00,1.00,1.00,1.00,"",-51,-0.9,-1437,-4.1,-1660,-4.7,-1936,-5.4,-19453358,-1.6,-5302609,-1.4,388564,6.6,84,3.2
"US000","5","23721","17","0","2026","1","",5557,33808,33764,33753,1172401562,375043429,6263691,2670,"",1.00,1.00,1.00,1.00,1.00,1.00,1.00,1.00,"",-51,-0.9,-1437,-4.1,-1660,-4.7,-1936,-5.4,-19453358,-1.6,-5302609,-1.4,388564,6.6,84,3.2
"US000","5","237210","18","0","2026","1","",5557,33808,33764,33753,1172401562,375043429,6263691,2670,"",1.00,1.00,1.00,1.00,1.00,1.00,1.00,1.00,"",-51,-0.9,-1437,-4.1,-1660,-4.7,-1936,-5.4,-19453358,-1.6,-5302609,-1.4,388564,6.6,84,3.2
"US000","5","2373","16","0","2026","1","",12596,334086,331925,349915,7854483689,4066190593,156125358,1784,"",1.00,1.00,1.00,1.00,1.00,1.00,1.00,1.00,"",312,2.5,15311,4.8,8416,2.6,6382,1.9,463421793,6.3,211448002,5.5,5926246,3.9,54,3.1
"US000","5","23731","17","0","2026","1","",12596,334086,331925,349915,7854483689,4066190593,156125358,1784,"",1.00,1.00,1.00,1.00,1.00,1.00,1.00,1.00,"",312,2.5,15311,4.8,8416,2.6,6382,1.9,463421793,6.3,211448002,5.5,5926246,3.9,54,3.1
"US000","5","237310","18","0","2026","1","",12596,334086,331925,349915,7854483689,4066190593,156125358,1784,"",1.00,1.00,1.00,1.00,1.00,1.00,1.00,1.00,"",312,2.5,15311,4.8,8416,2.6,6382,1.9,463421793,6.3,211448002,5.5,5926246,3.9,54,3.1
"US000","5","2379","16","0","2026","1","",10496,141124,140806,144183,3741167711,1665233268,48171749,2026,"",1.00,1.00,1.00,1.00,1.00,1.00,1.00,1.00,"",503,5.0,6030,4.5,3788,2.8,4575,3.3,265244350,7.6,93730478,6.0,1429222,3.1,78,4.0
"US000","5","23799","17","0","2026","1","",10496,141124,140806,144183,3741167711,1665233268,48171749,2026,"",1.00,1.00,1.00,1.00,1.00,1.00,1.00,1.00,"",503,5.0,6030,4.5,3788,2.8,4575,3.3,265244350,7.6,93730478,6.0,1429222,3.1,78,4.0
"US000","5","237990","18","0","2026","1","",10496,141124,140806,144183,3741167711,1665233268,48171749,2026,"",1.00,1.00,1.00,1.00,1.00,1.00,1.00,1.00,"",503,5.0,6030,4.5,3788,2.8,4575,3.3,265244350,7.6,93730478,6.0,1429222,3.1,78,4.0
"US000","5","238","15","0","2026","1","",597918,5063026,5054127,5121383,98414129841,56609710163,1451033538,1490,"",1.00,1.00,1.00,1.00,1.00,1.00,1.00,1.00,"",10847,1.8,81370,1.6,46259,0.9,35614,0.7,5249797507,5.6,2082581794,3.8,38779021,2.7,64,4.5
"US000","5","2381","16","0","2026","1","",119626,919211,912439,931276,15694822560,9644646566,244922555,1311,"",1.00,1.00,1.00,1.00,1.00,1.00,1.00,1.00,"",2008,1.7,1053,0.1,-8892,-1.0,-17159,-1.8,318736972,2.1,144210494,1.5,758925,0.3,38,3.0
"US000","5","23811","17","0","2026","1","",24855,239936,240038,245910,4190504876,2545054821,59930139,1332,"",1.00,1.00,1.00,1.00,1.00,1.00,1.00,1.00,"",441,1.8,7884,3.4,6756,2.9,3712,1.5,281536417,7.2,140990178,5.9,1351976,2.3,57,4.5
"US000","5","238111","18","0","2026","1","",18140,111235,111284,114161,1705685600,1115967997,22906929,1169,"",1.00,1.00,1.00,1.00,1.00,1.00,1.00,1.00,"",296,1.7,289,0.3,-158,-0.1,-2874,-2.5,69489550,4.2,20701553,1.9,-817132,-3.4,57,5.1
"US000","5","238112","18","0","2026","1","",6715,128701,128754,131749,2484819276,1429086824,37023210,1473,"",1.00,1.00,1.00,1.00,1.00,1.00,1.00,1.00,"",145,2.2,7595,6.3,6914,5.7,6586,5.3,212046867,9.3,120288625,9.2,2169108,6.2,48,3.4
"US000","5","23812","17","0","2026","1","",5752,86456,86758,87698,1770664032,999337585,30765953,1566,"",1.00,1.00,1.00,1.00,1.00,1.00,1.00,1.00,"",139,2.5,2382,2.8,1626,1.9,2206,2.6,106280704,6.4,53084022,5.6,1088983,3.7,58,3.8
"US000","5","238121","18","0","2026","1","",1581,13803,13814,13946,238842717,136850568,3062734,1326,"",1.00,1.00,1.00,1.00,1.00,1.00,1.00,1.00,"",42,2.7,-155,-1.1,-340,-2.4,-191,-1.4,1800649,0.8,-2264186,-1.6,-572746,-15.8,31,2.4
"US000","5","238122","18","0","2026","1","",4171,72653,72944,73752,1531821315,862487017,27703219,1612,"",1.00,1.00,1.00,1.00,1.00,1.00,1.00,1.00,"",97,2.4,2537,3.6,1966,2.8,2397,3.4,104480055,7.3,55348208,6.9,1661729,6.4,62,4.0
"US000","5","23813","17","0","2026","1","",11375,77516,77867,78467,1130001214,778816040,16008534,1115,"",1.00,1.00,1.00,1.00,1.00,1.00,1.00,1.00,"",-109,-0.9,-3312,-4.1,-2700,-3.4,-2197,-2.7,-17469821,-1.5,-15038135,-1.9,-618985,-3.7,21,1.9
"US000","5","238131","18","0","2026","1","",9807,60300,60426,61028,811500581,584005762,11289061,1030,"",1.00,1.00,1.00,1.00,1.00,1.00,1.00,1.00,"",-92,-0.9,-2149,-3.4,-1586,-2.6,-1230,-2.0,-5302319,-0.6,-9255723,-1.6,-195543,-1.7,20,2.0
"US000","5","238132","18","0","2026","1","",1568,17216,17441,17439,318500633,194810278,4719473,1411,"",1.00,1.00,1.00,1.00,1.00,1.00,1.00,1.00,"",-17,-1.1,-1163,-6.3,-1114,-6.0,-967,-5.3,-12167502,-3.7,-5782412,-2.9,-423442,-8.2,32,2.3
"US000","5","23814","17","0","2026","1","",18486,123245,121235,125767,1896504843,1269654408,40037965,1182,"",1.00,1.00,1.00,1.00,1.00,1.00,1.00,1.00,"",-270,-1.4,1007,0.8,-3097,-2.5,-6072,-4.6,-16797123,-0.9,-13053493,-1.0,-1050025,-2.6,15,1.3
"US000","5","238141","18","0","2026","1","",13990,60760,59667,61651,808835674,583154795,12631153,1025,"",1.00,1.00,1.00,1.00,1.00,1.00,1.00,1.00,"",-202,-1.4,-1484,-2.4,-3477,-5.5,-4612,-7.0,-38036542,-4.5,-20063270,-3.3,-904079,-6.7,5,0.5
"US000","5","238142","18","0","2026","1","",4496,62485,61568,64116,1087669169,686499613,27406812,1334,"",1.00,1.00,1.00,1.00,1.00,1.00,1.00,1.00,"",-68,-1.5,2491,4.2,380,0.6,-1460,-2.2,21239419,2.0,7009777,1.0,-145946,-0.5,16,1.2
"US000","5","23815","17","0","2026","1","",8245,72810,72288,72019,1301835653,790378416,21928256,1384,"",1.00,1.00,1.00,1.00,1.00,1.00,1.00,1.00,"",213,2.7,-562,-0.8,-798,-1.1,-1079,-1.5,-7565152,-0.6,8755331,1.1,218665,1.0,8,0.6
"US000","5","238151","18","0","2026","1","",4893,28956,28577,28462,444931587,287184187,6482167,1194,"",1.00,1.00,1.00,1.00,1.00,1.00,1.00,1.00,"",144,3.0,633,2.2,224,0.8,158,0.6,15114352,3.5,12093309,4.4,859110,15.3,27,2.3
"US000","5","238152","18","0","2026","1","",3352,43854,43711,43557,856904066,503194229,15446089,1508,"",1.00,1.00,1.00,1.00,1.00,1.00,1.00,1.00,"",69,2.1,-1195,-2.7,-1022,-2.3,-1237,-2.8,-22679504,-2.6,-3337978,-0.7,-640445,-4.0,0,0.0
"US000","5","23816","17","0","2026","1","",33653,232429,227642,233389,3939710044,2350992179,55733700,1311,"",1.00,1.00,1.00,1.00,1.00,1.00,1.00,1.00,"",1354,4.2,-5296,-2.2,-9159,-3.9,-11192,-4.6,-74136426,-1.8,-23079059,-1.0,-157075,-0.3,23,1.8
"US000","5","238161","18","0","2026","1","",27214,126447,124402,126638,1973848010,1236160520,23712719,1207,"",1.00,1.00,1.00,1.00,1.00,1.00,1.00,1.00,"",1237,4.8,-4572,-3.5,-6283,-4.8,-6824,-5.1,-45467032,-2.3,-12231165,-1.0,139232,0.6,28,2.4
"US000","5","238162","18","0","2026","1","",6439,105982,103240,106751,1965862034,1114831659,32020981,1436,"",1.00,1.00,1.00,1.00,1.00,1.00,1.00,1.00,"",117,1.9,-724,-0.7,-2876,-2.7,-4368,-3.9,-28669394,-1.4,-10847894,-1.0,-296307,-0.9,15,1.1
"US000","5","23817","17","0","2026","1","",8741,38991,38246,39011,576559047,402489995,8605921,1145,"",1.00,1.00,1.00,1.00,1.00,1.00,1.00,1.00,"",26,0.3,-1184,-2.9,-1706,-4.3,-2271,-5.5,-3901251,-0.7,-11511404,-2.8,-234321,-2.7,42,3.8
"US000","5","238171","18","0","2026","1","",8168,33925,33238,33960,481016239,340274818,6318249,1098,"",1.00,1.00,1.00,1.00,1.00,1.00,1.00,1.00,"",29,0.4,-983,-2.8,-1436,-4.1,-2007,-5.6,-2240566,-0.5,-10990582,-3.1,-206331,-3.2,41,3.9
"US000","5","238172","18","0","2026","1","",573,5066,5008,5051,95542808,62215177,2287672,1458,"",1.00,1.00,1.00,1.00,1.00,1.00,1.00,1.00,"",-3,-0.5,-201,-3.8,-270,-5.1,-264,-5.0,-1660685,-1.7,-520822,-0.8,-27990,-1.2,44,3.1
"US000","5","23819","17","0","2026","1","",8519,47828,48365,49015,889042851,507923122,11912087,1413,"",1.00,1.00,1.00,1.00,1.00,1.00,1.00,1.00,"",214,2.6,134,0.3,186,0.4,-266,-0.5,50789624,6.1,4063054,0.8,159707,1.4,80,6.0
"US000","5","238191","18","0","2026","1","",5120,21739,21799,21839,366680450,212138508,4393333,1294,"",1.00,1.00,1.00,1.00,1.00,1.00,1.00,1.00,"",195,4.0,468,2.2,401,1.9,127,0.6,30131868,9.0,4394321,2.1,265589,6.4,88,7.3
"US000","5","238192","18","0","2026","1","",3399,26089,26566,27176,522362401,295784614,7518754,1510,"",1.00,1.00,1.00,1.00,1.00,1.00,1.00,1.00,"",19,0.6,-334,-1.3,-215,-0.8,-393,-1.4,20657756,4.1,-331267,-0.1,-105882,-1.4,77,5.4
"US000","5","2382","16","0","2026","1","",240196,2605026,2606917,2624936,56052474598,30587594227,753016891,1651,"",1.00,1.00,1.00,1.00,1.00,1.00,1.00,1.00,"",5608,2.4,68164,2.7,58085,2.3,63066,2.5,4009663322,7.7,1539168770,5.3,28042722,3.9,81,5.2
"US000","5","23821","17","0","2026","1","",101565,1135733,1135144,1143104,25198708103,13371295905,347932914,1703,"",1.00,1.00,1.00,1.00,1.00,1.00,1.00,1.00,"",2228,2.2,42797,3.9,36345,3.3,39323,3.6,2312846960,10.1,763843752,6.1,13817622,4.1,100,6.2
"US000","5","238211","18","0","2026","1","",61633,342755,340201,340427,5835123339,3721630557,73384824,1316,"",1.00,1.00,1.00,1.00,1.00,1.00,1.00,1.00,"",1375,2.3,-5740,-1.6,-8662,-2.5,-8605,-2.5,16754640,0.3,57151666,1.6,849985,1.2,33,2.6
"US000","5","238212","18","0","2026","1","",39932,792978,794943,802677,19363584764,9649665348,274548090,1869,"",1.00,1.00,1.00,1.00,1.00,1.00,1.00,1.00,"",853,2.2,48537,6.5,45007,6.0,47928,6.4,2296092320,13.5,706692086,7.9,12967637,5.0,118,6.7
"US000","5","23822","17","0","2026","1","",125652,1308877,1310719,1318978,26733650181,15163836938,354866669,1566,"",1.00,1.00,1.00,1.00,1.00,1.00,1.00,1.00,"",3071,2.5,24912,1.9,22328,1.7,24508,1.9,1559979854,6.2,708639286,4.9,14023768,4.1,64,4.3
"US000","5","238221","18","0","2026","1","",95783,671832,671004,672605,11289573692,7217692836,130079172,1293,"",1.00,1.00,1.00,1.00,1.00,1.00,1.00,1.00,"",2661,2.9,5755,0.9,2572,0.4,1996,0.3,399741326,3.7,249727562,3.6,4938881,3.9,40,3.2
"US000","5","238222","18","0","2026","1","",29869,637045,639715,646373,15444076489,7946144102,224787497,1853,"",1.00,1.00,1.00,1.00,1.00,1.00,1.00,1.00,"",410,1.4,19157,3.1,19756,3.2,22512,3.6,1160238528,8.1,458911724,6.1,9084887,4.2,82,4.6
"US000","5","23829","17","0","2026","1","",12979,160416,161054,162854,4120116314,2052461384,50217308,1963,"",1.00,1.00,1.00,1.00,1.00,1.00,1.00,1.00,"",309,2.4,455,0.3,-588,-0.4,-765,-0.5,136836508,3.4,66685732,3.4,201332,0.4,69,3.6
"US000","5","238291","18","0","2026","1","",3413,16252,16338,16637,281676859,177656274,3565024,1320,"",1.00,1.00,1.00,1.00,1.00,1.00,1.00,1.00,"",182,5.6,153,1.0,284,1.8,408,2.5,15088977,5.7,10168747,6.1,-98546,-2.7,48,3.8
"US000","5","238292","18","0","2026","1","",9566,144164,144716,146217,3838439455,1874805110,46652284,2036,"",1.00,1.00,1.00,1.00,1.00,1.00,1.00,1.00,"",127,1.3,302,0.2,-872,-0.6,-1173,-0.8,121747531,3.3,56516985,3.1,299878,0.6,73,3.7
"US000","5","2383","16","0","2026","1","",136036,785311,786449,795874,12982597293,8199186757,222749449,1265,"",1.00,1.00,1.00,1.00,1.00,1.00,1.00,1.00,"",414,0.3,-13280,-1.7,-19897,-2.5,-21644,-2.6,117631099,0.9,18578363,0.2,2459567,1.1,39,3.2
"US000","5","23831","17","0","2026","1","",22022,235472,238192,240949,4260005291,2617324604,83190222,1376,"",1.00,1.00,1.00,1.00,1.00,1.00,1.00,1.00,"",122,0.6,-5054,-2.1,-6427,-2.6,-5101,-2.1,18254566,0.4,17016641,0.7,1967709,2.4,37,2.8
"US000","5","238311","18","0","2026","1","",15936,105686,106682,107518,1579031256,1068617606,22336771,1139,"",1.00,1.00,1.00,1.00,1.00,1.00,1.00,1.00,"",96,0.6,-6965,-6.2,-7446,-6.5,-6373,-5.6,-81175484,-4.9,-43662376,-3.9,-516013,-2.3,14,1.2
"US000","5","238312","18","0","2026","1","",6086,129786,131510,133431,2680974035,1548706998,60853451,1567,"",1.00,1.00,1.00,1.00,1.00,1.00,1.00,1.00,"",26,0.4,1911,1.5,1019,0.8,1272,1.0,99430050,3.9,60679017,4.1,2483722,4.3,42,2.8
"US000","5","23832","17","0","2026","1","",41294,183200,183485,187181,2663934975,1772313167,47173101,1110,"",1.00,1.00,1.00,1.00,1.00,1.00,1.00,1.00,"",113,0.3,-4784,-2.5,-6391,-3.4,-7046,-3.6,1847514,0.1,-20388794,-1.1,-543903,-1.1,36,3.4
"US000","5","238321","18","0","2026","1","",34678,113316,113690,115666,1421659325,1026673819,20892740,957,"",1.00,1.00,1.00,1.00,1.00,1.00,1.00,1.00,"",78,0.2,-4693,-4.0,-5345,-4.5,-5785,-4.8,-12717137,-0.9,-23148240,-2.2,-919783,-4.2,34,3.7
"US000","5","238322","18","0","2026","1","",6616,69884,69795,71515,1242275650,745639348,26280361,1357,"",1.00,1.00,1.00,1.00,1.00,1.00,1.00,1.00,"",35,0.5,-91,-0.1,-1046,-1.5,-1261,-1.7,14564651,1.2,2759446,0.4,375880,1.5,31,2.3
"US000","5","23833","17","0","2026","1","",19296,76264,76298,76642,1252291806,777223232,19619858,1261,"",1.00,1.00,1.00,1.00,1.00,1.00,1.00,1.00,"",104,0.5,-1955,-2.5,-2707,-3.4,-3097,-3.9,-15379351,-1.2,-12599886,-1.6,-323076,-1.6,26,2.1
"US000","5","238331","18","0","2026","1","",15829,48787,48904,49041,703688182,465243079,8620890,1107,"",1.00,1.00,1.00,1.00,1.00,1.00,1.00,1.00,"",77,0.5,-1925,-3.8,-2333,-4.6,-2615,-5.1,-16068400,-2.2,-12467001,-2.6,-441083,-4.9,26,2.4
"US000","5","238332","18","0","2026","1","",3467,27477,27394,27601,548603624,311980153,10998968,1535,"",1.00,1.00,1.00,1.00,1.00,1.00,1.00,1.00,"",27,0.8,-30,-0.1,-374,-1.3,-482,-1.7,689049,0.1,-132885,0.0,118007,1.1,18,1.2
"US000","5","23834","17","0","2026","1","",10085,50755,50766,50865,770237085,521371252,12576358,1166,"",1.00,1.00,1.00,1.00,1.00,1.00,1.00,1.00,"",-88,-0.9,-1457,-2.8,-1951,-3.7,-2427,-4.6,-10993309,-1.4,-4075347,-0.8,-20682,-0.2,27,2.4
"US000","5","238341","18","0","2026","1","",8900,38323,38365,38317,539983291,376104885,7045675,1084,"",1.00,1.00,1.00,1.00,1.00,1.00,1.00,1.00,"",-97,-1.1,-1716,-4.3,-2036,-5.0,-2352,-5.8,-16945189,-3.0,-10374652,-2.7,-343630,-4.7,23,2.2
"US000","5","238342","18","0","2026","1","",1185,12432,12401,12548,230253794,145266367,5530683,1421,"",1.00,1.00,1.00,1.00,1.00,1.00,1.00,1.00,"",9,0.8,259,2.1,85,0.7,-75,-0.6,5951880,2.7,6299305,4.5,322948,6.2,26,1.9
"US000","5","23835","17","0","2026","1","",32438,153299,152578,153012,2489972780,1610059607,35324747,1252,"",1.00,1.00,1.00,1.00,1.00,1.00,1.00,1.00,"",41,0.1,-2180,-1.4,-3787,-2.4,-3968,-2.5,12163690,0.5,11027346,0.7,146086,0.4,32,2.6
"US000","5","238351","18","0","2026","1","",28961,122212,121676,121893,1878936520,1242870133,22705267,1185,"",1.00,1.00,1.00,1.00,1.00,1.00,1.00,1.00,"",98,0.3,-2063,-1.7,-3278,-2.6,-3544,-2.8,14076949,0.8,11405283,0.9,-44371,-0.2,36,3.1
"US000","5","238352","18","0","2026","1","",3477,31087,30902,31119,611036260,367189474,12619480,1514,"",1.00,1.00,1.00,1.00,1.00,1.00,1.00,1.00,"",-57,-1.6,-117,-0.4,-509,-1.6,-424,-1.3,-1913259,-0.3,-377937,-0.1,190457,1.5,12,0.8
"US000","5","23839","17","0","2026","1","",10901,86321,85130,87225,1546155356,900894895,24865163,1379,"",1.00,1.00,1.00,1.00,1.00,1.00,1.00,1.00,"",122,1.1,2150,2.6,1366,1.6,-5,0.0,111737989,7.8,27598403,3.2,1233433,5.2,82,6.3
"US000","5","238391","18","0","2026","1","",6341,36825,36361,36861,574818068,370246337,7495102,1205,"",1.00,1.00,1.00,1.00,1.00,1.00,1.00,1.00,"",112,1.8,1198,3.4,647,1.8,285,0.8,33106387,6.1,20161490,5.8,649152,9.5,47,4.1
"US000","5","238392","18","0","2026","1","",4560,49496,48769,50364,971337288,530648558,17370061,1508,"",1.00,1.00,1.00,1.00,1.00,1.00,1.00,1.00,"",10,0.2,952,2.0,719,1.5,-290,-0.6,78631602,8.8,7436913,1.4,584281,3.5,109,7.8
"US000","5","2389","16","0","2026","1","",102060,753478,748322,769297,13684235390,8178282613,230344643,1390,"",1.00,1.00,1.00,1.00,1.00,1.00,1.00,1.00,"",2817,2.8,25433,3.5,16963,2.3,11351,1.5,803766114,6.2,380624167,4.9,7517807,3.4,49,3.7
"US000","5","23891","17","0","2026","1","",42523,398847,394793,402543,7325800125,4478507438,123347450,1413,"",1.00,1.00,1.00,1.00,1.00,1.00,1.00,1.00,"",858,2.1,15221,4.0,10916,2.8,7759,2.0,483394734,7.1,244503273,5.8,5027579,4.2,54,4.0
"US000","5","238911","18","0","2026","1","",24871,143923,141659,144384,2276356490,1557660888,35398915,1222,"",1.00,1.00,1.00,1.00,1.00,1.00,1.00,1.00,"",553,2.3,2959,2.1,1026,0.7,-8,0.0,99300126,4.6,53066054,3.5,984857,2.9,43,3.6
"US000","5","238912","18","0","2026","1","",17652,254924,253134,258159,5049443635,2920846550,87948535,1521,"",1.00,1.00,1.00,1.00,1.00,1.00,1.00,1.00,"",305,1.8,12262,5.1,9890,4.1,7767,3.1,384094608,8.2,191437219,7.0,4042722,4.8,59,4.0
"US000","5","23899","17","0","2026","1","",59537,354631,353529,366754,6358435265,3699775175,106997193,1365,"",1.00,1.00,1.00,1.00,1.00,1.00,1.00,1.00,"",1959,3.4,10212,3.0,6047,1.7,3592,1.0,320371380,5.3,136120894,3.8,2490228,2.4,44,3.3
"US000","5","238991","18","0","2026","1","",39842,170515,168543,174877,2578226936,1639800314,40840781,1158,"",1.00,1.00,1.00,1.00,1.00,1.00,1.00,1.00,"",1270,3.3,4395,2.6,1584,0.9,-478,-0.3,113423587,4.6,52442294,3.3,740124,1.8,39,3.5
"US000","5","238992","18","0","2026","1","",19695,184116,184986,191877,3780208329,2059974861,66156412,1555,"",1.00,1.00,1.00,1.00,1.00,1.00,1.00,1.00,"",689,3.6,5817,3.3,4463,2.5,4070,2.2,206947793,5.8,83678600,4.2,1750104,2.7,46,3.0
"US000","5","31-33","14","0","2026","1","",403603,12429876,12446288,12451170,310177681178,142333605947,2385688451,1918,"",1.00,1.00,1.00,1.00,1.00,1.00,1.00,1.00,"",5648,1.4,-138080,-1.1,-161611,-1.3,-159151,-1.3,13985762256,4.7,2082969719,1.5,70037961,3.0,109,6.0
"US000","5","311","15","0","2026","1","",43277,1759573,1757126,1755611,28808989390,18218971713,271710004,1261,"",1.00,1.00,1.00,1.00,1.00,1.00,1.00,1.00,"",908,2.1,-3469,-0.2,-9681,-0.5,-12244,-0.7,406600993,1.4,208204171,1.2,4141930,1.5,24,1.9
"US000","5","3111","16","0","2026","1","",3092,77335,77702,77583,1654606684,889934421,11439065,1641,"",1.00,1.00,1.00,1.00,1.00,1.00,1.00,1.00,"",149,5.1,1371,1.8,1647,2.2,1357,1.8,46533495,2.9,11371403,1.3,826697,7.8,15,0.9
"US000","5","31111","17","0","2026","1","",3092,77335,77702,77583,1654606684,889934421,11439065,1641,"",1.00,1.00,1.00,1.00,1.00,1.00,1.00,1.00,"",149,5.1,1371,1.8,1647,2.2,1357,1.8,46533495,2.9,11371403,1.3,826697,7.8,15,0.9
"US000","5","311111","18","0","2026","1","",1038,39471,39545,39454,888402825,453757403,6511813,1731,"",1.00,1.00,1.00,1.00,1.00,1.00,1.00,1.00,"",84,8.8,730,1.9,705,1.8,414,1.1,16091093,1.8,4688132,1.0,694127,11.9,5,0.3
"US000","5","311119","18","0","2026","1","",2054,37864,38157,38129,766203859,436177018,4927252,1549,"",1.00,1.00,1.00,1.00,1.00,1.00,1.00,1.00,"",65,3.3,641,1.7,942,2.5,943,2.5,30442402,4.1,6683271,1.6,132570,2.8,28,1.8
"US000","5","3112","16","0","2026","1","",1241,66192,66131,65828,1688430584,844244093,12231998,1966,"",1.00,1.00,1.00,1.00,1.00,1.00,1.00,1.00,"",12,1.0,-1532,-2.3,-1165,-1.7,-1684,-2.5,33321229,2.0,-18661380,-2.2,352465,3.0,80,4.2
"US000","5","31121","17","0","2026","1","",562,20790,20835,20712,418381142,236718297,3367093,1549,"",1.00,1.00,1.00,1.00,1.00,1.00,1.00,1.00,"",11,2.0,-583,-2.7,-500,-2.3,-589,-2.8,-8695787,-2.0,-7930334,-3.2,-47837,-1.4,9,0.6
"US000","5","311211","18","0","2026","1","",395,14292,14277,14220,308473279,179620899,2436500,1664,"",1.00,1.00,1.00,1.00,1.00,1.00,1.00,1.00,"",7,1.8,-712,-4.7,-632,-4.2,-673,-4.5,-10679764,-3.3,-7120847,-3.8,-103426,-4.1,20,1.2
"US000","5","311212","18","0","2026","1","",104,5449,5474,5423,87779954,39096541,716812,1239,"",1.00,1.00,1.00,1.00,1.00,1.00,1.00,1.00,"",1,1.0,175,3.3,132,2.5,112,2.1,3412302,4.0,-504831,-1.3,5808,0.8,17,1.4
"US000","5","311213","18","0","2026","1","",63,1049,1084,1069,22127909,18000857,213781,1595,"",1.00,1.00,1.00,1.00,1.00,1.00,1.00,1.00,"",3,5.0,-46,-4.2,0,0.0,-28,-2.6,-1428325,-6.1,-304656,-1.7,49781,30.4,-64,-3.9
"US000","5","31122","17","0","2026","1","",522,32593,32572,32416,977719347,430008463,6717486,2312,"",1.00,1.00,1.00,1.00,1.00,1.00,1.00,1.00,"",5,1.0,-471,-1.4,-132,-0.4,-476,-1.4,45433457,4.9,-13036166,-2.9,398407,6.3,131,6.0
"US000","5","311221","18","0","2026","1","",73,13758,13752,13797,551082837,205357035,3769746,3079,"",1.00,1.00,1.00,1.00,1.00,1.00,1.00,1.00,"",1,1.4,-84,-0.6,288,2.1,180,1.3,41730198,8.2,-10845170,-5.0,291592,8.4,207,7.2
"US000","5","311224","18","0","2026","1","",239,9615,9591,9496,226881813,120176406,1238940,1824,"",1.00,1.00,1.00,1.00,1.00,1.00,1.00,1.00,"",3,1.3,-500,-4.9,-516,-5.1,-644,-6.4,-2473189,-1.1,-6004178,-4.8,-56380,-4.4,81,4.6
"US000","5","311225","18","0","2026","1","",210,9220,9229,9123,199754697,104475022,1708800,1672,"",1.00,1.00,1.00,1.00,1.00,1.00,1.00,1.00,"",1,0.5,113,1.2,96,1.1,-12,-0.1,6176448,3.2,3813182,3.8,163195,10.6,40,2.5
"US000","5","31123","17","0","2026","1","",157,12809,12724,12700,292330095,177517333,2147419,1764,"",1.00,1.00,1.00,1.00,1.00,1.00,1.00,1.00,"",-4,-2.5,-478,-3.6,-533,-4.0,-619,-4.6,-3416441,-1.2,2305120,1.3,1895,0.1,52,3.0
"US000","5","311230","18","0","2026","1","",157,12809,12724,12700,292330095,177517333,2147419,1764,"",1.00,1.00,1.00,1.00,1.00,1.00,1.00,1.00,"",-4,-2.5,-478,-3.6,-533,-4.0,-619,-4.6,-3416441,-1.2,2305120,1.3,1895,0.1,52,3.0
"US000","5","3113","16","0","2026","1","",2400,82497,82017,81324,1476250166,832536194,20064625,1386,"",1.00,1.00,1.00,1.00,1.00,1.00,1.00,1.00,"",10,0.4,62,0.1,-194,-0.2,-205,-0.3,10844999,0.7,13225070,1.6,-595483,-2.9,12,0.9
"US000","5","31131","17","0","2026","1","",119,13850,13298,13333,289968813,170875221,4344594,1653,"",1.00,1.00,1.00,1.00,1.00,1.00,1.00,1.00,"",5,4.4,-244,-1.7,-479,-3.5,-378,-2.8,2174648,0.8,2764031,1.6,59140,1.4,56,3.5
"US000","5","311313","18","0","2026","1","",35,6829,6753,6700,130723780,111608580,2606495,1487,"",1.00,1.00,1.00,1.00,1.00,1.00,1.00,1.00,"",2,6.1,-148,-2.1,-305,-4.3,-291,-4.2,238895,0.2,2382526,2.2,-106017,-3.9,55,3.8
"US000","5","311314","18","0","2026","1","",84,7021,6545,6633,159245033,59266641,1738099,1819,"",1.00,1.00,1.00,1.00,1.00,1.00,1.00,1.00,"",3,3.7,-96,-1.3,-174,-2.6,-87,-1.3,1935753,1.2,381505,0.6,165157,10.5,53,3.0
"US000","5","31134","17","0","2026","1","",739,27669,27508,27602,511559223,294824382,6979292,1426,"",1.00,1.00,1.00,1.00,1.00,1.00,1.00,1.00,"",2,0.3,282,1.0,25,0.1,101,0.4,-19581816,-3.7,5088809,1.8,-521356,-7.0,-62,-4.2
"US000","5","311340","18","0","2026","1","",739,27669,27508,27602,511559223,294824382,6979292,1426,"",1.00,1.00,1.00,1.00,1.00,1.00,1.00,1.00,"",2,0.3,282,1.0,25,0.1,101,0.4,-19581816,-3.7,5088809,1.8,-521356,-7.0,-62,-4.2
"US000","5","31135","17","0","2026","1","",1542,40978,41211,40389,674722130,366836591,8740739,1270,"",1.00,1.00,1.00,1.00,1.00,1.00,1.00,1.00,"",3,0.2,24,0.1,260,0.6,72,0.2,28252167,4.4,5372230,1.5,-133267,-1.5,49,4.0
"US000","5","311351","18","0","2026","1","",355,9522,9494,9591,215906865,98149497,2482358,1742,"",1.00,1.00,1.00,1.00,1.00,1.00,1.00,1.00,"",-5,-1.4,66,0.7,23,0.2,225,2.4,13230968,6.5,2000159,2.1,1042,0.0,89,5.4
"US000","5","311352","18","0","2026","1","",1187,31456,31717,30798,458815265,268687094,6258381,1127,"",1.00,1.00,1.00,1.00,1.00,1.00,1.00,1.00,"",8,0.7,-42,-0.1,237,0.8,-153,-0.5,15021199,3.4,3372071,1.3,-134309,-2.1,37,3.4
"US000","5","3114","16","0","2026","1","",2940,164679,164704,165351,2817573091,1789357633,36829239,1314,"",1.00,1.00,1.00,1.00,1.00,1.00,1.00,1.00,"",20,0.7,-1994,-1.2,-1915,-1.1,-2635,-1.6,19963266,0.7,16231138,0.9,-255079,-0.7,26,2.0
"US000","5","31141","17","0","2026","1","",1274,92409,92357,92388,1466217837,1007888466,18094807,1221,"",1.00,1.00,1.00,1.00,1.00,1.00,1.00,1.00,"",22,1.8,-1349,-1.4,-1155,-1.2,-1806,-1.9,-18671465,-1.3,348473,0.0,64323,0.4,4,0.3
"US000","5","311411","18","0","2026","1","",367,26597,26578,26711,441788670,333502478,6778220,1276,"",1.00,1.00,1.00,1.00,1.00,1.00,1.00,1.00,"",0,0.0,-629,-2.3,-144,-0.5,-735,-2.7,-15628500,-3.4,-3504959,-1.0,-210108,-3.0,-21,-1.6
"US000","5","311412","18","0","2026","1","",907,65812,65779,65677,1024429167,674385988,11316587,1198,"",1.00,1.00,1.00,1.00,1.00,1.00,1.00,1.00,"",22,2.5,-720,-1.1,-1011,-1.5,-1071,-1.6,-3042965,-0.3,3853432,0.6,274431,2.5,13,1.1
"US000","5","31142","17","0","2026","1","",1666,72270,72347,72963,1351355254,781469167,18734432,1433,"",1.00,1.00,1.00,1.00,1.00,1.00,1.00,1.00,"",-2,-0.1,-645,-0.9,-760,-1.0,-829,-1.1,38634731,2.9,15882665,2.1,-319402,-1.7,55,4.0
"US000","5","311421","18","0","2026","1","",1124,47273,47488,47988,896488583,494035532,12958679,1449,"",1.00,1.00,1.00,1.00,1.00,1.00,1.00,1.00,"",-12,-1.1,-1010,-2.1,-998,-2.1,-1415,-2.9,16680717,1.9,4808983,1.0,-46082,-0.4,60,4.3
"US000","5","311422","18","0","2026","1","",164,12011,12029,12017,242082788,132507091,2383373,1549,"",1.00,1.00,1.00,1.00,1.00,1.00,1.00,1.00,"",-1,-0.6,50,0.4,57,0.5,100,0.8,11778445,5.1,2451596,1.9,-177252,-6.9,67,4.5
"US000","5","311423","18","0","2026","1","",378,12986,12830,12958,212783883,154926544,3392380,1266,"",1.00,1.00,1.00,1.00,1.00,1.00,1.00,1.00,"",11,3.0,315,2.5,181,1.4,486,3.9,10175569,5.0,8622086,5.9,-96068,-2.8,29,2.3
"US000","5","3115","16","0","2026","1","",2800,168296,168521,169246,3541177527,1973726001,30443561,1615,"",1.00,1.00,1.00,1.00,1.00,1.00,1.00,1.00,"",2,0.1,1732,1.0,1991,1.2,2000,1.2,82398976,2.4,76677581,4.0,1105739,3.8,20,1.3
"US000","5","31151","17","0","2026","1","",1800,143710,143784,143829,3155970947,1729288971,25489515,1689,"",1.00,1.00,1.00,1.00,1.00,1.00,1.00,1.00,"",-14,-0.8,444,0.3,706,0.5,809,0.6,61316013,2.0,68281534,4.1,888929,3.6,26,1.6
"US000","5","311511","18","0","2026","1","",728,57283,57291,57362,1296620083,672212512,10925769,1740,"",1.00,1.00,1.00,1.00,1.00,1.00,1.00,1.00,"",-5,-0.7,1014,1.8,1099,2.0,1068,1.9,39663276,3.2,47857453,7.7,406878,3.9,21,1.2
"US000","5","311512","18","0","2026","1","",59,3912,3920,3908,77929906,42364364,696798,1532,"",1.00,1.00,1.00,1.00,1.00,1.00,1.00,1.00,"",-6,-9.2,201,5.4,173,4.6,106,2.8,2795854,3.7,3086583,7.9,133236,23.6,-8,-0.5
"US000","5","311513","18","0","2026","1","",724,62475,62473,62372,1247431979,786738052,9940192,1537,"",1.00,1.00,1.00,1.00,1.00,1.00,1.00,1.00,"",-3,-0.4,-61,-0.1,70,0.1,242,0.4,30909729,2.5,15525993,2.0,228579,2.4,36,2.4
"US000","5","311514","18","0","2026","1","",289,20040,20100,20187,533988979,227974043,3926756,2043,"",1.00,1.00,1.00,1.00,1.00,1.00,1.00,1.00,"",0,0.0,-710,-3.4,-636,-3.1,-607,-2.9,-12052846,-2.2,1811505,0.8,120236,3.2,20,1.0
"US000","5","31152","17","0","2026","1","",1000,24586,24737,25417,385206580,244437030,4954046,1189,"",1.00,1.00,1.00,1.00,1.00,1.00,1.00,1.00,"",16,1.6,1288,5.5,1285,5.5,1191,4.9,21082963,5.8,8396047,3.6,216810,4.6,5,0.4
"US000","5","311520","18","0","2026","1","",1000,24586,24737,25417,385206580,244437030,4954046,1189,"",1.00,1.00,1.00,1.00,1.00,1.00,1.00,1.00,"",16,1.6,1288,5.5,1285,5.5,1191,4.9,21082963,5.8,8396047,3.6,216810,4.6,5,0.4
"US000","5","3116","16","0","2026","1","",4715,555402,551907,550550,7944546925,5681649292,51188451,1106,"",1.00,1.00,1.00,1.00,1.00,1.00,1.00,1.00,"",36,0.8,-1695,-0.3,-7022,-1.3,-6529,-1.2,137130013,1.8,27831232,0.5,959948,1.9,29,2.7
"US000","5","31161","17","0","2026","1","",4715,555402,551907,550550,7944546925,5681649292,51188451,1106,"",1.00,1.00,1.00,1.00,1.00,1.00,1.00,1.00,"",36,0.8,-1695,-0.3,-7022,-1.3,-6529,-1.2,137130013,1.8,27831232,0.5,959948,1.9,29,2.7
"US000","5","311611","18","0","2026","1","",1648,146888,143902,143126,2158050685,1665111497,13352950,1148,"",1.00,1.00,1.00,1.00,1.00,1.00,1.00,1.00,"",-21,-1.3,445,0.3,-2599,-1.8,-3048,-2.1,26851190,1.3,-3994286,-0.2,521295,4.1,28,2.5
"US000","5","311612","18","0","2026","1","",2006,151707,151317,150387,2353184765,1661070969,21381311,1198,"",1.00,1.00,1.00,1.00,1.00,1.00,1.00,1.00,"",41,2.1,-1994,-1.3,-2723,-1.8,-3225,-2.1,21127223,0.9,-22535958,-1.3,-240021,-1.1,32,2.7
"US000","5","311613","18","0","2026","1","",215,7214,7121,7055,175601688,82397110,1051264,1895,"",1.00,1.00,1.00,1.00,1.00,1.00,1.00,1.00,"",-4,-1.8,-307,-4.1,-379,-5.1,-418,-5.6,28170575,19.1,-4495523,-5.2,8147,0.8,382,25.2
"US000","5","311615","18","0","2026","1","",846,249593,249567,249982,3257709787,2273069716,15402926,1004,"",1.00,1.00,1.00,1.00,1.00,1.00,1.00,1.00,"",20,2.4,161,0.1,-1321,-0.5,162,0.1,60981025,1.9,58856999,2.7,670527,4.6,21,2.1
"US000","5","3117","16","0","2026","1","",833,30918,32183,31999,514332114,403019192,8711182,1248,"",1.00,1.00,1.00,1.00,1.00,1.00,1.00,1.00,"",-6,-0.7,941,3.1,626,2.0,383,1.2,4074612,0.8,8950617,2.3,575026,7.1,-16,-1.3
"US000","5","31171","17","0","2026","1","",833,30918,32183,31999,514332114,403019192,8711182,1248,"",1.00,1.00,1.00,1.00,1.00,1.00,1.00,1.00,"",-6,-0.7,941,3.1,626,2.0,383,1.2,4074612,0.8,8950617,2.3,575026,7.1,-16,-1.3
"US000","5","311710","18","0","2026","1","",833,30918,32183,31999,514332114,403019192,8711182,1248,"",1.00,1.00,1.00,1.00,1.00,1.00,1.00,1.00,"",-6,-0.7,941,3.1,626,2.0,383,1.2,4074612,0.8,8950617,2.3,575026,7.1,-16,-1.3
"US000","5","3118","16","0","2026","1","",16107,343313,343171,342916,4318930553,3000514616,48992106,968,"",1.00,1.00,1.00,1.00,1.00,1.00,1.00,1.00,"",283,1.8,-2545,-0.7,-2765,-0.8,-4414,-1.3,-24473429,-0.6,20637725,0.7,450382,0.9,3,0.3
"US000","5","31181","17","0","2026","1","",14333,269692,269467,269589,3151603445,2248042909,35773271,899,"",1.00,1.00,1.00,1.00,1.00,1.00,1.00,1.00,"",292,2.1,1059,0.4,599,0.2,-891,-0.3,-4783989,-0.2,43715613,2.0,201079,0.6,-3,-0.3
"US000","5","311811","18","0","2026","1","",9853,106161,105908,106080,798043379,667937938,10583263,579,"",1.00,1.00,1.00,1.00,1.00,1.00,1.00,1.00,"",310,3.2,1732,1.7,1612,1.5,1092,1.0,26007991,3.4,20227786,3.1,-196213,-1.8,11,1.9
"US000","5","311812","18","0","2026","1","",4171,149477,149521,149613,2133069262,1443754712,22733458,1097,"",1.00,1.00,1.00,1.00,1.00,1.00,1.00,1.00,"",-24,-0.6,-388,-0.3,-689,-0.5,-1578,-1.0,-29964065,-1.4,20173712,1.4,94663,0.4,-9,-0.8
"US000","5","311813","18","0","2026","1","",309,14054,14038,13896,220490804,136350259,2456550,1212,"",1.00,1.00,1.00,1.00,1.00,1.00,1.00,1.00,"",6,2.0,-285,-2.0,-324,-2.3,-405,-2.8,-827915,-0.4,3314115,2.5,302629,14.1,24,2.0
"US000","5","31182","17","0","2026","1","",1259,53583,53591,53300,905194455,584604419,10994113,1302,"",1.00,1.00,1.00,1.00,1.00,1.00,1.00,1.00,"",-10,-0.8,-3350,-5.9,-3250,-5.7,-3200,-5.7,-20209987,-2.2,-17184261,-2.9,144311,1.3,48,3.8
"US000","5","311821","18","0","2026","1","",720,33650,33702,33449,532833555,361706368,6938722,1220,"",1.00,1.00,1.00,1.00,1.00,1.00,1.00,1.00,"",-29,-3.9,-1954,-5.5,-1754,-4.9,-1706,-4.9,5441108,1.0,-4242106,-1.2,273150,4.1,74,6.5
"US000","5","311824","18","0","2026","1","",539,19933,19889,19851,372360900,222898051,4055391,1440,"",1.00,1.00,1.00,1.00,1.00,1.00,1.00,1.00,"",19,3.7,-1396,-6.5,-1496,-7.0,-1494,-7.0,-25651095,-6.4,-12942155,-5.5,-128839,-3.1,6,0.4
"US000","5","31183","17","0","2026","1","",515,20038,20113,20027,262132653,167867288,2224722,1005,"",1.00,1.00,1.00,1.00,1.00,1.00,1.00,1.00,"",1,0.2,-254,-1.3,-114,-0.6,-323,-1.6,520547,0.2,-5893627,-3.4,104992,5.0,13,1.3
"US000","5","311830","18","0","2026","1","",515,20038,20113,20027,262132653,167867288,2224722,1005,"",1.00,1.00,1.00,1.00,1.00,1.00,1.00,1.00,"",1,0.2,-254,-1.3,-114,-0.6,-323,-1.6,520547,0.2,-5893627,-3.4,104992,5.0,13,1.3
"US000","5","3119","16","0","2026","1","",9149,270941,270790,270814,4853141746,2803990271,51809777,1378,"",1.00,1.00,1.00,1.00,1.00,1.00,1.00,1.00,"",402,4.6,191,0.1,-884,-0.3,-517,-0.2,96807832,2.0,51940785,1.9,722235,1.4,29,2.1
"US000","5","31191","17","0","2026","1","",1266,65264,65138,64923,1119799809,646511617,12510088,1323,"",1.00,1.00,1.00,1.00,1.00,1.00,1.00,1.00,"",60,5.0,-1302,-2.0,-1587,-2.4,-1779,-2.7,26476783,2.4,7653220,1.2,-249654,-2.0,61,4.8
"US000","5","311911","18","0","2026","1","",371,17122,16988,16916,287884272,162231060,4329937,1302,"",1.00,1.00,1.00,1.00,1.00,1.00,1.00,1.00,"",22,6.3,853,5.2,687,4.2,558,3.4,28333490,10.9,16665047,11.4,145985,3.5,78,6.4
"US000","5","311919","18","0","2026","1","",895,48142,48150,48007,831915537,484280557,8180151,1330,"",1.00,1.00,1.00,1.00,1.00,1.00,1.00,1.00,"",38,4.4,-2155,-4.3,-2274,-4.5,-2337,-4.6,-1856707,-0.2,-9011827,-1.8,-395639,-4.6,56,4.4
"US000","5","31192","17","0","2026","1","",1865,29261,29075,29116,491283716,293888674,4917499,1296,"",1.00,1.00,1.00,1.00,1.00,1.00,1.00,1.00,"",80,4.5,162,0.6,-12,0.0,7,0.0,20906996,4.4,6438105,2.2,-46347,-0.9,53,4.3
"US000","5","311920","18","0","2026","1","",1865,29261,29075,29116,491283716,293888674,4917499,1296,"",1.00,1.00,1.00,1.00,1.00,1.00,1.00,1.00,"",80,4.5,162,0.6,-12,0.0,7,0.0,20906996,4.4,6438105,2.2,-46347,-0.9,53,4.3
"US000","5","31193","17","0","2026","1","",356,10725,10772,10855,349612617,122674219,2321999,2494,"",1.00,1.00,1.00,1.00,1.00,1.00,1.00,1.00,"",9,2.6,802,8.1,778,7.8,860,8.6,33778766,10.7,21122046,20.8,205082,9.7,57,2.3
"US000","5","311930","18","0","2026","1","",356,10725,10772,10855,349612617,122674219,2321999,2494,"",1.00,1.00,1.00,1.00,1.00,1.00,1.00,1.00,"",9,2.6,802,8.1,778,7.8,860,8.6,33778766,10.7,21122046,20.8,205082,9.7,57,2.3
"US000","5","31194","17","0","2026","1","",1257,50491,50408,50258,1025145943,549523298,10260469,1565,"",1.00,1.00,1.00,1.00,1.00,1.00,1.00,1.00,"",23,1.9,-1235,-2.4,-1369,-2.6,-1537,-3.0,-36018449,-3.4,-13856563,-2.5,-585905,-5.4,-12,-0.8
"US000","5","311941","18","0","2026","1","",506,21729,21666,21604,422195444,225286613,4497466,1499,"",1.00,1.00,1.00,1.00,1.00,1.00,1.00,1.00,"",12,2.4,-469,-2.1,-575,-2.6,-688,-3.1,8108757,2.0,2001544,0.9,300418,7.2,67,4.7
"US000","5","311942","18","0","2026","1","",751,28762,28742,28654,602950499,324236685,5763003,1615,"",1.00,1.00,1.00,1.00,1.00,1.00,1.00,1.00,"",11,1.5,-766,-2.6,-794,-2.7,-849,-2.9,-44127206,-6.8,-15858107,-4.7,-886323,-13.3,-71,-4.2
"US000","5","31199","17","0","2026","1","",4405,115200,115397,115662,1867299661,1191392463,21799722,1244,"",1.00,1.00,1.00,1.00,1.00,1.00,1.00,1.00,"",230,5.5,1764,1.6,1306,1.1,1932,1.7,51663736,2.8,30583977,2.6,1399059,6.9,16,1.3
"US000","5","311991","18","0","2026","1","",2001,70950,71247,71459,1026875442,686353540,13459719,1109,"",1.00,1.00,1.00,1.00,1.00,1.00,1.00,1.00,"",75,3.9,1306,1.9,1202,1.7,1669,2.4,63927078,6.6,21883050,3.3,946390,7.6,48,4.5
"US000","5","311999","18","0","2026","1","",2404,44250,44150,44203,840424219,505038923,8340003,1463,"",1.00,1.00,1.00,1.00,1.00,1.00,1.00,1.00,"",155,6.9,458,1.0,104,0.2,263,0.6,-12263342,-1.4,8700927,1.8,452669,5.7,-30,-2.0
"US000","5","312","15","0","2026","1","",16709,306224,306613,309380,5266757394,2777333765,54908240,1318,"",1.00,1.00,1.00,1.00,1.00,1.00,1.00,1.00,"",-21,-0.1,-10320,-3.3,-10497,-3.3,-10592,-3.3,-146436228,-2.7,-17225629,-0.6,452601,0.8,8,0.6
"US000","5","3121","16","0","2026","1","",16301,294530,295081,298035,4934818138,2628233524,52806472,1283,"",1.00,1.00,1.00,1.00,1.00,1.00,1.00,1.00,"",-8,0.0,-10651,-3.5,-10703,-3.5,-10775,-3.5,-150075979,-3.0,-45893945,-1.7,267716,0.5,7,0.5
"US000","5","31211","17","0","2026","1","",2838,107534,107701,108171,2207745208,1149298831,21741705,1575,"",1.00,1.00,1.00,1.00,1.00,1.00,1.00,1.00,"",73,2.6,-2527,-2.3,-2563,-2.3,-2297,-2.1,-39478971,-1.8,4435829,0.4,1330768,6.5,7,0.4
"US000","5","312111","18","0","2026","1","",1506,81025,81173,81293,1697154925,881537391,15674277,1608,"",1.00,1.00,1.00,1.00,1.00,1.00,1.00,1.00,"",89,6.3,-1092,-1.3,-1213,-1.5,-1085,-1.3,8793226,0.5,12150259,1.4,1175365,8.1,30,1.9
"US000","5","312112","18","0","2026","1","",776,20401,20451,20556,427012957,214756064,4898406,1605,"",1.00,1.00,1.00,1.00,1.00,1.00,1.00,1.00,"",-19,-2.4,-1225,-5.7,-1173,-5.4,-1049,-4.9,-46144944,-9.8,-7316993,-3.3,126982,2.7,-79,-4.7
"US000","5","312113","18","0","2026","1","",556,6108,6077,6322,83577326,53005376,1169022,1042,"",1.00,1.00,1.00,1.00,1.00,1.00,1.00,1.00,"",3,0.5,-210,-3.3,-177,-2.8,-163,-2.5,-2127253,-2.5,-397437,-0.7,28421,2.5,4,0.4
"US000","5","31212","17","0","2026","1","",5775,97539,96650,98115,1327861670,795201180,13228854,1048,"",1.00,1.00,1.00,1.00,1.00,1.00,1.00,1.00,"",-140,-2.4,-4221,-4.1,-3913,-3.9,-4120,-4.0,-54440756,-3.9,-22012585,-2.7,-437214,-3.2,1,0.1
"US000","5","312120","18","0","2026","1","",5775,97539,96650,98115,1327861670,795201180,13228854,1048,"",1.00,1.00,1.00,1.00,1.00,1.00,1.00,1.00,"",-140,-2.4,-4221,-4.1,-3913,-3.9,-4120,-4.0,-54440756,-3.9,-22012585,-2.7,-437214,-3.2,1,0.1
"US000","5","31213","17","0","2026","1","",5787,64483,65902,66880,965796637,451373687,13491347,1130,"",1.00,1.00,1.00,1.00,1.00,1.00,1.00,1.00,"",41,0.7,-3383,-5.0,-3530,-5.1,-3553,-5.0,-49315558,-4.9,-23003930,-4.8,-627192,-4.4,2,0.2
"US000","5","312130","18","0","2026","1","",5787,64483,65902,66880,965796637,451373687,13491347,1130,"",1.00,1.00,1.00,1.00,1.00,1.00,1.00,1.00,"",41,0.7,-3383,-5.0,-3530,-5.1,-3553,-5.0,-49315558,-4.9,-23003930,-4.8,-627192,-4.4,2,0.2
"US000","5","31214","17","0","2026","1","",1901,24974,24828,24869,433414623,232359826,4344566,1339,"",1.00,1.00,1.00,1.00,1.00,1.00,1.00,1.00,"",18,1.0,-520,-2.0,-697,-2.7,-805,-3.1,-6840694,-1.6,-5313259,-2.2,1354,0.0,14,1.1
"US000","5","312140","18","0","2026","1","",1901,24974,24828,24869,433414623,232359826,4344566,1339,"",1.00,1.00,1.00,1.00,1.00,1.00,1.00,1.00,"",18,1.0,-520,-2.0,-697,-2.7,-805,-3.1,-6840694,-1.6,-5313259,-2.2,1354,0.0,14,1.1
"US000","5","3122","16","0","2026","1","",408,11694,11532,11345,331939256,149100241,2101768,2216,"",1.00,1.00,1.00,1.00,1.00,1.00,1.00,1.00,"",-13,-3.1,331,2.9,206,1.8,183,1.6,3639751,1.1,28668316,23.8,184885,9.6,-22,-1.0
"US000","5","31223","17","0","2026","1","",408,11694,11532,11345,331939256,149100241,2101768,2216,"",1.00,1.00,1.00,1.00,1.00,1.00,1.00,1.00,"",-13,-3.1,331,2.9,206,1.8,183,1.6,3639751,1.1,28668316,23.8,184885,9.6,-22,-1.0
"US000","5","312230","18","0","2026","1","",408,11694,11532,11345,331939256,149100241,2101768,2216,"",1.00,1.00,1.00,1.00,1.00,1.00,1.00,1.00,"",-13,-3.1,331,2.9,206,1.8,183,1.6,3639751,1.1,28668316,23.8,184885,9.6,-22,-1.0
"US000","5","313","15","0","2026","1","",2610,79891,79835,79595,1254397683,830143965,10841556,1210,"",1.00,1.00,1.00,1.00,1.00,1.00,1.00,1.00,"",-31,-1.2,-2709,-3.3,-2472,-3.0,-2746,-3.3,-41123068,-3.2,11624629,1.4,-262822,-2.4,1,0.1
"US000","5","3131","16","0","2026","1","",390,19047,19052,18928,245709144,171664993,1828994,994,"",1.00,1.00,1.00,1.00,1.00,1.00,1.00,1.00,"",8,2.1,-1014,-5.1,-947,-4.7,-1083,-5.4,-13900186,-5.4,4117984,2.5,236612,14.9,-3,-0.3
"US000","5","31311","17","0","2026","1","",390,19047,19052,18928,245709144,171664993,1828994,994,"",1.00,1.00,1.00,1.00,1.00,1.00,1.00,1.00,"",8,2.1,-1014,-5.1,-947,-4.7,-1083,-5.4,-13900186,-5.4,4117984,2.5,236612,14.9,-3,-0.3
"US000","5","313110","18","0","2026","1","",390,19047,19052,18928,245709144,171664993,1828994,994,"",1.00,1.00,1.00,1.00,1.00,1.00,1.00,1.00,"",8,2.1,-1014,-5.1,-947,-4.7,-1083,-5.4,-13900186,-5.4,4117984,2.5,236612,14.9,-3,-0.3
"US000","5","3132","16","0","2026","1","",1016,40996,40964,40882,675689812,449901615,5321330,1269,"",1.00,1.00,1.00,1.00,1.00,1.00,1.00,1.00,"",-24,-2.3,-448,-1.1,-341,-0.8,-402,-1.0,-9337176,-1.4,9559068,2.2,-449916,-7.8,-6,-0.5
"US000","5","31321","17","0","2026","1","",357,17483,17515,17510,264895736,178014155,2178749,1164,"",1.00,1.00,1.00,1.00,1.00,1.00,1.00,1.00,"",-2,-0.6,-237,-1.3,-179,-1.0,-183,-1.0,-4648245,-1.7,1246317,0.7,-270462,-11.0,-7,-0.6
"US000","5","313210","18","0","2026","1","",357,17483,17515,17510,264895736,178014155,2178749,1164,"",1.00,1.00,1.00,1.00,1.00,1.00,1.00,1.00,"",-2,-0.6,-237,-1.3,-179,-1.0,-183,-1.0,-4648245,-1.7,1246317,0.7,-270462,-11.0,-7,-0.6
"US000","5","31322","17","0","2026","1","",225,4460,4437,4409,60951905,44882498,550374,1057,"",1.00,1.00,1.00,1.00,1.00,1.00,1.00,1.00,"",-9,-3.8,-413,-8.5,-401,-8.3,-432,-8.9,-6461071,-9.6,-3405016,-7.1,-66865,-10.8,-12,-1.1
"US000","5","313220","18","0","2026","1","",225,4460,4437,4409,60951905,44882498,550374,1057,"",1.00,1.00,1.00,1.00,1.00,1.00,1.00,1.00,"",-9,-3.8,-413,-8.5,-401,-8.3,-432,-8.9,-6461071,-9.6,-3405016,-7.1,-66865,-10.8,-12,-1.1
"US000","5","31323","17","0","2026","1","",307,14827,14817,14785,290966700,181875639,1885883,1511,"",1.00,1.00,1.00,1.00,1.00,1.00,1.00,1.00,"",-7,-2.2,96,0.7,172,1.2,145,1.0,-760605,-0.3,9160110,5.3,-16436,-0.9,-18,-1.2
"US000","5","313230","18","0","2026","1","",307,14827,14817,14785,290966700,181875639,1885883,1511,"",1.00,1.00,1.00,1.00,1.00,1.00,1.00,1.00,"",-7,-2.2,96,0.7,172,1.2,145,1.0,-760605,-0.3,9160110,5.3,-16436,-0.9,-18,-1.2
"US000","5","31324","17","0","2026","1","",127,4226,4195,4178,58875471,45129323,706324,1078,"",1.00,1.00,1.00,1.00,1.00,1.00,1.00,1.00,"",-6,-4.5,106,2.6,67,1.6,68,1.7,2532745,4.5,2557657,6.0,-96153,-12.0,26,2.5
"US000","5","313240","18","0","2026","1","",127,4226,4195,4178,58875471,45129323,706324,1078,"",1.00,1.00,1.00,1.00,1.00,1.00,1.00,1.00,"",-6,-4.5,106,2.6,67,1.6,68,1.7,2532745,4.5,2557657,6.0,-96153,-12.0,26,2.5
"US000","5","3133","16","0","2026","1","",1204,19848,19819,19785,332998727,208577357,3691232,1293,"",1.00,1.00,1.00,1.00,1.00,1.00,1.00,1.00,"",-15,-1.2,-1247,-5.9,-1184,-5.6,-1261,-6.0,-17885706,-5.1,-2052423,-1.0,-49518,-1.3,11,0.9
"US000","5","31331","17","0","2026","1","",998,14223,14136,14071,218235947,143127736,2137652,1187,"",1.00,1.00,1.00,1.00,1.00,1.00,1.00,1.00,"",-16,-1.6,-1083,-7.1,-1128,-7.4,-1222,-8.0,-12666034,-5.5,-1323908,-0.9,-150747,-6.6,25,2.2
"US000","5","313310","18","0","2026","1","",998,14223,14136,14071,218235947,143127736,2137652,1187,"",1.00,1.00,1.00,1.00,1.00,1.00,1.00,1.00,"",-16,-1.6,-1083,-7.1,-1128,-7.4,-1222,-8.0,-12666034,-5.5,-1323908,-0.9,-150747,-6.6,25,2.2
"US000","5","31332","17","0","2026","1","",206,5625,5683,5714,114762780,65449621,1553580,1556,"",1.00,1.00,1.00,1.00,1.00,1.00,1.00,1.00,"",1,0.5,-164,-2.8,-56,-1.0,-39,-0.7,-5219672,-4.4,-728515,-1.1,101229,7.0,-46,-2.9
"US000","5","313320","18","0","2026","1","",206,5625,5683,5714,114762780,65449621,1553580,1556,"",1.00,1.00,1.00,1.00,1.00,1.00,1.00,1.00,"",1,0.5,-164,-2.8,-56,-1.0,-39,-0.7,-5219672,-4.4,-728515,-1.1,101229,7.0,-46,-2.9
"US000","5","314","15","0","2026","1","",6093,90186,89703,89573,1322214387,824014677,10098268,1132,"",1.00,1.00,1.00,1.00,1.00,1.00,1.00,1.00,"",-62,-1.0,-3830,-4.1,-4429,-4.7,-4647,-4.9,-18897103,-1.4,-18203946,-2.2,-942095,-8.5,36,3.3
"US000","5","3141","16","0","2026","1","",1452,36340,36178,36029,601877469,324065823,3156760,1280,"",1.00,1.00,1.00,1.00,1.00,1.00,1.00,1.00,"",-44,-2.9,-1677,-4.4,-1865,-4.9,-1883,-5.0,-10247311,-1.7,-12080166,-3.6,-729197,-18.8,41,3.3
"US000","5","31411","17","0","2026","1","",433,24548,24332,24291,451497577,216873115,1543060,1424,"",1.00,1.00,1.00,1.00,1.00,1.00,1.00,1.00,"",-8,-1.8,-597,-2.4,-958,-3.8,-976,-3.9,-2702584,-0.6,-5910108,-2.7,-534959,-25.7,39,2.8
"US000","5","314110","18","0","2026","1","",433,24548,24332,24291,451497577,216873115,1543060,1424,"",1.00,1.00,1.00,1.00,1.00,1.00,1.00,1.00,"",-8,-1.8,-597,-2.4,-958,-3.8,-976,-3.9,-2702584,-0.6,-5910108,-2.7,-534959,-25.7,39,2.8
"US000","5","31412","17","0","2026","1","",1019,11792,11846,11738,150379892,107192708,1613700,981,"",1.00,1.00,1.00,1.00,1.00,1.00,1.00,1.00,"",-36,-3.4,-1080,-8.4,-907,-7.1,-907,-7.2,-7544727,-4.8,-6170058,-5.4,-194238,-10.7,29,3.0
"US000","5","314120","18","0","2026","1","",1019,11792,11846,11738,150379892,107192708,1613700,981,"",1.00,1.00,1.00,1.00,1.00,1.00,1.00,1.00,"",-36,-3.4,-1080,-8.4,-907,-7.1,-907,-7.2,-7544727,-4.8,-6170058,-5.4,-194238,-10.7,29,3.0
"US000","5","3149","16","0","2026","1","",4641,53846,53525,53544,720336918,499948854,6941508,1033,"",1.00,1.00,1.00,1.00,1.00,1.00,1.00,1.00,"",-18,-0.4,-2153,-3.8,-2564,-4.6,-2764,-4.9,-8649792,-1.2,-6123780,-1.2,-212898,-3.0,34,3.4
"US000","5","31491","17","0","2026","1","",1569,21178,21043,20979,285019746,201420623,3217811,1041,"",1.00,1.00,1.00,1.00,1.00,1.00,1.00,1.00,"",-3,-0.2,-1002,-4.5,-1203,-5.4,-1505,-6.7,-9350691,-3.2,-6664608,-3.2,-312026,-8.8,26,2.6
"US000","5","314910","18","0","2026","1","",1569,21178,21043,20979,285019746,201420623,3217811,1041,"",1.00,1.00,1.00,1.00,1.00,1.00,1.00,1.00,"",-3,-0.2,-1002,-4.5,-1203,-5.4,-1505,-6.7,-9350691,-3.2,-6664608,-3.2,-312026,-8.8,26,2.6
"US000","5","31499","17","0","2026","1","",3072,32668,32482,32565,435317172,298528231,3723697,1028,"",1.00,1.00,1.00,1.00,1.00,1.00,1.00,1.00,"",-15,-0.5,-1151,-3.4,-1361,-4.0,-1259,-3.7,700899,0.2,540828,0.2,99128,2.7,40,4.0
"US000","5","314994","18","0","2026","1","",164,4858,4848,4826,79211043,51967210,524619,1258,"",1.00,1.00,1.00,1.00,1.00,1.00,1.00,1.00,"",3,1.9,-144,-2.9,-209,-4.1,-204,-4.1,-1464076,-1.8,-473618,-0.9,24352,4.9,24,1.9
"US000","5","314999","18","0","2026","1","",2908,27810,27634,27739,356106129,246561021,3199078,988,"",1.00,1.00,1.00,1.00,1.00,1.00,1.00,1.00,"",-18,-0.6,-1007,-3.5,-1152,-4.0,-1055,-3.7,2164975,0.6,1014446,0.4,74776,2.4,43,4.6
"US000","5","315","15","0","2026","1","",6199,77073,76595,76674,1228140726,650988769,15003147,1230,"",1.00,1.00,1.00,1.00,1.00,1.00,1.00,1.00,"",30,0.5,-2310,-2.9,-2932,-3.7,-2561,-3.2,90339773,7.9,3568687,0.6,-341112,-2.2,127,11.5
"US000","5","3151","16","0","2026","1","",251,5608,5546,5571,108076436,46556386,793956,1491,"",1.00,1.00,1.00,1.00,1.00,1.00,1.00,1.00,"",5,2.0,-378,-6.3,-444,-7.4,-372,-6.3,27776317,34.6,-1154391,-2.4,56705,7.7,457,44.2
"US000","5","31512","17","0","2026","1","",251,5608,5546,5571,108076436,46556386,793956,1491,"",1.00,1.00,1.00,1.00,1.00,1.00,1.00,1.00,"",5,2.0,-378,-6.3,-444,-7.4,-372,-6.3,27776317,34.6,-1154391,-2.4,56705,7.7,457,44.2
"US000","5","315120","18","0","2026","1","",251,5608,5546,5571,108076436,46556386,793956,1491,"",1.00,1.00,1.00,1.00,1.00,1.00,1.00,1.00,"",5,2.0,-378,-6.3,-444,-7.4,-372,-6.3,27776317,34.6,-1154391,-2.4,56705,7.7,457,44.2
"US000","5","3152","16","0","2026","1","",4438,58633,58231,58187,940355298,491163912,12147110,1240,"",1.00,1.00,1.00,1.00,1.00,1.00,1.00,1.00,"",-56,-1.2,-2799,-4.6,-3220,-5.2,-3012,-4.9,44703649,5.0,-5264763,-1.1,-498046,-3.9,117,10.4
"US000","5","31521","17","0","2026","1","",1977,17739,17781,17623,212982238,136701385,3357527,925,"",1.00,1.00,1.00,1.00,1.00,1.00,1.00,1.00,"",-46,-2.3,-1169,-6.2,-1092,-5.8,-1090,-5.8,2515218,1.2,-879645,-0.6,18345,0.5,65,7.6
"US000","5","315210","18","0","2026","1","",1977,17739,17781,17623,212982238,136701385,3357527,925,"",1.00,1.00,1.00,1.00,1.00,1.00,1.00,1.00,"",-46,-2.3,-1169,-6.2,-1092,-5.8,-1090,-5.8,2515218,1.2,-879645,-0.6,18345,0.5,65,7.6
"US000","5","31525","17","0","2026","1","",2461,40894,40450,40564,727373060,354462527,8789583,1377,"",1.00,1.00,1.00,1.00,1.00,1.00,1.00,1.00,"",-10,-0.4,-1630,-3.8,-2128,-5.0,-1922,-4.5,42188431,6.2,-4385118,-1.2,-516391,-5.5,138,11.1
"US000","5","315250","18","0","2026","1","",2461,40894,40450,40564,727373060,354462527,8789583,1377,"",1.00,1.00,1.00,1.00,1.00,1.00,1.00,1.00,"",-10,-0.4,-1630,-3.8,-2128,-5.0,-1922,-4.5,42188431,6.2,-4385118,-1.2,-516391,-5.5,138,11.1
"US000","5","3159","16","0","2026","1","",1510,12832,12818,12916,179708992,113268471,2062081,1075,"",1.00,1.00,1.00,1.00,1.00,1.00,1.00,1.00,"",81,5.7,867,7.2,732,6.1,823,6.8,17859807,11.0,9987841,9.7,100229,5.1,42,4.1
"US000","5","31599","17","0","2026","1","",1510,12832,12818,12916,179708992,113268471,2062081,1075,"",1.00,1.00,1.00,1.00,1.00,1.00,1.00,1.00,"",81,5.7,867,7.2,732,6.1,823,6.8,17859807,11.0,9987841,9.7,100229,5.1,42,4.1
"US000","5","315990","18","0","2026","1","",1510,12832,12818,12916,179708992,113268471,2062081,1075,"",1.00,1.00,1.00,1.00,1.00,1.00,1.00,1.00,"",81,5.7,867,7.2,732,6.1,823,6.8,17859807,11.0,9987841,9.7,100229,5.1,42,4.1
"US000","5","316","15","0","2026","1","",1545,23723,23537,23492,380996244,226097496,3714596,1243,"",1.00,1.00,1.00,1.00,1.00,1.00,1.00,1.00,"",16,1.0,-365,-1.5,-449,-1.9,-485,-2.0,5322512,1.4,9385441,4.3,497707,15.5,40,3.3
"US000","5","3161","16","0","2026","1","",201,3068,2963,2981,47098648,32436273,374615,1206,"",1.00,1.00,1.00,1.00,1.00,1.00,1.00,1.00,"",6,3.1,-22,-0.7,-143,-4.6,-115,-3.7,951815,2.1,-1072318,-3.2,-15534,-4.0,60,5.2
"US000","5","31611","17","0","2026","1","",201,3068,2963,2981,47098648,32436273,374615,1206,"",1.00,1.00,1.00,1.00,1.00,1.00,1.00,1.00,"",6,3.1,-22,-0.7,-143,-4.6,-115,-3.7,951815,2.1,-1072318,-3.2,-15534,-4.0,60,5.2
"US000","5","316110","18","0","2026","1","",201,3068,2963,2981,47098648,32436273,374615,1206,"",1.00,1.00,1.00,1.00,1.00,1.00,1.00,1.00,"",6,3.1,-22,-0.7,-143,-4.6,-115,-3.7,951815,2.1,-1072318,-3.2,-15534,-4.0,60,5.2
"US000","5","3162","16","0","2026","1","",391,10616,10558,10497,181610978,103692320,1944422,1323,"",1.00,1.00,1.00,1.00,1.00,1.00,1.00,1.00,"",7,1.8,57,0.5,16,0.2,-37,-0.4,-1050344,-0.6,8766302,9.2,358972,22.6,-9,-0.7
"US000","5","31621","17","0","2026","1","",391,10616,10558,10497,181610978,103692320,1944422,1323,"",1.00,1.00,1.00,1.00,1.00,1.00,1.00,1.00,"",7,1.8,57,0.5,16,0.2,-37,-0.4,-1050344,-0.6,8766302,9.2,358972,22.6,-9,-0.7
"US000","5","316210","18","0","2026","1","",391,10616,10558,10497,181610978,103692320,1944422,1323,"",1.00,1.00,1.00,1.00,1.00,1.00,1.00,1.00,"",7,1.8,57,0.5,16,0.2,-37,-0.4,-1050344,-0.6,8766302,9.2,358972,22.6,-9,-0.7
"US000","5","3169","16","0","2026","1","",953,10039,10016,10014,152286618,89968903,1395559,1169,"",1.00,1.00,1.00,1.00,1.00,1.00,1.00,1.00,"",3,0.3,-400,-3.8,-322,-3.1,-333,-3.2,5421041,3.7,1691457,1.9,154269,12.4,80,7.3
"US000","5","31699","17","0","2026","1","",953,10039,10016,10014,152286618,89968903,1395559,1169,"",1.00,1.00,1.00,1.00,1.00,1.00,1.00,1.00,"",3,0.3,-400,-3.8,-322,-3.1,-333,-3.2,5421041,3.7,1691457,1.9,154269,12.4,80,7.3
"US000","5","316990","18","0","2026","1","",953,10039,10016,10014,152286618,89968903,1395559,1169,"",1.00,1.00,1.00,1.00,1.00,1.00,1.00,1.00,"",3,0.3,-400,-3.8,-322,-3.1,-333,-3.2,5421041,3.7,1691457,1.9,154269,12.4,80,7.3
"US000","5","321","15","0","2026","1","",16051,391652,390953,390192,6405656769,4131659259,57743022,1260,"",1.00,1.00,1.00,1.00,1.00,1.00,1.00,1.00,"",-11,-0.1,-12027,-3.0,-13404,-3.3,-14128,-3.5,-51669656,-0.8,-113701942,-2.7,-2993729,-4.9,31,2.5
"US000","5","3211","16","0","2026","1","",3286,81837,81908,81842,1336605035,899205168,10827465,1256,"",1.00,1.00,1.00,1.00,1.00,1.00,1.00,1.00,"",-40,-1.2,-3043,-3.6,-3123,-3.7,-3220,-3.8,-38306993,-2.8,-9332158,-1.0,-542281,-4.8,12,1.0
"US000","5","32111","17","0","2026","1","",3286,81837,81908,81842,1336605035,899205168,10827465,1256,"",1.00,1.00,1.00,1.00,1.00,1.00,1.00,1.00,"",-40,-1.2,-3043,-3.6,-3123,-3.7,-3220,-3.8,-38306993,-2.8,-9332158,-1.0,-542281,-4.8,12,1.0
"US000","5","321113","18","0","2026","1","",2810,71883,71982,71820,1167986869,790600952,9604409,1250,"",1.00,1.00,1.00,1.00,1.00,1.00,1.00,1.00,"",-57,-2.0,-2520,-3.4,-2542,-3.4,-2699,-3.6,-32385304,-2.7,-7677481,-1.0,-419657,-4.2,10,0.8
"US000","5","321114","18","0","2026","1","",476,9954,9926,10022,168618166,108604216,1223056,1301,"",1.00,1.00,1.00,1.00,1.00,1.00,1.00,1.00,"",17,3.7,-523,-5.0,-581,-5.5,-521,-4.9,-5921689,-3.4,-1654677,-1.5,-122624,-9.1,23,1.8
"US000","5","3212","16","0","2026","1","",1880,76910,76650,76744,1380926745,842396907,11128655,1384,"",1.00,1.00,1.00,1.00,1.00,1.00,1.00,1.00,"",18,1.0,-3174,-4.0,-3446,-4.3,-3310,-4.1,-13651734,-1.0,-22770227,-2.6,-590466,-5.0,44,3.3
"US000","5","32121","17","0","2026","1","",1880,76910,76650,76744,1380926745,842396907,11128655,1384,"",1.00,1.00,1.00,1.00,1.00,1.00,1.00,1.00,"",18,1.0,-3174,-4.0,-3446,-4.3,-3310,-4.1,-13651734,-1.0,-22770227,-2.6,-590466,-5.0,44,3.3
"US000","5","321211","18","0","2026","1","",348,12477,12516,12501,213034980,133189101,1809637,1311,"",1.00,1.00,1.00,1.00,1.00,1.00,1.00,1.00,"",-3,-0.9,-438,-3.4,-458,-3.5,-451,-3.5,-10804693,-4.8,-1707695,-1.3,-71291,-3.8,-19,-1.4
"US000","5","321212","18","0","2026","1","",121,14041,14023,14018,242021365,168996407,2107716,1327,"",1.00,1.00,1.00,1.00,1.00,1.00,1.00,1.00,"",-1,-0.8,-653,-4.4,-683,-4.6,-641,-4.4,-6775308,-2.7,-4236772,-2.4,-206879,-8.9,24,1.8
"US000","5","321215","18","0","2026","1","",1187,36887,36591,36784,579926787,376382296,5387588,1214,"",1.00,1.00,1.00,1.00,1.00,1.00,1.00,1.00,"",16,1.4,-1607,-4.2,-1771,-4.6,-1594,-4.2,-29655643,-4.9,-9431066,-2.4,-23913,-0.4,-7,-0.6
"US000","5","321219","18","0","2026","1","",224,13505,13520,13441,345943613,163829103,1823714,1973,"",1.00,1.00,1.00,1.00,1.00,1.00,1.00,1.00,"",6,2.8,-476,-3.4,-534,-3.8,-624,-4.4,33583910,10.8,-7394694,-4.3,-288383,-13.7,261,15.2
"US000","5","3219","16","0","2026","1","",10885,232905,232395,231606,3688124989,2390057184,35786902,1221,"",1.00,1.00,1.00,1.00,1.00,1.00,1.00,1.00,"",11,0.1,-5810,-2.4,-6835,-2.9,-7598,-3.2,289071,0.0,-81599557,-3.3,-1860982,-4.9,34,2.9
"US000","5","32191","17","0","2026","1","",3475,95934,95457,95092,1677911869,1092951936,12904097,1352,"",1.00,1.00,1.00,1.00,1.00,1.00,1.00,1.00,"",-5,-0.1,-4585,-4.6,-4923,-4.9,-5123,-5.1,-15810851,-0.9,-82900132,-7.1,-1751467,-12.0,54,4.2
"US000","5","321911","18","0","2026","1","",1245,53824,53553,53297,1055102131,669601513,7056763,1515,"",1.00,1.00,1.00,1.00,1.00,1.00,1.00,1.00,"",8,0.6,-2196,-3.9,-2309,-4.1,-2451,-4.4,25898997,2.5,-59023163,-8.1,-940234,-11.8,98,6.9
"US000","5","321912","18","0","2026","1","",563,12002,11937,11875,167200094,128385695,1480882,1077,"",1.00,1.00,1.00,1.00,1.00,1.00,1.00,1.00,"",-4,-0.7,-745,-5.8,-879,-6.9,-914,-7.1,-5269387,-3.1,-2485561,-1.9,-228510,-13.4,39,3.8
"US000","5","321918","18","0","2026","1","",1667,30108,29967,29920,455609644,294964728,4366452,1168,"",1.00,1.00,1.00,1.00,1.00,1.00,1.00,1.00,"",-9,-0.5,-1644,-5.2,-1735,-5.5,-1758,-5.5,-36440461,-7.4,-21391408,-6.8,-582723,-11.8,-26,-2.2
"US000","5","32192","17","0","2026","1","",3115,60337,60254,59956,792259681,561764866,7722133,1013,"",1.00,1.00,1.00,1.00,1.00,1.00,1.00,1.00,"",-47,-1.5,-2596,-4.1,-2845,-4.5,-3076,-4.9,-29245299,-3.6,-21681456,-3.7,-255360,-3.2,10,1.0
"US000","5","321920","18","0","2026","1","",3115,60337,60254,59956,792259681,561764866,7722133,1013,"",1.00,1.00,1.00,1.00,1.00,1.00,1.00,1.00,"",-47,-1.5,-2596,-4.1,-2845,-4.5,-3076,-4.9,-29245299,-3.6,-21681456,-3.7,-255360,-3.2,10,1.0
"US000","5","32199","17","0","2026","1","",4295,76634,76684,76558,1217953439,735340382,15160672,1223,"",1.00,1.00,1.00,1.00,1.00,1.00,1.00,1.00,"",63,1.5,1371,1.8,933,1.2,601,0.8,45345221,3.9,22982031,3.2,145845,1.0,31,2.6
"US000","5","321991","18","0","2026","1","",450,31305,31381,31327,507299453,280868123,6231489,1245,"",1.00,1.00,1.00,1.00,1.00,1.00,1.00,1.00,"",29,6.9,-81,-0.3,-216,-0.7,-157,-0.5,3226790,0.6,-3390722,-1.2,-570177,-8.4,14,1.1
"US000","5","321992","18","0","2026","1","",1072,17964,17979,18106,284573130,189489301,4631502,1215,"",1.00,1.00,1.00,1.00,1.00,1.00,1.00,1.00,"",44,4.3,817,4.8,702,4.1,656,3.8,21519887,8.2,12616825,7.1,412108,9.8,45,3.8
"US000","5","321999","18","0","2026","1","",2773,27365,27324,27125,426080856,264982958,4297681,1202,"",1.00,1.00,1.00,1.00,1.00,1.00,1.00,1.00,"",-10,-0.4,635,2.4,447,1.7,102,0.4,20598544,5.1,13755928,5.5,303914,7.6,41,3.5
"US000","5","322","15","0","2026","1","",5786,343256,342790,342096,7687447426,4000336476,59115734,1725,"",1.00,1.00,1.00,1.00,1.00,1.00,1.00,1.00,"",66,1.2,-11669,-3.3,-12263,-3.5,-12112,-3.4,-312980421,-3.9,-4909168,-0.1,-35907,-0.1,-10,-0.6
"US000","5","3221","16","0","2026","1","",905,78893,78641,78398,2222109867,1043814891,11852438,2173,"",1.00,1.00,1.00,1.00,1.00,1.00,1.00,1.00,"",2,0.2,-4621,-5.5,-4367,-5.3,-4433,-5.4,-179651956,-7.5,-29852341,-2.8,-192428,-1.6,-50,-2.2
"US000","5","32211","17","0","2026","1","",94,3752,3740,3729,115483889,55222075,376998,2375,"",1.00,1.00,1.00,1.00,1.00,1.00,1.00,1.00,"",6,6.8,-626,-14.3,-631,-14.4,-611,-14.1,-19722447,-14.6,-2220815,-3.9,-30320,-7.4,-9,-0.4
"US000","5","322110","18","0","2026","1","",94,3752,3740,3729,115483889,55222075,376998,2375,"",1.00,1.00,1.00,1.00,1.00,1.00,1.00,1.00,"",6,6.8,-626,-14.3,-631,-14.4,-611,-14.1,-19722447,-14.6,-2220815,-3.9,-30320,-7.4,-9,-0.4
"US000","5","32212","17","0","2026","1","",531,47252,47168,46970,1277810895,656090159,7803015,2086,"",1.00,1.00,1.00,1.00,1.00,1.00,1.00,1.00,"",-5,-0.9,-1682,-3.4,-1762,-3.6,-1929,-3.9,-84363555,-6.2,6160540,0.9,2640,0.0,-56,-2.6
"US000","5","322120","18","0","2026","1","",531,47252,47168,46970,1277810895,656090159,7803015,2086,"",1.00,1.00,1.00,1.00,1.00,1.00,1.00,1.00,"",-5,-0.9,-1682,-3.4,-1762,-3.6,-1929,-3.9,-84363555,-6.2,6160540,0.9,2640,0.0,-56,-2.6
"US000","5","32213","17","0","2026","1","",280,27889,27733,27699,828815083,332502657,3672425,2296,"",1.00,1.00,1.00,1.00,1.00,1.00,1.00,1.00,"",1,0.4,-2313,-7.7,-1974,-6.6,-1893,-6.4,-75565954,-8.4,-33792066,-9.2,-164748,-4.3,-36,-1.5
"US000","5","322130","18","0","2026","1","",280,27889,27733,27699,828815083,332502657,3672425,2296,"",1.00,1.00,1.00,1.00,1.00,1.00,1.00,1.00,"",1,0.4,-2313,-7.7,-1974,-6.6,-1893,-6.4,-75565954,-8.4,-33792066,-9.2,-164748,-4.3,-36,-1.5
"US000","5","3222","16","0","2026","1","",4881,264363,264149,263698,5465337559,2956521585,47263296,1592,"",1.00,1.00,1.00,1.00,1.00,1.00,1.00,1.00,"",64,1.3,-7048,-2.6,-7896,-2.9,-7679,-2.8,-133328465,-2.4,24943173,0.9,156521,0.3,6,0.4
"US000","5","32221","17","0","2026","1","",2518,154635,154516,154074,3244642296,1715665125,28615622,1616,"",1.00,1.00,1.00,1.00,1.00,1.00,1.00,1.00,"",32,1.3,-4368,-2.7,-4958,-3.1,-4627,-2.9,-90018640,-2.7,21437643,1.3,211685,0.7,3,0.2
"US000","5","322211","18","0","2026","1","",1691,101007,100919,100481,2189455617,1155594188,19636195,1671,"",1.00,1.00,1.00,1.00,1.00,1.00,1.00,1.00,"",5,0.3,-3723,-3.6,-4174,-4.0,-4411,-4.2,-103877857,-4.5,318761,0.0,296525,1.5,-11,-0.7
"US000","5","322212","18","0","2026","1","",424,28711,28647,28459,561944997,303976309,4827447,1511,"",1.00,1.00,1.00,1.00,1.00,1.00,1.00,1.00,"",20,5.0,346,1.2,165,0.6,105,0.4,15870893,2.9,21977422,7.8,206496,4.5,32,2.2
"US000","5","322219","18","0","2026","1","",403,24917,24950,25134,493241682,256094628,4151980,1518,"",1.00,1.00,1.00,1.00,1.00,1.00,1.00,1.00,"",7,1.8,-991,-3.8,-949,-3.7,-321,-1.3,-2011676,-0.4,-858540,-0.3,-291336,-6.6,39,2.6
"US000","5","32222","17","0","2026","1","",1064,52043,51867,51935,1064876026,615058970,9531906,1577,"",1.00,1.00,1.00,1.00,1.00,1.00,1.00,1.00,"",-17,-1.6,-1569,-2.9,-2112,-3.9,-2091,-3.9,-45592839,-4.1,-9252055,-1.5,-242019,-2.5,-9,-0.6
"US000","5","322220","18","0","2026","1","",1064,52043,51867,51935,1064876026,615058970,9531906,1577,"",1.00,1.00,1.00,1.00,1.00,1.00,1.00,1.00,"",-17,-1.6,-1569,-2.9,-2112,-3.9,-2091,-3.9,-45592839,-4.1,-9252055,-1.5,-242019,-2.5,-9,-0.6
"US000","5","32223","17","0","2026","1","",391,11663,11710,11624,202588468,126601960,2209477,1336,"",1.00,1.00,1.00,1.00,1.00,1.00,1.00,1.00,"",-10,-2.5,-989,-7.8,-891,-7.1,-928,-7.4,-15226472,-7.0,2117511,1.7,-33991,-1.5,6,0.5
"US000","5","322230","18","0","2026","1","",391,11663,11710,11624,202588468,126601960,2209477,1336,"",1.00,1.00,1.00,1.00,1.00,1.00,1.00,1.00,"",-10,-2.5,-989,-7.8,-891,-7.1,-928,-7.4,-15226472,-7.0,2117511,1.7,-33991,-1.5,6,0.5
"US000","5","32229","17","0","2026","1","",908,46022,46056,46065,953230769,499195530,6906291,1592,"",1.00,1.00,1.00,1.00,1.00,1.00,1.00,1.00,"",59,6.9,-122,-0.3,65,0.1,-33,-0.1,17509486,1.9,10640074,2.2,220846,3.3,30,1.9
"US000","5","322291","18","0","2026","1","",282,27968,27949,27917,631153494,307677665,3814109,1737,"",1.00,1.00,1.00,1.00,1.00,1.00,1.00,1.00,"",15,5.6,-279,-1.0,-205,-0.7,-232,-0.8,8988739,1.4,6274746,2.1,163347,4.5,39,2.3
"US000","5","322299","18","0","2026","1","",626,18054,18107,18148,322077275,191517865,3092182,1369,"",1.00,1.00,1.00,1.00,1.00,1.00,1.00,1.00,"",44,7.6,157,0.9,270,1.5,199,1.1,8520747,2.7,4365328,2.3,57499,1.9,21,1.6
"US000","5","323","15","0","2026","1","",27291,339142,337631,336762,5416895107,3483102362,55518413,1233,"",1.00,1.00,1.00,1.00,1.00,1.00,1.00,1.00,"",-137,-0.5,-8554,-2.5,-9207,-2.7,-9005,-2.6,-54665560,-1.0,7428873,0.2,305370,0.6,19,1.6
"US000","5","3231","16","0","2026","1","",27291,339142,337631,336762,5416895107,3483102362,55518413,1233,"",1.00,1.00,1.00,1.00,1.00,1.00,1.00,1.00,"",-137,-0.5,-8554,-2.5,-9207,-2.7,-9005,-2.6,-54665560,-1.0,7428873,0.2,305370,0.6,19,1.6
"US000","5","32311","17","0","2026","1","",26087,324680,323247,322499,5191298493,3328062976,53273800,1235,"",1.00,1.00,1.00,1.00,1.00,1.00,1.00,1.00,"",-116,-0.4,-7771,-2.3,-8408,-2.5,-8211,-2.5,-37619373,-0.7,10423657,0.3,445149,0.8,22,1.8
"US000","5","323111","18","0","2026","1","",17905,239645,238730,237985,4150049099,2585247960,42436901,1337,"",1.00,1.00,1.00,1.00,1.00,1.00,1.00,1.00,"",-112,-0.6,-6899,-2.8,-7109,-2.9,-7033,-2.9,-41641702,-1.0,6824245,0.3,187622,0.4,25,1.9
"US000","5","323113","18","0","2026","1","",7651,72299,71797,71858,841727020,620055713,8957242,899,"",1.00,1.00,1.00,1.00,1.00,1.00,1.00,1.00,"",-12,-0.2,-1530,-2.1,-1909,-2.6,-1790,-2.4,2555248,0.3,-4148324,-0.7,57922,0.7,23,2.6
"US000","5","323117","18","0","2026","1","",531,12736,12720,12656,199522374,122759303,1879657,1208,"",1.00,1.00,1.00,1.00,1.00,1.00,1.00,1.00,"",8,1.5,658,5.4,610,5.0,612,5.1,1467081,0.7,7747736,6.7,199605,11.9,-53,-4.2
"US000","5","32312","17","0","2026","1","",1204,14462,14384,14263,225596614,155039386,2244613,1208,"",1.00,1.00,1.00,1.00,1.00,1.00,1.00,1.00,"",-21,-1.7,-783,-5.1,-799,-5.3,-794,-5.3,-17046187,-7.0,-2994784,-1.9,-139779,-5.9,-23,-1.9
"US000","5","323120","18","0","2026","1","",1204,14462,14384,14263,225596614,155039386,2244613,1208,"",1.00,1.00,1.00,1.00,1.00,1.00,1.00,1.00,"",-21,-1.7,-783,-5.1,-799,-5.3,-794,-5.3,-17046187,-7.0,-2994784,-1.9,-139779,-5.9,-23,-1.9
"US000","5","324","15","0","2026","1","",2729,105879,105913,106790,4659322266,1445661981,20522838,3375,"",1.00,1.00,1.00,1.00,1.00,1.00,1.00,1.00,"",57,2.1,-1251,-1.2,-1792,-1.7,-2328,-2.1,138683489,3.1,8484942,0.6,-1200003,-5.5,155,4.8
"US000","5","3241","16","0","2026","1","",2729,105879,105913,106790,4659322266,1445661981,20522838,3375,"",1.00,1.00,1.00,1.00,1.00,1.00,1.00,1.00,"",57,2.1,-1251,-1.2,-1792,-1.7,-2328,-2.1,138683489,3.1,8484942,0.6,-1200003,-5.5,155,4.8
"US000","5","32411","17","0","2026","1","",684,61846,61708,61710,3494543594,936695845,7444136,4353,"",1.00,1.00,1.00,1.00,1.00,1.00,1.00,1.00,"",-6,-0.9,-1520,-2.4,-1720,-2.7,-1780,-2.8,167972594,5.0,12720985,1.4,-875956,-10.5,319,7.9
"US000","5","324110","18","0","2026","1","",684,61846,61708,61710,3494543594,936695845,7444136,4353,"",1.00,1.00,1.00,1.00,1.00,1.00,1.00,1.00,"",-6,-0.9,-1520,-2.4,-1720,-2.7,-1780,-2.8,167972594,5.0,12720985,1.4,-875956,-10.5,319,7.9
"US000","5","32412","17","0","2026","1","",1452,28874,29147,29954,756774717,351940339,10471022,1985,"",1.00,1.00,1.00,1.00,1.00,1.00,1.00,1.00,"",62,4.5,898,3.2,665,2.3,106,0.4,-16591080,-2.1,1011507,0.3,-247703,-2.3,-83,-4.0
"US000","5","324121","18","0","2026","1","",1080,14784,14981,16010,353994036,172778553,7182080,1785,"",1.00,1.00,1.00,1.00,1.00,1.00,1.00,1.00,"",37,3.5,397,2.8,196,1.3,-20,-0.1,2090966,0.6,3929968,2.3,145894,2.1,-12,-0.7
"US000","5","324122","18","0","2026","1","",372,14090,14166,13944,402780681,179161786,3288942,2203,"",1.00,1.00,1.00,1.00,1.00,1.00,1.00,1.00,"",25,7.2,501,3.7,469,3.4,126,0.9,-18682046,-4.4,-2918461,-1.6,-393597,-10.7,-163,-6.9
"US000","5","32419","17","0","2026","1","",593,15159,15058,15126,408003955,157025797,2607680,2077,"",1.00,1.00,1.00,1.00,1.00,1.00,1.00,1.00,"",1,0.2,-629,-4.0,-737,-4.7,-654,-4.1,-12698025,-3.0,-5247550,-3.2,-76344,-2.8,27,1.3
"US000","5","324191","18","0","2026","1","",435,10653,10603,10655,291206239,117885184,1904519,2106,"",1.00,1.00,1.00,1.00,1.00,1.00,1.00,1.00,"",2,0.5,-457,-4.1,-514,-4.6,-456,-4.1,-3676156,-1.2,-3737398,-3.1,-78289,-3.9,65,3.2
"US000","5","324199","18","0","2026","1","",158,4506,4455,4471,116797716,39140613,703161,2007,"",1.00,1.00,1.00,1.00,1.00,1.00,1.00,1.00,"",-1,-0.6,-172,-3.7,-223,-4.8,-198,-4.2,-9021869,-7.2,-1510152,-3.7,1945,0.3,-63,-3.0
"US000","5","325","15","0","2026","1","",26248,895352,893883,894600,35258268787,11307395806,175311034,3032,"",1.00,1.00,1.00,1.00,1.00,1.00,1.00,1.00,"",662,2.6,1335,0.1,-2627,-0.3,-4108,-0.5,789577754,2.3,339833845,3.1,6775040,4.0,74,2.5
"US000","5","3251","16","0","2026","1","",4210,160604,160374,160141,6091072980,1848538271,24033306,2922,"",1.00,1.00,1.00,1.00,1.00,1.00,1.00,1.00,"",132,3.2,5694,3.7,5477,3.5,4939,3.2,386197510,6.8,37606413,2.1,547883,2.3,91,3.2
"US000","5","32511","17","0","2026","1","",228,25723,25715,25571,1188714579,226737344,2877037,3562,"",1.00,1.00,1.00,1.00,1.00,1.00,1.00,1.00,"",5,2.2,-978,-3.7,-1050,-3.9,-1339,-5.0,-35060171,-2.9,-12845920,-5.4,88443,3.2,48,1.4
"US000","5","325110","18","0","2026","1","",228,25723,25715,25571,1188714579,226737344,2877037,3562,"",1.00,1.00,1.00,1.00,1.00,1.00,1.00,1.00,"",5,2.2,-978,-3.7,-1050,-3.9,-1339,-5.0,-35060171,-2.9,-12845920,-5.4,88443,3.2,48,1.4
"US000","5","32512","17","0","2026","1","",982,21991,21923,21986,1211104929,261345592,4023965,4241,"",1.00,1.00,1.00,1.00,1.00,1.00,1.00,1.00,"",31,3.3,28,0.1,-127,-0.6,-82,-0.4,185070244,18.0,5987253,2.3,238720,6.3,658,18.4
"US000","5","325120","18","0","2026","1","",982,21991,21923,21986,1211104929,261345592,4023965,4241,"",1.00,1.00,1.00,1.00,1.00,1.00,1.00,1.00,"",31,3.3,28,0.1,-127,-0.6,-82,-0.4,185070244,18.0,5987253,2.3,238720,6.3,658,18.4
"US000","5","32513","17","0","2026","1","",291,9024,9052,9046,234738704,100983383,1674520,1997,"",1.00,1.00,1.00,1.00,1.00,1.00,1.00,1.00,"",3,1.0,-629,-6.5,-588,-6.1,-615,-6.4,-18517529,-7.3,-6886692,-6.4,-18749,-1.1,-22,-1.1
"US000","5","325130","18","0","2026","1","",291,9024,9052,9046,234738704,100983383,1674520,1997,"",1.00,1.00,1.00,1.00,1.00,1.00,1.00,1.00,"",3,1.0,-629,-6.5,-588,-6.1,-615,-6.4,-18517529,-7.3,-6886692,-6.4,-18749,-1.1,-22,-1.1
"US000","5","32518","17","0","2026","1","",1066,49093,49144,49228,1740973277,562712172,6788048,2724,"",1.00,1.00,1.00,1.00,1.00,1.00,1.00,1.00,"",42,4.1,7984,19.4,8174,20.0,8149,19.8,282558820,19.4,58495784,11.6,272490,4.2,-9,-0.3
"US000","5","325180","18","0","2026","1","",1066,49093,49144,49228,1740973277,562712172,6788048,2724,"",1.00,1.00,1.00,1.00,1.00,1.00,1.00,1.00,"",42,4.1,7984,19.4,8174,20.0,8149,19.8,282558820,19.4,58495784,11.6,272490,4.2,-9,-0.3
"US000","5","32519","17","0","2026","1","",1643,54773,54540,54310,1715541491,696759780,8669736,2420,"",1.00,1.00,1.00,1.00,1.00,1.00,1.00,1.00,"",51,3.2,-711,-1.3,-932,-1.7,-1174,-2.1,-27853854,-1.6,-7144012,-1.0,-33021,-0.4,3,0.1
"US000","5","325193","18","0","2026","1","",244,10407,10328,10160,317126579,142708752,1352067,2369,"",1.00,1.00,1.00,1.00,1.00,1.00,1.00,1.00,"",0,0.0,-190,-1.8,-246,-2.3,-374,-3.6,16959052,5.6,-12666774,-8.2,-143509,-9.6,184,8.4
"US000","5","325194","18","0","2026","1","",104,2841,2827,2795,65338874,28773793,395061,1782,"",1.00,1.00,1.00,1.00,1.00,1.00,1.00,1.00,"",1,1.0,-172,-5.7,-206,-6.8,-236,-7.8,-3596205,-5.2,-2198039,-7.1,-42032,-9.6,29,1.7
"US000","5","325199","18","0","2026","1","",1295,41525,41385,41355,1333076038,525277235,6922608,2476,"",1.00,1.00,1.00,1.00,1.00,1.00,1.00,1.00,"",50,4.0,-349,-0.8,-480,-1.1,-564,-1.3,-41216701,-3.0,7720801,1.5,152520,2.3,-48,-1.9
"US000","5","3252","16","0","2026","1","",2149,89984,89794,89733,2747492507,942686685,12338140,2353,"",1.00,1.00,1.00,1.00,1.00,1.00,1.00,1.00,"",77,3.7,-2339,-2.5,-2706,-2.9,-2484,-2.7,-168497438,-5.8,-12743442,-1.3,968266,8.5,-76,-3.1
"US000","5","32521","17","0","2026","1","",1904,67412,67335,67342,2056871988,722085346,10751601,2349,"",1.00,1.00,1.00,1.00,1.00,1.00,1.00,1.00,"",61,3.3,-1783,-2.6,-2005,-2.9,-1844,-2.7,-114378734,-5.3,-20267352,-2.7,638199,6.3,-63,-2.6
"US000","5","325211","18","0","2026","1","",1670,57391,57302,57396,1780058753,622951044,9297615,2387,"",1.00,1.00,1.00,1.00,1.00,1.00,1.00,1.00,"",54,3.3,-1625,-2.8,-1816,-3.1,-1559,-2.6,-110491098,-5.8,-17911094,-2.8,508529,5.8,-77,-3.1
"US000","5","325212","18","0","2026","1","",234,10021,10033,9946,276813235,99134302,1453986,2129,"",1.00,1.00,1.00,1.00,1.00,1.00,1.00,1.00,"",7,3.1,-158,-1.6,-189,-1.8,-285,-2.8,-3887636,-1.4,-2356258,-2.3,129670,9.8,14,0.7
"US000","5","32522","17","0","2026","1","",245,22572,22459,22391,690620519,220601339,1586539,2364,"",1.00,1.00,1.00,1.00,1.00,1.00,1.00,1.00,"",16,7.0,-556,-2.4,-701,-3.0,-640,-2.8,-54118704,-7.3,7523910,3.5,330067,26.3,-115,-4.6
"US000","5","325220","18","0","2026","1","",245,22572,22459,22391,690620519,220601339,1586539,2364,"",1.00,1.00,1.00,1.00,1.00,1.00,1.00,1.00,"",16,7.0,-556,-2.4,-701,-3.0,-640,-2.8,-54118704,-7.3,7523910,3.5,330067,26.3,-115,-4.6
"US000","5","3253","16","0","2026","1","",1629,37093,37171,37299,1054129041,460653911,5495201,2180,"",1.00,1.00,1.00,1.00,1.00,1.00,1.00,1.00,"",61,3.9,184,0.5,-40,-0.1,-99,-0.3,45411901,4.5,-3804184,-0.8,-534825,-8.9,93,4.5
"US000","5","32531","17","0","2026","1","",1067,23171,23297,23430,668905702,286311327,3349674,2208,"",1.00,1.00,1.00,1.00,1.00,1.00,1.00,1.00,"",16,1.5,-49,-0.2,-24,-0.1,-52,-0.2,41796389,6.7,-9095810,-3.1,-696439,-17.2,141,6.8
"US000","5","325311","18","0","2026","1","",345,8971,9014,9035,308362676,117512530,1572484,2634,"",1.00,1.00,1.00,1.00,1.00,1.00,1.00,1.00,"",-3,-0.9,-57,-0.6,-46,-0.5,-77,-0.8,18201695,6.3,-10422276,-8.1,-379230,-19.4,172,7.0
"US000","5","325312","18","0","2026","1","",67,5648,5643,5651,185008651,82684696,323847,2520,"",1.00,1.00,1.00,1.00,1.00,1.00,1.00,1.00,"",-1,-1.5,-126,-2.2,-131,-2.3,-137,-2.4,4347658,2.4,-1995125,-2.4,-344846,-51.6,115,4.8
"US000","5","325314","18","0","2026","1","",523,6844,6902,7011,141224179,66322436,1063443,1570,"",1.00,1.00,1.00,1.00,1.00,1.00,1.00,1.00,"",-3,-0.6,-180,-2.6,-180,-2.5,-142,-2.0,10095735,7.7,-1969389,-2.9,-68559,-6.1,147,10.3
"US000","5","325315","18","0","2026","1","",132,1708,1738,1733,34310196,19791665,389900,1529,"",1.00,1.00,1.00,1.00,1.00,1.00,1.00,1.00,"",23,21.1,314,22.5,333,23.7,304,21.3,9151301,36.4,5290980,36.5,96196,32.8,156,11.4
"US000","5","32532","17","0","2026","1","",562,13922,13874,13869,385223339,174342584,2145527,2134,"",1.00,1.00,1.00,1.00,1.00,1.00,1.00,1.00,"",45,8.7,233,1.7,-16,-0.1,-47,-0.3,3615512,0.9,5291626,3.1,161614,8.1,12,0.6
"US000","5","325320","18","0","2026","1","",562,13922,13874,13869,385223339,174342584,2145527,2134,"",1.00,1.00,1.00,1.00,1.00,1.00,1.00,1.00,"",45,8.7,233,1.7,-16,-0.1,-47,-0.3,3615512,0.9,5291626,3.1,161614,8.1,12,0.6
"US000","5","3254","16","0","2026","1","",7905,351125,350918,351898,18875303716,5083812793,84754841,4133,"",1.00,1.00,1.00,1.00,1.00,1.00,1.00,1.00,"",184,2.4,528,0.2,-1058,-0.3,-2274,-0.6,208279708,1.1,242010823,5.0,4482455,5.6,57,1.4
"US000","5","32541","17","0","2026","1","",7905,351125,350918,351898,18875303716,5083812793,84754841,4133,"",1.00,1.00,1.00,1.00,1.00,1.00,1.00,1.00,"",184,2.4,528,0.2,-1058,-0.3,-2274,-0.6,208279708,1.1,242010823,5.0,4482455,5.6,57,1.4
"US000","5","325411","18","0","2026","1","",1459,46413,46478,46823,2276397976,746928240,10857059,3760,"",1.00,1.00,1.00,1.00,1.00,1.00,1.00,1.00,"",29,2.0,874,1.9,736,1.6,701,1.5,74852402,3.4,5251900,0.7,-116437,-1.1,62,1.7
"US000","5","325412","18","0","2026","1","",5103,229449,229639,230440,13800923380,3249624383,57208414,4619,"",1.00,1.00,1.00,1.00,1.00,1.00,1.00,1.00,"",142,2.9,-320,-0.1,-1119,-0.5,-1924,-0.8,70196649,0.5,149825540,4.8,3438246,6.4,46,1.0
"US000","5","325413","18","0","2026","1","",497,28931,28829,28765,1001996939,356196944,6590216,2672,"",1.00,1.00,1.00,1.00,1.00,1.00,1.00,1.00,"",-5,-1.0,541,1.9,332,1.2,332,1.2,-7133269,-0.7,28118944,8.6,176337,2.7,-57,-2.1
"US000","5","325414","18","0","2026","1","",846,46332,45972,45870,1795985421,731063226,10099152,3000,"",1.00,1.00,1.00,1.00,1.00,1.00,1.00,1.00,"",18,2.2,-567,-1.2,-1007,-2.1,-1383,-2.9,70363926,4.1,58814439,8.7,984309,10.8,178,6.3
"US000","5","3255","16","0","2026","1","",2651,65279,65166,65066,1814001105,738289532,12383605,2141,"",1.00,1.00,1.00,1.00,1.00,1.00,1.00,1.00,"",79,3.1,-273,-0.4,-407,-0.6,-646,-1.0,207304599,12.9,-1220140,-0.2,710492,6.1,257,13.6
"US000","5","32551","17","0","2026","1","",1858,40810,40674,40627,986507440,450291512,7472445,1864,"",1.00,1.00,1.00,1.00,1.00,1.00,1.00,1.00,"",60,3.3,-472,-1.1,-688,-1.7,-838,-2.0,-25915503,-2.6,-4242540,-0.9,556153,8.0,-19,-1.0
"US000","5","325510","18","0","2026","1","",1858,40810,40674,40627,986507440,450291512,7472445,1864,"",1.00,1.00,1.00,1.00,1.00,1.00,1.00,1.00,"",60,3.3,-472,-1.1,-688,-1.7,-838,-2.0,-25915503,-2.6,-4242540,-0.9,556153,8.0,-19,-1.0
"US000","5","32552","17","0","2026","1","",793,24469,24492,24439,827493665,287998020,4911160,2602,"",1.00,1.00,1.00,1.00,1.00,1.00,1.00,1.00,"",19,2.5,199,0.8,281,1.2,192,0.8,233220102,39.2,3022400,1.1,154339,3.2,716,38.0
"US000","5","325520","18","0","2026","1","",793,24469,24492,24439,827493665,287998020,4911160,2602,"",1.00,1.00,1.00,1.00,1.00,1.00,1.00,1.00,"",19,2.5,199,0.8,281,1.2,192,0.8,233220102,39.2,3022400,1.1,154339,3.2,716,38.0
"US000","5","3256","16","0","2026","1","",4137,111810,111215,111026,2733878452,1330345953,21247020,1889,"",1.00,1.00,1.00,1.00,1.00,1.00,1.00,1.00,"",96,2.4,-1910,-1.7,-2779,-2.4,-2794,-2.5,89788905,3.4,69225400,5.5,-185832,-0.9,102,5.7
"US000","5","32561","17","0","2026","1","",2239,59177,58909,58769,1615809843,703505043,10083735,2108,"",1.00,1.00,1.00,1.00,1.00,1.00,1.00,1.00,"",42,1.9,537,0.9,43,0.1,-19,0.0,106292085,7.0,58274388,9.0,403554,4.2,132,6.7
"US000","5","325611","18","0","2026","1","",1228,29397,29053,29001,888833815,339470731,5453140,2345,"",1.00,1.00,1.00,1.00,1.00,1.00,1.00,1.00,"",41,3.5,332,1.1,-152,-0.5,-143,-0.5,56051890,6.7,43944872,14.9,659143,13.7,146,6.6
"US000","5","325612","18","0","2026","1","",853,25519,25574,25463,610463585,305226338,3984254,1840,"",1.00,1.00,1.00,1.00,1.00,1.00,1.00,1.00,"",-2,-0.2,383,1.5,365,1.4,277,1.1,53805549,9.7,17205078,6.0,-177975,-4.3,139,8.2
"US000","5","325613","18","0","2026","1","",158,4261,4282,4305,116512443,58807974,646341,2093,"",1.00,1.00,1.00,1.00,1.00,1.00,1.00,1.00,"",3,1.9,-178,-4.0,-170,-3.8,-153,-3.4,-3565354,-3.0,-2875562,-4.7,-77614,-10.7,17,0.8
"US000","5","32562","17","0","2026","1","",1898,52633,52306,52257,1118068609,626840910,11163285,1641,"",1.00,1.00,1.00,1.00,1.00,1.00,1.00,1.00,"",54,2.9,-2447,-4.4,-2822,-5.1,-2775,-5.0,-16503180,-1.5,10951012,1.8,-589386,-5.0,56,3.5
"US000","5","325620","18","0","2026","1","",1898,52633,52306,52257,1118068609,626840910,11163285,1641,"",1.00,1.00,1.00,1.00,1.00,1.00,1.00,1.00,"",54,2.9,-2447,-4.4,-2822,-5.1,-2775,-5.0,-16503180,-1.5,10951012,1.8,-589386,-5.0,56,3.5
"US000","5","3259","16","0","2026","1","",3567,79457,79245,79437,1942390986,903068661,15058921,1882,"",1.00,1.00,1.00,1.00,1.00,1.00,1.00,1.00,"",33,0.9,-549,-0.7,-1114,-1.4,-750,-0.9,21092569,1.1,8758975,1.0,786601,5.5,39,2.1
"US000","5","32591","17","0","2026","1","",447,7253,7232,7231,158341622,87189337,1138981,1683,"",1.00,1.00,1.00,1.00,1.00,1.00,1.00,1.00,"",1,0.2,-74,-1.0,-116,-1.6,-102,-1.4,-7863624,-4.7,739753,0.9,-82223,-6.7,-60,-3.4
"US000","5","325910","18","0","2026","1","",447,7253,7232,7231,158341622,87189337,1138981,1683,"",1.00,1.00,1.00,1.00,1.00,1.00,1.00,1.00,"",1,0.2,-74,-1.0,-116,-1.6,-102,-1.4,-7863624,-4.7,739753,0.9,-82223,-6.7,-60,-3.4
"US000","5","32592","17","0","2026","1","",107,7141,7170,7223,191370230,65451651,939063,2051,"",1.00,1.00,1.00,1.00,1.00,1.00,1.00,1.00,"",2,1.9,41,0.6,64,0.9,192,2.7,11258020,6.3,918034,1.4,158030,20.2,94,4.8
"US000","5","325920","18","0","2026","1","",107,7141,7170,7223,191370230,65451651,939063,2051,"",1.00,1.00,1.00,1.00,1.00,1.00,1.00,1.00,"",2,1.9,41,0.6,64,0.9,192,2.7,11258020,6.3,918034,1.4,158030,20.2,94,4.8
"US000","5","32599","17","0","2026","1","",3013,65063,64843,64983,1592679134,750427673,12980877,1886,"",1.00,1.00,1.00,1.00,1.00,1.00,1.00,1.00,"",30,1.0,-516,-0.8,-1062,-1.6,-840,-1.3,17698173,1.1,7101188,1.0,710794,5.8,44,2.4
"US000","5","325991","18","0","2026","1","",481,16552,16593,16612,321458105,184664818,2989335,1491,"",1.00,1.00,1.00,1.00,1.00,1.00,1.00,1.00,"",9,1.9,-428,-2.5,-528,-3.1,-524,-3.1,-1491024,-0.5,-3030148,-1.6,139988,4.9,36,2.5
"US000","5","325992","18","0","2026","1","",179,4848,4822,4816,110552171,59445261,1245357,1761,"",1.00,1.00,1.00,1.00,1.00,1.00,1.00,1.00,"",-16,-8.2,-724,-13.0,-702,-12.7,-701,-12.7,-13381504,-10.8,-7931480,-11.8,-42300,-3.3,39,2.3
"US000","5","325998","18","0","2026","1","",2353,43663,43428,43555,1160668858,506317594,8746185,2050,"",1.00,1.00,1.00,1.00,1.00,1.00,1.00,1.00,"",37,1.6,636,1.5,168,0.4,385,0.9,32570701,2.9,18062816,3.7,613106,7.5,39,1.9
"US000","5","326","15","0","2026","1","",14645,690238,690917,691074,12628415887,7442308672,118467370,1406,"",1.00,1.00,1.00,1.00,1.00,1.00,1.00,1.00,"",189,1.3,-15024,-2.1,-16259,-2.3,-15263,-2.2,-8181975,-0.1,7254433,0.1,2296685,2.0,30,2.2
"US000","5","3261","16","0","2026","1","",12441,568681,569662,569695,10245774439,6085936878,100988955,1384,"",1.00,1.00,1.00,1.00,1.00,1.00,1.00,1.00,"",137,1.1,-7823,-1.4,-8909,-1.5,-8419,-1.5,10911975,0.1,23583417,0.4,2869904,2.9,21,1.5
"US000","5","32611","17","0","2026","1","",1818,99017,99194,99163,1875766409,1099433347,17011202,1456,"",1.00,1.00,1.00,1.00,1.00,1.00,1.00,1.00,"",39,2.2,-401,-0.4,-771,-0.8,-822,-0.8,-13921950,-0.7,-3549979,-0.3,1007319,6.3,-1,-0.1
"US000","5","326111","18","0","2026","1","",602,39108,39241,39267,707137119,415909627,6289227,1387,"",1.00,1.00,1.00,1.00,1.00,1.00,1.00,1.00,"",21,3.6,-772,-1.9,-739,-1.8,-821,-2.0,-7513168,-1.1,-3369937,-0.8,95087,1.5,12,0.9
"US000","5","326112","18","0","2026","1","",688,26593,26586,26606,526889569,313124958,4556937,1524,"",1.00,1.00,1.00,1.00,1.00,1.00,1.00,1.00,"",31,4.7,1958,7.9,1874,7.6,1877,7.6,14039600,2.7,20265027,6.9,313073,7.4,-74,-4.6
"US000","5","326113","18","0","2026","1","",528,33316,33367,33290,641739721,370398762,6165038,1481,"",1.00,1.00,1.00,1.00,1.00,1.00,1.00,1.00,"",-13,-2.4,-1587,-4.5,-1906,-5.4,-1878,-5.3,-20448382,-3.1,-20445069,-5.2,599159,10.8,30,2.1
"US000","5","32612","17","0","2026","1","",1093,51834,51857,51893,1007878484,604429030,9302562,1495,"",1.00,1.00,1.00,1.00,1.00,1.00,1.00,1.00,"",0,0.0,-1452,-2.7,-1579,-3.0,-1586,-3.0,-10935687,-1.1,-2302875,-0.4,144789,1.6,27,1.8
"US000","5","326121","18","0","2026","1","",443,21091,21079,21101,400128798,255028782,3899809,1459,"",1.00,1.00,1.00,1.00,1.00,1.00,1.00,1.00,"",-2,-0.4,-724,-3.3,-671,-3.1,-670,-3.1,-286009,-0.1,-66110,0.0,-211036,-5.1,45,3.2
"US000","5","326122","18","0","2026","1","",650,30743,30778,30792,607749686,349400248,5402753,1519,"",1.00,1.00,1.00,1.00,1.00,1.00,1.00,1.00,"",2,0.3,-728,-2.3,-908,-2.9,-916,-2.9,-10649678,-1.7,-2236765,-0.6,355825,7.1,15,1.0
"US000","5","32613","17","0","2026","1","",426,19629,19674,19727,377122864,211681731,3567688,1474,"",1.00,1.00,1.00,1.00,1.00,1.00,1.00,1.00,"",-6,-1.4,79,0.4,3,0.0,175,0.9,-8609081,-2.2,-32845,0.0,175306,5.2,-41,-2.7
"US000","5","326130","18","0","2026","1","",426,19629,19674,19727,377122864,211681731,3567688,1474,"",1.00,1.00,1.00,1.00,1.00,1.00,1.00,1.00,"",-6,-1.4,79,0.4,3,0.0,175,0.9,-8609081,-2.2,-32845,0.0,175306,5.2,-41,-2.7
"US000","5","32614","17","0","2026","1","",578,26701,26733,26511,509024730,284655070,5055253,1469,"",1.00,1.00,1.00,1.00,1.00,1.00,1.00,1.00,"",-14,-2.4,-1953,-6.8,-1793,-6.3,-2044,-7.2,-25357778,-4.7,-7798785,-2.7,-8762,-0.2,31,2.2
"US000","5","326140","18","0","2026","1","",578,26701,26733,26511,509024730,284655070,5055253,1469,"",1.00,1.00,1.00,1.00,1.00,1.00,1.00,1.00,"",-14,-2.4,-1953,-6.8,-1793,-6.3,-2044,-7.2,-25357778,-4.7,-7798785,-2.7,-8762,-0.2,31,2.2
"US000","5","32615","17","0","2026","1","",944,37267,37063,37129,630024272,376216971,6018364,1304,"",1.00,1.00,1.00,1.00,1.00,1.00,1.00,1.00,"",22,2.4,16,0.0,-254,-0.7,-52,-0.1,17325538,2.8,22220806,6.3,321278,5.6,39,3.1
"US000","5","326150","18","0","2026","1","",944,37267,37063,37129,630024272,376216971,6018364,1304,"",1.00,1.00,1.00,1.00,1.00,1.00,1.00,1.00,"",22,2.4,16,0.0,-254,-0.7,-52,-0.1,17325538,2.8,22220806,6.3,321278,5.6,39,3.1
"US000","5","32616","17","0","2026","1","",600,35531,35627,35720,670768271,356600203,6109522,1448,"",1.00,1.00,1.00,1.00,1.00,1.00,1.00,1.00,"",8,1.4,79,0.2,54,0.2,154,0.4,10734359,1.6,2522763,0.7,140454,2.4,19,1.3
"US000","5","326160","18","0","2026","1","",600,35531,35627,35720,670768271,356600203,6109522,1448,"",1.00,1.00,1.00,1.00,1.00,1.00,1.00,1.00,"",8,1.4,79,0.2,54,0.2,154,0.4,10734359,1.6,2522763,0.7,140454,2.4,19,1.3
"US000","5","32619","17","0","2026","1","",6982,298702,299514,299552,5175189409,3152920526,53924364,1330,"",1.00,1.00,1.00,1.00,1.00,1.00,1.00,1.00,"",88,1.3,-4191,-1.4,-4569,-1.5,-4244,-1.4,41676574,0.8,12524332,0.4,1089520,2.1,29,2.2
"US000","5","326191","18","0","2026","1","",380,14305,14342,14308,226682467,141298301,2065220,1218,"",1.00,1.00,1.00,1.00,1.00,1.00,1.00,1.00,"",3,0.8,-199,-1.4,-236,-1.6,-92,-0.6,4258634,1.9,3227239,2.3,102651,5.2,38,3.2
"US000","5","326199","18","0","2026","1","",6602,284397,285172,285244,4948506942,3011622225,51859144,1336,"",1.00,1.00,1.00,1.00,1.00,1.00,1.00,1.00,"",85,1.3,-3992,-1.4,-4333,-1.5,-4152,-1.4,37417940,0.8,9297093,0.3,986869,1.9,29,2.2
"US000","5","3262","16","0","2026","1","",2204,121557,121255,121379,2382641448,1356371794,17478415,1510,"",1.00,1.00,1.00,1.00,1.00,1.00,1.00,1.00,"",52,2.4,-7201,-5.6,-7350,-5.7,-6844,-5.3,-19093950,-0.8,-16328984,-1.2,-573219,-3.2,73,5.1
"US000","5","32621","17","0","2026","1","",453,51213,50904,50905,1016367865,642738297,6360024,1533,"",1.00,1.00,1.00,1.00,1.00,1.00,1.00,1.00,"",1,0.2,-4310,-7.8,-4308,-7.8,-3999,-7.3,-72835815,-6.7,889754,0.1,-486036,-7.1,16,1.1
"US000","5","326211","18","0","2026","1","",193,45970,45686,45715,935884101,594570938,5684695,1572,"",1.00,1.00,1.00,1.00,1.00,1.00,1.00,1.00,"",2,1.0,-4159,-8.3,-4181,-8.4,-3876,-7.8,-75285766,-7.4,3241802,0.5,-511984,-8.3,12,0.8
"US000","5","326212","18","0","2026","1","",260,5243,5218,5190,80483764,48167359,675329,1187,"",1.00,1.00,1.00,1.00,1.00,1.00,1.00,1.00,"",-1,-0.4,-151,-2.8,-127,-2.4,-123,-2.3,2449951,3.1,-2352048,-4.7,25948,4.0,65,5.8
"US000","5","32622","17","0","2026","1","",507,21466,21353,21552,454857377,217554602,2842044,1631,"",1.00,1.00,1.00,1.00,1.00,1.00,1.00,1.00,"",15,3.0,-1705,-7.4,-1759,-7.6,-1523,-6.6,35113327,8.4,-11127979,-4.9,-244499,-7.9,234,16.8
"US000","5","326220","18","0","2026","1","",507,21466,21353,21552,454857377,217554602,2842044,1631,"",1.00,1.00,1.00,1.00,1.00,1.00,1.00,1.00,"",15,3.0,-1705,-7.4,-1759,-7.6,-1523,-6.6,35113327,8.4,-11127979,-4.9,-244499,-7.9,234,16.8
"US000","5","32629","17","0","2026","1","",1244,48878,48998,48922,911416206,496078895,8276347,1433,"",1.00,1.00,1.00,1.00,1.00,1.00,1.00,1.00,"",36,3.0,-1186,-2.4,-1283,-2.6,-1322,-2.6,18628538,2.1,-6090759,-1.2,157316,1.9,65,4.8
"US000","5","326291","18","0","2026","1","",490,25471,25678,25575,457573447,254857371,4125722,1376,"",1.00,1.00,1.00,1.00,1.00,1.00,1.00,1.00,"",1,0.2,-812,-3.1,-715,-2.7,-772,-2.9,13016975,2.9,-2068773,-0.8,138006,3.5,78,6.0
"US000","5","326299","18","0","2026","1","",754,23407,23320,23347,453842759,241221524,4150625,1495,"",1.00,1.00,1.00,1.00,1.00,1.00,1.00,1.00,"",35,4.9,-374,-1.6,-568,-2.4,-550,-2.3,5611563,1.3,-4021986,-1.6,19310,0.5,50,3.5
"US000","5","327","15","0","2026","1","",17842,404205,403270,406730,8023941585,4491513273,88994233,1525,"",1.00,1.00,1.00,1.00,1.00,1.00,1.00,1.00,"",326,1.9,-2127,-0.5,-2780,-0.7,-2960,-0.7,70800927,0.9,109290354,2.5,904773,1.0,23,1.5
"US000","5","3271","16","0","2026","1","",1484,32787,32739,32744,619568124,335396943,7098660,1455,"",1.00,1.00,1.00,1.00,1.00,1.00,1.00,1.00,"",16,1.1,-1158,-3.4,-1175,-3.5,-1057,-3.1,-2874620,-0.5,4575805,1.4,125551,1.8,42,3.0
"US000","5","32711","17","0","2026","1","",807,11684,11651,11652,225170215,121934449,2624078,1485,"",1.00,1.00,1.00,1.00,1.00,1.00,1.00,1.00,"",18,2.3,-816,-6.5,-801,-6.4,-801,-6.4,3352605,1.5,2619735,2.2,57942,2.3,117,8.6
"US000","5","327110","18","0","2026","1","",807,11684,11651,11652,225170215,121934449,2624078,1485,"",1.00,1.00,1.00,1.00,1.00,1.00,1.00,1.00,"",18,2.3,-816,-6.5,-801,-6.4,-801,-6.4,3352605,1.5,2619735,2.2,57942,2.3,117,8.6
"US000","5","32712","17","0","2026","1","",677,21103,21088,21092,394397909,213462494,4474582,1438,"",1.00,1.00,1.00,1.00,1.00,1.00,1.00,1.00,"",-2,-0.3,-342,-1.6,-374,-1.7,-256,-1.2,-6227225,-1.6,1956070,0.9,67609,1.5,-1,-0.1
"US000","5","327120","18","0","2026","1","",677,21103,21088,21092,394397909,213462494,4474582,1438,"",1.00,1.00,1.00,1.00,1.00,1.00,1.00,1.00,"",-2,-0.3,-342,-1.6,-374,-1.7,-256,-1.2,-6227225,-1.6,1956070,0.9,67609,1.5,-1,-0.1
"US000","5","3272","16","0","2026","1","",1961,75888,75956,75873,1478478863,882260097,14375293,1498,"",1.00,1.00,1.00,1.00,1.00,1.00,1.00,1.00,"",2,0.1,-1780,-2.3,-1311,-1.7,-1394,-1.8,-10469236,-0.7,46843522,5.6,-406709,-2.8,18,1.2
"US000","5","32721","17","0","2026","1","",1961,75888,75956,75873,1478478863,882260097,14375293,1498,"",1.00,1.00,1.00,1.00,1.00,1.00,1.00,1.00,"",2,0.1,-1780,-2.3,-1311,-1.7,-1394,-1.8,-10469236,-0.7,46843522,5.6,-406709,-2.8,18,1.2
"US000","5","327211","18","0","2026","1","",200,11874,11892,11905,249570986,130539955,2006282,1615,"",1.00,1.00,1.00,1.00,1.00,1.00,1.00,1.00,"",2,1.0,69,0.6,70,0.6,78,0.7,9286453,3.9,7270074,5.9,-47794,-2.3,51,3.3
"US000","5","327212","18","0","2026","1","",378,10602,10962,10960,243350416,150156461,2354469,1727,"",1.00,1.00,1.00,1.00,1.00,1.00,1.00,1.00,"",-25,-6.2,-110,-1.0,274,2.6,205,1.9,5565358,2.3,54212029,56.5,105426,4.7,20,1.2
"US000","5","327213","18","0","2026","1","",154,9739,9575,9606,244848989,129176027,2648557,1954,"",1.00,1.00,1.00,1.00,1.00,1.00,1.00,1.00,"",2,1.3,-1089,-10.1,-1057,-9.9,-918,-8.7,-18362348,-7.0,-10778175,-7.7,-765801,-22.4,55,2.9
"US000","5","327215","18","0","2026","1","",1229,43673,43527,43402,740708472,472387654,7365985,1309,"",1.00,1.00,1.00,1.00,1.00,1.00,1.00,1.00,"",23,1.9,-650,-1.5,-598,-1.4,-759,-1.7,-6958699,-0.9,-3860406,-0.8,301460,4.3,8,0.6
"US000","5","3273","16","0","2026","1","",9603,201276,200399,204063,4030977647,2227733213,51383417,1536,"",1.00,1.00,1.00,1.00,1.00,1.00,1.00,1.00,"",253,2.7,2402,1.2,1616,0.8,1690,0.8,141716637,3.6,69310388,3.2,799134,1.6,40,2.7
"US000","5","32731","17","0","2026","1","",478,15922,15854,15845,438026029,187827068,2956034,2123,"",1.00,1.00,1.00,1.00,1.00,1.00,1.00,1.00,"",17,3.7,265,1.7,204,1.3,169,1.1,-6017710,-1.4,2038076,1.1,-132625,-4.3,-58,-2.7
"US000","5","327310","18","0","2026","1","",478,15922,15854,15845,438026029,187827068,2956034,2123,"",1.00,1.00,1.00,1.00,1.00,1.00,1.00,1.00,"",17,3.7,265,1.7,204,1.3,169,1.1,-6017710,-1.4,2038076,1.1,-132625,-4.3,-58,-2.7
"US000","5","32732","17","0","2026","1","",5893,100497,99611,102494,1947398416,1117235459,31198794,1485,"",1.00,1.00,1.00,1.00,1.00,1.00,1.00,1.00,"",177,3.1,1023,1.0,648,0.7,602,0.6,58446959,3.1,36325837,3.4,517634,1.7,34,2.3
"US000","5","327320","18","0","2026","1","",5893,100497,99611,102494,1947398416,1117235459,31198794,1485,"",1.00,1.00,1.00,1.00,1.00,1.00,1.00,1.00,"",177,3.1,1023,1.0,648,0.7,602,0.6,58446959,3.1,36325837,3.4,517634,1.7,34,2.3
"US000","5","32733","17","0","2026","1","",1106,27844,27795,28040,532741731,301913224,5537226,1469,"",1.00,1.00,1.00,1.00,1.00,1.00,1.00,1.00,"",32,3.0,123,0.4,-162,-0.6,-318,-1.1,12942827,2.5,6470824,2.2,7076,0.1,42,2.9
"US000","5","327331","18","0","2026","1","",847,17967,17962,18112,343476914,194835139,3617238,1467,"",1.00,1.00,1.00,1.00,1.00,1.00,1.00,1.00,"",14,1.7,-119,-0.7,-221,-1.2,-329,-1.8,6413975,1.9,1410022,0.7,-60872,-1.7,45,3.2
"US000","5","327332","18","0","2026","1","",259,9877,9833,9928,189264817,107078085,1919988,1474,"",1.00,1.00,1.00,1.00,1.00,1.00,1.00,1.00,"",18,7.5,242,2.5,59,0.6,11,0.1,6528852,3.6,5060802,5.0,67948,3.7,36,2.5
"US000","5","32739","17","0","2026","1","",2126,57013,57139,57684,1112811471,620757462,11691363,1494,"",1.00,1.00,1.00,1.00,1.00,1.00,1.00,1.00,"",27,1.3,991,1.8,926,1.6,1237,2.2,76344561,7.4,24475651,4.1,407049,3.6,76,5.4
"US000","5","327390","18","0","2026","1","",2126,57013,57139,57684,1112811471,620757462,11691363,1494,"",1.00,1.00,1.00,1.00,1.00,1.00,1.00,1.00,"",27,1.3,991,1.8,926,1.6,1237,2.2,76344561,7.4,24475651,4.1,407049,3.6,76,5.4
"US000","5","3274","16","0","2026","1","",372,15979,15932,16027,403559603,200397148,2276548,1943,"",1.00,1.00,1.00,1.00,1.00,1.00,1.00,1.00,"",3,0.8,-631,-3.8,-745,-4.5,-671,-4.0,-27974219,-6.5,-4924925,-2.4,-128178,-5.3,-49,-2.5
"US000","5","32741","17","0","2026","1","",101,4384,4365,4389,121483677,50000920,541877,2134,"",1.00,1.00,1.00,1.00,1.00,1.00,1.00,1.00,"",1,1.0,66,1.5,41,0.9,36,0.8,7306545,6.4,349190,0.7,11619,2.2,106,5.2
"US000","5","327410","18","0","2026","1","",101,4384,4365,4389,121483677,50000920,541877,2134,"",1.00,1.00,1.00,1.00,1.00,1.00,1.00,1.00,"",1,1.0,66,1.5,41,0.9,36,0.8,7306545,6.4,349190,0.7,11619,2.2,106,5.2
"US000","5","32742","17","0","2026","1","",271,11595,11567,11638,282075926,150396228,1734671,1871,"",1.00,1.00,1.00,1.00,1.00,1.00,1.00,1.00,"",2,0.7,-697,-5.7,-786,-6.4,-707,-5.7,-35280764,-11.1,-5274115,-3.4,-139797,-7.5,-109,-5.5
"US000","5","327420","18","0","2026","1","",271,11595,11567,11638,282075926,150396228,1734671,1871,"",1.00,1.00,1.00,1.00,1.00,1.00,1.00,1.00,"",2,0.7,-697,-5.7,-786,-6.4,-707,-5.7,-35280764,-11.1,-5274115,-3.4,-139797,-7.5,-109,-5.5
"US000","5","3279","16","0","2026","1","",4422,78275,78244,78023,1491357348,845725872,13860315,1467,"",1.00,1.00,1.00,1.00,1.00,1.00,1.00,1.00,"",52,1.2,-960,-1.2,-1165,-1.5,-1528,-1.9,-29597635,-1.9,-6514436,-0.8,514975,3.9,-7,-0.5
"US000","5","32791","17","0","2026","1","",399,9128,9119,9068,185703850,103012855,1941754,1569,"",1.00,1.00,1.00,1.00,1.00,1.00,1.00,1.00,"",3,0.8,-292,-3.1,-274,-2.9,-328,-3.5,-2218698,-1.2,-380897,-0.4,222792,13.0,32,2.1
"US000","5","327910","18","0","2026","1","",399,9128,9119,9068,185703850,103012855,1941754,1569,"",1.00,1.00,1.00,1.00,1.00,1.00,1.00,1.00,"",3,0.8,-292,-3.1,-274,-2.9,-328,-3.5,-2218698,-1.2,-380897,-0.4,222792,13.0,32,2.1
"US000","5","32799","17","0","2026","1","",4023,69147,69125,68955,1305653498,742713017,11918561,1454,"",1.00,1.00,1.00,1.00,1.00,1.00,1.00,1.00,"",49,1.2,-668,-1.0,-891,-1.3,-1200,-1.7,-27378937,-2.1,-6133539,-0.8,292183,2.5,-11,-0.8
"US000","5","327991","18","0","2026","1","",2953,33280,33160,33109,492326661,350880914,5161756,1141,"",1.00,1.00,1.00,1.00,1.00,1.00,1.00,1.00,"",21,0.7,-290,-0.9,-502,-1.5,-608,-1.8,4959714,1.0,2478648,0.7,172054,3.4,27,2.4
"US000","5","327992","18","0","2026","1","",173,6793,6789,6765,178212081,76308297,1469618,2021,"",1.00,1.00,1.00,1.00,1.00,1.00,1.00,1.00,"",3,1.8,-81,-1.2,-40,-0.6,-9,-0.1,-15712260,-8.1,-7969875,-9.5,87308,6.3,-164,-7.5
"US000","5","327993","18","0","2026","1","",295,16911,16937,16812,396128270,172794431,2958410,1804,"",1.00,1.00,1.00,1.00,1.00,1.00,1.00,1.00,"",7,2.4,-335,-1.9,-438,-2.5,-560,-3.2,-21977891,-5.3,-3354661,-1.9,-48420,-1.6,-52,-2.8
"US000","5","327999","18","0","2026","1","",602,12163,12239,12269,238986486,142729375,2328777,1504,"",1.00,1.00,1.00,1.00,1.00,1.00,1.00,1.00,"",18,3.1,38,0.3,89,0.7,-23,-0.2,5351500,2.3,2712349,1.9,81241,3.6,30,2.0
"US000","5","331","15","0","2026","1","",6148,361468,361914,362721,8998678882,4071891553,73780109,1912,"",1.00,1.00,1.00,1.00,1.00,1.00,1.00,1.00,"",104,1.7,-585,-0.2,-1417,-0.4,-921,-0.3,282498613,3.2,32423663,0.8,1845142,2.6,65,3.5
"US000","5","3311","16","0","2026","1","",1062,83516,83628,83705,2641403925,889516237,16508239,2430,"",1.00,1.00,1.00,1.00,1.00,1.00,1.00,1.00,"",25,2.4,-601,-0.7,-512,-0.6,-619,-0.7,96306928,3.8,2720414,0.3,82311,0.5,105,4.5
"US000","5","33111","17","0","2026","1","",1062,83516,83628,83705,2641403925,889516237,16508239,2430,"",1.00,1.00,1.00,1.00,1.00,1.00,1.00,1.00,"",25,2.4,-601,-0.7,-512,-0.6,-619,-0.7,96306928,3.8,2720414,0.3,82311,0.5,105,4.5
"US000","5","331110","18","0","2026","1","",1062,83516,83628,83705,2641403925,889516237,16508239,2430,"",1.00,1.00,1.00,1.00,1.00,1.00,1.00,1.00,"",25,2.4,-601,-0.7,-512,-0.6,-619,-0.7,96306928,3.8,2720414,0.3,82311,0.5,105,4.5
"US000","5","3312","16","0","2026","1","",1454,57361,56974,57095,1294068048,612767653,11251267,1742,"",1.00,1.00,1.00,1.00,1.00,1.00,1.00,1.00,"",41,2.9,-141,-0.2,-868,-1.5,-934,-1.6,-26602340,-2.0,-2034437,-0.3,346148,3.2,-16,-0.9
"US000","5","33121","17","0","2026","1","",667,26686,26286,26391,612045425,275275094,6193177,1780,"",1.00,1.00,1.00,1.00,1.00,1.00,1.00,1.00,"",29,4.5,330,1.3,-319,-1.2,-348,-1.3,-41526245,-6.4,-1789691,-0.6,680805,12.4,-112,-5.9
"US000","5","331210","18","0","2026","1","",667,26686,26286,26391,612045425,275275094,6193177,1780,"",1.00,1.00,1.00,1.00,1.00,1.00,1.00,1.00,"",29,4.5,330,1.3,-319,-1.2,-348,-1.3,-41526245,-6.4,-1789691,-0.6,680805,12.4,-112,-5.9
"US000","5","33122","17","0","2026","1","",787,30675,30688,30704,682022623,337492559,5058090,1710,"",1.00,1.00,1.00,1.00,1.00,1.00,1.00,1.00,"",12,1.5,-471,-1.5,-549,-1.8,-586,-1.9,14923905,2.2,-244746,-0.1,-334657,-6.2,67,4.1
"US000","5","331221","18","0","2026","1","",530,21447,21458,21454,514016714,241572791,3345154,1843,"",1.00,1.00,1.00,1.00,1.00,1.00,1.00,1.00,"",7,1.3,-211,-1.0,-280,-1.3,-316,-1.5,13920179,2.8,2835750,1.2,-437830,-11.6,72,4.1
"US000","5","331222","18","0","2026","1","",257,9228,9230,9250,168005909,95919768,1712936,1399,"",1.00,1.00,1.00,1.00,1.00,1.00,1.00,1.00,"",5,2.0,-260,-2.7,-269,-2.8,-270,-2.8,1003726,0.6,-3080496,-3.1,103173,6.4,47,3.5
"US000","5","3313","16","0","2026","1","",840,59533,59842,59938,1397538537,666090829,10623026,1799,"",1.00,1.00,1.00,1.00,1.00,1.00,1.00,1.00,"",19,2.3,1473,2.5,1523,2.6,1611,2.8,68266952,5.1,12749745,2.0,610441,6.1,43,2.4
"US000","5","33131","17","0","2026","1","",840,59533,59842,59938,1397538537,666090829,10623026,1799,"",1.00,1.00,1.00,1.00,1.00,1.00,1.00,1.00,"",19,2.3,1473,2.5,1523,2.6,1611,2.8,68266952,5.1,12749745,2.0,610441,6.1,43,2.4
"US000","5","331313","18","0","2026","1","",126,7656,7600,7599,195447509,80585040,1692455,1973,"",1.00,1.00,1.00,1.00,1.00,1.00,1.00,1.00,"",-6,-4.5,228,3.1,49,0.6,119,1.6,6292481,3.3,4788515,6.3,10219,0.6,29,1.5
"US000","5","331314","18","0","2026","1","",146,6010,6092,6134,130456347,64571973,948359,1651,"",1.00,1.00,1.00,1.00,1.00,1.00,1.00,1.00,"",11,8.1,396,7.1,458,8.1,509,9.0,12280788,10.4,5711362,9.7,109180,13.0,35,2.2
"US000","5","331315","18","0","2026","1","",192,18716,18825,18873,530064600,249237277,2754609,2168,"",1.00,1.00,1.00,1.00,1.00,1.00,1.00,1.00,"",5,2.7,250,1.4,422,2.3,477,2.6,21373593,4.2,-4962454,-2.0,15884,0.6,44,2.1
"US000","5","331318","18","0","2026","1","",376,27151,27325,27332,541570081,271696539,5227603,1528,"",1.00,1.00,1.00,1.00,1.00,1.00,1.00,1.00,"",9,2.5,599,2.3,594,2.2,506,1.9,28320090,5.5,7212322,2.7,475158,10.0,49,3.3
"US000","5","3314","16","0","2026","1","",1147,61001,61143,61184,1486028441,763310647,14327829,1871,"",1.00,1.00,1.00,1.00,1.00,1.00,1.00,1.00,"",26,2.3,-524,-0.9,-464,-0.8,-512,-0.8,42485213,2.9,9135861,1.2,550141,4.0,69,3.8
"US000","5","33141","17","0","2026","1","",205,7980,7980,7932,231300502,129828775,2022847,2234,"",1.00,1.00,1.00,1.00,1.00,1.00,1.00,1.00,"",26,14.5,-91,-1.1,-34,-0.4,-90,-1.1,5197371,2.3,-4406753,-3.3,-154455,-7.1,70,3.2
"US000","5","331410","18","0","2026","1","",205,7980,7980,7932,231300502,129828775,2022847,2234,"",1.00,1.00,1.00,1.00,1.00,1.00,1.00,1.00,"",26,14.5,-91,-1.1,-34,-0.4,-90,-1.1,5197371,2.3,-4406753,-3.3,-154455,-7.1,70,3.2
"US000","5","33142","17","0","2026","1","",348,28662,28835,28936,661170639,328714366,6700515,1765,"",1.00,1.00,1.00,1.00,1.00,1.00,1.00,1.00,"",10,3.0,-114,-0.4,-54,-0.2,-54,-0.2,10061201,1.5,6271929,1.9,645637,10.7,31,1.8
"US000","5","331420","18","0","2026","1","",348,28662,28835,28936,661170639,328714366,6700515,1765,"",1.00,1.00,1.00,1.00,1.00,1.00,1.00,1.00,"",10,3.0,-114,-0.4,-54,-0.2,-54,-0.2,10061201,1.5,6271929,1.9,645637,10.7,31,1.8
"US000","5","33149","17","0","2026","1","",594,24359,24328,24316,593557300,304767506,5604467,1876,"",1.00,1.00,1.00,1.00,1.00,1.00,1.00,1.00,"",-10,-1.7,-319,-1.3,-376,-1.5,-368,-1.5,27226641,4.8,7270685,2.4,58959,1.1,111,6.3
"US000","5","331491","18","0","2026","1","",334,14539,14520,14495,348615208,190648222,3468605,1847,"",1.00,1.00,1.00,1.00,1.00,1.00,1.00,1.00,"",-6,-1.8,-277,-1.9,-308,-2.1,-312,-2.1,14395303,4.3,3537007,1.9,-57390,-1.6,112,6.5
"US000","5","331492","18","0","2026","1","",260,9820,9808,9821,244942092,114119284,2135862,1919,"",1.00,1.00,1.00,1.00,1.00,1.00,1.00,1.00,"",-4,-1.5,-42,-0.4,-68,-0.7,-56,-0.6,12831338,5.5,3733678,3.4,116349,5.8,110,6.1
"US000","5","3315","16","0","2026","1","",1645,100057,100327,100799,2179639931,1140206187,21069748,1670,"",1.00,1.00,1.00,1.00,1.00,1.00,1.00,1.00,"",-7,-0.4,-792,-0.8,-1096,-1.1,-467,-0.5,102041860,4.9,9852080,0.9,256101,1.2,90,5.7
"US000","5","33151","17","0","2026","1","",724,53642,53421,53874,1295010920,618263476,11893503,1857,"",1.00,1.00,1.00,1.00,1.00,1.00,1.00,1.00,"",-8,-1.1,118,0.2,-372,-0.7,31,0.1,77593945,6.4,7372710,1.2,338122,2.9,114,6.5
"US000","5","331511","18","0","2026","1","",354,31859,31695,31747,861579036,343634176,6327566,2086,"",1.00,1.00,1.00,1.00,1.00,1.00,1.00,1.00,"",-10,-2.7,-84,-0.3,-527,-1.6,-477,-1.5,62028050,7.8,-697843,-0.2,208189,3.4,172,9.0
"US000","5","331512","18","0","2026","1","",118,11002,10997,11010,223278163,149993501,2386180,1561,"",1.00,1.00,1.00,1.00,1.00,1.00,1.00,1.00,"",1,0.9,228,2.1,226,2.1,197,1.8,17136556,8.3,9157202,6.5,69280,3.0,91,6.2
"US000","5","331513","18","0","2026","1","",252,10781,10729,11117,210153721,124635799,3179757,1486,"",1.00,1.00,1.00,1.00,1.00,1.00,1.00,1.00,"",1,0.4,-26,-0.2,-71,-0.7,311,2.9,-1570661,-0.7,-1086649,-0.9,60653,1.9,-21,-1.4
"US000","5","33152","17","0","2026","1","",921,46415,46906,46925,884629011,521942711,9176245,1456,"",1.00,1.00,1.00,1.00,1.00,1.00,1.00,1.00,"",1,0.1,-910,-1.9,-724,-1.5,-498,-1.1,24447915,2.8,2479370,0.5,-82021,-0.9,62,4.4
"US000","5","331523","18","0","2026","1","",295,17885,18190,18117,333080738,191970593,3374578,1418,"",1.00,1.00,1.00,1.00,1.00,1.00,1.00,1.00,"",2,0.7,-1560,-8.0,-1387,-7.1,-1258,-6.5,-14118774,-4.1,-10818848,-5.3,-134074,-3.8,46,3.4
"US000","5","331524","18","0","2026","1","",339,14709,14846,14900,265838486,164922187,2792331,1380,"",1.00,1.00,1.00,1.00,1.00,1.00,1.00,1.00,"",-4,-1.2,43,0.3,118,0.8,198,1.3,16077299,6.4,3125740,1.9,37870,1.4,73,5.6
"US000","5","331529","18","0","2026","1","",287,13821,13870,13908,285709787,165049931,3009336,1585,"",1.00,1.00,1.00,1.00,1.00,1.00,1.00,1.00,"",3,1.1,607,4.6,545,4.1,562,4.2,22489390,8.5,10172478,6.6,14183,0.5,62,4.1
"US000","5","332","15","0","2026","1","",61379,1415240,1418246,1421437,27790647766,15524481564,260871287,1507,"",1.00,1.00,1.00,1.00,1.00,1.00,1.00,1.00,"",406,0.7,-10585,-0.7,-10010,-0.7,-8314,-0.6,1022171281,3.8,233844409,1.5,9657048,3.8,65,4.5
"US000","5","3321","16","0","2026","1","",2222,83281,83159,83284,1655964332,913952155,18540721,1530,"",1.00,1.00,1.00,1.00,1.00,1.00,1.00,1.00,"",-27,-1.2,-2201,-2.6,-2234,-2.6,-1828,-2.1,93678751,6.0,-12023144,-1.3,1024123,5.8,122,8.7
"US000","5","33211","17","0","2026","1","",2222,83281,83159,83284,1655964332,913952155,18540721,1530,"",1.00,1.00,1.00,1.00,1.00,1.00,1.00,1.00,"",-27,-1.2,-2201,-2.6,-2234,-2.6,-1828,-2.1,93678751,6.0,-12023144,-1.3,1024123,5.8,122,8.7
"US000","5","332111","18","0","2026","1","",514,19534,19478,19491,449375162,209239434,4350828,1773,"",1.00,1.00,1.00,1.00,1.00,1.00,1.00,1.00,"",8,1.6,14,0.1,-31,-0.2,98,0.5,52205875,13.1,2654979,1.3,402023,10.2,204,13.0
"US000","5","332112","18","0","2026","1","",88,6814,6796,6755,213762932,68294510,1626842,2422,"",1.00,1.00,1.00,1.00,1.00,1.00,1.00,1.00,"",-7,-7.4,10,0.1,3,0.0,-62,-0.9,47234780,28.4,1907671,2.9,269972,19.9,539,28.6
"US000","5","332114","18","0","2026","1","",253,5700,5661,5685,115987111,57902305,1102135,1570,"",1.00,1.00,1.00,1.00,1.00,1.00,1.00,1.00,"",-2,-0.8,-450,-7.3,-435,-7.1,-386,-6.4,-487203,-0.4,-1852065,-3.1,-4670,-0.4,103,7.0
"US000","5","332117","18","0","2026","1","",171,7248,7194,7223,124385472,76626498,2496416,1325,"",1.00,1.00,1.00,1.00,1.00,1.00,1.00,1.00,"",3,1.8,-622,-7.9,-614,-7.9,-482,-6.3,-3475503,-2.7,-7369985,-8.8,-108800,-4.2,63,5.0
"US000","5","332119","18","0","2026","1","",1196,43985,44030,44130,752453655,501889408,8964500,1314,"",1.00,1.00,1.00,1.00,1.00,1.00,1.00,1.00,"",-29,-2.4,-1153,-2.6,-1157,-2.6,-996,-2.2,-1799198,-0.2,-7363744,-1.4,465598,5.5,29,2.3
"US000","5","3322","16","0","2026","1","",1316,31162,31071,31008,643508801,372096615,6321741,1593,"",1.00,1.00,1.00,1.00,1.00,1.00,1.00,1.00,"",-35,-2.6,-1302,-4.0,-1364,-4.2,-1344,-4.2,-30637684,-4.5,-14705683,-3.8,-23320,-0.4,-7,-0.4
"US000","5","33221","17","0","2026","1","",1316,31162,31071,31008,643508801,372096615,6321741,1593,"",1.00,1.00,1.00,1.00,1.00,1.00,1.00,1.00,"",-35,-2.6,-1302,-4.0,-1364,-4.2,-1344,-4.2,-30637684,-4.5,-14705683,-3.8,-23320,-0.4,-7,-0.4
"US000","5","332215","18","0","2026","1","",356,8949,8939,8931,199591367,117881514,2001750,1717,"",1.00,1.00,1.00,1.00,1.00,1.00,1.00,1.00,"",-13,-3.5,-224,-2.4,-252,-2.7,-266,-2.9,-12130403,-5.7,803394,0.7,102600,5.4,-56,-3.2
"US000","5","332216","18","0","2026","1","",960,22213,22132,22077,443917434,254215101,4319991,1542,"",1.00,1.00,1.00,1.00,1.00,1.00,1.00,1.00,"",-22,-2.2,-1078,-4.6,-1112,-4.8,-1078,-4.7,-18507281,-4.0,-15509077,-5.7,-125920,-2.8,11,0.7
"US000","5","3323","16","0","2026","1","",17191,418266,419163,420403,7950142004,4532081481,75351018,1459,"",1.00,1.00,1.00,1.00,1.00,1.00,1.00,1.00,"",356,2.1,6182,1.5,6514,1.6,7102,1.7,376501457,5.0,170787985,3.9,4141742,5.8,47,3.3
"US000","5","33231","17","0","2026","1","",7641,192695,193894,194862,4036720062,2146779319,32393816,1602,"",1.00,1.00,1.00,1.00,1.00,1.00,1.00,1.00,"",228,3.1,6699,3.6,7084,3.8,7785,4.2,297950231,8.0,121916019,6.0,2333001,7.8,61,4.0
"US000","5","332311","18","0","2026","1","",1634,40180,40458,40545,823692790,424476139,6912566,1569,"",1.00,1.00,1.00,1.00,1.00,1.00,1.00,1.00,"",101,6.6,1659,4.3,1757,4.5,1699,4.4,67085908,8.9,27342152,6.9,781379,12.7,65,4.3
"US000","5","332312","18","0","2026","1","",4062,103313,104041,104797,2121871898,1168487413,16678820,1569,"",1.00,1.00,1.00,1.00,1.00,1.00,1.00,1.00,"",98,2.5,4161,4.2,4542,4.6,5046,5.1,151296774,7.7,74028225,6.8,644142,4.0,45,3.0
"US000","5","332313","18","0","2026","1","",1945,49202,49395,49520,1091155374,553815767,8802430,1700,"",1.00,1.00,1.00,1.00,1.00,1.00,1.00,1.00,"",29,1.5,879,1.8,785,1.6,1040,2.1,79567549,7.9,20545642,3.9,907480,11.5,95,5.9
"US000","5","33232","17","0","2026","1","",9550,225571,225269,225541,3913421942,2385302162,42957202,1335,"",1.00,1.00,1.00,1.00,1.00,1.00,1.00,1.00,"",128,1.4,-517,-0.2,-570,-0.3,-683,-0.3,78551226,2.0,48871966,2.1,1808741,4.4,30,2.3
"US000","5","332321","18","0","2026","1","",1628,65415,65134,64724,1100851812,643422077,10097166,1301,"",1.00,1.00,1.00,1.00,1.00,1.00,1.00,1.00,"",37,2.3,-2419,-3.6,-2204,-3.3,-2430,-3.6,-25417185,-2.3,-7416692,-1.1,173156,1.7,16,1.2
"US000","5","332322","18","0","2026","1","",4562,116435,116525,117087,2033064275,1259939086,23712753,1340,"",1.00,1.00,1.00,1.00,1.00,1.00,1.00,1.00,"",50,1.1,2367,2.1,2246,2.0,2509,2.2,94850961,4.9,49510465,4.1,1385120,6.2,36,2.8
"US000","5","332323","18","0","2026","1","",3360,43721,43610,43730,779505855,481940999,9147283,1373,"",1.00,1.00,1.00,1.00,1.00,1.00,1.00,1.00,"",41,1.2,-465,-1.1,-612,-1.4,-762,-1.7,9117450,1.2,6778193,1.4,250465,2.8,35,2.6
"US000","5","3324","16","0","2026","1","",2196,96192,96844,97017,2148453116,1138395720,19936216,1709,"",1.00,1.00,1.00,1.00,1.00,1.00,1.00,1.00,"",9,0.4,-1083,-1.1,-814,-0.8,-956,-1.0,101757584,5.0,20950158,1.9,702905,3.7,96,6.0
"US000","5","33241","17","0","2026","1","",442,23361,23754,23836,574093795,302214100,5513800,1867,"",1.00,1.00,1.00,1.00,1.00,1.00,1.00,1.00,"",10,2.3,514,2.2,743,3.2,552,2.4,59014046,11.5,17699608,6.2,312402,6.0,148,8.6
"US000","5","332410","18","0","2026","1","",442,23361,23754,23836,574093795,302214100,5513800,1867,"",1.00,1.00,1.00,1.00,1.00,1.00,1.00,1.00,"",10,2.3,514,2.2,743,3.2,552,2.4,59014046,11.5,17699608,6.2,312402,6.0,148,8.6
"US000","5","33242","17","0","2026","1","",1023,38328,38433,38465,800847718,428022412,6942052,1604,"",1.00,1.00,1.00,1.00,1.00,1.00,1.00,1.00,"",14,1.4,609,1.6,547,1.4,567,1.5,52210028,7.0,10907750,2.6,448279,6.9,82,5.4
"US000","5","332420","18","0","2026","1","",1023,38328,38433,38465,800847718,428022412,6942052,1604,"",1.00,1.00,1.00,1.00,1.00,1.00,1.00,1.00,"",14,1.4,609,1.6,547,1.4,567,1.5,52210028,7.0,10907750,2.6,448279,6.9,82,5.4
"US000","5","33243","17","0","2026","1","",731,34503,34657,34716,773511603,408159208,7480364,1718,"",1.00,1.00,1.00,1.00,1.00,1.00,1.00,1.00,"",-15,-2.0,-2206,-6.0,-2104,-5.7,-2075,-5.6,-9466490,-1.2,-7657200,-1.8,-57776,-0.8,79,4.8
"US000","5","332431","18","0","2026","1","",242,21326,21377,21448,541502408,261813336,4927243,1948,"",1.00,1.00,1.00,1.00,1.00,1.00,1.00,1.00,"",-1,-0.4,-111,-0.5,-77,-0.4,-36,-0.2,4291089,0.8,5216805,2.0,334995,7.3,22,1.1
"US000","5","332439","18","0","2026","1","",489,13177,13280,13268,232009195,146345872,2553121,1348,"",1.00,1.00,1.00,1.00,1.00,1.00,1.00,1.00,"",-14,-2.8,-2095,-13.7,-2027,-13.2,-2039,-13.3,-13757579,-5.6,-12874005,-8.1,-392771,-13.3,112,9.1
"US000","5","3325","16","0","2026","1","",877,21554,21626,21684,495122930,258540932,3820363,1762,"",1.00,1.00,1.00,1.00,1.00,1.00,1.00,1.00,"",11,1.3,-552,-2.5,-465,-2.1,-427,-1.9,11759713,2.4,-762845,-0.3,131944,3.6,80,4.8
"US000","5","33251","17","0","2026","1","",877,21554,21626,21684,495122930,258540932,3820363,1762,"",1.00,1.00,1.00,1.00,1.00,1.00,1.00,1.00,"",11,1.3,-552,-2.5,-465,-2.1,-427,-1.9,11759713,2.4,-762845,-0.3,131944,3.6,80,4.8
"US000","5","332510","18","0","2026","1","",877,21554,21626,21684,495122930,258540932,3820363,1762,"",1.00,1.00,1.00,1.00,1.00,1.00,1.00,1.00,"",11,1.3,-552,-2.5,-465,-2.1,-427,-1.9,11759713,2.4,-762845,-0.3,131944,3.6,80,4.8
"US000","5","3326","16","0","2026","1","",1303,38319,38426,38241,669953812,412979720,6918625,1345,"",1.00,1.00,1.00,1.00,1.00,1.00,1.00,1.00,"",-6,-0.5,-205,-0.5,-36,-0.1,-314,-0.8,13370844,2.0,7603789,1.9,319804,4.8,34,2.6
"US000","5","33261","17","0","2026","1","",1303,38319,38426,38241,669953812,412979720,6918625,1345,"",1.00,1.00,1.00,1.00,1.00,1.00,1.00,1.00,"",-6,-0.5,-205,-0.5,-36,-0.1,-314,-0.8,13370844,2.0,7603789,1.9,319804,4.8,34,2.6
"US000","5","332613","18","0","2026","1","",400,15233,15274,15218,267413269,160709625,3012123,1350,"",1.00,1.00,1.00,1.00,1.00,1.00,1.00,1.00,"",-10,-2.4,-401,-2.6,-299,-1.9,-297,-1.9,3107030,1.2,-1293016,-0.8,104397,3.6,45,3.4
"US000","5","332618","18","0","2026","1","",903,23086,23152,23023,402540543,252270095,3906502,1341,"",1.00,1.00,1.00,1.00,1.00,1.00,1.00,1.00,"",4,0.4,196,0.9,263,1.1,-17,-0.1,10263814,2.6,8896805,3.7,215407,5.8,26,2.0
"US000","5","3327","16","0","2026","1","",20668,327816,328528,329337,6108935658,3552026537,61019047,1430,"",1.00,1.00,1.00,1.00,1.00,1.00,1.00,1.00,"",-143,-0.7,-2047,-0.6,-2178,-0.7,-1366,-0.4,411384066,7.2,37402357,1.1,2693102,4.6,104,7.8
"US000","5","33271","17","0","2026","1","",18287,253246,253647,254491,4405715123,2751406009,45694492,1335,"",1.00,1.00,1.00,1.00,1.00,1.00,1.00,1.00,"",-176,-1.0,-2152,-0.8,-2296,-0.9,-1654,-0.6,97464059,2.3,19440373,0.7,1919266,4.4,40,3.1
"US000","5","332710","18","0","2026","1","",18287,253246,253647,254491,4405715123,2751406009,45694492,1335,"",1.00,1.00,1.00,1.00,1.00,1.00,1.00,1.00,"",-176,-1.0,-2152,-0.8,-2296,-0.9,-1654,-0.6,97464059,2.3,19440373,0.7,1919266,4.4,40,3.1
"US000","5","33272","17","0","2026","1","",2381,74570,74881,74846,1703220535,800620528,15324555,1752,"",1.00,1.00,1.00,1.00,1.00,1.00,1.00,1.00,"",33,1.4,105,0.1,118,0.2,288,0.4,313920007,22.6,17961984,2.3,773836,5.3,319,22.3
"US000","5","332721","18","0","2026","1","",1597,39087,39212,39334,924047781,438235608,8354007,1813,"",1.00,1.00,1.00,1.00,1.00,1.00,1.00,1.00,"",29,1.8,703,1.8,799,2.1,1077,2.8,272240307,41.8,19483696,4.7,678776,8.8,506,38.7
"US000","5","332722","18","0","2026","1","",784,35483,35669,35512,779172754,362384920,6970548,1686,"",1.00,1.00,1.00,1.00,1.00,1.00,1.00,1.00,"",4,0.5,-598,-1.7,-681,-1.9,-789,-2.2,41679700,5.7,-1521712,-0.4,95060,1.4,121,7.7
"US000","5","3328","16","0","2026","1","",6096,126765,127158,127473,2139878661,1281518050,22504133,1295,"",1.00,1.00,1.00,1.00,1.00,1.00,1.00,1.00,"",-23,-0.4,-768,-0.6,-1161,-0.9,-710,-0.6,38990419,1.9,12837980,1.0,1036836,4.8,33,2.6
"US000","5","33281","17","0","2026","1","",6096,126765,127158,127473,2139878661,1281518050,22504133,1295,"",1.00,1.00,1.00,1.00,1.00,1.00,1.00,1.00,"",-23,-0.4,-768,-0.6,-1161,-0.9,-710,-0.6,38990419,1.9,12837980,1.0,1036836,4.8,33,2.6
"US000","5","332811","18","0","2026","1","",690,17808,17938,17794,367802427,187114057,3642120,1585,"",1.00,1.00,1.00,1.00,1.00,1.00,1.00,1.00,"",-10,-1.4,-48,-0.3,-119,-0.7,-284,-1.6,19697151,5.7,1783977,1.0,280702,8.4,97,6.5
"US000","5","332812","18","0","2026","1","",3063,57794,57902,58152,966239726,583979681,9756455,1283,"",1.00,1.00,1.00,1.00,1.00,1.00,1.00,1.00,"",-10,-0.3,-393,-0.7,-662,-1.1,-304,-0.5,17938553,1.9,6326300,1.1,389632,4.2,34,2.7
"US000","5","332813","18","0","2026","1","",2343,51163,51318,51527,805836508,510424312,9105558,1207,"",1.00,1.00,1.00,1.00,1.00,1.00,1.00,1.00,"",-3,-0.1,-327,-0.6,-380,-0.7,-122,-0.2,1354715,0.2,4727703,0.9,366502,4.2,8,0.7
"US000","5","3329","16","0","2026","1","",9510,271885,272271,272990,5978688452,3062890354,46459423,1688,"",1.00,1.00,1.00,1.00,1.00,1.00,1.00,1.00,"",264,2.9,-8609,-3.1,-8272,-2.9,-8471,-3.0,5366131,0.1,11753812,0.4,-370088,-0.8,52,3.2
"US000","5","33291","17","0","2026","1","",2063,88290,88207,88394,2180014569,997702511,14235293,1899,"",1.00,1.00,1.00,1.00,1.00,1.00,1.00,1.00,"",51,2.5,-2,0.0,-93,-0.1,-90,-0.1,97497162,4.7,27403993,2.8,243702,1.7,86,4.7
"US000","5","332911","18","0","2026","1","",837,28035,28030,28136,710254902,346465159,5042501,1947,"",1.00,1.00,1.00,1.00,1.00,1.00,1.00,1.00,"",40,5.0,724,2.7,689,2.5,657,2.4,52814589,8.0,18823985,5.7,-100990,-2.0,100,5.4
"US000","5","332912","18","0","2026","1","",569,34325,34290,34350,841911717,368867843,5402463,1887,"",1.00,1.00,1.00,1.00,1.00,1.00,1.00,1.00,"",4,0.7,-518,-1.5,-536,-1.5,-515,-1.5,35301095,4.4,561725,0.2,217085,4.2,106,6.0
"US000","5","332913","18","0","2026","1","",315,11114,11025,11014,262124159,122744080,1626740,1825,"",1.00,1.00,1.00,1.00,1.00,1.00,1.00,1.00,"",10,3.3,-419,-3.6,-455,-4.0,-437,-3.8,-1428815,-0.5,4967354,4.2,7988,0.5,60,3.4
"US000","5","332919","18","0","2026","1","",342,14816,14862,14894,365723791,159625429,2163589,1894,"",1.00,1.00,1.00,1.00,1.00,1.00,1.00,1.00,"",-3,-0.9,211,1.4,209,1.4,205,1.4,10810293,3.0,3050929,1.9,119619,5.9,30,1.6
"US000","5","33299","17","0","2026","1","",7447,183595,184064,184596,3798673883,2065187843,32224130,1587,"",1.00,1.00,1.00,1.00,1.00,1.00,1.00,1.00,"",213,2.9,-8607,-4.5,-8179,-4.3,-8381,-4.3,-92131031,-2.4,-15650181,-0.8,-613790,-1.9,32,2.1
"US000","5","332991","18","0","2026","1","",275,18965,18918,18926,374063004,227788527,2689715,1520,"",1.00,1.00,1.00,1.00,1.00,1.00,1.00,1.00,"",7,2.6,-788,-4.0,-681,-3.5,-679,-3.5,6715262,1.8,13925586,6.5,-655307,-19.6,82,5.7
"US000","5","332992","18","0","2026","1","",213,10479,10348,10333,203657256,128680109,1192553,1508,"",1.00,1.00,1.00,1.00,1.00,1.00,1.00,1.00,"",5,2.4,-1431,-12.0,-1578,-13.2,-1345,-11.5,-16367256,-7.4,-15643624,-10.8,-110383,-8.5,78,5.5
"US000","5","332993","18","0","2026","1","",96,11330,11349,11386,286193224,107280543,2813077,1939,"",1.00,1.00,1.00,1.00,1.00,1.00,1.00,1.00,"",5,5.5,-7414,-39.6,-7476,-39.7,-7572,-39.9,-221881693,-43.7,-52678313,-32.9,-157172,-5.3,-135,-6.5
"US000","5","332994","18","0","2026","1","",927,24893,24929,25027,649488375,337852002,4635109,2002,"",1.00,1.00,1.00,1.00,1.00,1.00,1.00,1.00,"",49,5.6,-180,-0.7,-58,-0.2,-174,-0.7,7285992,1.1,1958196,0.6,199098,4.5,33,1.7
"US000","5","332996","18","0","2026","1","",985,32061,32285,32397,644232739,331026199,6314879,1537,"",1.00,1.00,1.00,1.00,1.00,1.00,1.00,1.00,"",13,1.3,-277,-0.9,-42,-0.1,-74,-0.2,22427730,3.6,5121070,1.6,-23636,-0.4,60,4.1
"US000","5","332999","18","0","2026","1","",4951,85867,86235,86527,1641039285,932560463,14578797,1464,"",1.00,1.00,1.00,1.00,1.00,1.00,1.00,1.00,"",134,2.8,1483,1.8,1656,2.0,1463,1.7,109688934,7.2,31666904,3.5,133610,0.9,73,5.2
"US000","5","333","15","0","2026","1","",35115,1074788,1075514,1077442,27633130926,12802638459,223320768,1976,"",1.00,1.00,1.00,1.00,1.00,1.00,1.00,1.00,"",572,1.7,-17428,-1.6,-17102,-1.6,-14224,-1.3,1583955227,6.1,69679670,0.5,16253909,7.8,141,7.7
"US000","5","3331","16","0","2026","1","",4814,197390,197619,197395,4964013304,2401075962,45933764,1934,"",1.00,1.00,1.00,1.00,1.00,1.00,1.00,1.00,"",57,1.2,-6837,-3.3,-6315,-3.1,-5432,-2.7,105869109,2.2,-61917604,-2.5,5019149,12.3,99,5.4
"US000","5","33311","17","0","2026","1","",1958,70578,70683,70195,1306872570,850616964,18043382,1426,"",1.00,1.00,1.00,1.00,1.00,1.00,1.00,1.00,"",27,1.4,-4900,-6.5,-4473,-6.0,-4120,-5.5,-33230164,-2.5,-71709937,-7.8,1749074,10.7,51,3.7
"US000","5","333111","18","0","2026","1","",1680,56287,56293,55829,1077324676,696369602,14010476,1476,"",1.00,1.00,1.00,1.00,1.00,1.00,1.00,1.00,"",30,1.8,-4202,-6.9,-3958,-6.6,-4060,-6.8,-31433498,-2.8,-67257884,-8.8,1400300,11.1,59,4.2
"US000","5","333112","18","0","2026","1","",278,14291,14390,14366,229547894,154247362,4032906,1231,"",1.00,1.00,1.00,1.00,1.00,1.00,1.00,1.00,"",-3,-1.1,-698,-4.7,-515,-3.5,-60,-0.4,-1796666,-0.8,-4452053,-2.8,348774,9.5,26,2.2
"US000","5","33312","17","0","2026","1","",1177,73584,73612,73969,2024619350,979530345,16869129,2113,"",1.00,1.00,1.00,1.00,1.00,1.00,1.00,1.00,"",22,1.9,-439,-0.6,-190,-0.3,278,0.4,192879140,10.5,26923422,2.8,2094160,14.2,205,10.7
"US000","5","333120","18","0","2026","1","",1177,73584,73612,73969,2024619350,979530345,16869129,2113,"",1.00,1.00,1.00,1.00,1.00,1.00,1.00,1.00,"",22,1.9,-439,-0.6,-190,-0.3,278,0.4,192879140,10.5,26923422,2.8,2094160,14.2,205,10.7
"US000","5","33313","17","0","2026","1","",1679,53228,53324,53231,1632521384,570928653,11021253,2358,"",1.00,1.00,1.00,1.00,1.00,1.00,1.00,1.00,"",8,0.5,-1498,-2.7,-1652,-3.0,-1590,-2.9,-53779867,-3.2,-17131089,-2.9,1175915,11.9,-7,-0.3
"US000","5","333131","18","0","2026","1","",361,9178,9154,9173,199463647,98370882,1696364,1674,"",1.00,1.00,1.00,1.00,1.00,1.00,1.00,1.00,"",8,2.3,-68,-0.7,-200,-2.1,-112,-1.2,2252065,1.1,1291331,1.3,36781,2.2,42,2.6
"US000","5","333132","18","0","2026","1","",1318,44050,44170,44058,1433057737,472557771,9324889,2500,"",1.00,1.00,1.00,1.00,1.00,1.00,1.00,1.00,"",0,0.0,-1430,-3.1,-1452,-3.2,-1478,-3.2,-56031932,-3.8,-18422420,-3.8,1139134,13.9,-15,-0.6
"US000","5","3332","16","0","2026","1","",5706,127908,127459,127705,4806624524,1633642334,32189324,2896,"",1.00,1.00,1.00,1.00,1.00,1.00,1.00,1.00,"",153,2.8,-2804,-2.1,-3138,-2.4,-2728,-2.1,840637473,21.2,26020580,1.6,1851482,6.1,560,24.0
"US000","5","33324","17","0","2026","1","",5706,127908,127459,127705,4806624524,1633642334,32189324,2896,"",1.00,1.00,1.00,1.00,1.00,1.00,1.00,1.00,"",153,2.8,-2804,-2.1,-3138,-2.4,-2728,-2.1,840637473,21.2,26020580,1.6,1851482,6.1,560,24.0
"US000","5","333241","18","0","2026","1","",996,19844,19789,20188,453921309,250971318,3330225,1751,"",1.00,1.00,1.00,1.00,1.00,1.00,1.00,1.00,"",40,4.2,-703,-3.4,-744,-3.6,-313,-1.5,8560073,1.9,-3172137,-1.2,11271,0.3,82,4.9
"US000","5","333242","18","0","2026","1","",451,29172,28866,28913,2440150265,433208603,11806471,6476,"",1.00,1.00,1.00,1.00,1.00,1.00,1.00,1.00,"",28,6.6,-175,-0.6,-489,-1.7,-250,-0.9,743747924,43.8,22091846,5.4,1223833,11.6,2021,45.4
"US000","5","333243","18","0","2026","1","",555,11268,11233,11218,249332760,142870424,1722805,1706,"",1.00,1.00,1.00,1.00,1.00,1.00,1.00,1.00,"",3,0.5,-646,-5.4,-658,-5.5,-665,-5.6,-10778823,-4.1,-7830205,-5.2,-117466,-6.4,24,1.4
"US000","5","333248","18","0","2026","1","",3704,67624,67571,67386,1663220190,806591989,15329823,1895,"",1.00,1.00,1.00,1.00,1.00,1.00,1.00,1.00,"",82,2.3,-1280,-1.9,-1247,-1.8,-1500,-2.2,99108299,6.3,14931076,1.9,733844,5.0,148,8.5
"US000","5","3333","16","0","2026","1","",3152,84511,84423,84419,2230306764,1055710009,18272489,2031,"",1.00,1.00,1.00,1.00,1.00,1.00,1.00,1.00,"",32,1.0,-1423,-1.7,-1549,-1.8,-1502,-1.7,41454293,1.9,-1529156,-0.1,1041176,6.0,72,3.7
"US000","5","33331","17","0","2026","1","",3152,84511,84423,84419,2230306764,1055710009,18272489,2031,"",1.00,1.00,1.00,1.00,1.00,1.00,1.00,1.00,"",32,1.0,-1423,-1.7,-1549,-1.8,-1502,-1.7,41454293,1.9,-1529156,-0.1,1041176,6.0,72,3.7
"US000","5","333310","18","0","2026","1","",3152,84511,84423,84419,2230306764,1055710009,18272489,2031,"",1.00,1.00,1.00,1.00,1.00,1.00,1.00,1.00,"",32,1.0,-1423,-1.7,-1549,-1.8,-1502,-1.7,41454293,1.9,-1529156,-0.1,1041176,6.0,72,3.7
"US000","5","3334","16","0","2026","1","",3155,150263,150761,152122,2995848860,1646520109,25032962,1526,"",1.00,1.00,1.00,1.00,1.00,1.00,1.00,1.00,"",89,2.9,2392,1.6,1774,1.2,3155,2.1,191220185,6.8,70746514,4.5,1505247,6.4,74,5.1
"US000","5","33341","17","0","2026","1","",3155,150263,150761,152122,2995848860,1646520109,25032962,1526,"",1.00,1.00,1.00,1.00,1.00,1.00,1.00,1.00,"",89,2.9,2392,1.6,1774,1.2,3155,2.1,191220185,6.8,70746514,4.5,1505247,6.4,74,5.1
"US000","5","333413","18","0","2026","1","",965,32896,32986,33184,623812673,367679007,5176885,1453,"",1.00,1.00,1.00,1.00,1.00,1.00,1.00,1.00,"",30,3.2,259,0.8,113,0.3,266,0.8,25439587,4.3,11357802,3.2,330273,6.8,50,3.6
"US000","5","333414","18","0","2026","1","",538,15634,15753,15856,299597809,179939143,2781670,1463,"",1.00,1.00,1.00,1.00,1.00,1.00,1.00,1.00,"",-7,-1.3,821,5.5,523,3.4,622,4.1,28004318,10.3,9140048,5.4,69517,2.6,79,5.7
"US000","5","333415","18","0","2026","1","",1652,101733,102022,103082,2072438378,1098901959,17074407,1559,"",1.00,1.00,1.00,1.00,1.00,1.00,1.00,1.00,"",66,4.2,1312,1.3,1138,1.1,2267,2.2,137776280,7.1,50248664,4.8,1105457,6.9,81,5.5
"US000","5","3335","16","0","2026","1","",7298,146530,146432,146417,2827852215,1620102973,27734443,1485,"",1.00,1.00,1.00,1.00,1.00,1.00,1.00,1.00,"",-114,-1.5,-5728,-3.8,-5463,-3.6,-5042,-3.3,-72659248,-2.5,-34338010,-2.1,1157332,4.4,16,1.1
"US000","5","33351","17","0","2026","1","",7298,146530,146432,146417,2827852215,1620102973,27734443,1485,"",1.00,1.00,1.00,1.00,1.00,1.00,1.00,1.00,"",-114,-1.5,-5728,-3.8,-5463,-3.6,-5042,-3.3,-72659248,-2.5,-34338010,-2.1,1157332,4.4,16,1.1
"US000","5","333511","18","0","2026","1","",1361,29060,29085,29097,530822210,338492532,5320592,1404,"",1.00,1.00,1.00,1.00,1.00,1.00,1.00,1.00,"",-56,-4.0,-1601,-5.2,-1479,-4.8,-1427,-4.7,-14338408,-2.6,-10116569,-2.9,269421,5.3,33,2.4
"US000","5","333514","18","0","2026","1","",2340,46524,46511,46468,864914151,498962204,9206673,1431,"",1.00,1.00,1.00,1.00,1.00,1.00,1.00,1.00,"",-89,-3.7,-2448,-5.0,-2278,-4.7,-2150,-4.4,-22526338,-2.5,-15545448,-3.0,655172,7.7,32,2.3
"US000","5","333515","18","0","2026","1","",1131,20171,20043,20001,392026474,222836229,3622524,1502,"",1.00,1.00,1.00,1.00,1.00,1.00,1.00,1.00,"",21,1.9,-553,-2.7,-659,-3.2,-555,-2.7,2617253,0.7,-4866944,-2.1,66969,1.9,52,3.6
"US000","5","333517","18","0","2026","1","",2080,40509,40532,40551,803376589,444094195,7053290,1525,"",1.00,1.00,1.00,1.00,1.00,1.00,1.00,1.00,"",10,0.5,-548,-1.3,-503,-1.2,-456,-1.1,-22923799,-2.8,875903,0.2,159177,2.3,-24,-1.5
"US000","5","333519","18","0","2026","1","",386,10266,10261,10300,236712791,115717813,2531364,1772,"",1.00,1.00,1.00,1.00,1.00,1.00,1.00,1.00,"",0,0.0,-578,-5.3,-544,-5.0,-454,-4.2,-15487956,-6.1,-4684952,-3.9,6593,0.3,-24,-1.3
"US000","5","3336","16","0","2026","1","",1481,92094,92386,92922,3125134032,1168420872,21498109,2600,"",1.00,1.00,1.00,1.00,1.00,1.00,1.00,1.00,"",31,2.1,-211,-0.2,-68,-0.1,-638,-0.7,277072858,9.7,66463841,6.0,3550410,19.8,239,10.1
"US000","5","33361","17","0","2026","1","",1481,92094,92386,92922,3125134032,1168420872,21498109,2600,"",1.00,1.00,1.00,1.00,1.00,1.00,1.00,1.00,"",31,2.1,-211,-0.2,-68,-0.1,-638,-0.7,277072858,9.7,66463841,6.0,3550410,19.8,239,10.1
"US000","5","333611","18","0","2026","1","",412,23145,23486,23847,905272829,342122101,6948980,2964,"",1.00,1.00,1.00,1.00,1.00,1.00,1.00,1.00,"",-2,-0.5,2305,11.1,2449,11.6,2135,9.8,190322392,26.6,97706595,40.0,2909424,72.0,369,14.2
"US000","5","333612","18","0","2026","1","",300,10659,10586,10533,225714690,121892482,1950710,1639,"",1.00,1.00,1.00,1.00,1.00,1.00,1.00,1.00,"",15,5.3,-283,-2.6,-255,-2.4,-237,-2.2,10217026,4.7,-611325,-0.5,-260109,-11.8,111,7.3
"US000","5","333613","18","0","2026","1","",337,11757,11845,11737,243193260,143838391,2379427,1588,"",1.00,1.00,1.00,1.00,1.00,1.00,1.00,1.00,"",7,2.1,-864,-6.8,-769,-6.1,-990,-7.8,-11883627,-4.7,-10455108,-6.8,-117187,-4.7,37,2.4
"US000","5","333618","18","0","2026","1","",432,46533,46469,46805,1750953253,560567898,10218992,2890,"",1.00,1.00,1.00,1.00,1.00,1.00,1.00,1.00,"",11,2.6,-1369,-2.9,-1493,-3.1,-1546,-3.2,88417067,5.3,-20176321,-3.5,1018282,11.1,230,8.6
"US000","5","3339","16","0","2026","1","",9509,276092,276434,276462,6683351227,3277166200,52659677,1860,"",1.00,1.00,1.00,1.00,1.00,1.00,1.00,1.00,"",324,3.5,-2817,-1.0,-2343,-0.8,-2037,-0.7,200360557,3.1,4233505,0.1,2129113,4.2,71,4.0
"US000","5","33391","17","0","2026","1","",1467,47134,47152,47380,1291335932,568722549,8949793,2104,"",1.00,1.00,1.00,1.00,1.00,1.00,1.00,1.00,"",41,2.9,107,0.2,118,0.3,222,0.5,51826713,4.2,6710219,1.2,486361,5.7,78,3.8
"US000","5","333912","18","0","2026","1","",505,18682,18723,18820,524625589,220374800,3798999,2153,"",1.00,1.00,1.00,1.00,1.00,1.00,1.00,1.00,"",14,2.9,-343,-1.8,-235,-1.2,-123,-0.6,22102419,4.4,2402373,1.1,324546,9.3,116,5.7
"US000","5","333914","18","0","2026","1","",962,28452,28429,28560,766710343,348347749,5150794,2071,"",1.00,1.00,1.00,1.00,1.00,1.00,1.00,1.00,"",27,2.9,450,1.6,353,1.3,345,1.2,29724294,4.0,4307846,1.3,161815,3.2,53,2.6
"US000","5","33392","17","0","2026","1","",2542,92757,92707,92787,2104646618,1076707400,16454615,1746,"",1.00,1.00,1.00,1.00,1.00,1.00,1.00,1.00,"",94,3.8,-1417,-1.5,-1331,-1.4,-1000,-1.1,43284253,2.1,-16611444,-1.5,267477,1.7,59,3.5
"US000","5","333921","18","0","2026","1","",323,10606,10641,10602,270041274,119369308,1779088,1957,"",1.00,1.00,1.00,1.00,1.00,1.00,1.00,1.00,"",16,5.2,-749,-6.6,-648,-5.7,-572,-5.1,-6624048,-2.4,-10998201,-8.4,-224788,-11.2,69,3.7
"US000","5","333922","18","0","2026","1","",1211,35485,35395,35440,845766495,403690727,7054676,1836,"",1.00,1.00,1.00,1.00,1.00,1.00,1.00,1.00,"",42,3.6,-179,-0.5,-192,-0.5,-50,-0.1,24329546,3.0,-2033282,-0.5,266889,3.9,60,3.4
"US000","5","333923","18","0","2026","1","",498,15519,15595,15689,358216327,205607075,2775907,1766,"",1.00,1.00,1.00,1.00,1.00,1.00,1.00,1.00,"",8,1.6,-131,-0.8,4,0.0,156,1.0,23316475,7.0,-168927,-0.1,-281843,-9.2,114,6.9
"US000","5","333924","18","0","2026","1","",510,31147,31076,31056,630622522,348040290,4844944,1560,"",1.00,1.00,1.00,1.00,1.00,1.00,1.00,1.00,"",28,5.8,-358,-1.1,-495,-1.6,-534,-1.7,2262280,0.4,-3411034,-1.0,507219,11.7,28,1.8
"US000","5","33399","17","0","2026","1","",5500,136201,136575,136295,3287368677,1631736251,27255269,1855,"",1.00,1.00,1.00,1.00,1.00,1.00,1.00,1.00,"",189,3.6,-1507,-1.1,-1130,-0.8,-1259,-0.9,105249591,3.3,14134730,0.9,1375275,5.3,77,4.3
"US000","5","333991","18","0","2026","1","",250,9636,9641,9703,291638292,112086772,1871621,2322,"",1.00,1.00,1.00,1.00,1.00,1.00,1.00,1.00,"",-3,-1.2,-173,-1.8,-190,-1.9,-84,-0.9,-4459266,-1.5,2344089,2.1,27050,1.5,0,0.0
"US000","5","333992","18","0","2026","1","",897,15411,15442,15319,376292646,160801126,2867210,1881,"",1.00,1.00,1.00,1.00,1.00,1.00,1.00,1.00,"",47,5.5,-79,-0.5,-106,-0.7,-183,-1.2,33174827,9.7,-377555,-0.2,317174,12.4,180,10.6
"US000","5","333993","18","0","2026","1","",1022,22804,22804,22762,558869532,298378144,4662287,1886,"",1.00,1.00,1.00,1.00,1.00,1.00,1.00,1.00,"",20,2.0,-802,-3.4,-783,-3.3,-722,-3.1,-11287138,-2.0,-3977319,-1.3,104800,2.3,24,1.3
"US000","5","333994","18","0","2026","1","",377,9657,9664,9692,240936881,123465067,2298825,1916,"",1.00,1.00,1.00,1.00,1.00,1.00,1.00,1.00,"",8,2.2,-11,-0.1,-24,-0.2,-31,-0.3,8487162,3.7,1376071,1.1,36900,1.6,71,3.8
"US000","5","333995","18","0","2026","1","",395,14987,15026,15022,298406592,179552100,2572997,1529,"",1.00,1.00,1.00,1.00,1.00,1.00,1.00,1.00,"",2,0.5,-301,-2.0,-269,-1.8,-318,-2.1,9671116,3.3,2256444,1.3,-13609,-0.5,78,5.4
"US000","5","333996","18","0","2026","1","",316,16784,16812,16832,468391582,214869271,3388931,2143,"",1.00,1.00,1.00,1.00,1.00,1.00,1.00,1.00,"",11,3.6,-828,-4.7,-790,-4.5,-764,-4.3,13053188,2.9,-5373190,-2.4,594,0.0,153,7.7
"US000","5","333998","18","0","2026","1","",2243,46922,47186,46965,1052833152,542583771,9593398,1722,"",1.00,1.00,1.00,1.00,1.00,1.00,1.00,1.00,"",104,4.9,687,1.5,1032,2.2,843,1.8,56609702,5.7,17886190,3.4,902366,10.4,62,3.7
"US000","5","334","15","0","2026","1","",26643,979847,980849,980974,47563284466,13389758347,248690455,3731,"",1.00,1.00,1.00,1.00,1.00,1.00,1.00,1.00,"",588,2.3,-21660,-2.2,-21513,-2.1,-18785,-1.9,4904619876,11.5,178792643,1.4,22192130,9.8,454,13.9
"US000","5","3341","16","0","2026","1","",2454,96242,96302,96356,5954490078,1368825567,30960564,4756,"",1.00,1.00,1.00,1.00,1.00,1.00,1.00,1.00,"",26,1.1,-3199,-3.2,-3284,-3.3,-3740,-3.7,246010866,4.3,-2422696,-0.2,4685843,17.8,352,8.0
"US000","5","33411","17","0","2026","1","",2454,96242,96302,96356,5954490078,1368825567,30960564,4756,"",1.00,1.00,1.00,1.00,1.00,1.00,1.00,1.00,"",26,1.1,-3199,-3.2,-3284,-3.3,-3740,-3.7,246010866,4.3,-2422696,-0.2,4685843,17.8,352,8.0
"US000","5","334111","18","0","2026","1","",1113,56550,56609,56769,3844820998,660601021,17435863,5221,"",1.00,1.00,1.00,1.00,1.00,1.00,1.00,1.00,"",45,4.2,-550,-1.0,-655,-1.1,-1037,-1.8,121784191,3.3,9606295,1.5,2589504,17.4,231,4.6
"US000","5","334112","18","0","2026","1","",287,11938,11916,11862,967934425,176578840,7501730,6254,"",1.00,1.00,1.00,1.00,1.00,1.00,1.00,1.00,"",5,1.8,-1342,-10.1,-1380,-10.4,-1439,-10.8,135543299,16.3,-11968753,-6.3,2117354,39.3,1437,29.8
"US000","5","334118","18","0","2026","1","",1054,27754,27777,27725,1141734655,531645706,6022971,3165,"",1.00,1.00,1.00,1.00,1.00,1.00,1.00,1.00,"",-24,-2.2,-1307,-4.5,-1249,-4.3,-1264,-4.4,-11316624,-1.0,-60238,0.0,-21015,-0.3,109,3.6
"US000","5","3342","16","0","2026","1","",3084,78393,78411,78333,3047788162,949643537,18646088,2991,"",1.00,1.00,1.00,1.00,1.00,1.00,1.00,1.00,"",101,3.4,-469,-0.6,-495,-0.6,-294,-0.4,181154303,6.3,30126698,3.3,1447511,8.4,193,6.9
"US000","5","33421","17","0","2026","1","",434,11546,11472,11454,655120279,142283903,3947397,4386,"",1.00,1.00,1.00,1.00,1.00,1.00,1.00,1.00,"",-4,-0.9,-800,-6.5,-796,-6.5,-762,-6.2,17321578,2.7,-5201304,-3.5,554633,16.3,390,9.8
"US000","5","334210","18","0","2026","1","",434,11546,11472,11454,655120279,142283903,3947397,4386,"",1.00,1.00,1.00,1.00,1.00,1.00,1.00,1.00,"",-4,-0.9,-800,-6.5,-796,-6.5,-762,-6.2,17321578,2.7,-5201304,-3.5,554633,16.3,390,9.8
"US000","5","33422","17","0","2026","1","",1704,48687,48871,48852,1874892988,584451506,10697699,2955,"",1.00,1.00,1.00,1.00,1.00,1.00,1.00,1.00,"",53,3.2,270,0.6,374,0.8,511,1.1,133291530,7.7,27891605,5.0,552902,5.5,188,6.8
"US000","5","334220","18","0","2026","1","",1704,48687,48871,48852,1874892988,584451506,10697699,2955,"",1.00,1.00,1.00,1.00,1.00,1.00,1.00,1.00,"",53,3.2,270,0.6,374,0.8,511,1.1,133291530,7.7,27891605,5.0,552902,5.5,188,6.8
"US000","5","33429","17","0","2026","1","",946,18160,18068,18027,517774895,222908128,4000992,2202,"",1.00,1.00,1.00,1.00,1.00,1.00,1.00,1.00,"",52,5.8,61,0.3,-73,-0.4,-43,-0.2,30541195,6.3,7436397,3.5,339976,9.3,132,6.4
"US000","5","334290","18","0","2026","1","",946,18160,18068,18027,517774895,222908128,4000992,2202,"",1.00,1.00,1.00,1.00,1.00,1.00,1.00,1.00,"",52,5.8,61,0.3,-73,-0.4,-43,-0.2,30541195,6.3,7436397,3.5,339976,9.3,132,6.4
"US000","5","3343","16","0","2026","1","",1204,16305,16237,16210,613689939,188306815,5252945,2905,"",1.00,1.00,1.00,1.00,1.00,1.00,1.00,1.00,"",69,6.1,-2660,-14.0,-2571,-13.7,-2561,-13.6,-28829146,-4.5,-21982802,-10.5,-318231,-5.7,283,10.8
"US000","5","33431","17","0","2026","1","",1204,16305,16237,16210,613689939,188306815,5252945,2905,"",1.00,1.00,1.00,1.00,1.00,1.00,1.00,1.00,"",69,6.1,-2660,-14.0,-2571,-13.7,-2561,-13.6,-28829146,-4.5,-21982802,-10.5,-318231,-5.7,283,10.8
"US000","5","334310","18","0","2026","1","",1204,16305,16237,16210,613689939,188306815,5252945,2905,"",1.00,1.00,1.00,1.00,1.00,1.00,1.00,1.00,"",69,6.1,-2660,-14.0,-2571,-13.7,-2561,-13.6,-28829146,-4.5,-21982802,-10.5,-318231,-5.7,283,10.8
"US000","5","3344","16","0","2026","1","",7241,378177,379318,378559,21633755719,5186863805,101788061,4395,"",1.00,1.00,1.00,1.00,1.00,1.00,1.00,1.00,"",158,2.2,-7172,-1.9,-7707,-2.0,-5350,-1.4,3769401769,21.1,104177452,2.0,13543839,15.3,830,23.3
"US000","5","33441","17","0","2026","1","",7241,378177,379318,378559,21633755719,5186863805,101788061,4395,"",1.00,1.00,1.00,1.00,1.00,1.00,1.00,1.00,"",158,2.2,-7172,-1.9,-7707,-2.0,-5350,-1.4,3769401769,21.1,104177452,2.0,13543839,15.3,830,23.3
"US000","5","334412","18","0","2026","1","",508,27103,27274,27334,683454720,279723996,5145881,1930,"",1.00,1.00,1.00,1.00,1.00,1.00,1.00,1.00,"",3,0.6,1665,6.5,1795,7.0,1883,7.4,111155189,19.4,23064937,9.0,758941,17.3,201,11.6
"US000","5","334413","18","0","2026","1","",2553,190416,191001,190183,17085251683,3147581310,61445554,6898,"",1.00,1.00,1.00,1.00,1.00,1.00,1.00,1.00,"",28,1.1,-7950,-4.0,-8979,-4.5,-6908,-3.5,3294213732,23.9,35073029,1.1,10566928,20.8,1553,29.1
"US000","5","334416","18","0","2026","1","",442,16082,16118,16214,319645947,191721229,3161440,1524,"",1.00,1.00,1.00,1.00,1.00,1.00,1.00,1.00,"",2,0.5,-254,-1.6,-195,-1.2,-85,-0.5,11217755,3.6,2680088,1.4,189767,6.4,70,4.8
"US000","5","334417","18","0","2026","1","",438,23963,24051,24022,761111935,256354408,5054131,2438,"",1.00,1.00,1.00,1.00,1.00,1.00,1.00,1.00,"",12,2.8,354,1.5,375,1.6,359,1.5,175076708,29.9,18988165,8.0,261632,5.5,532,27.9
"US000","5","334418","18","0","2026","1","",1256,57712,57877,57900,1298514189,621659678,13404772,1727,"",1.00,1.00,1.00,1.00,1.00,1.00,1.00,1.00,"",29,2.4,-1804,-3.0,-1644,-2.8,-1379,-2.3,124502193,10.6,3742957,0.6,781394,6.2,208,13.7
"US000","5","334419","18","0","2026","1","",2044,62901,62997,62906,1485777245,689823184,13576283,1816,"",1.00,1.00,1.00,1.00,1.00,1.00,1.00,1.00,"",84,4.3,817,1.3,941,1.5,780,1.3,53236192,3.7,20628276,3.1,985177,7.8,41,2.3
"US000","5","3345","16","0","2026","1","",11336,401544,401542,402447,15711131803,5590617195,89169474,3008,"",1.00,1.00,1.00,1.00,1.00,1.00,1.00,1.00,"",278,2.5,-7795,-1.9,-6940,-1.7,-6393,-1.6,570144096,3.8,66983142,1.2,2869216,3.3,160,5.6
"US000","5","33451","17","0","2026","1","",11336,401544,401542,402447,15711131803,5590617195,89169474,3008,"",1.00,1.00,1.00,1.00,1.00,1.00,1.00,1.00,"",278,2.5,-7795,-1.9,-6940,-1.7,-6393,-1.6,570144096,3.8,66983142,1.2,2869216,3.3,160,5.6
"US000","5","334510","18","0","2026","1","",2288,72100,72043,72489,3125677082,1181487918,19038754,3330,"",1.00,1.00,1.00,1.00,1.00,1.00,1.00,1.00,"",94,4.3,-747,-1.0,-322,-0.4,-35,0.0,36989167,1.2,37867427,3.3,1936676,11.3,56,1.7
"US000","5","334511","18","0","2026","1","",1526,121855,122183,122023,4981338057,1689951500,19150729,3140,"",1.00,1.00,1.00,1.00,1.00,1.00,1.00,1.00,"",47,3.2,-751,-0.6,-495,-0.4,-703,-0.6,330776048,7.1,13604237,0.8,-857107,-4.3,224,7.7
"US000","5","334512","18","0","2026","1","",564,13166,13205,13261,327053334,161809191,2444654,1904,"",1.00,1.00,1.00,1.00,1.00,1.00,1.00,1.00,"",4,0.7,52,0.4,54,0.4,27,0.2,15828112,5.1,3886651,2.5,-210747,-7.9,86,4.7
"US000","5","334513","18","0","2026","1","",2275,57072,57092,57261,1470842000,740279881,12885874,1980,"",1.00,1.00,1.00,1.00,1.00,1.00,1.00,1.00,"",46,2.1,3,0.0,112,0.2,242,0.4,47935095,3.4,14445092,2.0,627514,5.1,61,3.2
"US000","5","334514","18","0","2026","1","",267,9262,9232,9162,264306380,98844987,1831530,2205,"",1.00,1.00,1.00,1.00,1.00,1.00,1.00,1.00,"",19,7.7,116,1.3,47,0.5,-58,-0.6,20914589,8.6,3554551,3.7,216717,13.4,166,8.1
"US000","5","334515","18","0","2026","1","",1304,34795,34717,34656,1544138811,553537489,9080786,3421,"",1.00,1.00,1.00,1.00,1.00,1.00,1.00,1.00,"",10,0.8,-1154,-3.2,-1166,-3.2,-1328,-3.7,155004501,11.2,23767255,4.5,232048,2.6,448,15.1
"US000","5","334516","18","0","2026","1","",1325,40731,40551,41067,1498698828,530384241,13107539,2827,"",1.00,1.00,1.00,1.00,1.00,1.00,1.00,1.00,"",14,1.1,-3766,-8.5,-3712,-8.4,-3124,-7.1,-56539266,-3.6,-31663309,-5.6,167602,1.3,128,4.7
"US000","5","334517","18","0","2026","1","",303,12343,12357,12345,428206758,166750457,2548573,2667,"",1.00,1.00,1.00,1.00,1.00,1.00,1.00,1.00,"",4,1.3,-626,-4.8,-541,-4.2,-523,-4.1,-126023293,-22.7,-6599110,-3.8,-142037,-5.3,-635,-19.2
"US000","5","334519","18","0","2026","1","",1484,40220,40162,40183,2070870553,467571531,9081035,3964,"",1.00,1.00,1.00,1.00,1.00,1.00,1.00,1.00,"",40,2.8,-922,-2.2,-917,-2.2,-891,-2.2,145259143,7.5,8120348,1.8,898550,11.0,360,10.0
"US000","5","3346","16","0","2026","1","",1324,9186,9039,9069,602428765,105501428,2873323,5094,"",1.00,1.00,1.00,1.00,1.00,1.00,1.00,1.00,"",-44,-3.2,-365,-3.8,-516,-5.4,-447,-4.7,166737988,38.3,1910849,1.8,-36048,-1.2,1581,45.0
"US000","5","33461","17","0","2026","1","",1324,9186,9039,9069,602428765,105501428,2873323,5094,"",1.00,1.00,1.00,1.00,1.00,1.00,1.00,1.00,"",-44,-3.2,-365,-3.8,-516,-5.4,-447,-4.7,166737988,38.3,1910849,1.8,-36048,-1.2,1581,45.0
"US000","5","334610","18","0","2026","1","",1324,9186,9039,9069,602428765,105501428,2873323,5094,"",1.00,1.00,1.00,1.00,1.00,1.00,1.00,1.00,"",-44,-3.2,-365,-3.8,-516,-5.4,-447,-4.7,166737988,38.3,1910849,1.8,-36048,-1.2,1581,45.0
"US000","5","335","15","0","2026","1","",11327,438142,440379,438981,11002961862,5249415988,86469990,1927,"",1.00,1.00,1.00,1.00,1.00,1.00,1.00,1.00,"",442,4.1,13549,3.2,13456,3.2,10744,2.5,1047893718,10.5,341088739,6.9,4532617,5.5,132,7.4
"US000","5","3351","16","0","2026","1","",2045,33947,33962,33895,749769356,367524981,6825369,1700,"",1.00,1.00,1.00,1.00,1.00,1.00,1.00,1.00,"",23,1.1,-1755,-4.9,-1647,-4.6,-1565,-4.4,-9481337,-1.2,-16838606,-4.4,-220774,-3.1,59,3.6
"US000","5","33513","17","0","2026","1","",2045,33947,33962,33895,749769356,367524981,6825369,1700,"",1.00,1.00,1.00,1.00,1.00,1.00,1.00,1.00,"",23,1.1,-1755,-4.9,-1647,-4.6,-1565,-4.4,-9481337,-1.2,-16838606,-4.4,-220774,-3.1,59,3.6
"US000","5","335131","18","0","2026","1","",503,5628,5596,5620,113166717,59538361,1124710,1550,"",1.00,1.00,1.00,1.00,1.00,1.00,1.00,1.00,"",5,1.0,-366,-6.1,-397,-6.6,-342,-5.7,1159986,1.0,-1144398,-1.9,-71062,-5.9,110,7.6
"US000","5","335132","18","0","2026","1","",938,18426,18406,18354,362813074,196757184,4023717,1517,"",1.00,1.00,1.00,1.00,1.00,1.00,1.00,1.00,"",15,1.6,-779,-4.1,-764,-4.0,-757,-4.0,-22405558,-5.8,-4204355,-2.1,10859,0.3,-29,-1.9
"US000","5","335139","18","0","2026","1","",604,9893,9960,9921,273789565,111229436,1676942,2122,"",1.00,1.00,1.00,1.00,1.00,1.00,1.00,1.00,"",3,0.5,-610,-5.8,-486,-4.7,-466,-4.5,11764235,4.5,-11489853,-9.4,-160571,-8.7,192,9.9
"US000","5","3352","16","0","2026","1","",733,55555,55514,54864,1109675698,561574738,10018597,1543,"",1.00,1.00,1.00,1.00,1.00,1.00,1.00,1.00,"",-3,-0.4,-2177,-3.8,-2631,-4.5,-3126,-5.4,-36220426,-3.2,-38007016,-6.3,-1474687,-12.8,22,1.4
"US000","5","33521","17","0","2026","1","",418,8809,8728,8728,207461875,105230331,2672096,1823,"",1.00,1.00,1.00,1.00,1.00,1.00,1.00,1.00,"",-6,-1.4,-739,-7.7,-865,-9.0,-762,-8.0,-10405089,-4.8,-6654988,-5.9,-19676,-0.7,67,3.8
"US000","5","335210","18","0","2026","1","",418,8809,8728,8728,207461875,105230331,2672096,1823,"",1.00,1.00,1.00,1.00,1.00,1.00,1.00,1.00,"",-6,-1.4,-739,-7.7,-865,-9.0,-762,-8.0,-10405089,-4.8,-6654988,-5.9,-19676,-0.7,67,3.8
"US000","5","33522","17","0","2026","1","",315,46746,46786,46136,902213823,456344407,7346501,1491,"",1.00,1.00,1.00,1.00,1.00,1.00,1.00,1.00,"",3,1.0,-1438,-3.0,-1766,-3.6,-2364,-4.9,-25815337,-2.8,-31352028,-6.4,-1455011,-16.5,16,1.1
"US000","5","335220","18","0","2026","1","",315,46746,46786,46136,902213823,456344407,7346501,1491,"",1.00,1.00,1.00,1.00,1.00,1.00,1.00,1.00,"",3,1.0,-1438,-3.0,-1766,-3.6,-2364,-4.9,-25815337,-2.8,-31352028,-6.4,-1455011,-16.5,16,1.1
"US000","5","3353","16","0","2026","1","",3294,167587,168000,168951,4255828713,2035777096,26327539,1947,"",1.00,1.00,1.00,1.00,1.00,1.00,1.00,1.00,"",113,3.6,9790,6.2,9110,5.7,9294,5.8,497234618,13.2,179723047,9.7,2783143,11.8,126,6.9
"US000","5","33531","17","0","2026","1","",3294,167587,168000,168951,4255828713,2035777096,26327539,1947,"",1.00,1.00,1.00,1.00,1.00,1.00,1.00,1.00,"",113,3.6,9790,6.2,9110,5.7,9294,5.8,497234618,13.2,179723047,9.7,2783143,11.8,126,6.9
"US000","5","335311","18","0","2026","1","",682,38041,38351,38466,900000669,412541561,4598641,1808,"",1.00,1.00,1.00,1.00,1.00,1.00,1.00,1.00,"",32,4.9,3125,9.0,3032,8.6,2986,8.4,137814210,18.1,41546828,11.2,696064,17.8,144,8.7
"US000","5","335312","18","0","2026","1","",818,35999,35720,35720,857560819,437941238,6085428,1842,"",1.00,1.00,1.00,1.00,1.00,1.00,1.00,1.00,"",9,1.1,31,0.1,-321,-0.9,-233,-0.6,60669696,7.6,9481557,2.2,200099,3.4,139,8.2
"US000","5","335313","18","0","2026","1","",870,51631,51985,52691,1320694283,591479900,8141660,1950,"",1.00,1.00,1.00,1.00,1.00,1.00,1.00,1.00,"",50,6.1,5298,11.4,5153,11.0,5302,11.2,185216541,16.3,64424332,12.2,1361645,20.1,86,4.6
"US000","5","335314","18","0","2026","1","",924,41916,41944,42074,1177572942,593814397,7501810,2158,"",1.00,1.00,1.00,1.00,1.00,1.00,1.00,1.00,"",22,2.4,1336,3.3,1246,3.1,1239,3.0,113534171,10.7,64270330,12.1,525335,7.5,147,7.3
"US000","5","3359","16","0","2026","1","",5255,181053,182903,181271,4887688095,2284539173,43298485,2069,"",1.00,1.00,1.00,1.00,1.00,1.00,1.00,1.00,"",309,6.2,7691,4.4,8624,4.9,6141,3.5,596360863,13.9,216211314,10.5,3444935,8.6,175,9.2
"US000","5","33591","17","0","2026","1","",1023,62776,64298,62570,1568519952,859168470,17677343,1909,"",1.00,1.00,1.00,1.00,1.00,1.00,1.00,1.00,"",60,6.2,3405,5.7,4442,7.4,2027,3.3,95947055,6.5,79315610,10.2,917356,5.5,19,1.0
"US000","5","335910","18","0","2026","1","",1023,62776,64298,62570,1568519952,859168470,17677343,1909,"",1.00,1.00,1.00,1.00,1.00,1.00,1.00,1.00,"",60,6.2,3405,5.7,4442,7.4,2027,3.3,95947055,6.5,79315610,10.2,917356,5.5,19,1.0
"US000","5","33592","17","0","2026","1","",674,27449,27603,27841,669443092,359443414,4988686,1864,"",1.00,1.00,1.00,1.00,1.00,1.00,1.00,1.00,"",59,9.6,2168,8.6,2060,8.1,2126,8.3,90171080,15.6,86466799,31.7,358338,7.7,117,6.7
"US000","5","335921","18","0","2026","1","",319,14202,14347,14564,368567306,196285163,2026386,1973,"",1.00,1.00,1.00,1.00,1.00,1.00,1.00,1.00,"",25,8.5,1852,15.0,1801,14.4,1826,14.3,63602091,20.9,66975127,51.8,487498,31.7,103,5.5
"US000","5","335929","18","0","2026","1","",355,13247,13256,13277,300875786,163158251,2962300,1745,"",1.00,1.00,1.00,1.00,1.00,1.00,1.00,1.00,"",34,10.6,316,2.4,259,2.0,300,2.3,26568989,9.7,19491672,13.6,-129160,-4.2,118,7.3
"US000","5","33593","17","0","2026","1","",778,39652,39704,39787,947062285,444890465,7057700,1834,"",1.00,1.00,1.00,1.00,1.00,1.00,1.00,1.00,"",11,1.4,-235,-0.6,-264,-0.7,-216,-0.5,18409617,2.0,7531185,1.7,-31546,-0.4,46,2.6
"US000","5","335931","18","0","2026","1","",563,27823,27907,27926,691821509,316689686,5056347,1908,"",1.00,1.00,1.00,1.00,1.00,1.00,1.00,1.00,"",4,0.7,-534,-1.9,-490,-1.7,-474,-1.7,3333993,0.5,675323,0.2,-91006,-1.8,42,2.3
"US000","5","335932","18","0","2026","1","",215,11829,11797,11861,255240776,128200779,2001353,1660,"",1.00,1.00,1.00,1.00,1.00,1.00,1.00,1.00,"",7,3.4,299,2.6,226,2.0,258,2.2,15075624,6.3,6855862,5.6,59460,3.1,63,3.9
"US000","5","33599","17","0","2026","1","",2780,51176,51298,51073,1702662766,621036824,13574756,2559,"",1.00,1.00,1.00,1.00,1.00,1.00,1.00,1.00,"",179,6.9,2353,4.8,2386,4.9,2204,4.5,391833111,29.9,42897720,7.4,2200787,19.3,496,24.0
"US000","5","335991","18","0","2026","1","",308,10053,10005,10010,240595807,127298363,2509134,1847,"",1.00,1.00,1.00,1.00,1.00,1.00,1.00,1.00,"",26,9.2,-148,-1.5,-140,-1.4,-184,-1.8,9616592,4.2,878372,0.7,313710,14.3,102,5.8
"US000","5","335999","18","0","2026","1","",2472,41123,41293,41063,1462066959,493738461,11065622,2732,"",1.00,1.00,1.00,1.00,1.00,1.00,1.00,1.00,"",153,6.6,2501,6.5,2526,6.5,2388,6.2,382216519,35.4,42019348,9.3,1887077,20.6,585,27.2
"US000","5","336","15","0","2026","1","",19395,1722069,1740042,1736688,48653287162,21123656921,378069264,2160,"",1.00,1.00,1.00,1.00,1.00,1.00,1.00,1.00,"",522,2.8,-12958,-0.7,-18661,-1.1,-17213,-1.0,3480859675,7.7,529213710,2.6,3340026,0.9,174,8.8
"US000","5","3361","16","0","2026","1","",940,277370,285178,286196,8058994625,2734319192,88872800,2191,"",1.00,1.00,1.00,1.00,1.00,1.00,1.00,1.00,"",10,1.1,-3695,-1.3,-7236,-2.5,-8271,-2.8,159757925,2.0,-113345163,-4.0,2162925,2.5,91,4.3
"US000","5","33611","17","0","2026","1","",627,242909,249834,251438,7323931833,2304033362,79175201,2271,"",1.00,1.00,1.00,1.00,1.00,1.00,1.00,1.00,"",-4,-0.6,62,0.0,-4450,-1.8,-5168,-2.0,231968166,3.3,-78795161,-3.3,3326103,4.4,100,4.6
"US000","5","336110","18","0","2026","1","",627,242909,249834,251438,7323931833,2304033362,79175201,2271,"",1.00,1.00,1.00,1.00,1.00,1.00,1.00,1.00,"",-4,-0.6,62,0.0,-4450,-1.8,-5168,-2.0,231968166,3.3,-78795161,-3.3,3326103,4.4,100,4.6
"US000","5","33612","17","0","2026","1","",313,34461,35344,34758,735062792,430285830,9697599,1622,"",1.00,1.00,1.00,1.00,1.00,1.00,1.00,1.00,"",14,4.7,-3757,-9.8,-2786,-7.3,-3103,-8.2,-72210241,-8.9,-34550002,-7.4,-1163178,-10.7,-9,-0.6
"US000","5","336120","18","0","2026","1","",313,34461,35344,34758,735062792,430285830,9697599,1622,"",1.00,1.00,1.00,1.00,1.00,1.00,1.00,1.00,"",14,4.7,-3757,-9.8,-2786,-7.3,-3103,-8.2,-72210241,-8.9,-34550002,-7.4,-1163178,-10.7,-9,-0.6
"US000","5","3362","16","0","2026","1","",2800,151939,151664,151272,2611032330,1542582718,27345725,1325,"",1.00,1.00,1.00,1.00,1.00,1.00,1.00,1.00,"",87,3.2,-4610,-2.9,-6581,-4.2,-7567,-4.8,-136984655,-5.0,-56557418,-3.5,-2074458,-7.1,-14,-1.0
"US000","5","33621","17","0","2026","1","",2800,151939,151664,151272,2611032330,1542582718,27345725,1325,"",1.00,1.00,1.00,1.00,1.00,1.00,1.00,1.00,"",87,3.2,-4610,-2.9,-6581,-4.2,-7567,-4.8,-136984655,-5.0,-56557418,-3.5,-2074458,-7.1,-14,-1.0
"US000","5","336211","18","0","2026","1","",1024,58226,58083,57933,1090816927,635245964,10730552,1445,"",1.00,1.00,1.00,1.00,1.00,1.00,1.00,1.00,"",55,5.7,-3016,-4.9,-3473,-5.6,-3562,-5.8,-74145643,-6.4,-24353598,-3.7,-1361136,-11.3,-14,-1.0
"US000","5","336212","18","0","2026","1","",794,35777,35581,35452,567606290,363000228,4898518,1226,"",1.00,1.00,1.00,1.00,1.00,1.00,1.00,1.00,"",37,4.9,-2781,-7.2,-3347,-8.6,-3710,-9.5,-68625255,-10.8,-33397429,-8.4,-250495,-4.9,-33,-2.6
"US000","5","336213","18","0","2026","1","",81,15622,15466,15183,263332737,129902422,3830672,1313,"",1.00,1.00,1.00,1.00,1.00,1.00,1.00,1.00,"",-1,-1.2,80,0.5,-84,-0.5,-453,-2.9,12924356,5.2,1832460,1.4,246447,6.9,76,6.1
"US000","5","336214","18","0","2026","1","",901,42314,42534,42704,689276376,414434104,7885983,1247,"",1.00,1.00,1.00,1.00,1.00,1.00,1.00,1.00,"",-4,-0.4,1107,2.7,323,0.8,158,0.4,-7138113,-1.0,-638851,-0.2,-709274,-8.3,-29,-2.3
"US000","5","3363","16","0","2026","1","",6442,508800,511109,508574,10320678795,5071549636,121345927,1558,"",1.00,1.00,1.00,1.00,1.00,1.00,1.00,1.00,"",38,0.6,-16686,-3.2,-22046,-4.1,-22561,-4.2,41456424,0.4,-149292957,-2.9,2630166,2.2,66,4.4
"US000","5","33631","17","0","2026","1","",938,53629,53535,53167,1201286594,523124950,12500703,1729,"",1.00,1.00,1.00,1.00,1.00,1.00,1.00,1.00,"",-2,-0.2,-550,-1.0,-1034,-1.9,-1277,-2.3,48838789,4.2,639188,0.1,1166605,10.3,99,6.1
"US000","5","336310","18","0","2026","1","",938,53629,53535,53167,1201286594,523124950,12500703,1729,"",1.00,1.00,1.00,1.00,1.00,1.00,1.00,1.00,"",-2,-0.2,-550,-1.0,-1034,-1.9,-1277,-2.3,48838789,4.2,639188,0.1,1166605,10.3,99,6.1
"US000","5","33632","17","0","2026","1","",1047,54940,54540,54435,1240946489,547787117,12593224,1747,"",1.00,1.00,1.00,1.00,1.00,1.00,1.00,1.00,"",2,0.2,-2175,-3.8,-2600,-4.6,-2360,-4.2,68181959,5.8,-7355258,-1.3,299943,2.4,165,10.4
"US000","5","336320","18","0","2026","1","",1047,54940,54540,54435,1240946489,547787117,12593224,1747,"",1.00,1.00,1.00,1.00,1.00,1.00,1.00,1.00,"",2,0.2,-2175,-3.8,-2600,-4.6,-2360,-4.2,68181959,5.8,-7355258,-1.3,299943,2.4,165,10.4
"US000","5","33633","17","0","2026","1","",342,28079,28316,28243,531654482,271241008,6067152,1450,"",1.00,1.00,1.00,1.00,1.00,1.00,1.00,1.00,"",6,1.8,-1406,-4.8,-2114,-6.9,-2254,-7.4,-11891242,-2.2,-12388451,-4.4,-151121,-2.4,63,4.5
"US000","5","336330","18","0","2026","1","",342,28079,28316,28243,531654482,271241008,6067152,1450,"",1.00,1.00,1.00,1.00,1.00,1.00,1.00,1.00,"",6,1.8,-1406,-4.8,-2114,-6.9,-2254,-7.4,-11891242,-2.2,-12388451,-4.4,-151121,-2.4,63,4.5
"US000","5","33634","17","0","2026","1","",227,18399,18296,18136,394990635,187689788,2201062,1662,"",1.00,1.00,1.00,1.00,1.00,1.00,1.00,1.00,"",2,0.9,-1652,-8.2,-1827,-9.1,-1896,-9.5,-20046059,-4.8,-14827477,-7.3,-594044,-21.3,71,4.5
"US000","5","336340","18","0","2026","1","",227,18399,18296,18136,394990635,187689788,2201062,1662,"",1.00,1.00,1.00,1.00,1.00,1.00,1.00,1.00,"",2,0.9,-1652,-8.2,-1827,-9.1,-1896,-9.5,-20046059,-4.8,-14827477,-7.3,-594044,-21.3,71,4.5
"US000","5","33635","17","0","2026","1","",658,74338,74105,73920,1812636460,760792191,19523632,1881,"",1.00,1.00,1.00,1.00,1.00,1.00,1.00,1.00,"",13,2.0,-954,-1.3,-2020,-2.7,-1749,-2.3,-65738151,-3.5,-8730403,-1.1,-352065,-1.8,-28,-1.5
"US000","5","336350","18","0","2026","1","",658,74338,74105,73920,1812636460,760792191,19523632,1881,"",1.00,1.00,1.00,1.00,1.00,1.00,1.00,1.00,"",13,2.0,-954,-1.3,-2020,-2.7,-1749,-2.3,-65738151,-3.5,-8730403,-1.1,-352065,-1.8,-28,-1.5
"US000","5","33636","17","0","2026","1","",641,69085,70093,69921,1181835360,651548694,17409580,1304,"",1.00,1.00,1.00,1.00,1.00,1.00,1.00,1.00,"",-4,-0.6,-2138,-3.0,-1719,-2.4,-2145,-3.0,15888103,1.4,-23661967,-3.5,998624,6.1,53,4.2
"US000","5","336360","18","0","2026","1","",641,69085,70093,69921,1181835360,651548694,17409580,1304,"",1.00,1.00,1.00,1.00,1.00,1.00,1.00,1.00,"",-4,-0.6,-2138,-3.0,-1719,-2.4,-2145,-3.0,15888103,1.4,-23661967,-3.5,998624,6.1,53,4.2
"US000","5","33637","17","0","2026","1","",551,72367,73117,72687,1396188230,694542536,19991782,1477,"",1.00,1.00,1.00,1.00,1.00,1.00,1.00,1.00,"",-10,-1.8,-3923,-5.1,-4783,-6.1,-5252,-6.7,-20664104,-1.5,-42270532,-5.7,841021,4.4,68,4.8
"US000","5","336370","18","0","2026","1","",551,72367,73117,72687,1396188230,694542536,19991782,1477,"",1.00,1.00,1.00,1.00,1.00,1.00,1.00,1.00,"",-10,-1.8,-3923,-5.1,-4783,-6.1,-5252,-6.7,-20664104,-1.5,-42270532,-5.7,841021,4.4,68,4.8
"US000","5","33639","17","0","2026","1","",2038,137963,139107,138065,2561140545,1434823352,31058792,1424,"",1.00,1.00,1.00,1.00,1.00,1.00,1.00,1.00,"",31,1.5,-3888,-2.7,-5949,-4.1,-5628,-3.9,26887129,1.1,-40698057,-2.8,421203,1.4,66,4.9
"US000","5","336390","18","0","2026","1","",2038,137963,139107,138065,2561140545,1434823352,31058792,1424,"",1.00,1.00,1.00,1.00,1.00,1.00,1.00,1.00,"",31,1.5,-3888,-2.7,-5949,-4.1,-5628,-3.9,26887129,1.1,-40698057,-2.8,421203,1.4,66,4.9
"US000","5","3364","16","0","2026","1","",4924,577666,584982,582843,23013454983,9350241776,101282915,3043,"",1.00,1.00,1.00,1.00,1.00,1.00,1.00,1.00,"",246,5.3,12592,2.2,17550,3.1,20199,3.6,2983195936,14.9,750694640,8.7,625003,0.6,316,11.6
"US000","5","33641","17","0","2026","1","",4924,577666,584982,582843,23013454983,9350241776,101282915,3043,"",1.00,1.00,1.00,1.00,1.00,1.00,1.00,1.00,"",246,5.3,12592,2.2,17550,3.1,20199,3.6,2983195936,14.9,750694640,8.7,625003,0.6,316,11.6
"US000","5","336411","18","0","2026","1","",1481,261054,265034,263015,10522979132,5112890584,42308698,3077,"",1.00,1.00,1.00,1.00,1.00,1.00,1.00,1.00,"",106,7.7,2293,0.9,4482,1.7,6754,2.6,1216144595,13.1,527996817,11.5,-7670584,-15.3,308,11.1
"US000","5","336412","18","0","2026","1","",947,97364,98625,99009,4292795436,1234857020,16185517,3358,"",1.00,1.00,1.00,1.00,1.00,1.00,1.00,1.00,"",29,3.2,3954,4.2,5032,5.4,5275,5.6,759598147,21.5,47140983,4.0,1420271,9.6,454,15.6
"US000","5","336413","18","0","2026","1","",1951,105522,106065,106169,2966166492,1380178263,19380261,2154,"",1.00,1.00,1.00,1.00,1.00,1.00,1.00,1.00,"",43,2.3,2560,2.5,2970,2.9,3016,2.9,338560795,12.9,73296107,5.6,-339485,-1.7,193,9.8
"US000","5","336414","18","0","2026","1","",344,83730,85069,84514,4115308338,1115871006,19241550,3749,"",1.00,1.00,1.00,1.00,1.00,1.00,1.00,1.00,"",55,19.0,2443,3.0,3654,4.5,3732,4.6,558166898,15.7,73174043,7.0,7319257,61.4,378,11.2
"US000","5","336415","18","0","2026","1","",115,20190,20371,20300,740534938,411203430,2219037,2808,"",1.00,1.00,1.00,1.00,1.00,1.00,1.00,1.00,"",12,11.7,718,3.7,789,4.0,776,4.0,65800928,9.8,18725115,4.8,-361081,-14.0,150,5.6
"US000","5","336419","18","0","2026","1","",86,9806,9818,9836,375670647,95241473,1947852,2943,"",1.00,1.00,1.00,1.00,1.00,1.00,1.00,1.00,"",1,1.2,624,6.8,623,6.8,646,7.0,44924573,13.6,10361575,12.2,256625,15.2,174,6.3
"US000","5","3365","16","0","2026","1","",403,21671,21485,21422,501613853,226024147,4998202,1793,"",1.00,1.00,1.00,1.00,1.00,1.00,1.00,1.00,"",22,5.8,-92,-0.4,-274,-1.3,-244,-1.1,-4924155,-1.0,1334386,0.6,-1205912,-19.4,0,0.0
"US000","5","33651","17","0","2026","1","",403,21671,21485,21422,501613853,226024147,4998202,1793,"",1.00,1.00,1.00,1.00,1.00,1.00,1.00,1.00,"",22,5.8,-92,-0.4,-274,-1.3,-244,-1.1,-4924155,-1.0,1334386,0.6,-1205912,-19.4,0,0.0
"US000","5","336510","18","0","2026","1","",403,21671,21485,21422,501613853,226024147,4998202,1793,"",1.00,1.00,1.00,1.00,1.00,1.00,1.00,1.00,"",22,5.8,-92,-0.4,-274,-1.3,-244,-1.1,-4924155,-1.0,1334386,0.6,-1205912,-19.4,0,0.0
"US000","5","3366","16","0","2026","1","",2388,151015,152005,152677,3383654423,1843664851,25419173,1714,"",1.00,1.00,1.00,1.00,1.00,1.00,1.00,1.00,"",83,3.6,2595,1.7,3137,2.1,4213,2.8,397915843,13.3,115951125,6.7,1865535,7.9,168,10.9
"US000","5","33661","17","0","2026","1","",2388,151015,152005,152677,3383654423,1843664851,25419173,1714,"",1.00,1.00,1.00,1.00,1.00,1.00,1.00,1.00,"",83,3.6,2595,1.7,3137,2.1,4213,2.8,397915843,13.3,115951125,6.7,1865535,7.9,168,10.9
"US000","5","336611","18","0","2026","1","",1186,110093,110502,110946,2680560958,1430292948,19104133,1866,"",1.00,1.00,1.00,1.00,1.00,1.00,1.00,1.00,"",57,5.0,2198,2.0,2375,2.2,3133,2.9,329813815,14.0,97261581,7.3,1895062,11.0,191,11.4
"US000","5","336612","18","0","2026","1","",1202,40922,41503,41731,703093465,413371903,6315040,1307,"",1.00,1.00,1.00,1.00,1.00,1.00,1.00,1.00,"",26,2.2,397,1.0,762,1.9,1080,2.7,68102028,10.7,18689544,4.7,-29527,-0.5,105,8.7
"US000","5","3369","16","0","2026","1","",1498,33608,33619,33704,763858153,355274601,8804522,1746,"",1.00,1.00,1.00,1.00,1.00,1.00,1.00,1.00,"",36,2.5,-3062,-8.4,-3211,-8.7,-2982,-8.1,40442357,5.6,-19570903,-5.2,-663233,-7.0,231,15.2
"US000","5","33699","17","0","2026","1","",1498,33608,33619,33704,763858153,355274601,8804522,1746,"",1.00,1.00,1.00,1.00,1.00,1.00,1.00,1.00,"",36,2.5,-3062,-8.4,-3211,-8.7,-2982,-8.1,40442357,5.6,-19570903,-5.2,-663233,-7.0,231,15.2
"US000","5","336991","18","0","2026","1","",545,8279,8209,8094,160300694,86205874,2576767,1505,"",1.00,1.00,1.00,1.00,1.00,1.00,1.00,1.00,"",-8,-1.4,-886,-9.7,-895,-9.8,-961,-10.6,-6366282,-3.8,-8828984,-9.3,-255171,-9.0,97,6.9
"US000","5","336992","18","0","2026","1","",113,8278,8244,8252,250505146,73403766,2739196,2333,"",1.00,1.00,1.00,1.00,1.00,1.00,1.00,1.00,"",9,8.7,-46,-0.6,-106,-1.3,-131,-1.6,21418256,9.3,-1397681,-1.9,-58189,-2.1,223,10.6
"US000","5","336999","18","0","2026","1","",840,17051,17166,17358,353052313,195664961,3488559,1580,"",1.00,1.00,1.00,1.00,1.00,1.00,1.00,1.00,"",35,4.3,-2130,-11.1,-2210,-11.4,-1890,-9.8,25390383,7.7,-9344238,-4.6,-349873,-9.1,272,20.8
"US000","5","337","15","0","2026","1","",18021,328563,328810,328212,5223574983,3382732728,50191694,1223,"",1.00,1.00,1.00,1.00,1.00,1.00,1.00,1.00,"",45,0.3,-7689,-2.3,-7634,-2.3,-7741,-2.3,126080428,2.5,18955261,0.6,-604487,-1.2,57,4.9
"US000","5","3371","16","0","2026","1","",12442,206048,206438,205986,2935186002,2067941952,26528583,1095,"",1.00,1.00,1.00,1.00,1.00,1.00,1.00,1.00,"",27,0.2,-6206,-2.9,-5937,-2.8,-5956,-2.8,-16152063,-0.5,-3794311,-0.2,-112599,-0.4,25,2.3
"US000","5","33711","17","0","2026","1","",7912,108341,108254,108057,1542385871,1096913996,14594428,1096,"",1.00,1.00,1.00,1.00,1.00,1.00,1.00,1.00,"",59,0.8,-3491,-3.1,-3781,-3.4,-3673,-3.3,-11528327,-0.7,-5304821,-0.5,-124139,-0.8,27,2.5
"US000","5","337110","18","0","2026","1","",7912,108341,108254,108057,1542385871,1096913996,14594428,1096,"",1.00,1.00,1.00,1.00,1.00,1.00,1.00,1.00,"",59,0.8,-3491,-3.1,-3781,-3.4,-3673,-3.3,-11528327,-0.7,-5304821,-0.5,-124139,-0.8,27,2.5
"US000","5","33712","17","0","2026","1","",4530,97707,98184,97929,1392800131,971027956,11934155,1094,"",1.00,1.00,1.00,1.00,1.00,1.00,1.00,1.00,"",-32,-0.7,-2715,-2.7,-2156,-2.1,-2283,-2.3,-4623736,-0.3,1510510,0.2,11540,0.1,23,2.1
"US000","5","337121","18","0","2026","1","",859,43911,44205,43884,557196933,440556803,3355852,974,"",1.00,1.00,1.00,1.00,1.00,1.00,1.00,1.00,"",18,2.1,-709,-1.6,-424,-1.0,-326,-0.7,8460652,1.5,9944119,2.3,-90373,-2.6,25,2.6
"US000","5","337122","18","0","2026","1","",2333,23541,23613,23514,314296998,225456088,3693872,1026,"",1.00,1.00,1.00,1.00,1.00,1.00,1.00,1.00,"",-52,-2.2,-561,-2.3,-721,-3.0,-843,-3.5,952708,0.3,1361337,0.6,215397,6.2,33,3.3
"US000","5","337126","18","0","2026","1","",584,8277,8393,8538,132734924,77819256,1405125,1215,"",1.00,1.00,1.00,1.00,1.00,1.00,1.00,1.00,"",-8,-1.4,-609,-6.9,-589,-6.6,-586,-6.4,-14515283,-9.9,-5511063,-6.6,-84799,-5.7,-44,-3.5
"US000","5","337127","18","0","2026","1","",754,21978,21973,21993,388571276,227195809,3479306,1360,"",1.00,1.00,1.00,1.00,1.00,1.00,1.00,1.00,"",10,1.3,-836,-3.7,-422,-1.9,-528,-2.3,478187,0.1,-4283883,-1.9,-28685,-0.8,38,2.9
"US000","5","3372","16","0","2026","1","",4495,96456,96490,96540,1877912913,1054336857,19742270,1497,"",1.00,1.00,1.00,1.00,1.00,1.00,1.00,1.00,"",10,0.2,-167,-0.2,-201,-0.2,-242,-0.3,153775690,8.9,31372281,3.1,11907,0.1,125,9.1
"US000","5","33721","17","0","2026","1","",4495,96456,96490,96540,1877912913,1054336857,19742270,1497,"",1.00,1.00,1.00,1.00,1.00,1.00,1.00,1.00,"",10,0.2,-167,-0.2,-201,-0.2,-242,-0.3,153775690,8.9,31372281,3.1,11907,0.1,125,9.1
"US000","5","337211","18","0","2026","1","",532,14422,14353,14347,250448483,158860261,2638976,1340,"",1.00,1.00,1.00,1.00,1.00,1.00,1.00,1.00,"",-23,-4.1,-103,-0.7,-228,-1.6,-272,-1.9,7808837,3.2,5651450,3.7,-22303,-0.8,59,4.6
"US000","5","337212","18","0","2026","1","",2173,27201,27305,27324,480738267,308133296,6506194,1356,"",1.00,1.00,1.00,1.00,1.00,1.00,1.00,1.00,"",26,1.2,16,0.1,114,0.4,140,0.5,23434593,5.1,12459621,4.2,231493,3.7,62,4.8
"US000","5","337214","18","0","2026","1","",464,17657,17600,17606,494053385,204397547,3997884,2157,"",1.00,1.00,1.00,1.00,1.00,1.00,1.00,1.00,"",-1,-0.2,-502,-2.8,-525,-2.9,-554,-3.1,93196247,23.2,3967751,2.0,-130346,-3.2,458,27.0
"US000","5","337215","18","0","2026","1","",1326,37176,37232,37263,652672778,382945753,6599216,1349,"",1.00,1.00,1.00,1.00,1.00,1.00,1.00,1.00,"",8,0.6,422,1.1,438,1.2,444,1.2,29336013,4.7,9293459,2.5,-66937,-1.0,46,3.5
"US000","5","3379","16","0","2026","1","",1084,26059,25882,25686,410476068,260453919,3920841,1220,"",1.00,1.00,1.00,1.00,1.00,1.00,1.00,1.00,"",8,0.7,-1316,-4.8,-1496,-5.5,-1543,-5.7,-11543199,-2.7,-8622709,-3.2,-503795,-11.4,32,2.7
"US000","5","33791","17","0","2026","1","",598,17813,17635,17483,270044881,176959696,2679946,1177,"",1.00,1.00,1.00,1.00,1.00,1.00,1.00,1.00,"",7,1.2,-1367,-7.1,-1583,-8.2,-1550,-8.1,-9555382,-3.4,-9423842,-5.1,-298837,-10.0,54,4.8
"US000","5","337910","18","0","2026","1","",598,17813,17635,17483,270044881,176959696,2679946,1177,"",1.00,1.00,1.00,1.00,1.00,1.00,1.00,1.00,"",7,1.2,-1367,-7.1,-1583,-8.2,-1550,-8.1,-9555382,-3.4,-9423842,-5.1,-298837,-10.0,54,4.8
"US000","5","33792","17","0","2026","1","",486,8246,8247,8203,140431187,83494223,1240895,1312,"",1.00,1.00,1.00,1.00,1.00,1.00,1.00,1.00,"",1,0.2,51,0.6,87,1.1,7,0.1,-1987817,-1.4,801133,1.0,-204958,-14.2,-27,-2.0
"US000","5","337920","18","0","2026","1","",486,8246,8247,8203,140431187,83494223,1240895,1312,"",1.00,1.00,1.00,1.00,1.00,1.00,1.00,1.00,"",1,0.2,51,0.6,87,1.1,7,0.1,-1987817,-1.4,801133,1.0,-204958,-14.2,-27,-2.0
"US000","5","339","15","0","2026","1","",38550,603365,601768,602146,14970671480,6959502173,122346429,1912,"",1.00,1.00,1.00,1.00,1.00,1.00,1.00,1.00,"",977,2.6,-8404,-1.4,-9938,-1.6,-9518,-1.6,670312001,4.7,127936934,1.9,3223138,2.7,114,6.3
"US000","5","3391","16","0","2026","1","",14787,321299,320474,321146,9530783142,3877558849,67431850,2284,"",1.00,1.00,1.00,1.00,1.00,1.00,1.00,1.00,"",428,3.0,-5746,-1.8,-5553,-1.7,-5267,-1.6,485443146,5.4,94146803,2.5,1742498,2.7,153,7.2
"US000","5","33911","17","0","2026","1","",14787,321299,320474,321146,9530783142,3877558849,67431850,2284,"",1.00,1.00,1.00,1.00,1.00,1.00,1.00,1.00,"",428,3.0,-5746,-1.8,-5553,-1.7,-5267,-1.6,485443146,5.4,94146803,2.5,1742498,2.7,153,7.2
"US000","5","339112","18","0","2026","1","",4794,143245,142950,143914,4924170891,1845857776,32144579,2642,"",1.00,1.00,1.00,1.00,1.00,1.00,1.00,1.00,"",357,8.0,2744,2.0,2959,2.1,3517,2.5,445504440,9.9,95354078,5.4,1122598,3.6,186,7.6
"US000","5","339113","18","0","2026","1","",3635,100707,100606,100605,3086127293,1254832711,21249731,2359,"",1.00,1.00,1.00,1.00,1.00,1.00,1.00,1.00,"",129,3.7,-4934,-4.7,-4737,-4.5,-4830,-4.6,56274096,1.9,8675426,0.7,693691,3.4,149,6.7
"US000","5","339114","18","0","2026","1","",926,15927,15796,15731,392626041,201332252,4236173,1909,"",1.00,1.00,1.00,1.00,1.00,1.00,1.00,1.00,"",11,1.2,-771,-4.6,-790,-4.8,-837,-5.1,-9871390,-2.5,-3970865,-1.9,-7151,-0.2,46,2.5
"US000","5","339115","18","0","2026","1","",655,23051,22863,22848,569201873,216042967,3774053,1910,"",1.00,1.00,1.00,1.00,1.00,1.00,1.00,1.00,"",5,0.8,-765,-3.2,-901,-3.8,-926,-3.9,12893652,2.3,1711856,0.8,-84017,-2.2,111,6.2
"US000","5","339116","18","0","2026","1","",4777,38369,38259,38048,558657044,359493143,6027314,1124,"",1.00,1.00,1.00,1.00,1.00,1.00,1.00,1.00,"",-74,-1.5,-2020,-5.0,-2084,-5.2,-2191,-5.4,-19357652,-3.3,-7623692,-2.1,17377,0.3,21,1.9
"US000","5","3399","16","0","2026","1","",23763,282066,281294,281000,5439888338,3081943324,54914579,1487,"",1.00,1.00,1.00,1.00,1.00,1.00,1.00,1.00,"",549,2.4,-2658,-0.9,-4385,-1.5,-4251,-1.5,184868855,3.5,33790131,1.1,1480640,2.8,70,4.9
"US000","5","33991","17","0","2026","1","",2085,20385,20057,19878,346126119,212224943,4182435,1324,"",1.00,1.00,1.00,1.00,1.00,1.00,1.00,1.00,"",-54,-2.5,149,0.7,-243,-1.2,-302,-1.5,16966823,5.2,8174192,4.0,50280,1.2,73,5.8
"US000","5","339910","18","0","2026","1","",2085,20385,20057,19878,346126119,212224943,4182435,1324,"",1.00,1.00,1.00,1.00,1.00,1.00,1.00,1.00,"",-54,-2.5,149,0.7,-243,-1.2,-302,-1.5,16966823,5.2,8174192,4.0,50280,1.2,73,5.8
"US000","5","33992","17","0","2026","1","",2327,41477,41414,41569,896983786,468702385,8233486,1663,"",1.00,1.00,1.00,1.00,1.00,1.00,1.00,1.00,"",84,3.7,-721,-1.7,-963,-2.3,-862,-2.0,40954852,4.8,-9835552,-2.1,-154818,-1.8,108,6.9
"US000","5","339920","18","0","2026","1","",2327,41477,41414,41569,896983786,468702385,8233486,1663,"",1.00,1.00,1.00,1.00,1.00,1.00,1.00,1.00,"",84,3.7,-721,-1.7,-963,-2.3,-862,-2.0,40954852,4.8,-9835552,-2.1,-154818,-1.8,108,6.9
"US000","5","33993","17","0","2026","1","",957,11026,11118,11128,379651477,184263656,3457966,2633,"",1.00,1.00,1.00,1.00,1.00,1.00,1.00,1.00,"",41,4.5,278,2.6,373,3.5,353,3.3,42575304,12.6,18844462,11.4,540867,18.5,222,9.2
"US000","5","339930","18","0","2026","1","",957,11026,11118,11128,379651477,184263656,3457966,2633,"",1.00,1.00,1.00,1.00,1.00,1.00,1.00,1.00,"",41,4.5,278,2.6,373,3.5,353,3.3,42575304,12.6,18844462,11.4,540867,18.5,222,9.2
"US000","5","33994","17","0","2026","1","",461,8552,8469,8475,158514653,75904770,1263696,1435,"",1.00,1.00,1.00,1.00,1.00,1.00,1.00,1.00,"",-22,-4.6,-589,-6.4,-597,-6.6,-597,-6.6,-8721080,-5.2,-3299352,-4.2,-157797,-11.1,20,1.4
"US000","5","339940","18","0","2026","1","",461,8552,8469,8475,158514653,75904770,1263696,1435,"",1.00,1.00,1.00,1.00,1.00,1.00,1.00,1.00,"",-22,-4.6,-589,-6.4,-597,-6.6,-597,-6.6,-8721080,-5.2,-3299352,-4.2,-157797,-11.1,20,1.4
"US000","5","33995","17","0","2026","1","",7748,75628,75444,75419,1214790103,781816902,12537857,1238,"",1.00,1.00,1.00,1.00,1.00,1.00,1.00,1.00,"",106,1.4,-1019,-1.3,-1586,-2.1,-1475,-1.9,15940198,1.3,584706,0.1,654521,5.5,38,3.2
"US000","5","339950","18","0","2026","1","",7748,75628,75444,75419,1214790103,781816902,12537857,1238,"",1.00,1.00,1.00,1.00,1.00,1.00,1.00,1.00,"",106,1.4,-1019,-1.3,-1586,-2.1,-1475,-1.9,15940198,1.3,584706,0.1,654521,5.5,38,3.2
"US000","5","33999","17","0","2026","1","",10185,124998,124792,124531,2443822200,1359030668,25239139,1507,"",1.00,1.00,1.00,1.00,1.00,1.00,1.00,1.00,"",394,4.0,-756,-0.6,-1369,-1.1,-1368,-1.1,77152758,3.3,19321675,1.4,547587,2.2,61,4.2
"US000","5","339991","18","0","2026","1","",799,27405,27361,27351,558217742,293022597,5666084,1569,"",1.00,1.00,1.00,1.00,1.00,1.00,1.00,1.00,"",9,1.1,-424,-1.5,-436,-1.6,-387,-1.4,10232952,1.9,3171547,1.1,259593,4.8,52,3.4
"US000","5","339992","18","0","2026","1","",732,10460,10467,10441,165220807,94287700,2053928,1216,"",1.00,1.00,1.00,1.00,1.00,1.00,1.00,1.00,"",2,0.3,-516,-4.7,-495,-4.5,-492,-4.5,-8974085,-5.2,-4403472,-4.5,-185081,-8.3,-7,-0.6
"US000","5","339993","18","0","2026","1","",182,4743,4769,4753,86683581,51452710,684534,1402,"",1.00,1.00,1.00,1.00,1.00,1.00,1.00,1.00,"",1,0.6,-48,-1.0,5,0.1,-25,-0.5,1305396,1.5,-393516,-0.8,-8145,-1.2,27,2.0
"US000","5","339994","18","0","2026","1","",204,7333,7311,7293,128683919,81637811,944760,1354,"",1.00,1.00,1.00,1.00,1.00,1.00,1.00,1.00,"",5,2.5,-236,-3.1,-275,-3.6,-243,-3.2,-4937525,-3.7,-2922341,-3.5,63589,7.2,-5,-0.4
"US000","5","339995","18","0","2026","1","",106,2485,2488,2479,37063314,23295789,467208,1148,"",1.00,1.00,1.00,1.00,1.00,1.00,1.00,1.00,"",1,1.0,-452,-15.4,-472,-15.9,-488,-16.4,-5647228,-13.2,-2749674,-10.6,1642,0.4,36,3.2
"US000","5","339999","18","0","2026","1","",8162,72572,72396,72214,1467952837,815334061,15422625,1560,"",1.00,1.00,1.00,1.00,1.00,1.00,1.00,1.00,"",376,4.8,920,1.3,304,0.4,267,0.4,85173248,6.2,26619131,3.4,415989,2.8,81,5.5
"US000","5","42","14","0","2026","1","",627808,5937919,5931908,5928277,173087336318,71332246110,1194116124,2244,"",1.00,1.00,1.00,1.00,1.00,1.00,1.00,1.00,"",821,0.1,-85772,-1.4,-96083,-1.6,-100365,-1.7,3949390158,2.3,950996896,1.4,53504029,4.7,85,3.9
"US000","5","423","15","0","2026","1","",343162,3370397,3367147,3363799,98808932673,40789677340,688313243,2257,"",1.00,1.00,1.00,1.00,1.00,1.00,1.00,1.00,"",5168,1.5,-24700,-0.7,-29041,-0.9,-29631,-0.9,3771275348,4.0,811766196,2.0,42123049,6.5,104,4.8
"US000","5","4231","16","0","2026","1","",26986,364904,363782,363164,7814308558,3853782643,62550868,1652,"",1.00,1.00,1.00,1.00,1.00,1.00,1.00,1.00,"",92,0.3,-4617,-1.2,-5896,-1.6,-5202,-1.4,138639348,1.8,-4892355,-0.1,2253675,3.7,53,3.3
"US000","5","42311","17","0","2026","1","",7734,137625,137027,136719,3209450125,1525598485,21763742,1800,"",1.00,1.00,1.00,1.00,1.00,1.00,1.00,1.00,"",109,1.4,-781,-0.6,-986,-0.7,-1407,-1.0,25970969,0.8,10685496,0.7,1143326,5.5,28,1.6
"US000","5","423110","18","0","2026","1","",7734,137625,137027,136719,3209450125,1525598485,21763742,1800,"",1.00,1.00,1.00,1.00,1.00,1.00,1.00,1.00,"",109,1.4,-781,-0.6,-986,-0.7,-1407,-1.0,25970969,0.8,10685496,0.7,1143326,5.5,28,1.6
"US000","5","42312","17","0","2026","1","",14655,171757,171313,171151,3649092876,1752076366,31948984,1638,"",1.00,1.00,1.00,1.00,1.00,1.00,1.00,1.00,"",30,0.2,-3172,-1.8,-4140,-2.4,-3156,-1.8,106538252,3.0,-11509275,-0.7,786764,2.5,80,5.1
"US000","5","423120","18","0","2026","1","",14655,171757,171313,171151,3649092876,1752076366,31948984,1638,"",1.00,1.00,1.00,1.00,1.00,1.00,1.00,1.00,"",30,0.2,-3172,-1.8,-4140,-2.4,-3156,-1.8,106538252,3.0,-11509275,-0.7,786764,2.5,80,5.1
"US000","5","42313","17","0","2026","1","",2526,34053,33956,33760,632872230,347283871,5664641,1435,"",1.00,1.00,1.00,1.00,1.00,1.00,1.00,1.00,"",-30,-1.2,-220,-0.6,-285,-0.8,-165,-0.5,17357993,2.8,3466447,1.0,260694,4.8,48,3.5
"US000","5","423130","18","0","2026","1","",2526,34053,33956,33760,632872230,347283871,5664641,1435,"",1.00,1.00,1.00,1.00,1.00,1.00,1.00,1.00,"",-30,-1.2,-220,-0.6,-285,-0.8,-165,-0.5,17357993,2.8,3466447,1.0,260694,4.8,48,3.5
"US000","5","42314","17","0","2026","1","",2071,21469,21486,21534,322893327,228823921,3173501,1155,"",1.00,1.00,1.00,1.00,1.00,1.00,1.00,1.00,"",-17,-0.8,-444,-2.0,-485,-2.2,-474,-2.2,-11227866,-3.4,-7535023,-3.2,62891,2.0,-15,-1.3
"US000","5","423140","18","0","2026","1","",2071,21469,21486,21534,322893327,228823921,3173501,1155,"",1.00,1.00,1.00,1.00,1.00,1.00,1.00,1.00,"",-17,-0.8,-444,-2.0,-485,-2.2,-474,-2.2,-11227866,-3.4,-7535023,-3.2,62891,2.0,-15,-1.3
"US000","5","4232","16","0","2026","1","",13425,104898,104591,104177,2334921988,1172179245,22397224,1718,"",1.00,1.00,1.00,1.00,1.00,1.00,1.00,1.00,"",227,1.7,-3698,-3.4,-4079,-3.8,-4210,-3.9,-31631563,-1.3,-6336256,-0.5,633166,2.9,41,2.4
"US000","5","42321","17","0","2026","1","",6243,46724,46570,46400,1093394074,530599754,10088697,1806,"",1.00,1.00,1.00,1.00,1.00,1.00,1.00,1.00,"",210,3.5,-1788,-3.7,-2044,-4.2,-2179,-4.5,-15120040,-1.4,-1302749,-0.2,468570,4.9,50,2.8
"US000","5","423210","18","0","2026","1","",6243,46724,46570,46400,1093394074,530599754,10088697,1806,"",1.00,1.00,1.00,1.00,1.00,1.00,1.00,1.00,"",210,3.5,-1788,-3.7,-2044,-4.2,-2179,-4.5,-15120040,-1.4,-1302749,-0.2,468570,4.9,50,2.8
"US000","5","42322","17","0","2026","1","",7182,58174,58021,57777,1241527914,641579491,12308527,1647,"",1.00,1.00,1.00,1.00,1.00,1.00,1.00,1.00,"",17,0.2,-1910,-3.2,-2035,-3.4,-2031,-3.4,-16511523,-1.3,-5033507,-0.8,164596,1.4,34,2.1
"US000","5","423220","18","0","2026","1","",7182,58174,58021,57777,1241527914,641579491,12308527,1647,"",1.00,1.00,1.00,1.00,1.00,1.00,1.00,1.00,"",17,0.2,-1910,-3.2,-2035,-3.4,-2031,-3.4,-16511523,-1.3,-5033507,-0.8,164596,1.4,34,2.1
"US000","5","4233","16","0","2026","1","",26742,260309,259391,259501,6225118840,3063424595,53629285,1844,"",1.00,1.00,1.00,1.00,1.00,1.00,1.00,1.00,"",870,3.4,-618,-0.2,-1869,-0.7,-2307,-0.9,9625511,0.2,70423779,2.4,3203597,6.4,14,0.8
"US000","5","42331","17","0","2026","1","",9869,110072,109734,109253,2482823885,1313233505,20078374,1741,"",1.00,1.00,1.00,1.00,1.00,1.00,1.00,1.00,"",173,1.8,-3974,-3.5,-4430,-3.9,-4765,-4.2,-164405041,-6.2,-34980089,-2.6,343556,1.7,-44,-2.5
"US000","5","423310","18","0","2026","1","",9869,110072,109734,109253,2482823885,1313233505,20078374,1741,"",1.00,1.00,1.00,1.00,1.00,1.00,1.00,1.00,"",173,1.8,-3974,-3.5,-4430,-3.9,-4765,-4.2,-164405041,-6.2,-34980089,-2.6,343556,1.7,-44,-2.5
"US000","5","42332","17","0","2026","1","",6676,64129,63964,64317,1400117831,709963495,14326949,1679,"",1.00,1.00,1.00,1.00,1.00,1.00,1.00,1.00,"",69,1.0,-964,-1.5,-1360,-2.1,-1326,-2.0,10534685,0.8,5764588,0.8,339121,2.4,43,2.6
"US000","5","423320","18","0","2026","1","",6676,64129,63964,64317,1400117831,709963495,14326949,1679,"",1.00,1.00,1.00,1.00,1.00,1.00,1.00,1.00,"",69,1.0,-964,-1.5,-1360,-2.1,-1326,-2.0,10534685,0.8,5764588,0.8,339121,2.4,43,2.6
"US000","5","42333","17","0","2026","1","",4503,47790,47505,47605,1351371876,566756610,11570647,2182,"",1.00,1.00,1.00,1.00,1.00,1.00,1.00,1.00,"",284,6.7,2186,4.8,2006,4.4,1801,3.9,17060331,1.3,41249078,7.8,1362986,13.4,-67,-3.0
"US000","5","423330","18","0","2026","1","",4503,47790,47505,47605,1351371876,566756610,11570647,2182,"",1.00,1.00,1.00,1.00,1.00,1.00,1.00,1.00,"",284,6.7,2186,4.8,2006,4.4,1801,3.9,17060331,1.3,41249078,7.8,1362986,13.4,-67,-3.0
"US000","5","42339","17","0","2026","1","",5694,38318,38188,38326,990805248,473470985,7653315,1991,"",1.00,1.00,1.00,1.00,1.00,1.00,1.00,1.00,"",344,6.4,2134,5.9,1915,5.3,1983,5.5,146435536,17.3,58390202,14.1,1157934,17.8,200,11.2
"US000","5","423390","18","0","2026","1","",5694,38318,38188,38326,990805248,473470985,7653315,1991,"",1.00,1.00,1.00,1.00,1.00,1.00,1.00,1.00,"",344,6.4,2134,5.9,1915,5.3,1983,5.5,146435536,17.3,58390202,14.1,1157934,17.8,200,11.2
"US000","5","4234","16","0","2026","1","",72994,735181,734442,732372,30309983261,9929864399,188219776,3176,"",1.00,1.00,1.00,1.00,1.00,1.00,1.00,1.00,"",1022,1.4,-6376,-0.9,-6723,-0.9,-6852,-0.9,967234406,3.3,229975596,2.4,15139529,8.7,128,4.2
"US000","5","42341","17","0","2026","1","",1222,10418,10334,10318,319841409,162284306,2778342,2376,"",1.00,1.00,1.00,1.00,1.00,1.00,1.00,1.00,"",-21,-1.7,-606,-5.5,-695,-6.3,-596,-5.5,-16243121,-4.8,40803571,33.6,-86983,-3.0,23,1.0
"US000","5","423410","18","0","2026","1","",1222,10418,10334,10318,319841409,162284306,2778342,2376,"",1.00,1.00,1.00,1.00,1.00,1.00,1.00,1.00,"",-21,-1.7,-606,-5.5,-695,-6.3,-596,-5.5,-16243121,-4.8,40803571,33.6,-86983,-3.0,23,1.0
"US000","5","42342","17","0","2026","1","",5565,63098,62913,62607,1452127852,768334883,14300992,1777,"",1.00,1.00,1.00,1.00,1.00,1.00,1.00,1.00,"",-72,-1.3,-3508,-5.3,-3221,-4.9,-3383,-5.1,-62077465,-4.1,-22580657,-2.9,883347,6.6,19,1.1
"US000","5","423420","18","0","2026","1","",5565,63098,62913,62607,1452127852,768334883,14300992,1777,"",1.00,1.00,1.00,1.00,1.00,1.00,1.00,1.00,"",-72,-1.3,-3508,-5.3,-3221,-4.9,-3383,-5.1,-62077465,-4.1,-22580657,-2.9,883347,6.6,19,1.1
"US000","5","42343","17","0","2026","1","",16342,218481,218368,218549,11975611255,3048984453,71184367,4217,"",1.00,1.00,1.00,1.00,1.00,1.00,1.00,1.00,"",-62,-0.4,-2998,-1.4,-2815,-1.3,-1868,-0.8,210474511,1.8,12540763,0.4,7179709,11.2,122,3.0
"US000","5","423430","18","0","2026","1","",16342,218481,218368,218549,11975611255,3048984453,71184367,4217,"",1.00,1.00,1.00,1.00,1.00,1.00,1.00,1.00,"",-62,-0.4,-2998,-1.4,-2815,-1.3,-1868,-0.8,210474511,1.8,12540763,0.4,7179709,11.2,122,3.0
"US000","5","42344","17","0","2026","1","",6665,56935,56783,56749,1289547163,649467825,11607628,1746,"",1.00,1.00,1.00,1.00,1.00,1.00,1.00,1.00,"",71,1.1,-1050,-1.8,-1327,-2.3,-1582,-2.7,9614545,0.8,-439594,-0.1,896720,8.4,53,3.1
"US000","5","423440","18","0","2026","1","",6665,56935,56783,56749,1289547163,649467825,11607628,1746,"",1.00,1.00,1.00,1.00,1.00,1.00,1.00,1.00,"",71,1.1,-1050,-1.8,-1327,-2.3,-1582,-2.7,9614545,0.8,-439594,-0.1,896720,8.4,53,3.1
"US000","5","42345","17","0","2026","1","",35943,328897,328853,327073,13588633241,4578759672,75545383,3184,"",1.00,1.00,1.00,1.00,1.00,1.00,1.00,1.00,"",987,2.8,2306,0.7,1952,0.6,1267,0.4,762297891,5.9,186063522,4.2,5312602,7.6,162,5.4
"US000","5","423450","18","0","2026","1","",35943,328897,328853,327073,13588633241,4578759672,75545383,3184,"",1.00,1.00,1.00,1.00,1.00,1.00,1.00,1.00,"",987,2.8,2306,0.7,1952,0.6,1267,0.4,762297891,5.9,186063522,4.2,5312602,7.6,162,5.4
"US000","5","42346","17","0","2026","1","",2321,20269,20156,20153,536930792,239086746,4063983,2045,"",1.00,1.00,1.00,1.00,1.00,1.00,1.00,1.00,"",-8,-0.3,-486,-2.3,-612,-2.9,-557,-2.7,12013502,2.3,4953440,2.1,86103,2.2,99,5.1
"US000","5","423460","18","0","2026","1","",2321,20269,20156,20153,536930792,239086746,4063983,2045,"",1.00,1.00,1.00,1.00,1.00,1.00,1.00,1.00,"",-8,-0.3,-486,-2.3,-612,-2.9,-557,-2.7,12013502,2.3,4953440,2.1,86103,2.2,99,5.1
"US000","5","42349","17","0","2026","1","",4936,37083,37035,36923,1147291549,482946514,8739081,2384,"",1.00,1.00,1.00,1.00,1.00,1.00,1.00,1.00,"",127,2.6,-34,-0.1,-5,0.0,-133,-0.4,51154543,4.7,8634551,1.8,868031,11.0,109,4.8
"US000","5","423490","18","0","2026","1","",4936,37083,37035,36923,1147291549,482946514,8739081,2384,"",1.00,1.00,1.00,1.00,1.00,1.00,1.00,1.00,"",127,2.6,-34,-0.1,-5,0.0,-133,-0.4,51154543,4.7,8634551,1.8,868031,11.0,109,4.8
"US000","5","4235","16","0","2026","1","",11532,133888,134203,134307,3430135830,1520427482,23865229,1967,"",1.00,1.00,1.00,1.00,1.00,1.00,1.00,1.00,"",147,1.3,-318,-0.2,51,0.0,-98,-0.1,191785976,5.9,30289026,2.0,735438,3.2,112,6.0
"US000","5","42351","17","0","2026","1","",11056,131438,131756,131837,3323616807,1491217837,23373140,1942,"",1.00,1.00,1.00,1.00,1.00,1.00,1.00,1.00,"",139,1.3,-203,-0.2,171,0.1,10,0.0,189459678,6.0,30229403,2.1,813818,3.6,111,6.1
"US000","5","423510","18","0","2026","1","",11056,131438,131756,131837,3323616807,1491217837,23373140,1942,"",1.00,1.00,1.00,1.00,1.00,1.00,1.00,1.00,"",139,1.3,-203,-0.2,171,0.1,10,0.0,189459678,6.0,30229403,2.1,813818,3.6,111,6.1
"US000","5","42352","17","0","2026","1","",476,2450,2447,2470,106519023,29209645,492089,3337,"",1.00,1.00,1.00,1.00,1.00,1.00,1.00,1.00,"",8,1.7,-115,-4.5,-120,-4.7,-108,-4.2,2326298,2.2,59623,0.2,-78380,-13.7,218,7.0
"US000","5","423520","18","0","2026","1","",476,2450,2447,2470,106519023,29209645,492089,3337,"",1.00,1.00,1.00,1.00,1.00,1.00,1.00,1.00,"",8,1.7,-115,-4.5,-120,-4.7,-108,-4.2,2326298,2.2,59623,0.2,-78380,-13.7,218,7.0
"US000","5","4236","16","0","2026","1","",39805,373429,373289,373294,13230176904,4722303411,84158137,2726,"",1.00,1.00,1.00,1.00,1.00,1.00,1.00,1.00,"",616,1.6,-592,-0.2,-1472,-0.4,-1462,-0.4,1056551068,8.7,116780839,2.5,6837564,8.8,226,9.0
"US000","5","42361","17","0","2026","1","",19851,205105,205369,205589,6887932856,2536657148,39704754,2580,"",1.00,1.00,1.00,1.00,1.00,1.00,1.00,1.00,"",599,3.1,3678,1.8,3262,1.6,3125,1.5,716127621,11.6,122534039,5.1,3035283,8.3,230,9.8
"US000","5","423610","18","0","2026","1","",19851,205105,205369,205589,6887932856,2536657148,39704754,2580,"",1.00,1.00,1.00,1.00,1.00,1.00,1.00,1.00,"",599,3.1,3678,1.8,3262,1.6,3125,1.5,716127621,11.6,122534039,5.1,3035283,8.3,230,9.8
"US000","5","42362","17","0","2026","1","",4764,33935,33669,33573,1127337517,434610271,10599637,2571,"",1.00,1.00,1.00,1.00,1.00,1.00,1.00,1.00,"",22,0.5,-1322,-3.7,-1712,-4.8,-1847,-5.2,-103711857,-8.4,-8774820,-2.0,1278546,13.7,-108,-4.0
"US000","5","423620","18","0","2026","1","",4764,33935,33669,33573,1127337517,434610271,10599637,2571,"",1.00,1.00,1.00,1.00,1.00,1.00,1.00,1.00,"",22,0.5,-1322,-3.7,-1712,-4.8,-1847,-5.2,-103711857,-8.4,-8774820,-2.0,1278546,13.7,-108,-4.0
"US000","5","42369","17","0","2026","1","",15190,134389,134251,134132,5214906531,1751035992,33853746,2988,"",1.00,1.00,1.00,1.00,1.00,1.00,1.00,1.00,"",-5,0.0,-2948,-2.1,-3022,-2.2,-2740,-2.0,444135304,9.3,3021620,0.2,2523735,8.1,312,11.7
"US000","5","423690","18","0","2026","1","",15190,134389,134251,134132,5214906531,1751035992,33853746,2988,"",1.00,1.00,1.00,1.00,1.00,1.00,1.00,1.00,"",-5,0.0,-2948,-2.1,-3022,-2.2,-2740,-2.0,444135304,9.3,3021620,0.2,2523735,8.1,312,11.7
"US000","5","4237","16","0","2026","1","",28359,314432,314578,314488,8369273609,3740140422,57674493,2047,"",1.00,1.00,1.00,1.00,1.00,1.00,1.00,1.00,"",381,1.4,-781,-0.2,-968,-0.3,-1181,-0.4,310855064,3.9,89496954,2.5,2774213,5.1,82,4.2
"US000","5","42371","17","0","2026","1","",8270,91202,91247,91011,2058515932,1024358699,15974371,1737,"",1.00,1.00,1.00,1.00,1.00,1.00,1.00,1.00,"",30,0.4,-1306,-1.4,-1519,-1.6,-1800,-1.9,94157134,4.8,2634023,0.3,410588,2.6,107,6.6
"US000","5","423710","18","0","2026","1","",8270,91202,91247,91011,2058515932,1024358699,15974371,1737,"",1.00,1.00,1.00,1.00,1.00,1.00,1.00,1.00,"",30,0.4,-1306,-1.4,-1519,-1.6,-1800,-1.9,94157134,4.8,2634023,0.3,410588,2.6,107,6.6
"US000","5","42372","17","0","2026","1","",10733,122919,123096,123087,3346926351,1507998688,22783239,2093,"",1.00,1.00,1.00,1.00,1.00,1.00,1.00,1.00,"",145,1.4,1103,0.9,1389,1.1,1380,1.1,250600493,8.1,50575623,3.5,1596192,7.5,137,7.0
"US000","5","423720","18","0","2026","1","",10733,122919,123096,123087,3346926351,1507998688,22783239,2093,"",1.00,1.00,1.00,1.00,1.00,1.00,1.00,1.00,"",145,1.4,1103,0.9,1389,1.1,1380,1.1,250600493,8.1,50575623,3.5,1596192,7.5,137,7.0
"US000","5","42373","17","0","2026","1","",7614,85300,85273,85400,2593071094,1037203958,16463842,2338,"",1.00,1.00,1.00,1.00,1.00,1.00,1.00,1.00,"",199,2.7,383,0.5,113,0.1,125,0.1,-27501927,-1.0,41113252,4.1,842559,5.4,-30,-1.3
"US000","5","423730","18","0","2026","1","",7614,85300,85273,85400,2593071094,1037203958,16463842,2338,"",1.00,1.00,1.00,1.00,1.00,1.00,1.00,1.00,"",199,2.7,383,0.5,113,0.1,125,0.1,-27501927,-1.0,41113252,4.1,842559,5.4,-30,-1.3
"US000","5","42374","17","0","2026","1","",1742,15011,14962,14990,370760232,170579077,2453041,1903,"",1.00,1.00,1.00,1.00,1.00,1.00,1.00,1.00,"",7,0.4,-961,-6.0,-951,-6.0,-886,-5.6,-6400636,-1.7,-4825944,-2.8,-75126,-3.0,81,4.4
"US000","5","423740","18","0","2026","1","",1742,15011,14962,14990,370760232,170579077,2453041,1903,"",1.00,1.00,1.00,1.00,1.00,1.00,1.00,1.00,"",7,0.4,-961,-6.0,-951,-6.0,-886,-5.6,-6400636,-1.7,-4825944,-2.8,-75126,-3.0,81,4.4
"US000","5","4238","16","0","2026","1","",78736,770401,770169,769712,20280743151,9363330771,135445931,2026,"",1.00,1.00,1.00,1.00,1.00,1.00,1.00,1.00,"",1089,1.4,-5215,-0.7,-5091,-0.7,-5587,-0.7,838019241,4.3,188772720,2.1,8477727,6.7,97,5.0
"US000","5","42381","17","0","2026","1","",5985,108412,108315,108612,2980352421,1424275949,17243148,2114,"",1.00,1.00,1.00,1.00,1.00,1.00,1.00,1.00,"",33,0.6,-509,-0.5,-533,-0.5,-388,-0.4,134800009,4.7,45056243,3.3,323677,1.9,104,5.2
"US000","5","423810","18","0","2026","1","",5985,108412,108315,108612,2980352421,1424275949,17243148,2114,"",1.00,1.00,1.00,1.00,1.00,1.00,1.00,1.00,"",33,0.6,-509,-0.5,-533,-0.5,-388,-0.4,134800009,4.7,45056243,3.3,323677,1.9,104,5.2
"US000","5","42382","17","0","2026","1","",9583,110734,110131,110713,2330556475,1323048183,15429321,1622,"",1.00,1.00,1.00,1.00,1.00,1.00,1.00,1.00,"",95,1.0,-2688,-2.4,-2682,-2.4,-2555,-2.3,16649538,0.7,8566118,0.7,2125474,16.0,49,3.1
"US000","5","423820","18","0","2026","1","",9583,110734,110131,110713,2330556475,1323048183,15429321,1622,"",1.00,1.00,1.00,1.00,1.00,1.00,1.00,1.00,"",95,1.0,-2688,-2.4,-2682,-2.4,-2555,-2.3,16649538,0.7,8566118,0.7,2125474,16.0,49,3.1
"US000","5","42383","17","0","2026","1","",37366,341932,342116,341498,9645757787,4201813135,64491456,2170,"",1.00,1.00,1.00,1.00,1.00,1.00,1.00,1.00,"",510,1.4,-2829,-0.8,-2837,-0.8,-3273,-0.9,321811060,3.5,65400761,1.6,3873858,6.4,90,4.3
"US000","5","423830","18","0","2026","1","",37366,341932,342116,341498,9645757787,4201813135,64491456,2170,"",1.00,1.00,1.00,1.00,1.00,1.00,1.00,1.00,"",510,1.4,-2829,-0.8,-2837,-0.8,-3273,-0.9,321811060,3.5,65400761,1.6,3873858,6.4,90,4.3
"US000","5","42384","17","0","2026","1","",13908,108032,108094,107638,2723735297,1288405885,20644767,1941,"",1.00,1.00,1.00,1.00,1.00,1.00,1.00,1.00,"",248,1.8,266,0.2,275,0.3,-52,0.0,176738820,6.9,39989269,3.2,1450753,7.6,123,6.8
"US000","5","423840","18","0","2026","1","",13908,108032,108094,107638,2723735297,1288405885,20644767,1941,"",1.00,1.00,1.00,1.00,1.00,1.00,1.00,1.00,"",248,1.8,266,0.2,275,0.3,-52,0.0,176738820,6.9,39989269,3.2,1450753,7.6,123,6.8
"US000","5","42385","17","0","2026","1","",6851,57371,57318,57180,1128081136,628550740,9773432,1515,"",1.00,1.00,1.00,1.00,1.00,1.00,1.00,1.00,"",88,1.3,-477,-0.8,-503,-0.9,-507,-0.9,43919974,4.1,16070558,2.6,329580,3.5,72,5.0
"US000","5","423850","18","0","2026","1","",6851,57371,57318,57180,1128081136,628550740,9773432,1515,"",1.00,1.00,1.00,1.00,1.00,1.00,1.00,1.00,"",88,1.3,-477,-0.8,-503,-0.9,-507,-0.9,43919974,4.1,16070558,2.6,329580,3.5,72,5.0
"US000","5","42386","17","0","2026","1","",5043,43920,44195,44071,1472260035,497236879,7863807,2570,"",1.00,1.00,1.00,1.00,1.00,1.00,1.00,1.00,"",115,2.3,1022,2.4,1189,2.8,1188,2.8,144099840,10.8,13689771,2.8,374385,5.0,190,8.0
"US000","5","423860","18","0","2026","1","",5043,43920,44195,44071,1472260035,497236879,7863807,2570,"",1.00,1.00,1.00,1.00,1.00,1.00,1.00,1.00,"",115,2.3,1022,2.4,1189,2.8,1188,2.8,144099840,10.8,13689771,2.8,374385,5.0,190,8.0
"US000","5","4239","16","0","2026","1","",44583,312955,312702,312784,6814270532,3424224372,60372300,1676,"",1.00,1.00,1.00,1.00,1.00,1.00,1.00,1.00,"",724,1.7,-2485,-0.8,-2994,-0.9,-2732,-0.9,290196297,4.4,97255893,2.9,2068140,3.5,86,5.4
"US000","5","42391","17","0","2026","1","",9266,62551,62406,62525,1376868757,684159709,12599632,1695,"",1.00,1.00,1.00,1.00,1.00,1.00,1.00,1.00,"",116,1.3,-854,-1.3,-1129,-1.8,-1092,-1.7,46381393,3.5,5982220,0.9,267540,2.2,84,5.2
"US000","5","423910","18","0","2026","1","",9266,62551,62406,62525,1376868757,684159709,12599632,1695,"",1.00,1.00,1.00,1.00,1.00,1.00,1.00,1.00,"",116,1.3,-854,-1.3,-1129,-1.8,-1092,-1.7,46381393,3.5,5982220,0.9,267540,2.2,84,5.2
"US000","5","42392","17","0","2026","1","",3329,24655,24411,24503,645851532,292890105,5863231,2026,"",1.00,1.00,1.00,1.00,1.00,1.00,1.00,1.00,"",141,4.4,606,2.5,584,2.5,590,2.5,35689320,5.8,16979077,6.2,386273,7.1,65,3.3
"US000","5","423920","18","0","2026","1","",3329,24655,24411,24503,645851532,292890105,5863231,2026,"",1.00,1.00,1.00,1.00,1.00,1.00,1.00,1.00,"",141,4.4,606,2.5,584,2.5,590,2.5,35689320,5.8,16979077,6.2,386273,7.1,65,3.3
"US000","5","42393","17","0","2026","1","",7906,99038,99206,99291,1803496161,1037137833,16009625,1399,"",1.00,1.00,1.00,1.00,1.00,1.00,1.00,1.00,"",-1,0.0,-1358,-1.4,-1246,-1.2,-1194,-1.2,55261394,3.2,15669862,1.5,642960,4.2,60,4.5
"US000","5","423930","18","0","2026","1","",7906,99038,99206,99291,1803496161,1037137833,16009625,1399,"",1.00,1.00,1.00,1.00,1.00,1.00,1.00,1.00,"",-1,0.0,-1358,-1.4,-1246,-1.2,-1194,-1.2,55261394,3.2,15669862,1.5,642960,4.2,60,4.5
"US000","5","42394","17","0","2026","1","",7502,35798,36048,35955,771180576,385893280,7849547,1651,"",1.00,1.00,1.00,1.00,1.00,1.00,1.00,1.00,"",7,0.1,-430,-1.2,-304,-0.8,-210,-0.6,64245003,9.1,28947842,8.1,223015,2.9,151,10.1
"US000","5","423940","18","0","2026","1","",7502,35798,36048,35955,771180576,385893280,7849547,1651,"",1.00,1.00,1.00,1.00,1.00,1.00,1.00,1.00,"",7,0.1,-430,-1.2,-304,-0.8,-210,-0.6,64245003,9.1,28947842,8.1,223015,2.9,151,10.1
"US000","5","42399","17","0","2026","1","",16580,90913,90631,90510,2216873506,1024143445,18050265,1880,"",1.00,1.00,1.00,1.00,1.00,1.00,1.00,1.00,"",461,2.9,-449,-0.5,-899,-1.0,-826,-0.9,88619187,4.2,29676892,3.0,548352,3.1,89,5.0
"US000","5","423990","18","0","2026","1","",16580,90913,90631,90510,2216873506,1024143445,18050265,1880,"",1.00,1.00,1.00,1.00,1.00,1.00,1.00,1.00,"",461,2.9,-449,-0.5,-899,-1.0,-826,-0.9,88619187,4.2,29676892,3.0,548352,3.1,89,5.0
"US000","5","424","15","0","2026","1","",181664,2153398,2151401,2153117,58921383343,25351526805,417896141,2106,"",1.00,1.00,1.00,1.00,1.00,1.00,1.00,1.00,"",1181,0.7,-30816,-1.4,-35841,-1.6,-38711,-1.8,914457110,1.6,361805731,1.4,15319432,3.8,66,3.2
"US000","5","4241","16","0","2026","1","",9322,109267,109030,107778,2627243342,1218424640,21493191,1859,"",1.00,1.00,1.00,1.00,1.00,1.00,1.00,1.00,"",-106,-1.1,-4872,-4.3,-5067,-4.4,-5204,-4.6,-101563357,-3.7,-35683450,-2.8,-160126,-0.7,13,0.7
"US000","5","42411","17","0","2026","1","",1267,10732,10768,10624,351843389,130810551,2210511,2528,"",1.00,1.00,1.00,1.00,1.00,1.00,1.00,1.00,"",-22,-1.7,-451,-4.0,-450,-4.0,-393,-3.6,-14862228,-4.1,-6549870,-4.8,-102039,-4.4,-4,-0.2
"US000","5","424110","18","0","2026","1","",1267,10732,10768,10624,351843389,130810551,2210511,2528,"",1.00,1.00,1.00,1.00,1.00,1.00,1.00,1.00,"",-22,-1.7,-451,-4.0,-450,-4.0,-393,-3.6,-14862228,-4.1,-6549870,-4.8,-102039,-4.4,-4,-0.2
"US000","5","42412","17","0","2026","1","",3086,35556,35252,34560,610540193,326607309,5822750,1337,"",1.00,1.00,1.00,1.00,1.00,1.00,1.00,1.00,"",-83,-2.6,-2414,-6.4,-2523,-6.7,-2728,-7.3,-25049961,-3.9,-7471311,-2.2,-95537,-1.6,39,3.0
"US000","5","424120","18","0","2026","1","",3086,35556,35252,34560,610540193,326607309,5822750,1337,"",1.00,1.00,1.00,1.00,1.00,1.00,1.00,1.00,"",-83,-2.6,-2414,-6.4,-2523,-6.7,-2728,-7.3,-25049961,-3.9,-7471311,-2.2,-95537,-1.6,39,3.0
"US000","5","42413","17","0","2026","1","",4969,62979,63010,62594,1664859760,761006780,13459930,2037,"",1.00,1.00,1.00,1.00,1.00,1.00,1.00,1.00,"",-1,0.0,-2007,-3.1,-2094,-3.2,-2083,-3.2,-61651168,-3.6,-21662269,-2.8,37450,0.3,-9,-0.4
"US000","5","424130","18","0","2026","1","",4969,62979,63010,62594,1664859760,761006780,13459930,2037,"",1.00,1.00,1.00,1.00,1.00,1.00,1.00,1.00,"",-1,0.0,-2007,-3.1,-2094,-3.2,-2083,-3.2,-61651168,-3.6,-21662269,-2.8,37450,0.3,-9,-0.4
"US000","5","4242","16","0","2026","1","",22738,259027,258540,261158,15375373599,3884851718,72069648,4556,"",1.00,1.00,1.00,1.00,1.00,1.00,1.00,1.00,"",170,0.8,1189,0.5,246,0.1,29,0.0,1005057194,7.0,213469833,5.8,6629348,10.1,289,6.8
"US000","5","42421","17","0","2026","1","",22738,259027,258540,261158,15375373599,3884851718,72069648,4556,"",1.00,1.00,1.00,1.00,1.00,1.00,1.00,1.00,"",170,0.8,1189,0.5,246,0.1,29,0.0,1005057194,7.0,213469833,5.8,6629348,10.1,289,6.8
"US000","5","424210","18","0","2026","1","",22738,259027,258540,261158,15375373599,3884851718,72069648,4556,"",1.00,1.00,1.00,1.00,1.00,1.00,1.00,1.00,"",170,0.8,1189,0.5,246,0.1,29,0.0,1005057194,7.0,213469833,5.8,6629348,10.1,289,6.8
"US000","5","4243","16","0","2026","1","",16603,133388,132772,131839,3097279009,1520664792,34722844,1796,"",1.00,1.00,1.00,1.00,1.00,1.00,1.00,1.00,"",110,0.7,-4345,-3.2,-4736,-3.4,-4958,-3.6,-41752012,-1.3,58941142,4.0,1778471,5.4,38,2.2
"US000","5","42431","17","0","2026","1","",3703,20284,20300,20217,391281502,216834864,3945547,1485,"",1.00,1.00,1.00,1.00,1.00,1.00,1.00,1.00,"",13,0.4,-561,-2.7,-523,-2.5,-530,-2.6,9521544,2.5,6684542,3.2,113796,3.0,74,5.2
"US000","5","424310","18","0","2026","1","",3703,20284,20300,20217,391281502,216834864,3945547,1485,"",1.00,1.00,1.00,1.00,1.00,1.00,1.00,1.00,"",13,0.4,-561,-2.7,-523,-2.5,-530,-2.6,9521544,2.5,6684542,3.2,113796,3.0,74,5.2
"US000","5","42434","17","0","2026","1","",1846,21571,21230,21143,579068970,275412478,5868639,2090,"",1.00,1.00,1.00,1.00,1.00,1.00,1.00,1.00,"",-6,-0.3,-709,-3.2,-967,-4.4,-1004,-4.5,-31423853,-5.1,6503056,2.4,617237,11.8,-25,-1.2
"US000","5","424340","18","0","2026","1","",1846,21571,21230,21143,579068970,275412478,5868639,2090,"",1.00,1.00,1.00,1.00,1.00,1.00,1.00,1.00,"",-6,-0.3,-709,-3.2,-967,-4.4,-1004,-4.5,-31423853,-5.1,6503056,2.4,617237,11.8,-25,-1.2
"US000","5","42435","17","0","2026","1","",11054,91533,91242,90479,2126928537,1028417450,24908658,1796,"",1.00,1.00,1.00,1.00,1.00,1.00,1.00,1.00,"",103,0.9,-3075,-3.3,-3246,-3.4,-3424,-3.6,-19849703,-0.9,45753544,4.7,1047438,4.4,45,2.6
"US000","5","424350","18","0","2026","1","",11054,91533,91242,90479,2126928537,1028417450,24908658,1796,"",1.00,1.00,1.00,1.00,1.00,1.00,1.00,1.00,"",103,0.9,-3075,-3.3,-3246,-3.4,-3424,-3.6,-19849703,-0.9,45753544,4.7,1047438,4.4,45,2.6
"US000","5","4244","16","0","2026","1","",50181,819461,819285,819022,17640266674,9267360601,151813445,1656,"",1.00,1.00,1.00,1.00,1.00,1.00,1.00,1.00,"",514,1.0,-7236,-0.9,-9043,-1.1,-10034,-1.2,264727113,1.5,127230254,1.4,5201523,3.5,42,2.6
"US000","5","42441","17","0","2026","1","",9113,255478,255458,254958,5462536416,3012746260,47462826,1646,"",1.00,1.00,1.00,1.00,1.00,1.00,1.00,1.00,"",158,1.8,-2578,-1.0,-3300,-1.3,-4100,-1.6,15641386,0.3,28958517,1.0,2160155,4.8,26,1.6
"US000","5","424410","18","0","2026","1","",9113,255478,255458,254958,5462536416,3012746260,47462826,1646,"",1.00,1.00,1.00,1.00,1.00,1.00,1.00,1.00,"",158,1.8,-2578,-1.0,-3300,-1.3,-4100,-1.6,15641386,0.3,28958517,1.0,2160155,4.8,26,1.6
"US000","5","42442","17","0","2026","1","",2847,35538,35497,35458,830549464,392381583,6195406,1800,"",1.00,1.00,1.00,1.00,1.00,1.00,1.00,1.00,"",-3,-0.1,-405,-1.1,-645,-1.8,-717,-2.0,-13620801,-1.6,1149207,0.3,-97843,-1.6,1,0.1
"US000","5","424420","18","0","2026","1","",2847,35538,35497,35458,830549464,392381583,6195406,1800,"",1.00,1.00,1.00,1.00,1.00,1.00,1.00,1.00,"",-3,-0.1,-405,-1.1,-645,-1.8,-717,-2.0,-13620801,-1.6,1149207,0.3,-97843,-1.6,1,0.1
"US000","5","42443","17","0","2026","1","",2595,33570,33750,33765,758905534,399037102,6843247,1733,"",1.00,1.00,1.00,1.00,1.00,1.00,1.00,1.00,"",10,0.4,-161,-0.5,-121,-0.4,-118,-0.3,23516711,3.2,10709241,2.8,52851,0.8,61,3.6
"US000","5","424430","18","0","2026","1","",2595,33570,33750,33765,758905534,399037102,6843247,1733,"",1.00,1.00,1.00,1.00,1.00,1.00,1.00,1.00,"",10,0.4,-161,-0.5,-121,-0.4,-118,-0.3,23516711,3.2,10709241,2.8,52851,0.8,61,3.6
"US000","5","42444","17","0","2026","1","",766,13794,13725,13791,283374367,149843694,2329976,1583,"",1.00,1.00,1.00,1.00,1.00,1.00,1.00,1.00,"",2,0.3,739,5.7,487,3.7,548,4.1,29995128,11.8,10287688,7.4,64807,2.9,104,7.0
"US000","5","424440","18","0","2026","1","",766,13794,13725,13791,283374367,149843694,2329976,1583,"",1.00,1.00,1.00,1.00,1.00,1.00,1.00,1.00,"",2,0.3,739,5.7,487,3.7,548,4.1,29995128,11.8,10287688,7.4,64807,2.9,104,7.0
"US000","5","42445","17","0","2026","1","",3912,62880,62840,62695,1398075491,723340328,11405626,1712,"",1.00,1.00,1.00,1.00,1.00,1.00,1.00,1.00,"",-18,-0.5,-2592,-4.0,-2664,-4.1,-2345,-3.6,29252327,2.1,-13434360,-1.8,-37491,-0.3,100,6.2
"US000","5","424450","18","0","2026","1","",3912,62880,62840,62695,1398075491,723340328,11405626,1712,"",1.00,1.00,1.00,1.00,1.00,1.00,1.00,1.00,"",-18,-0.5,-2592,-4.0,-2664,-4.1,-2345,-3.6,29252327,2.1,-13434360,-1.8,-37491,-0.3,100,6.2
"US000","5","42446","17","0","2026","1","",2791,27606,27293,27305,483060185,284825324,5048694,1356,"",1.00,1.00,1.00,1.00,1.00,1.00,1.00,1.00,"",40,1.5,60,0.2,-252,-0.9,-311,-1.1,13264291,2.8,8074556,2.9,270041,5.7,45,3.4
"US000","5","424460","18","0","2026","1","",2791,27606,27293,27305,483060185,284825324,5048694,1356,"",1.00,1.00,1.00,1.00,1.00,1.00,1.00,1.00,"",40,1.5,60,0.2,-252,-0.9,-311,-1.1,13264291,2.8,8074556,2.9,270041,5.7,45,3.4
"US000","5","42447","17","0","2026","1","",3152,49360,49391,49375,1001048605,537947033,9501811,1560,"",1.00,1.00,1.00,1.00,1.00,1.00,1.00,1.00,"",35,1.1,-411,-0.8,-535,-1.1,-619,-1.2,25425912,2.6,2541401,0.5,656807,7.4,56,3.7
"US000","5","424470","18","0","2026","1","",3152,49360,49391,49375,1001048605,537947033,9501811,1560,"",1.00,1.00,1.00,1.00,1.00,1.00,1.00,1.00,"",35,1.1,-411,-0.8,-535,-1.1,-619,-1.2,25425912,2.6,2541401,0.5,656807,7.4,56,3.7
"US000","5","42448","17","0","2026","1","",5467,95883,95861,95875,1699134976,945395277,16359734,1363,"",1.00,1.00,1.00,1.00,1.00,1.00,1.00,1.00,"",110,2.1,-1270,-1.3,-1211,-1.2,-1295,-1.3,-8603248,-0.5,6003051,0.6,-124442,-0.8,11,0.8
"US000","5","424480","18","0","2026","1","",5467,95883,95861,95875,1699134976,945395277,16359734,1363,"",1.00,1.00,1.00,1.00,1.00,1.00,1.00,1.00,"",110,2.1,-1270,-1.3,-1211,-1.2,-1295,-1.3,-8603248,-0.5,6003051,0.6,-124442,-0.8,11,0.8
"US000","5","42449","17","0","2026","1","",19538,245352,245470,245800,5723581636,2821844000,46666125,1793,"",1.00,1.00,1.00,1.00,1.00,1.00,1.00,1.00,"",180,0.9,-618,-0.3,-802,-0.3,-1077,-0.4,149855407,2.7,72940953,2.7,2256638,5.1,53,3.0
"US000","5","424490","18","0","2026","1","",19538,245352,245470,245800,5723581636,2821844000,46666125,1793,"",1.00,1.00,1.00,1.00,1.00,1.00,1.00,1.00,"",180,0.9,-618,-0.3,-802,-0.3,-1077,-0.4,149855407,2.7,72940953,2.7,2256638,5.1,53,3.0
"US000","5","4245","16","0","2026","1","",7162,70856,70444,70587,1139240249,734983830,7738976,1241,"",1.00,1.00,1.00,1.00,1.00,1.00,1.00,1.00,"",21,0.3,-898,-1.3,-614,-0.9,-847,-1.2,-44981672,-3.8,-28310087,-3.7,-668311,-7.9,-35,-2.7
"US000","5","42451","17","0","2026","1","",3833,37739,37520,37728,738690784,482567830,4214618,1509,"",1.00,1.00,1.00,1.00,1.00,1.00,1.00,1.00,"",-30,-0.8,-1209,-3.1,-1117,-2.9,-1069,-2.8,-60481611,-7.6,-34993655,-6.8,-449147,-9.6,-76,-4.8
"US000","5","424510","18","0","2026","1","",3833,37739,37520,37728,738690784,482567830,4214618,1509,"",1.00,1.00,1.00,1.00,1.00,1.00,1.00,1.00,"",-30,-0.8,-1209,-3.1,-1117,-2.9,-1069,-2.8,-60481611,-7.6,-34993655,-6.8,-449147,-9.6,-76,-4.8
"US000","5","42452","17","0","2026","1","",1223,15989,15894,15835,132669543,94508832,515742,642,"",1.00,1.00,1.00,1.00,1.00,1.00,1.00,1.00,"",-8,-0.6,167,1.1,346,2.2,18,0.1,5905391,4.7,4077477,4.5,-6268,-1.2,22,3.5
"US000","5","424520","18","0","2026","1","",1223,15989,15894,15835,132669543,94508832,515742,642,"",1.00,1.00,1.00,1.00,1.00,1.00,1.00,1.00,"",-8,-0.6,167,1.1,346,2.2,18,0.1,5905391,4.7,4077477,4.5,-6268,-1.2,22,3.5
"US000","5","42459","17","0","2026","1","",2106,17128,17030,17024,267879922,157907168,3008616,1208,"",1.00,1.00,1.00,1.00,1.00,1.00,1.00,1.00,"",59,2.9,144,0.8,157,0.9,204,1.2,9594548,3.7,2606091,1.7,-212896,-6.6,32,2.7
"US000","5","424590","18","0","2026","1","",2106,17128,17030,17024,267879922,157907168,3008616,1208,"",1.00,1.00,1.00,1.00,1.00,1.00,1.00,1.00,"",59,2.9,144,0.8,157,0.9,204,1.2,9594548,3.7,2606091,1.7,-212896,-6.6,32,2.7
"US000","5","4246","16","0","2026","1","",18743,149628,149331,148902,4547978635,1891316820,28976528,2343,"",1.00,1.00,1.00,1.00,1.00,1.00,1.00,1.00,"",168,0.9,-445,-0.3,-978,-0.7,-1131,-0.8,-6001953,-0.1,65019267,3.6,1643458,6.0,10,0.4
"US000","5","42461","17","0","2026","1","",4294,28835,28862,28781,862229287,345274418,5815071,2301,"",1.00,1.00,1.00,1.00,1.00,1.00,1.00,1.00,"",-23,-0.5,-574,-2.0,-622,-2.1,-659,-2.2,-2839114,-0.3,3469124,1.0,316330,5.8,41,1.8
"US000","5","424610","18","0","2026","1","",4294,28835,28862,28781,862229287,345274418,5815071,2301,"",1.00,1.00,1.00,1.00,1.00,1.00,1.00,1.00,"",-23,-0.5,-574,-2.0,-622,-2.1,-659,-2.2,-2839114,-0.3,3469124,1.0,316330,5.8,41,1.8
"US000","5","42469","17","0","2026","1","",14449,120793,120469,120121,3685749348,1546042402,23161457,2354,"",1.00,1.00,1.00,1.00,1.00,1.00,1.00,1.00,"",191,1.3,129,0.1,-356,-0.3,-472,-0.4,-3162839,-0.1,61550143,4.1,1327128,6.1,3,0.1
"US000","5","424690","18","0","2026","1","",14449,120793,120469,120121,3685749348,1546042402,23161457,2354,"",1.00,1.00,1.00,1.00,1.00,1.00,1.00,1.00,"",191,1.3,129,0.1,-356,-0.3,-472,-0.4,-3162839,-0.1,61550143,4.1,1327128,6.1,3,0.1
"US000","5","4247","16","0","2026","1","",8341,99216,98873,98958,3703534110,1192200127,16668137,2877,"",1.00,1.00,1.00,1.00,1.00,1.00,1.00,1.00,"",-35,-0.4,-1598,-1.6,-1953,-1.9,-1755,-1.7,-88485710,-2.3,2223892,0.2,119900,0.7,-17,-0.6
"US000","5","42471","17","0","2026","1","",2614,33052,32930,32770,987436082,401828050,5174521,2307,"",1.00,1.00,1.00,1.00,1.00,1.00,1.00,1.00,"",-36,-1.4,-566,-1.7,-709,-2.1,-771,-2.3,-4097044,-0.4,1699315,0.4,13144,0.3,37,1.6
"US000","5","424710","18","0","2026","1","",2614,33052,32930,32770,987436082,401828050,5174521,2307,"",1.00,1.00,1.00,1.00,1.00,1.00,1.00,1.00,"",-36,-1.4,-566,-1.7,-709,-2.1,-771,-2.3,-4097044,-0.4,1699315,0.4,13144,0.3,37,1.6
"US000","5","42472","17","0","2026","1","",5727,66164,65943,66188,2716098028,790372077,11493616,3161,"",1.00,1.00,1.00,1.00,1.00,1.00,1.00,1.00,"",1,0.0,-1032,-1.5,-1244,-1.9,-984,-1.5,-84388666,-3.0,524577,0.1,106756,0.9,-45,-1.4
"US000","5","424720","18","0","2026","1","",5727,66164,65943,66188,2716098028,790372077,11493616,3161,"",1.00,1.00,1.00,1.00,1.00,1.00,1.00,1.00,"",1,0.0,-1032,-1.5,-1244,-1.9,-984,-1.5,-84388666,-3.0,524577,0.1,106756,0.9,-45,-1.4
"US000","5","4248","16","0","2026","1","",9514,204007,203108,202233,4561509312,2345430225,32886093,1728,"",1.00,1.00,1.00,1.00,1.00,1.00,1.00,1.00,"",-3,0.0,-6357,-3.0,-6710,-3.2,-6976,-3.3,-169475928,-3.6,-9377661,-0.4,1059318,3.3,-7,-0.4
"US000","5","42481","17","0","2026","1","",2919,110720,110229,110227,2068152825,1196223959,15127438,1441,"",1.00,1.00,1.00,1.00,1.00,1.00,1.00,1.00,"",-24,-0.8,-1181,-1.1,-1286,-1.2,-1298,-1.2,17742905,0.9,15401573,1.3,563846,3.9,28,2.0
"US000","5","424810","18","0","2026","1","",2919,110720,110229,110227,2068152825,1196223959,15127438,1441,"",1.00,1.00,1.00,1.00,1.00,1.00,1.00,1.00,"",-24,-0.8,-1181,-1.1,-1286,-1.2,-1298,-1.2,17742905,0.9,15401573,1.3,563846,3.9,28,2.0
"US000","5","42482","17","0","2026","1","",6595,93287,92879,92006,2493356487,1149206266,17758655,2068,"",1.00,1.00,1.00,1.00,1.00,1.00,1.00,1.00,"",21,0.3,-5176,-5.3,-5424,-5.5,-5678,-5.8,-187218833,-7.0,-24779234,-2.1,495472,2.9,-33,-1.6
"US000","5","424820","18","0","2026","1","",6595,93287,92879,92006,2493356487,1149206266,17758655,2068,"",1.00,1.00,1.00,1.00,1.00,1.00,1.00,1.00,"",21,0.3,-5176,-5.3,-5424,-5.5,-5678,-5.8,-187218833,-7.0,-24779234,-2.1,495472,2.9,-33,-1.6
"US000","5","4249","16","0","2026","1","",39060,308548,310018,312640,6228958413,3296294052,51527279,1544,"",1.00,1.00,1.00,1.00,1.00,1.00,1.00,1.00,"",342,0.9,-6254,-2.0,-6986,-2.2,-7835,-2.4,96933435,1.6,-31707459,-1.0,-284149,-0.5,58,3.9
"US000","5","42491","17","0","2026","1","",13096,112649,112925,114707,2545731710,1361816220,17588956,1726,"",1.00,1.00,1.00,1.00,1.00,1.00,1.00,1.00,"",108,0.8,-2375,-2.1,-2566,-2.2,-3021,-2.6,64610123,2.6,-28739359,-2.1,-483357,-2.7,82,5.0
"US000","5","424910","18","0","2026","1","",13096,112649,112925,114707,2545731710,1361816220,17588956,1726,"",1.00,1.00,1.00,1.00,1.00,1.00,1.00,1.00,"",108,0.8,-2375,-2.1,-2566,-2.2,-3021,-2.6,64610123,2.6,-28739359,-2.1,-483357,-2.7,82,5.0
"US000","5","42492","17","0","2026","1","",1735,21681,21875,21665,399522934,225544752,4180639,1414,"",1.00,1.00,1.00,1.00,1.00,1.00,1.00,1.00,"",-95,-5.2,-3149,-12.7,-3201,-12.8,-3374,-13.5,-42374611,-9.6,-24226099,-9.7,-211295,-4.8,53,3.9
"US000","5","424920","18","0","2026","1","",1735,21681,21875,21665,399522934,225544752,4180639,1414,"",1.00,1.00,1.00,1.00,1.00,1.00,1.00,1.00,"",-95,-5.2,-3149,-12.7,-3201,-12.8,-3374,-13.5,-42374611,-9.6,-24226099,-9.7,-211295,-4.8,53,3.9
"US000","5","42493","17","0","2026","1","",3909,46320,47718,48795,621416262,391538550,6816801,1004,"",1.00,1.00,1.00,1.00,1.00,1.00,1.00,1.00,"",108,2.8,693,1.5,634,1.3,483,1.0,28867457,4.9,7299881,1.9,104217,1.6,34,3.5
"US000","5","424930","18","0","2026","1","",3909,46320,47718,48795,621416262,391538550,6816801,1004,"",1.00,1.00,1.00,1.00,1.00,1.00,1.00,1.00,"",108,2.8,693,1.5,634,1.3,483,1.0,28867457,4.9,7299881,1.9,104217,1.6,34,3.5
"US000","5","42494","17","0","2026","1","",2468,24833,24798,24725,522536238,255040616,3548470,1622,"",1.00,1.00,1.00,1.00,1.00,1.00,1.00,1.00,"",44,1.8,614,2.5,492,2.0,424,1.7,41694052,8.7,11478826,4.7,34136,1.0,98,6.4
"US000","5","424940","18","0","2026","1","",2468,24833,24798,24725,522536238,255040616,3548470,1622,"",1.00,1.00,1.00,1.00,1.00,1.00,1.00,1.00,"",44,1.8,614,2.5,492,2.0,424,1.7,41694052,8.7,11478826,4.7,34136,1.0,98,6.4
"US000","5","42495","17","0","2026","1","",2839,22929,22943,22869,548662363,263230060,3720197,1842,"",1.00,1.00,1.00,1.00,1.00,1.00,1.00,1.00,"",-12,-0.4,-576,-2.5,-611,-2.6,-791,-3.3,13239571,2.5,-4337464,-1.6,-75794,-2.0,95,5.4
"US000","5","424950","18","0","2026","1","",2839,22929,22943,22869,548662363,263230060,3720197,1842,"",1.00,1.00,1.00,1.00,1.00,1.00,1.00,1.00,"",-12,-0.4,-576,-2.5,-611,-2.6,-791,-3.3,13239571,2.5,-4337464,-1.6,-75794,-2.0,95,5.4
"US000","5","42499","17","0","2026","1","",15013,80136,79759,79879,1591088906,799123854,15672216,1531,"",1.00,1.00,1.00,1.00,1.00,1.00,1.00,1.00,"",189,1.3,-1461,-1.8,-1734,-2.1,-1556,-1.9,-9103157,-0.6,6816756,0.9,347944,2.3,21,1.4
"US000","5","424990","18","0","2026","1","",15013,80136,79759,79879,1591088906,799123854,15672216,1531,"",1.00,1.00,1.00,1.00,1.00,1.00,1.00,1.00,"",189,1.3,-1461,-1.8,-1734,-2.1,-1556,-1.9,-9103157,-0.6,6816756,0.9,347944,2.3,21,1.4
"US000","5","425","15","0","2026","1","",102982,414124,413360,411361,15357020302,5191041965,87906740,2861,"",1.00,1.00,1.00,1.00,1.00,1.00,1.00,1.00,"",-5528,-5.1,-30256,-6.8,-31201,-7.0,-32023,-7.2,-736342300,-4.6,-222575031,-4.1,-3938452,-4.3,74,2.7
"US000","5","4251","16","0","2026","1","",102982,414124,413360,411361,15357020302,5191041965,87906740,2861,"",1.00,1.00,1.00,1.00,1.00,1.00,1.00,1.00,"",-5528,-5.1,-30256,-6.8,-31201,-7.0,-32023,-7.2,-736342300,-4.6,-222575031,-4.1,-3938452,-4.3,74,2.7
"US000","5","42512","17","0","2026","1","",102982,414124,413360,411361,15357020302,5191041965,87906740,2861,"",1.00,1.00,1.00,1.00,1.00,1.00,1.00,1.00,"",-5528,-5.1,-30256,-6.8,-31201,-7.0,-32023,-7.2,-736342300,-4.6,-222575031,-4.1,-3938452,-4.3,74,2.7
"US000","5","425120","18","0","2026","1","",102982,414124,413360,411361,15357020302,5191041965,87906740,2861,"",1.00,1.00,1.00,1.00,1.00,1.00,1.00,1.00,"",-5528,-5.1,-30256,-6.8,-31201,-7.0,-32023,-7.2,-736342300,-4.6,-222575031,-4.1,-3938452,-4.3,74,2.7
"US000","5","44-45","14","0","2026","1","",1058376,15192750,15056741,15083085,165380947165,109362914655,1394724899,842,"",1.00,1.00,1.00,1.00,1.00,1.00,1.00,1.00,"",-3066,-0.3,-169293,-1.1,-187765,-1.2,-192329,-1.3,-681758686,-0.4,-73945031,-0.1,-19441846,-1.4,7,0.8
"US000","5","441","15","0","2026","1","",124520,2017234,2018574,2015140,35109708910,20042281599,279883050,1339,"",1.00,1.00,1.00,1.00,1.00,1.00,1.00,1.00,"",591,0.5,-19736,-1.0,-26793,-1.3,-27720,-1.4,577122886,1.7,273623491,1.4,3064463,1.1,38,2.9
"US000","5","4411","16","0","2026","1","",46508,1283297,1282970,1275823,25985553135,13741373180,198436632,1561,"",1.00,1.00,1.00,1.00,1.00,1.00,1.00,1.00,"",45,0.1,-2636,-0.2,-9031,-0.7,-12122,-0.9,525169534,2.1,272670951,2.0,2804575,1.4,41,2.7
"US000","5","44111","17","0","2026","1","",21471,1117498,1116606,1110054,23165920696,12142130261,174111796,1599,"",1.00,1.00,1.00,1.00,1.00,1.00,1.00,1.00,"",271,1.3,-2380,-0.2,-7550,-0.7,-9912,-0.9,410320378,1.8,255610104,2.2,3049769,1.8,38,2.4
"US000","5","441110","18","0","2026","1","",21471,1117498,1116606,1110054,23165920696,12142130261,174111796,1599,"",1.00,1.00,1.00,1.00,1.00,1.00,1.00,1.00,"",271,1.3,-2380,-0.2,-7550,-0.7,-9912,-0.9,410320378,1.8,255610104,2.2,3049769,1.8,38,2.4
"US000","5","44112","17","0","2026","1","",25037,165799,166364,165769,2819632439,1599242919,24324836,1307,"",1.00,1.00,1.00,1.00,1.00,1.00,1.00,1.00,"",-226,-0.9,-256,-0.2,-1481,-0.9,-2210,-1.3,114849156,4.2,17060847,1.1,-245194,-1.0,63,5.1
"US000","5","441120","18","0","2026","1","",25037,165799,166364,165769,2819632439,1599242919,24324836,1307,"",1.00,1.00,1.00,1.00,1.00,1.00,1.00,1.00,"",-226,-0.9,-256,-0.2,-1481,-0.9,-2210,-1.3,114849156,4.2,17060847,1.1,-245194,-1.0,63,5.1
"US000","5","4412","16","0","2026","1","",15101,154772,155584,156907,2425414153,1542304888,26572138,1198,"",1.00,1.00,1.00,1.00,1.00,1.00,1.00,1.00,"",-54,-0.4,-4512,-2.8,-4838,-3.0,-4915,-3.0,16602993,0.7,-17477362,-1.1,-110560,-0.4,44,3.8
"US000","5","44121","17","0","2026","1","",3041,48326,48685,48709,797961063,506869127,10089221,1264,"",1.00,1.00,1.00,1.00,1.00,1.00,1.00,1.00,"",-39,-1.3,-2346,-4.6,-2484,-4.9,-2557,-5.0,-27880120,-3.4,-20641799,-3.9,-244687,-2.4,19,1.5
"US000","5","441210","18","0","2026","1","",3041,48326,48685,48709,797961063,506869127,10089221,1264,"",1.00,1.00,1.00,1.00,1.00,1.00,1.00,1.00,"",-39,-1.3,-2346,-4.6,-2484,-4.9,-2557,-5.0,-27880120,-3.4,-20641799,-3.9,-244687,-2.4,19,1.5
"US000","5","44122","17","0","2026","1","",12060,106446,106899,108198,1627453090,1035435761,16482917,1168,"",1.00,1.00,1.00,1.00,1.00,1.00,1.00,1.00,"",-15,-0.1,-2166,-2.0,-2354,-2.2,-2358,-2.1,44483113,2.8,3164437,0.3,134127,0.8,56,5.0
"US000","5","441222","18","0","2026","1","",4439,34270,34483,35089,542381893,333204792,5673683,1205,"",1.00,1.00,1.00,1.00,1.00,1.00,1.00,1.00,"",-44,-1.0,-922,-2.6,-1057,-3.0,-1006,-2.8,5659588,1.1,-327532,-0.1,-26823,-0.5,46,4.0
"US000","5","441227","18","0","2026","1","",7621,72176,72416,73109,1085071197,702230969,10809234,1150,"",1.00,1.00,1.00,1.00,1.00,1.00,1.00,1.00,"",29,0.4,-1244,-1.7,-1297,-1.8,-1352,-1.8,38823525,3.7,3491969,0.5,160950,1.5,60,5.5
"US000","5","4413","16","0","2026","1","",62911,579165,580020,582410,6698741622,4758603531,54874280,888,"",1.00,1.00,1.00,1.00,1.00,1.00,1.00,1.00,"",600,1.0,-12588,-2.1,-12924,-2.2,-10683,-1.8,35350359,0.5,18429902,0.4,370448,0.7,23,2.7
"US000","5","44133","17","0","2026","1","",41559,385389,387214,390402,4003466469,2925393706,33241946,794,"",1.00,1.00,1.00,1.00,1.00,1.00,1.00,1.00,"",176,0.4,-11613,-2.9,-11506,-2.9,-9092,-2.3,-5152731,-0.1,248707,0.0,427510,1.3,20,2.6
"US000","5","441330","18","0","2026","1","",41559,385389,387214,390402,4003466469,2925393706,33241946,794,"",1.00,1.00,1.00,1.00,1.00,1.00,1.00,1.00,"",176,0.4,-11613,-2.9,-11506,-2.9,-9092,-2.3,-5152731,-0.1,248707,0.0,427510,1.3,20,2.6
"US000","5","44134","17","0","2026","1","",21352,193776,192806,192008,2695275153,1833209825,21632334,1075,"",1.00,1.00,1.00,1.00,1.00,1.00,1.00,1.00,"",424,2.0,-975,-0.5,-1418,-0.7,-1591,-0.8,40503090,1.5,18181195,1.0,-57062,-0.3,23,2.2
"US000","5","441340","18","0","2026","1","",21352,193776,192806,192008,2695275153,1833209825,21632334,1075,"",1.00,1.00,1.00,1.00,1.00,1.00,1.00,1.00,"",424,2.0,-975,-0.5,-1418,-0.7,-1591,-0.8,40503090,1.5,18181195,1.0,-57062,-0.3,23,2.2
"US000","5","444","15","0","2026","1","",71674,1296491,1297729,1349547,15421029508,10448681933,124368566,902,"",1.00,1.00,1.00,1.00,1.00,1.00,1.00,1.00,"",32,0.0,-26298,-2.0,-30535,-2.3,-32970,-2.4,65033328,0.4,35150092,0.3,-3449226,-2.7,23,2.6
"US000","5","4441","16","0","2026","1","",53983,1130470,1131203,1171483,13654122798,9216941643,104556438,918,"",1.00,1.00,1.00,1.00,1.00,1.00,1.00,1.00,"",-165,-0.3,-26387,-2.3,-29560,-2.5,-32655,-2.7,12254347,0.1,8123940,0.1,-3689729,-3.4,24,2.7
"US000","5","44411","17","0","2026","1","",9371,686279,689054,727518,6898502584,5110745428,50039606,757,"",1.00,1.00,1.00,1.00,1.00,1.00,1.00,1.00,"",-31,-0.3,-14195,-2.0,-16106,-2.3,-19586,-2.6,48880805,0.7,18132466,0.4,-2944506,-5.6,23,3.1
"US000","5","444110","18","0","2026","1","",9371,686279,689054,727518,6898502584,5110745428,50039606,757,"",1.00,1.00,1.00,1.00,1.00,1.00,1.00,1.00,"",-31,-0.3,-14195,-2.0,-16106,-2.3,-19586,-2.6,48880805,0.7,18132466,0.4,-2944506,-5.6,23,3.1
"US000","5","44412","17","0","2026","1","",6686,39801,39796,39925,670983039,398095138,4260324,1296,"",1.00,1.00,1.00,1.00,1.00,1.00,1.00,1.00,"",-21,-0.3,-885,-2.2,-857,-2.1,-831,-2.0,5568254,0.8,6044074,1.5,55640,1.3,38,3.0
"US000","5","444120","18","0","2026","1","",6686,39801,39796,39925,670983039,398095138,4260324,1296,"",1.00,1.00,1.00,1.00,1.00,1.00,1.00,1.00,"",-21,-0.3,-885,-2.2,-857,-2.1,-831,-2.0,5568254,0.8,6044074,1.5,55640,1.3,38,3.0
"US000","5","44414","17","0","2026","1","",15533,166995,165957,167184,1692521114,1220128078,13423708,781,"",1.00,1.00,1.00,1.00,1.00,1.00,1.00,1.00,"",14,0.1,-4182,-2.4,-4524,-2.7,-4457,-2.6,10539450,0.6,4925499,0.4,-482103,-3.5,25,3.3
"US000","5","444140","18","0","2026","1","",15533,166995,165957,167184,1692521114,1220128078,13423708,781,"",1.00,1.00,1.00,1.00,1.00,1.00,1.00,1.00,"",14,0.1,-4182,-2.4,-4524,-2.7,-4457,-2.6,10539450,0.6,4925499,0.4,-482103,-3.5,25,3.3
"US000","5","44418","17","0","2026","1","",22393,237395,236396,236856,4392116061,2487972999,36832800,1426,"",1.00,1.00,1.00,1.00,1.00,1.00,1.00,1.00,"",-127,-0.6,-7125,-2.9,-8073,-3.3,-7781,-3.2,-52734162,-1.2,-20978099,-0.8,-318760,-0.9,28,2.0
"US000","5","444180","18","0","2026","1","",22393,237395,236396,236856,4392116061,2487972999,36832800,1426,"",1.00,1.00,1.00,1.00,1.00,1.00,1.00,1.00,"",-127,-0.6,-7125,-2.9,-8073,-3.3,-7781,-3.2,-52734162,-1.2,-20978099,-0.8,-318760,-0.9,28,2.0
"US000","5","4442","16","0","2026","1","",17691,166021,166526,178064,1766906710,1231740290,19812128,799,"",1.00,1.00,1.00,1.00,1.00,1.00,1.00,1.00,"",197,1.1,89,0.1,-975,-0.6,-315,-0.2,52778981,3.1,27026152,2.2,240503,1.2,26,3.4
"US000","5","44423","17","0","2026","1","",3742,29522,29585,30188,420646001,292624146,4078558,1087,"",1.00,1.00,1.00,1.00,1.00,1.00,1.00,1.00,"",11,0.3,-306,-1.0,-371,-1.2,-354,-1.2,13646767,3.4,15104765,5.4,218913,5.7,47,4.5
"US000","5","444230","18","0","2026","1","",3742,29522,29585,30188,420646001,292624146,4078558,1087,"",1.00,1.00,1.00,1.00,1.00,1.00,1.00,1.00,"",11,0.3,-306,-1.0,-371,-1.2,-354,-1.2,13646767,3.4,15104765,5.4,218913,5.7,47,4.5
"US000","5","44424","17","0","2026","1","",13949,136499,136941,147876,1346260709,939116144,15733570,737,"",1.00,1.00,1.00,1.00,1.00,1.00,1.00,1.00,"",186,1.4,395,0.3,-604,-0.4,39,0.0,39132214,3.0,11921387,1.3,21590,0.1,21,2.9
"US000","5","444240","18","0","2026","1","",13949,136499,136941,147876,1346260709,939116144,15733570,737,"",1.00,1.00,1.00,1.00,1.00,1.00,1.00,1.00,"",186,1.4,395,0.3,-604,-0.4,39,0.0,39132214,3.0,11921387,1.3,21590,0.1,21,2.9
"US000","5","445","15","0","2026","1","",160912,3214747,3208981,3197829,27280063167,20815398252,220464584,654,"",1.00,1.00,1.00,1.00,1.00,1.00,1.00,1.00,"",743,0.5,-17336,-0.5,-15860,-0.5,-28535,-0.9,-184989596,-0.7,-60259911,-0.3,-7016920,-3.1,-1,-0.2
"US000","5","4451","16","0","2026","1","",97975,2823537,2819653,2808401,23888236975,18207495355,181687478,652,"",1.00,1.00,1.00,1.00,1.00,1.00,1.00,1.00,"",475,0.5,-12979,-0.5,-11745,-0.4,-22893,-0.8,-224912188,-0.9,-98062617,-0.5,-6818831,-3.6,-3,-0.5
"US000","5","44511","17","0","2026","1","",58807,2622873,2617943,2606755,22204563763,16877020024,160778448,653,"",1.00,1.00,1.00,1.00,1.00,1.00,1.00,1.00,"",217,0.4,-15413,-0.6,-13269,-0.5,-23294,-0.9,-252365372,-1.1,-120878897,-0.7,-7126174,-4.2,-3,-0.5
"US000","5","445110","18","0","2026","1","",58807,2622873,2617943,2606755,22204563763,16877020024,160778448,653,"",1.00,1.00,1.00,1.00,1.00,1.00,1.00,1.00,"",217,0.4,-15413,-0.6,-13269,-0.5,-23294,-0.9,-252365372,-1.1,-120878897,-0.7,-7126174,-4.2,-3,-0.5
"US000","5","44513","17","0","2026","1","",39168,200664,201710,201646,1683673212,1330475331,20909030,643,"",1.00,1.00,1.00,1.00,1.00,1.00,1.00,1.00,"",258,0.7,2434,1.2,1524,0.8,401,0.2,27453184,1.7,22816280,1.7,307343,1.5,6,0.9
"US000","5","445131","18","0","2026","1","",35658,163383,163761,163804,1227330657,1006924845,14478900,577,"",1.00,1.00,1.00,1.00,1.00,1.00,1.00,1.00,"",225,0.6,1627,1.0,453,0.3,-587,-0.4,11177354,0.9,14852023,1.5,106308,0.7,4,0.7
"US000","5","445132","18","0","2026","1","",3510,37281,37949,37842,456342555,323550486,6430130,931,"",1.00,1.00,1.00,1.00,1.00,1.00,1.00,1.00,"",33,0.9,807,2.2,1071,2.9,988,2.7,16275830,3.7,7964257,2.5,201035,3.2,10,1.1
"US000","5","4452","16","0","2026","1","",28448,224934,224245,224780,2072462071,1555126957,24424384,710,"",1.00,1.00,1.00,1.00,1.00,1.00,1.00,1.00,"",33,0.1,-1076,-0.5,-1038,-0.5,-1989,-0.9,45127116,2.2,43094289,2.9,295785,1.2,20,2.9
"US000","5","44523","17","0","2026","1","",3288,29009,28946,29979,290256379,212160242,3328492,762,"",1.00,1.00,1.00,1.00,1.00,1.00,1.00,1.00,"",-27,-0.8,-638,-2.2,-664,-2.2,-404,-1.3,-436882,-0.2,798168,0.4,32628,1.0,14,1.9
"US000","5","445230","18","0","2026","1","",3288,29009,28946,29979,290256379,212160242,3328492,762,"",1.00,1.00,1.00,1.00,1.00,1.00,1.00,1.00,"",-27,-0.8,-638,-2.2,-664,-2.2,-404,-1.3,-436882,-0.2,798168,0.4,32628,1.0,14,1.9
"US000","5","44524","17","0","2026","1","",6734,63508,62740,62900,574035474,449328924,5931522,700,"",1.00,1.00,1.00,1.00,1.00,1.00,1.00,1.00,"",-19,-0.3,-954,-1.5,-336,-0.5,-436,-0.7,13849848,2.5,4915163,1.1,-242468,-3.9,23,3.4
"US000","5","445240","18","0","2026","1","",6734,63508,62740,62900,574035474,449328924,5931522,700,"",1.00,1.00,1.00,1.00,1.00,1.00,1.00,1.00,"",-19,-0.3,-954,-1.5,-336,-0.5,-436,-0.7,13849848,2.5,4915163,1.1,-242468,-3.9,23,3.4
"US000","5","44525","17","0","2026","1","",2173,14183,14128,14467,142158898,110210062,1792501,767,"",1.00,1.00,1.00,1.00,1.00,1.00,1.00,1.00,"",-58,-2.6,627,4.6,605,4.5,767,5.6,15048813,11.8,13031386,13.4,257749,16.8,48,6.7
"US000","5","445250","18","0","2026","1","",2173,14183,14128,14467,142158898,110210062,1792501,767,"",1.00,1.00,1.00,1.00,1.00,1.00,1.00,1.00,"",-58,-2.6,627,4.6,605,4.5,767,5.6,15048813,11.8,13031386,13.4,257749,16.8,48,6.7
"US000","5","44529","17","0","2026","1","",16253,118234,118431,117434,1066011320,783427729,13371869,695,"",1.00,1.00,1.00,1.00,1.00,1.00,1.00,1.00,"",137,0.9,-111,-0.1,-643,-0.5,-1916,-1.6,16665337,1.6,24349572,3.2,247876,1.9,16,2.4
"US000","5","445291","18","0","2026","1","",2640,20887,20835,20777,175476157,136006893,1999189,648,"",1.00,1.00,1.00,1.00,1.00,1.00,1.00,1.00,"",33,1.3,-141,-0.7,-440,-2.1,-620,-2.9,1622549,0.9,1885686,1.4,-12973,-0.6,18,2.9
"US000","5","445292","18","0","2026","1","",3154,20141,20977,19623,150479082,112502109,2351988,572,"",1.00,1.00,1.00,1.00,1.00,1.00,1.00,1.00,"",78,2.5,-41,-0.2,-62,-0.3,-525,-2.6,527176,0.4,1473214,1.3,-34797,-1.5,8,1.4
"US000","5","445298","18","0","2026","1","",10459,77206,76619,77034,740056081,534918727,9020692,740,"",1.00,1.00,1.00,1.00,1.00,1.00,1.00,1.00,"",26,0.2,71,0.1,-141,-0.2,-771,-1.0,14515612,2.0,20990672,4.1,295646,3.4,17,2.4
"US000","5","4453","16","0","2026","1","",34489,166276,165083,164648,1319364121,1052775940,14352722,614,"",1.00,1.00,1.00,1.00,1.00,1.00,1.00,1.00,"",235,0.7,-3281,-1.9,-3077,-1.8,-3653,-2.2,-5204524,-0.4,-5291583,-0.5,-493874,-3.3,10,1.7
"US000","5","44532","17","0","2026","1","",34489,166276,165083,164648,1319364121,1052775940,14352722,614,"",1.00,1.00,1.00,1.00,1.00,1.00,1.00,1.00,"",235,0.7,-3281,-1.9,-3077,-1.8,-3653,-2.2,-5204524,-0.4,-5291583,-0.5,-493874,-3.3,10,1.7
"US000","5","445320","18","0","2026","1","",34489,166276,165083,164648,1319364121,1052775940,14352722,614,"",1.00,1.00,1.00,1.00,1.00,1.00,1.00,1.00,"",235,0.7,-3281,-1.9,-3077,-1.8,-3653,-2.2,-5204524,-0.4,-5291583,-0.5,-493874,-3.3,10,1.7
"US000","5","449","15","0","2026","1","",84273,756349,745378,740124,11809525233,6682160319,112742173,1216,"",1.00,1.00,1.00,1.00,1.00,1.00,1.00,1.00,"",-1634,-1.9,-31751,-4.0,-31373,-4.0,-31880,-4.1,-566708345,-4.6,-64027559,-0.9,-1135866,-1.0,-6,-0.5
"US000","5","4491","16","0","2026","1","",44804,389920,384239,381852,5352908310,3369445022,54630561,1069,"",1.00,1.00,1.00,1.00,1.00,1.00,1.00,1.00,"",-819,-1.8,-16880,-4.1,-16904,-4.2,-17732,-4.4,-295582113,-5.2,-13923546,-0.4,-794899,-1.4,-10,-0.9
"US000","5","44911","17","0","2026","1","",21704,186785,185918,185004,2818113896,1783399356,27571312,1166,"",1.00,1.00,1.00,1.00,1.00,1.00,1.00,1.00,"",-603,-2.7,-7356,-3.8,-7683,-4.0,-8076,-4.2,-127567009,-4.3,-10257793,-0.6,-384934,-1.4,-4,-0.3
"US000","5","449110","18","0","2026","1","",21704,186785,185918,185004,2818113896,1783399356,27571312,1166,"",1.00,1.00,1.00,1.00,1.00,1.00,1.00,1.00,"",-603,-2.7,-7356,-3.8,-7683,-4.0,-8076,-4.2,-127567009,-4.3,-10257793,-0.6,-384934,-1.4,-4,-0.3
"US000","5","44912","17","0","2026","1","",23100,203135,198321,196848,2534794414,1586045666,27059249,978,"",1.00,1.00,1.00,1.00,1.00,1.00,1.00,1.00,"",-216,-0.9,-9524,-4.5,-9221,-4.4,-9656,-4.7,-168015104,-6.2,-3665753,-0.2,-409965,-1.5,-17,-1.7
"US000","5","449121","18","0","2026","1","",8882,65534,65223,65245,1131731424,678473340,10711864,1332,"",1.00,1.00,1.00,1.00,1.00,1.00,1.00,1.00,"",-84,-0.9,-1979,-2.9,-2560,-3.8,-2532,-3.7,-53999012,-4.6,-10345150,-1.5,25434,0.2,-15,-1.1
"US000","5","449122","18","0","2026","1","",2956,12856,12811,12746,207338518,128362115,2322227,1246,"",1.00,1.00,1.00,1.00,1.00,1.00,1.00,1.00,"",43,1.5,-113,-0.9,-201,-1.5,-280,-2.1,6780157,3.4,3885703,3.1,157580,7.3,59,5.0
"US000","5","449129","18","0","2026","1","",11262,124745,120287,118857,1195724472,779210211,14025158,758,"",1.00,1.00,1.00,1.00,1.00,1.00,1.00,1.00,"",-175,-1.5,-7432,-5.6,-6460,-5.1,-6844,-5.4,-120796249,-9.2,2793694,0.4,-592979,-4.1,-32,-4.1
"US000","5","4492","16","0","2026","1","",39469,366429,361139,358272,6456616923,3312715297,58111612,1372,"",1.00,1.00,1.00,1.00,1.00,1.00,1.00,1.00,"",-815,-2.0,-14871,-3.9,-14469,-3.9,-14148,-3.8,-271126232,-4.0,-50104013,-1.5,-340967,-0.6,-3,-0.2
"US000","5","44921","17","0","2026","1","",39469,366429,361139,358272,6456616923,3312715297,58111612,1372,"",1.00,1.00,1.00,1.00,1.00,1.00,1.00,1.00,"",-815,-2.0,-14871,-3.9,-14469,-3.9,-14148,-3.8,-271126232,-4.0,-50104013,-1.5,-340967,-0.6,-3,-0.2
"US000","5","449210","18","0","2026","1","",39469,366429,361139,358272,6456616923,3312715297,58111612,1372,"",1.00,1.00,1.00,1.00,1.00,1.00,1.00,1.00,"",-815,-2.0,-14871,-3.9,-14469,-3.9,-14148,-3.8,-271126232,-4.0,-50104013,-1.5,-340967,-0.6,-3,-0.2
"US000","5","455","15","0","2026","1","",83189,3222706,3176081,3179182,28285208222,20271345475,206635121,681,"",1.00,1.00,1.00,1.00,1.00,1.00,1.00,1.00,"",205,0.2,-28988,-0.9,-32426,-1.0,-13096,-0.4,-1217553092,-4.1,-586634483,-2.8,-13126012,-6.0,-24,-3.4
"US000","5","4551","16","0","2026","1","",12222,922346,889806,893629,7231660834,5391679251,64822293,617,"",1.00,1.00,1.00,1.00,1.00,1.00,1.00,1.00,"",60,0.5,-32668,-3.4,-29964,-3.3,-19956,-2.2,-131907468,-1.8,8771399,0.2,-2675668,-4.0,8,1.3
"US000","5","45511","17","0","2026","1","",12222,922346,889806,893629,7231660834,5391679251,64822293,617,"",1.00,1.00,1.00,1.00,1.00,1.00,1.00,1.00,"",60,0.5,-32668,-3.4,-29964,-3.3,-19956,-2.2,-131907468,-1.8,8771399,0.2,-2675668,-4.0,8,1.3
"US000","5","455110","18","0","2026","1","",12222,922346,889806,893629,7231660834,5391679251,64822293,617,"",1.00,1.00,1.00,1.00,1.00,1.00,1.00,1.00,"",60,0.5,-32668,-3.4,-29964,-3.3,-19956,-2.2,-131907468,-1.8,8771399,0.2,-2675668,-4.0,8,1.3
"US000","5","4552","16","0","2026","1","",70967,2300360,2286275,2285553,21053547388,14879666224,141812828,707,"",1.00,1.00,1.00,1.00,1.00,1.00,1.00,1.00,"",145,0.2,3680,0.2,-2462,-0.1,6860,0.3,-1085645624,-4.9,-595405882,-3.8,-10450344,-6.9,-37,-5.0
"US000","5","45521","17","0","2026","1","",70967,2300360,2286275,2285553,21053547388,14879666224,141812828,707,"",1.00,1.00,1.00,1.00,1.00,1.00,1.00,1.00,"",145,0.2,3680,0.2,-2462,-0.1,6860,0.3,-1085645624,-4.9,-595405882,-3.8,-10450344,-6.9,-37,-5.0
"US000","5","455211","18","0","2026","1","",6470,1724798,1716190,1719160,16259026967,11713364951,98881144,727,"",1.00,1.00,1.00,1.00,1.00,1.00,1.00,1.00,"",12,0.2,2772,0.2,-743,0.0,1883,0.1,-1452378075,-8.2,-608498863,-4.9,-11152879,-10.1,-66,-8.3
"US000","5","455219","18","0","2026","1","",64497,575562,570085,566393,4794520421,3166301273,42931684,646,"",1.00,1.00,1.00,1.00,1.00,1.00,1.00,1.00,"",133,0.2,908,0.2,-1719,-0.3,4977,0.9,366732451,8.3,13092981,0.4,702535,1.7,48,8.0
"US000","5","456","15","0","2026","1","",111007,1043712,1035763,1029623,13681873227,8034707920,109062240,1016,"",1.00,1.00,1.00,1.00,1.00,1.00,1.00,1.00,"",-2595,-2.3,-23656,-2.2,-21460,-2.0,-27558,-2.6,169210036,1.3,-65840737,-0.8,-180640,-0.2,36,3.7
"US000","5","4561","16","0","2026","1","",111007,1043712,1035763,1029623,13681873227,8034707920,109062240,1016,"",1.00,1.00,1.00,1.00,1.00,1.00,1.00,1.00,"",-2595,-2.3,-23656,-2.2,-21460,-2.0,-27558,-2.6,169210036,1.3,-65840737,-0.8,-180640,-0.2,36,3.7
"US000","5","45611","17","0","2026","1","",58594,652345,654428,649895,8978700103,5237771762,64444186,1059,"",1.00,1.00,1.00,1.00,1.00,1.00,1.00,1.00,"",-2699,-4.4,-28351,-4.2,-25848,-3.8,-29261,-4.3,-8096042,-0.1,-189736573,-3.5,-2590598,-3.9,42,4.1
"US000","5","456110","18","0","2026","1","",58594,652345,654428,649895,8978700103,5237771762,64444186,1059,"",1.00,1.00,1.00,1.00,1.00,1.00,1.00,1.00,"",-2699,-4.4,-28351,-4.2,-25848,-3.8,-29261,-4.3,-8096042,-0.1,-189736573,-3.5,-2590598,-3.9,42,4.1
"US000","5","45612","17","0","2026","1","",20473,202117,192887,191683,1801390572,1136881605,17999613,709,"",1.00,1.00,1.00,1.00,1.00,1.00,1.00,1.00,"",338,1.7,5107,2.6,5664,3.0,3186,1.7,81317513,4.7,74180617,7.0,1419569,8.6,16,2.3
"US000","5","456120","18","0","2026","1","",20473,202117,192887,191683,1801390572,1136881605,17999613,709,"",1.00,1.00,1.00,1.00,1.00,1.00,1.00,1.00,"",338,1.7,5107,2.6,5664,3.0,3186,1.7,81317513,4.7,74180617,7.0,1419569,8.6,16,2.3
"US000","5","45613","17","0","2026","1","",10126,73410,72733,72832,960825953,616293816,8730958,1013,"",1.00,1.00,1.00,1.00,1.00,1.00,1.00,1.00,"",-172,-1.7,710,1.0,253,0.3,432,0.6,15733219,1.7,20584508,3.5,-68645,-0.8,11,1.1
"US000","5","456130","18","0","2026","1","",10126,73410,72733,72832,960825953,616293816,8730958,1013,"",1.00,1.00,1.00,1.00,1.00,1.00,1.00,1.00,"",-172,-1.7,710,1.0,253,0.3,432,0.6,15733219,1.7,20584508,3.5,-68645,-0.8,11,1.1
"US000","5","45619","17","0","2026","1","",21814,115840,115715,115213,1940956599,1043760737,17887483,1292,"",1.00,1.00,1.00,1.00,1.00,1.00,1.00,1.00,"",-62,-0.3,-1122,-1.0,-1529,-1.3,-1915,-1.6,80255346,4.3,29130711,2.9,1059034,6.3,70,5.7
"US000","5","456191","18","0","2026","1","",10123,45927,45914,45663,676178824,347295934,6131507,1135,"",1.00,1.00,1.00,1.00,1.00,1.00,1.00,1.00,"",-62,-0.6,-714,-1.5,-946,-2.0,-964,-2.1,20570592,3.1,8383910,2.5,621330,11.3,55,5.1
"US000","5","456199","18","0","2026","1","",11691,69913,69801,69550,1264777775,696464803,11755976,1395,"",1.00,1.00,1.00,1.00,1.00,1.00,1.00,1.00,"",0,0.0,-408,-0.6,-583,-0.8,-951,-1.3,59684754,5.0,20746801,3.1,437704,3.9,78,5.9
"US000","5","457","15","0","2026","1","",119305,1040505,1035576,1033798,9271270477,7033382167,89067028,688,"",1.00,1.00,1.00,1.00,1.00,1.00,1.00,1.00,"",947,0.8,4357,0.4,558,0.1,-1300,-0.1,190682277,2.1,124041113,1.8,405776,0.5,13,1.9
"US000","5","4571","16","0","2026","1","",111870,968522,963880,962757,7814925350,6129081676,68629832,623,"",1.00,1.00,1.00,1.00,1.00,1.00,1.00,1.00,"",952,0.9,3812,0.4,110,0.0,-1583,-0.2,129788719,1.7,70318329,1.2,-1366437,-2.0,10,1.6
"US000","5","45711","17","0","2026","1","",102979,880180,875663,874880,6941505175,5491457097,60445519,609,"",1.00,1.00,1.00,1.00,1.00,1.00,1.00,1.00,"",1135,1.1,6444,0.7,2518,0.3,1226,0.1,163307484,2.4,75416606,1.4,-1487070,-2.4,12,2.0
"US000","5","457110","18","0","2026","1","",102979,880180,875663,874880,6941505175,5491457097,60445519,609,"",1.00,1.00,1.00,1.00,1.00,1.00,1.00,1.00,"",1135,1.1,6444,0.7,2518,0.3,1226,0.1,163307484,2.4,75416606,1.4,-1487070,-2.4,12,2.0
"US000","5","45712","17","0","2026","1","",8891,88342,88217,87877,873420175,637624579,8184313,762,"",1.00,1.00,1.00,1.00,1.00,1.00,1.00,1.00,"",-183,-2.0,-2632,-2.9,-2408,-2.7,-2809,-3.1,-33518765,-3.7,-5098277,-0.8,120633,1.5,-7,-0.9
"US000","5","457120","18","0","2026","1","",8891,88342,88217,87877,873420175,637624579,8184313,762,"",1.00,1.00,1.00,1.00,1.00,1.00,1.00,1.00,"",-183,-2.0,-2632,-2.9,-2408,-2.7,-2809,-3.1,-33518765,-3.7,-5098277,-0.8,120633,1.5,-7,-0.9
"US000","5","4572","16","0","2026","1","",7435,71983,71696,71041,1456345127,904300491,20437196,1565,"",1.00,1.00,1.00,1.00,1.00,1.00,1.00,1.00,"",-5,-0.1,545,0.8,448,0.6,283,0.4,60893558,4.4,53722784,6.3,1772213,9.5,56,3.7
"US000","5","45721","17","0","2026","1","",7435,71983,71696,71041,1456345127,904300491,20437196,1565,"",1.00,1.00,1.00,1.00,1.00,1.00,1.00,1.00,"",-5,-0.1,545,0.8,448,0.6,283,0.4,60893558,4.4,53722784,6.3,1772213,9.5,56,3.7
"US000","5","457210","18","0","2026","1","",7435,71983,71696,71041,1456345127,904300491,20437196,1565,"",1.00,1.00,1.00,1.00,1.00,1.00,1.00,1.00,"",-5,-0.1,545,0.8,448,0.6,283,0.4,60893558,4.4,53722784,6.3,1772213,9.5,56,3.7
"US000","5","458","15","0","2026","1","",117524,1146617,1102905,1105360,10361608422,6640784967,106493148,713,"",1.00,1.00,1.00,1.00,1.00,1.00,1.00,1.00,"",-467,-0.4,-1087,-0.1,-1498,-0.1,393,0.0,183323568,1.8,205959125,3.2,2301281,2.2,13,1.9
"US000","5","4581","16","0","2026","1","",80778,844981,809499,813732,7095528751,4598011588,74638603,663,"",1.00,1.00,1.00,1.00,1.00,1.00,1.00,1.00,"",-625,-0.8,-4374,-0.5,-1643,-0.2,148,0.0,55187868,0.8,116483544,2.6,875589,1.2,6,0.9
"US000","5","45811","17","0","2026","1","",80778,844981,809499,813732,7095528751,4598011588,74638603,663,"",1.00,1.00,1.00,1.00,1.00,1.00,1.00,1.00,"",-625,-0.8,-4374,-0.5,-1643,-0.2,148,0.0,55187868,0.8,116483544,2.6,875589,1.2,6,0.9
"US000","5","458110","18","0","2026","1","",80778,844981,809499,813732,7095528751,4598011588,74638603,663,"",1.00,1.00,1.00,1.00,1.00,1.00,1.00,1.00,"",-625,-0.8,-4374,-0.5,-1643,-0.2,148,0.0,55187868,0.8,116483544,2.6,875589,1.2,6,0.9
"US000","5","4582","16","0","2026","1","",15024,168558,162481,162304,1323786221,917477428,13495873,619,"",1.00,1.00,1.00,1.00,1.00,1.00,1.00,1.00,"",-103,-0.7,-2008,-1.2,-3233,-2.0,-3707,-2.2,31051045,2.4,22053482,2.5,416620,3.2,25,4.2
"US000","5","45821","17","0","2026","1","",15024,168558,162481,162304,1323786221,917477428,13495873,619,"",1.00,1.00,1.00,1.00,1.00,1.00,1.00,1.00,"",-103,-0.7,-2008,-1.2,-3233,-2.0,-3707,-2.2,31051045,2.4,22053482,2.5,416620,3.2,25,4.2
"US000","5","458210","18","0","2026","1","",15024,168558,162481,162304,1323786221,917477428,13495873,619,"",1.00,1.00,1.00,1.00,1.00,1.00,1.00,1.00,"",-103,-0.7,-2008,-1.2,-3233,-2.0,-3707,-2.2,31051045,2.4,22053482,2.5,416620,3.2,25,4.2
"US000","5","4583","16","0","2026","1","",21722,133078,130925,129324,1942293450,1125295951,18358672,1140,"",1.00,1.00,1.00,1.00,1.00,1.00,1.00,1.00,"",261,1.2,5295,4.1,3378,2.6,3952,3.2,97084655,5.3,67422099,6.4,1009072,5.8,21,1.9
"US000","5","45831","17","0","2026","1","",20494,120967,119378,117780,1743281568,1012735542,15869731,1123,"",1.00,1.00,1.00,1.00,1.00,1.00,1.00,1.00,"",228,1.1,4988,4.3,3106,2.7,3370,2.9,89612662,5.4,56863521,5.9,832933,5.5,22,2.0
"US000","5","458310","18","0","2026","1","",20494,120967,119378,117780,1743281568,1012735542,15869731,1123,"",1.00,1.00,1.00,1.00,1.00,1.00,1.00,1.00,"",228,1.1,4988,4.3,3106,2.7,3370,2.9,89612662,5.4,56863521,5.9,832933,5.5,22,2.0
"US000","5","45832","17","0","2026","1","",1228,12111,11547,11544,199011882,112560409,2488941,1305,"",1.00,1.00,1.00,1.00,1.00,1.00,1.00,1.00,"",33,2.8,307,2.6,272,2.4,582,5.3,7471993,3.9,10558578,10.4,176139,7.6,7,0.5
"US000","5","458320","18","0","2026","1","",1228,12111,11547,11544,199011882,112560409,2488941,1305,"",1.00,1.00,1.00,1.00,1.00,1.00,1.00,1.00,"",33,2.8,307,2.6,272,2.4,582,5.3,7471993,3.9,10558578,10.4,176139,7.6,7,0.5
"US000","5","459","15","0","2026","1","",185972,1454389,1435754,1432482,14160659999,9394172023,146008989,756,"",1.00,1.00,1.00,1.00,1.00,1.00,1.00,1.00,"",-888,-0.5,-24798,-1.7,-28378,-1.9,-29663,-2.0,102120252,0.7,64043838,0.7,-304702,-0.2,20,2.7
"US000","5","4591","16","0","2026","1","",44246,473004,458432,459979,3967562204,2930974525,36182086,658,"",1.00,1.00,1.00,1.00,1.00,1.00,1.00,1.00,"",-774,-1.7,-9746,-2.0,-9447,-2.0,-11486,-2.4,106206820,2.8,41730623,1.4,-342619,-0.9,31,4.9
"US000","5","45911","17","0","2026","1","",24472,289807,282061,284055,2554872303,1863803815,23636587,689,"",1.00,1.00,1.00,1.00,1.00,1.00,1.00,1.00,"",-54,-0.2,-5234,-1.8,-3529,-1.2,-3216,-1.1,39485945,1.6,20723006,1.1,-209421,-0.9,20,3.0
"US000","5","459110","18","0","2026","1","",24472,289807,282061,284055,2554872303,1863803815,23636587,689,"",1.00,1.00,1.00,1.00,1.00,1.00,1.00,1.00,"",-54,-0.2,-5234,-1.8,-3529,-1.2,-3216,-1.1,39485945,1.6,20723006,1.1,-209421,-0.9,20,3.0
"US000","5","45912","17","0","2026","1","",12788,134125,127311,127223,975129670,757016295,8792994,579,"",1.00,1.00,1.00,1.00,1.00,1.00,1.00,1.00,"",-15,-0.1,9731,7.8,7791,6.5,8482,7.1,117249722,13.7,70885692,10.3,294247,3.5,33,6.0
"US000","5","459120","18","0","2026","1","",12788,134125,127311,127223,975129670,757016295,8792994,579,"",1.00,1.00,1.00,1.00,1.00,1.00,1.00,1.00,"",-15,-0.1,9731,7.8,7791,6.5,8482,7.1,117249722,13.7,70885692,10.3,294247,3.5,33,6.0
"US000","5","45913","17","0","2026","1","",3371,16554,16695,16623,114644916,90466458,1125990,530,"",1.00,1.00,1.00,1.00,1.00,1.00,1.00,1.00,"",-687,-16.9,-13835,-45.5,-13329,-44.4,-16187,-49.3,-63132840,-35.5,-53902335,-37.3,-493474,-30.5,90,20.5
"US000","5","459130","18","0","2026","1","",3371,16554,16695,16623,114644916,90466458,1125990,530,"",1.00,1.00,1.00,1.00,1.00,1.00,1.00,1.00,"",-687,-16.9,-13835,-45.5,-13329,-44.4,-16187,-49.3,-63132840,-35.5,-53902335,-37.3,-493474,-30.5,90,20.5
"US000","5","45914","17","0","2026","1","",3615,32518,32365,32078,322915315,219687957,2626515,769,"",1.00,1.00,1.00,1.00,1.00,1.00,1.00,1.00,"",-18,-0.5,-408,-1.2,-380,-1.2,-565,-1.7,12603993,4.1,4024260,1.9,66029,2.6,41,5.6
"US000","5","459140","18","0","2026","1","",3615,32518,32365,32078,322915315,219687957,2626515,769,"",1.00,1.00,1.00,1.00,1.00,1.00,1.00,1.00,"",-18,-0.5,-408,-1.2,-380,-1.2,-565,-1.7,12603993,4.1,4024260,1.9,66029,2.6,41,5.6
"US000","5","4592","16","0","2026","1","",7838,71311,67158,65234,543169339,414044940,5944504,615,"",1.00,1.00,1.00,1.00,1.00,1.00,1.00,1.00,"",131,1.7,3336,4.9,1130,1.7,351,0.5,31883178,6.2,20536876,5.2,-3233,-0.1,22,3.7
"US000","5","45921","17","0","2026","1","",7838,71311,67158,65234,543169339,414044940,5944504,615,"",1.00,1.00,1.00,1.00,1.00,1.00,1.00,1.00,"",131,1.7,3336,4.9,1130,1.7,351,0.5,31883178,6.2,20536876,5.2,-3233,-0.1,22,3.7
"US000","5","459210","18","0","2026","1","",7838,71311,67158,65234,543169339,414044940,5944504,615,"",1.00,1.00,1.00,1.00,1.00,1.00,1.00,1.00,"",131,1.7,3336,4.9,1130,1.7,351,0.5,31883178,6.2,20536876,5.2,-3233,-0.1,22,3.7
"US000","5","4593","16","0","2026","1","",11702,52213,57015,52652,395472452,324585767,4968105,564,"",1.00,1.00,1.00,1.00,1.00,1.00,1.00,1.00,"",-221,-1.9,-2522,-4.6,-2747,-4.6,-2736,-4.9,-10947743,-2.7,-7567169,-2.3,-178529,-3.5,12,2.2
"US000","5","45931","17","0","2026","1","",11702,52213,57015,52652,395472452,324585767,4968105,564,"",1.00,1.00,1.00,1.00,1.00,1.00,1.00,1.00,"",-221,-1.9,-2522,-4.6,-2747,-4.6,-2736,-4.9,-10947743,-2.7,-7567169,-2.3,-178529,-3.5,12,2.2
"US000","5","459310","18","0","2026","1","",11702,52213,57015,52652,395472452,324585767,4968105,564,"",1.00,1.00,1.00,1.00,1.00,1.00,1.00,1.00,"",-221,-1.9,-2522,-4.6,-2747,-4.6,-2736,-4.9,-10947743,-2.7,-7567169,-2.3,-178529,-3.5,12,2.2
"US000","5","4594","16","0","2026","1","",23587,166839,163568,162871,1589374663,1074050854,14673432,744,"",1.00,1.00,1.00,1.00,1.00,1.00,1.00,1.00,"",-1170,-4.7,-17473,-9.5,-17396,-9.6,-15600,-8.7,-76075948,-4.6,-70552913,-6.2,-1611529,-9.9,37,5.2
"US000","5","45941","17","0","2026","1","",5640,57983,57815,57506,766239140,478270074,6210831,1020,"",1.00,1.00,1.00,1.00,1.00,1.00,1.00,1.00,"",-252,-4.3,-3249,-5.3,-3164,-5.2,-3211,-5.3,-14736838,-1.9,-5303252,-1.1,-554125,-8.2,35,3.6
"US000","5","459410","18","0","2026","1","",5640,57983,57815,57506,766239140,478270074,6210831,1020,"",1.00,1.00,1.00,1.00,1.00,1.00,1.00,1.00,"",-252,-4.3,-3249,-5.3,-3164,-5.2,-3211,-5.3,-14736838,-1.9,-5303252,-1.1,-554125,-8.2,35,3.6
"US000","5","45942","17","0","2026","1","",17947,108856,105753,105365,823135523,595780780,8462601,594,"",1.00,1.00,1.00,1.00,1.00,1.00,1.00,1.00,"",-918,-4.9,-14224,-11.6,-14232,-11.9,-12389,-10.5,-61339110,-6.9,-65249661,-9.9,-1057404,-11.1,28,4.9
"US000","5","459420","18","0","2026","1","",17947,108856,105753,105365,823135523,595780780,8462601,594,"",1.00,1.00,1.00,1.00,1.00,1.00,1.00,1.00,"",-918,-4.9,-14224,-11.6,-14232,-11.9,-12389,-10.5,-61339110,-6.9,-65249661,-9.9,-1057404,-11.1,28,4.9
"US000","5","4595","16","0","2026","1","",19223,219313,219582,221540,1781359746,874241335,13148460,622,"",1.00,1.00,1.00,1.00,1.00,1.00,1.00,1.00,"",244,1.3,9563,4.6,8866,4.2,9590,4.5,139999570,8.5,57525144,7.0,653492,5.2,23,3.8
"US000","5","45951","17","0","2026","1","",19223,219313,219582,221540,1781359746,874241335,13148460,622,"",1.00,1.00,1.00,1.00,1.00,1.00,1.00,1.00,"",244,1.3,9563,4.6,8866,4.2,9590,4.5,139999570,8.5,57525144,7.0,653492,5.2,23,3.8
"US000","5","459510","18","0","2026","1","",19223,219313,219582,221540,1781359746,874241335,13148460,622,"",1.00,1.00,1.00,1.00,1.00,1.00,1.00,1.00,"",244,1.3,9563,4.6,8866,4.2,9590,4.5,139999570,8.5,57525144,7.0,653492,5.2,23,3.8
"US000","5","4599","16","0","2026","1","",79376,471709,469999,470206,5883721595,3776274602,71092402,962,"",1.00,1.00,1.00,1.00,1.00,1.00,1.00,1.00,"",902,1.1,-7956,-1.7,-8784,-1.8,-9782,-2.0,-88945625,-1.5,22371277,0.6,1177716,1.7,4,0.4
"US000","5","45991","17","0","2026","1","",11054,133346,133073,133080,1400104845,949948101,11413720,809,"",1.00,1.00,1.00,1.00,1.00,1.00,1.00,1.00,"",-26,-0.2,-2163,-1.6,-1912,-1.4,-2318,-1.7,-63372661,-4.3,9766691,1.0,273332,2.5,-23,-2.8
"US000","5","459910","18","0","2026","1","",11054,133346,133073,133080,1400104845,949948101,11413720,809,"",1.00,1.00,1.00,1.00,1.00,1.00,1.00,1.00,"",-26,-0.2,-2163,-1.6,-1912,-1.4,-2318,-1.7,-63372661,-4.3,9766691,1.0,273332,2.5,-23,-2.8
"US000","5","45992","17","0","2026","1","",4915,15683,15636,15563,270800227,143273911,3008114,1333,"",1.00,1.00,1.00,1.00,1.00,1.00,1.00,1.00,"",-58,-1.2,-796,-4.8,-829,-5.0,-833,-5.1,-1195067,-0.4,4689601,3.4,99983,3.4,61,4.8
"US000","5","459920","18","0","2026","1","",4915,15683,15636,15563,270800227,143273911,3008114,1333,"",1.00,1.00,1.00,1.00,1.00,1.00,1.00,1.00,"",-58,-1.2,-796,-4.8,-829,-5.0,-833,-5.1,-1195067,-0.4,4689601,3.4,99983,3.4,61,4.8
"US000","5","45993","17","0","2026","1","",2055,14042,14022,14020,335137398,150982386,2018921,1838,"",1.00,1.00,1.00,1.00,1.00,1.00,1.00,1.00,"",2,0.1,414,3.0,323,2.4,329,2.4,12574651,3.9,6375981,4.4,82989,4.3,23,1.3
"US000","5","459930","18","0","2026","1","",2055,14042,14022,14020,335137398,150982386,2018921,1838,"",1.00,1.00,1.00,1.00,1.00,1.00,1.00,1.00,"",2,0.1,414,3.0,323,2.4,329,2.4,12574651,3.9,6375981,4.4,82989,4.3,23,1.3
"US000","5","45999","17","0","2026","1","",61352,308638,307268,307543,3877679125,2532070204,54651647,969,"",1.00,1.00,1.00,1.00,1.00,1.00,1.00,1.00,"",984,1.6,-5411,-1.7,-6366,-2.0,-6960,-2.2,-36952548,-0.9,1539004,0.1,721412,1.3,10,1.0
"US000","5","459991","18","0","2026","1","",29695,149617,149338,149252,1341058901,1082612919,24385727,690,"",1.00,1.00,1.00,1.00,1.00,1.00,1.00,1.00,"",1574,5.6,4024,2.8,2904,2.0,2767,1.9,78780076,6.2,39956594,3.8,1836500,8.1,26,3.9
"US000","5","459999","18","0","2026","1","",31657,159021,157930,158291,2536620224,1449457285,30265920,1232,"",1.00,1.00,1.00,1.00,1.00,1.00,1.00,1.00,"",-590,-1.8,-9435,-5.6,-9270,-5.5,-9727,-5.8,-115732624,-4.4,-38417590,-2.6,-1115088,-3.6,17,1.4
"US000","5","48-49","14","0","2026","1","",317547,6698540,6553488,6523138,117333453950,103636789521,1148759057,1369,"",1.00,1.00,1.00,1.00,1.00,1.00,1.00,1.00,"",2812,0.9,25473,0.4,-26274,-0.4,-2216,0.0,2878522179,2.5,40376547875,63.8,56287593,5.2,34,2.5
"US000","5","481","15","0","2026","1","",8008,574259,573996,572939,20207211244,7265723326,78379195,2709,"",1.00,1.00,1.00,1.00,1.00,1.00,1.00,1.00,"",241,3.1,7864,1.4,7593,1.3,6695,1.2,987447792,5.1,284261332,4.1,-5447701,-6.5,99,3.8
"US000","5","4811","16","0","2026","1","",2927,515346,515157,514131,17944793454,6554838897,66828302,2681,"",1.00,1.00,1.00,1.00,1.00,1.00,1.00,1.00,"",90,3.2,6626,1.3,6448,1.3,5726,1.1,811061051,4.7,255398789,4.1,-5354323,-7.4,90,3.5
"US000","5","48111","17","0","2026","1","",2927,515346,515157,514131,17944793454,6554838897,66828302,2681,"",1.00,1.00,1.00,1.00,1.00,1.00,1.00,1.00,"",90,3.2,6626,1.3,6448,1.3,5726,1.1,811061051,4.7,255398789,4.1,-5354323,-7.4,90,3.5
"US000","5","481111","18","0","2026","1","",2186,501617,501523,500545,17630978911,6400160815,64338862,2706,"",1.00,1.00,1.00,1.00,1.00,1.00,1.00,1.00,"",80,3.8,6621,1.3,6399,1.3,5731,1.2,796387958,4.7,246615954,4.0,-5887324,-8.4,90,3.4
"US000","5","481112","18","0","2026","1","",741,13729,13634,13586,313814543,154678082,2489440,1769,"",1.00,1.00,1.00,1.00,1.00,1.00,1.00,1.00,"",10,1.4,5,0.0,49,0.4,-5,0.0,14673093,4.9,8782835,6.0,533001,27.2,81,4.8
"US000","5","4812","16","0","2026","1","",5081,58913,58839,58808,2262417790,710884429,11550893,2957,"",1.00,1.00,1.00,1.00,1.00,1.00,1.00,1.00,"",151,3.1,1238,2.1,1145,2.0,969,1.7,176386741,8.5,28862543,4.2,-93378,-0.8,178,6.4
"US000","5","48121","17","0","2026","1","",5081,58913,58839,58808,2262417790,710884429,11550893,2957,"",1.00,1.00,1.00,1.00,1.00,1.00,1.00,1.00,"",151,3.1,1238,2.1,1145,2.0,969,1.7,176386741,8.5,28862543,4.2,-93378,-0.8,178,6.4
"US000","5","481211","18","0","2026","1","",3355,40137,40236,40325,1564459804,485370501,7784968,2991,"",1.00,1.00,1.00,1.00,1.00,1.00,1.00,1.00,"",106,3.3,1090,2.8,1194,3.1,1039,2.6,117274449,8.1,24610339,5.3,119998,1.6,146,5.1
"US000","5","481212","18","0","2026","1","",609,10662,10501,10373,361898733,121610747,2107472,2648,"",1.00,1.00,1.00,1.00,1.00,1.00,1.00,1.00,"",10,1.7,-329,-3.0,-441,-4.0,-481,-4.4,21583311,6.3,-3600671,-2.9,-373705,-15.1,253,10.6
"US000","5","481219","18","0","2026","1","",1117,8114,8102,8110,336059253,103903181,1658453,3188,"",1.00,1.00,1.00,1.00,1.00,1.00,1.00,1.00,"",35,3.2,477,6.2,392,5.1,411,5.3,37528981,12.6,7852875,8.2,160329,10.7,199,6.7
"US000","5","482","15","0","2026","1","",174,662,651,646,14828488,7469563,171447,1747,"",1.00,1.00,1.00,1.00,1.00,1.00,1.00,1.00,"",-1,-0.6,10,1.5,-6,-0.9,-4,-0.6,1091568,7.9,229007,3.2,9260,5.7,129,8.0
"US000","5","4821","16","0","2026","1","",174,662,651,646,14828488,7469563,171447,1747,"",1.00,1.00,1.00,1.00,1.00,1.00,1.00,1.00,"",-1,-0.6,10,1.5,-6,-0.9,-4,-0.6,1091568,7.9,229007,3.2,9260,5.7,129,8.0
"US000","5","48211","17","0","2026","1","",174,662,651,646,14828488,7469563,171447,1747,"",1.00,1.00,1.00,1.00,1.00,1.00,1.00,1.00,"",-1,-0.6,10,1.5,-6,-0.9,-4,-0.6,1091568,7.9,229007,3.2,9260,5.7,129,8.0
"US000","5","482111","18","0","2026","1","",116,409,400,403,10661441,5079460,140555,2030,"",1.00,1.00,1.00,1.00,1.00,1.00,1.00,1.00,"",0,0.0,-5,-1.2,-20,-4.8,-9,-2.2,1141384,12.0,63208,1.3,3281,2.4,267,15.1
"US000","5","482112","18","0","2026","1","",58,253,251,243,4167047,2390103,30892,1287,"",1.00,1.00,1.00,1.00,1.00,1.00,1.00,1.00,"",-1,-1.7,15,6.3,14,5.9,5,2.1,-49816,-1.2,165799,7.5,5979,24.0,-78,-5.7
"US000","5","483","15","0","2026","1","",2560,67222,66974,67616,2652966039,753296015,12763278,3034,"",1.00,1.00,1.00,1.00,1.00,1.00,1.00,1.00,"",53,2.1,1506,2.3,1129,1.7,716,1.1,209900009,8.6,30232482,4.2,93017,0.7,193,6.8
"US000","5","4831","16","0","2026","1","",1598,40310,40103,40410,1942614896,468828296,8923615,3710,"",1.00,1.00,1.00,1.00,1.00,1.00,1.00,1.00,"",44,2.8,1336,3.4,969,2.5,549,1.4,200572717,11.5,21787600,4.9,-69427,-0.8,302,8.9
"US000","5","48311","17","0","2026","1","",1598,40310,40103,40410,1942614896,468828296,8923615,3710,"",1.00,1.00,1.00,1.00,1.00,1.00,1.00,1.00,"",44,2.8,1336,3.4,969,2.5,549,1.4,200572717,11.5,21787600,4.9,-69427,-0.8,302,8.9
"US000","5","483111","18","0","2026","1","",620,8986,8924,8867,362275195,107654405,2970626,3122,"",1.00,1.00,1.00,1.00,1.00,1.00,1.00,1.00,"",25,4.2,-40,-0.4,-205,-2.2,-579,-6.1,9503321,2.7,1550539,1.5,-186012,-5.9,173,5.9
"US000","5","483112","18","0","2026","1","",253,17176,17260,17171,1164017718,148188458,881775,5205,"",1.00,1.00,1.00,1.00,1.00,1.00,1.00,1.00,"",21,9.1,1013,6.3,1002,6.2,927,5.7,186798843,19.1,9162920,6.6,-555715,-38.7,571,12.3
"US000","5","483113","18","0","2026","1","",518,8978,8580,8803,307063990,145294451,3357798,2688,"",1.00,1.00,1.00,1.00,1.00,1.00,1.00,1.00,"",-19,-3.5,100,1.1,-101,-1.2,-14,-0.2,-561177,-0.2,5552705,4.0,387883,13.1,-3,-0.1
"US000","5","483114","18","0","2026","1","",207,5170,5339,5569,109257993,67690982,1713416,1568,"",1.00,1.00,1.00,1.00,1.00,1.00,1.00,1.00,"",17,8.9,263,5.4,273,5.4,215,4.0,4831730,4.6,5521436,8.9,284417,19.9,-4,-0.3
"US000","5","4832","16","0","2026","1","",962,26912,26871,27206,710351143,284467719,3839663,2024,"",1.00,1.00,1.00,1.00,1.00,1.00,1.00,1.00,"",9,0.9,170,0.6,160,0.6,167,0.6,9327292,1.3,8444882,3.1,162444,4.4,14,0.7
"US000","5","48321","17","0","2026","1","",962,26912,26871,27206,710351143,284467719,3839663,2024,"",1.00,1.00,1.00,1.00,1.00,1.00,1.00,1.00,"",9,0.9,170,0.6,160,0.6,167,0.6,9327292,1.3,8444882,3.1,162444,4.4,14,0.7
"US000","5","483211","18","0","2026","1","",677,23211,23226,23318,641491003,244302165,3039149,2122,"",1.00,1.00,1.00,1.00,1.00,1.00,1.00,1.00,"",10,1.5,143,0.6,182,0.8,74,0.3,9253899,1.5,6967650,2.9,120372,4.1,18,0.9
"US000","5","483212","18","0","2026","1","",285,3701,3645,3888,68860140,40165554,800514,1415,"",1.00,1.00,1.00,1.00,1.00,1.00,1.00,1.00,"",-1,-0.3,27,0.7,-22,-0.6,93,2.5,73393,0.1,1477232,3.8,42072,5.5,-10,-0.7
"US000","5","484","15","0","2026","1","",171098,1435167,1426530,1426011,24787110674,15169562248,250880714,1334,"",1.00,1.00,1.00,1.00,1.00,1.00,1.00,1.00,"",-367,-0.2,-30612,-2.1,-36087,-2.5,-39445,-2.7,43516341,0.2,-144789473,-0.9,5598383,2.3,34,2.6
"US000","5","4841","16","0","2026","1","",118659,1008767,1001742,1000235,17126253189,10637365010,169907189,1313,"",1.00,1.00,1.00,1.00,1.00,1.00,1.00,1.00,"",-303,-0.3,-26620,-2.6,-29760,-2.9,-30950,-3.0,-114736613,-0.7,-144509157,-1.3,3514905,2.1,29,2.3
"US000","5","48411","17","0","2026","1","",46721,278028,276037,275953,4294142721,2831046768,57776891,1194,"",1.00,1.00,1.00,1.00,1.00,1.00,1.00,1.00,"",184,0.4,-2867,-1.0,-4438,-1.6,-4144,-1.5,31772515,0.7,2204698,0.1,1707249,3.0,25,2.1
"US000","5","484110","18","0","2026","1","",46721,278028,276037,275953,4294142721,2831046768,57776891,1194,"",1.00,1.00,1.00,1.00,1.00,1.00,1.00,1.00,"",184,0.4,-2867,-1.0,-4438,-1.6,-4144,-1.5,31772515,0.7,2204698,0.1,1707249,3.0,25,2.1
"US000","5","48412","17","0","2026","1","",71938,730739,725705,724282,12832110468,7806318242,112130298,1358,"",1.00,1.00,1.00,1.00,1.00,1.00,1.00,1.00,"",-487,-0.7,-23753,-3.1,-25322,-3.4,-26806,-3.6,-146509128,-1.1,-146713855,-1.8,1807656,1.6,31,2.3
"US000","5","484121","18","0","2026","1","",59981,487175,484917,483398,8080685707,5121875336,69075152,1281,"",1.00,1.00,1.00,1.00,1.00,1.00,1.00,1.00,"",-279,-0.5,-19188,-3.8,-20869,-4.1,-22191,-4.4,-169789497,-2.1,-150111294,-2.8,813882,1.2,27,2.2
"US000","5","484122","18","0","2026","1","",11957,243564,240788,240884,4751424761,2684442906,43055146,1512,"",1.00,1.00,1.00,1.00,1.00,1.00,1.00,1.00,"",-208,-1.7,-4565,-1.8,-4453,-1.8,-4615,-1.9,23280369,0.5,3397439,0.1,993774,2.4,35,2.4
"US000","5","4842","16","0","2026","1","",52439,426400,424788,425776,7660857485,4532197238,80973525,1384,"",1.00,1.00,1.00,1.00,1.00,1.00,1.00,1.00,"",-64,-0.1,-3992,-0.9,-6327,-1.5,-8495,-2.0,158252954,2.1,-280316,0.0,2083478,2.6,48,3.6
"US000","5","48421","17","0","2026","1","",9713,84201,83723,84759,1070630019,716331854,13019327,978,"",1.00,1.00,1.00,1.00,1.00,1.00,1.00,1.00,"",14,0.1,-1940,-2.3,-2740,-3.2,-2707,-3.1,-4073495,-0.4,-5704301,-0.8,116088,0.9,24,2.5
"US000","5","484210","18","0","2026","1","",9713,84201,83723,84759,1070630019,716331854,13019327,978,"",1.00,1.00,1.00,1.00,1.00,1.00,1.00,1.00,"",14,0.1,-1940,-2.3,-2740,-3.2,-2707,-3.1,-4073495,-0.4,-5704301,-0.8,116088,0.9,24,2.5
"US000","5","48422","17","0","2026","1","",30043,217404,216353,216707,3733602527,2396142278,48809118,1325,"",1.00,1.00,1.00,1.00,1.00,1.00,1.00,1.00,"",-106,-0.4,2028,0.9,626,0.3,-1373,-0.6,112241906,3.1,49037781,2.1,2091022,4.5,38,3.0
"US000","5","484220","18","0","2026","1","",30043,217404,216353,216707,3733602527,2396142278,48809118,1325,"",1.00,1.00,1.00,1.00,1.00,1.00,1.00,1.00,"",-106,-0.4,2028,0.9,626,0.3,-1373,-0.6,112241906,3.1,49037781,2.1,2091022,4.5,38,3.0
"US000","5","48423","17","0","2026","1","",12683,124795,124712,124310,2856624939,1419723106,19145080,1763,"",1.00,1.00,1.00,1.00,1.00,1.00,1.00,1.00,"",28,0.2,-4080,-3.2,-4213,-3.3,-4415,-3.4,50084543,1.8,-43613796,-3.0,-123632,-0.6,87,5.2
"US000","5","484230","18","0","2026","1","",12683,124795,124712,124310,2856624939,1419723106,19145080,1763,"",1.00,1.00,1.00,1.00,1.00,1.00,1.00,1.00,"",28,0.2,-4080,-3.2,-4213,-3.3,-4415,-3.4,50084543,1.8,-43613796,-3.0,-123632,-0.6,87,5.2
"US000","5","485","15","0","2026","1","",22557,588295,589188,588147,7552606299,5097436362,186528986,987,"",1.00,1.00,1.00,1.00,1.00,1.00,1.00,1.00,"",267,1.2,20637,3.6,17375,3.0,14120,2.5,402971181,5.6,338612229,7.1,13021800,7.5,24,2.5
"US000","5","4851","16","0","2026","1","",865,47128,47307,47456,798031029,501908348,10711457,1298,"",1.00,1.00,1.00,1.00,1.00,1.00,1.00,1.00,"",23,2.7,289,0.6,132,0.3,173,0.4,-1463714,-0.2,29381534,6.2,1762165,19.7,-8,-0.6
"US000","5","48511","17","0","2026","1","",865,47128,47307,47456,798031029,501908348,10711457,1298,"",1.00,1.00,1.00,1.00,1.00,1.00,1.00,1.00,"",23,2.7,289,0.6,132,0.3,173,0.4,-1463714,-0.2,29381534,6.2,1762165,19.7,-8,-0.6
"US000","5","485111","18","0","2026","1","",92,5376,5395,5404,87232653,35964365,477211,1245,"",1.00,1.00,1.00,1.00,1.00,1.00,1.00,1.00,"",-1,-1.1,-183,-3.3,-187,-3.4,-164,-2.9,-1187296,-1.3,-1532680,-4.1,-80233,-14.4,24,2.0
"US000","5","485112","18","0","2026","1","",21,993,943,922,23409959,18125243,409322,1890,"",1.00,1.00,1.00,1.00,1.00,1.00,1.00,1.00,"",-1,-4.5,-26,-2.6,-71,-7.0,-101,-9.9,233377,1.0,1100245,6.5,116128,39.6,140,8.0
"US000","5","485113","18","0","2026","1","",658,39313,39511,39653,643438024,435176925,9570220,1253,"",1.00,1.00,1.00,1.00,1.00,1.00,1.00,1.00,"",21,3.3,1077,2.8,991,2.6,1046,2.7,46871184,7.9,35115500,8.8,1868329,24.3,60,5.0
"US000","5","485119","18","0","2026","1","",94,1446,1458,1477,43950393,12641815,254704,2315,"",1.00,1.00,1.00,1.00,1.00,1.00,1.00,1.00,"",4,4.4,-579,-28.6,-601,-29.2,-608,-29.2,-47380979,-51.9,-5301531,-29.5,-142059,-35.8,-1102,-32.3
"US000","5","4852","16","0","2026","1","",491,15318,15186,14917,225328983,161863248,2738261,1145,"",1.00,1.00,1.00,1.00,1.00,1.00,1.00,1.00,"",0,0.0,-163,-1.1,-244,-1.6,-456,-3.0,6365697,2.9,16404496,11.3,-13263,-0.5,53,4.9
"US000","5","48521","17","0","2026","1","",491,15318,15186,14917,225328983,161863248,2738261,1145,"",1.00,1.00,1.00,1.00,1.00,1.00,1.00,1.00,"",0,0.0,-163,-1.1,-244,-1.6,-456,-3.0,6365697,2.9,16404496,11.3,-13263,-0.5,53,4.9
"US000","5","485210","18","0","2026","1","",491,15318,15186,14917,225328983,161863248,2738261,1145,"",1.00,1.00,1.00,1.00,1.00,1.00,1.00,1.00,"",0,0.0,-163,-1.1,-244,-1.6,-456,-3.0,6365697,2.9,16404496,11.3,-13263,-0.5,53,4.9
"US000","5","4853","16","0","2026","1","",7487,169034,168100,166632,2910422049,1518766211,29128237,1333,"",1.00,1.00,1.00,1.00,1.00,1.00,1.00,1.00,"",-80,-1.1,13175,8.5,11113,7.1,8007,5.0,270377402,10.2,152907132,11.2,478130,1.7,41,3.2
"US000","5","48531","17","0","2026","1","",3264,140769,139202,138101,2621610118,1303364831,24104721,1447,"",1.00,1.00,1.00,1.00,1.00,1.00,1.00,1.00,"",-64,-1.9,12913,10.1,10998,8.6,9138,7.1,274042802,11.7,152369258,13.2,348666,1.5,40,2.8
"US000","5","485310","18","0","2026","1","",3264,140769,139202,138101,2621610118,1303364831,24104721,1447,"",1.00,1.00,1.00,1.00,1.00,1.00,1.00,1.00,"",-64,-1.9,12913,10.1,10998,8.6,9138,7.1,274042802,11.7,152369258,13.2,348666,1.5,40,2.8
"US000","5","48532","17","0","2026","1","",4223,28265,28898,28531,288811931,215401380,5023516,778,"",1.00,1.00,1.00,1.00,1.00,1.00,1.00,1.00,"",-16,-0.4,262,0.9,115,0.4,-1131,-3.8,-3665400,-1.3,537874,0.3,129464,2.6,-3,-0.4
"US000","5","485320","18","0","2026","1","",4223,28265,28898,28531,288811931,215401380,5023516,778,"",1.00,1.00,1.00,1.00,1.00,1.00,1.00,1.00,"",-16,-0.4,262,0.9,115,0.4,-1131,-3.8,-3665400,-1.3,537874,0.3,129464,2.6,-3,-0.4
"US000","5","4854","16","0","2026","1","",4282,221016,221298,220921,2007715870,1769223902,115146246,699,"",1.00,1.00,1.00,1.00,1.00,1.00,1.00,1.00,"",37,0.9,4294,2.0,3628,1.7,3646,1.7,73587354,3.8,97996266,5.9,8619450,8.1,14,2.0
"US000","5","48541","17","0","2026","1","",4282,221016,221298,220921,2007715870,1769223902,115146246,699,"",1.00,1.00,1.00,1.00,1.00,1.00,1.00,1.00,"",37,0.9,4294,2.0,3628,1.7,3646,1.7,73587354,3.8,97996266,5.9,8619450,8.1,14,2.0
"US000","5","485410","18","0","2026","1","",4282,221016,221298,220921,2007715870,1769223902,115146246,699,"",1.00,1.00,1.00,1.00,1.00,1.00,1.00,1.00,"",37,0.9,4294,2.0,3628,1.7,3646,1.7,73587354,3.8,97996266,5.9,8619450,8.1,14,2.0
"US000","5","4855","16","0","2026","1","",1385,21471,22348,22919,298304439,204924282,4359759,1031,"",1.00,1.00,1.00,1.00,1.00,1.00,1.00,1.00,"",17,1.2,-10,0.0,-76,-0.3,-1,0.0,7638775,2.6,1107658,0.5,195087,4.7,27,2.7
"US000","5","48551","17","0","2026","1","",1385,21471,22348,22919,298304439,204924282,4359759,1031,"",1.00,1.00,1.00,1.00,1.00,1.00,1.00,1.00,"",17,1.2,-10,0.0,-76,-0.3,-1,0.0,7638775,2.6,1107658,0.5,195087,4.7,27,2.7
"US000","5","485510","18","0","2026","1","",1385,21471,22348,22919,298304439,204924282,4359759,1031,"",1.00,1.00,1.00,1.00,1.00,1.00,1.00,1.00,"",17,1.2,-10,0.0,-76,-0.3,-1,0.0,7638775,2.6,1107658,0.5,195087,4.7,27,2.7
"US000","5","4859","16","0","2026","1","",8047,114328,114949,115302,1312803929,940750371,24445026,879,"",1.00,1.00,1.00,1.00,1.00,1.00,1.00,1.00,"",270,3.5,3052,2.7,2822,2.5,2751,2.4,46465667,3.7,40815143,4.5,1980231,8.8,9,1.0
"US000","5","48599","17","0","2026","1","",8047,114328,114949,115302,1312803929,940750371,24445026,879,"",1.00,1.00,1.00,1.00,1.00,1.00,1.00,1.00,"",270,3.5,3052,2.7,2822,2.5,2751,2.4,46465667,3.7,40815143,4.5,1980231,8.8,9,1.0
"US000","5","485991","18","0","2026","1","",4603,75938,76152,76286,854808580,624663876,16830872,864,"",1.00,1.00,1.00,1.00,1.00,1.00,1.00,1.00,"",162,3.6,1525,2.0,1237,1.7,1278,1.7,34568243,4.2,25611995,4.3,971536,6.1,20,2.4
"US000","5","485999","18","0","2026","1","",3444,38390,38797,39016,457995349,316086495,7614154,910,"",1.00,1.00,1.00,1.00,1.00,1.00,1.00,1.00,"",108,3.2,1527,4.1,1585,4.3,1473,3.9,11897424,2.7,15203148,5.1,1008695,15.3,-12,-1.3
"US000","5","486","15","0","2026","1","",3451,57178,57547,57519,3235649907,798962600,9284506,4335,"",1.00,1.00,1.00,1.00,1.00,1.00,1.00,1.00,"",6,0.2,1617,2.9,1785,3.2,2011,3.6,302979764,10.3,19084862,2.4,1394471,17.7,278,6.9
"US000","5","4861","16","0","2026","1","",553,12356,12498,12475,615454309,176564097,2258146,3805,"",1.00,1.00,1.00,1.00,1.00,1.00,1.00,1.00,"",-23,-4.0,32,0.3,129,1.0,135,1.1,11020384,1.8,4845256,2.8,300711,15.4,39,1.0
"US000","5","48611","17","0","2026","1","",553,12356,12498,12475,615454309,176564097,2258146,3805,"",1.00,1.00,1.00,1.00,1.00,1.00,1.00,1.00,"",-23,-4.0,32,0.3,129,1.0,135,1.1,11020384,1.8,4845256,2.8,300711,15.4,39,1.0
"US000","5","486110","18","0","2026","1","",553,12356,12498,12475,615454309,176564097,2258146,3805,"",1.00,1.00,1.00,1.00,1.00,1.00,1.00,1.00,"",-23,-4.0,32,0.3,129,1.0,135,1.1,11020384,1.8,4845256,2.8,300711,15.4,39,1.0
"US000","5","4862","16","0","2026","1","",2296,37995,38202,38173,2322935162,524849822,5916155,4687,"",1.00,1.00,1.00,1.00,1.00,1.00,1.00,1.00,"",24,1.1,1813,5.0,1898,5.2,2121,5.9,297802580,14.7,21852134,4.3,1063683,21.9,381,8.8
"US000","5","48621","17","0","2026","1","",2296,37995,38202,38173,2322935162,524849822,5916155,4687,"",1.00,1.00,1.00,1.00,1.00,1.00,1.00,1.00,"",24,1.1,1813,5.0,1898,5.2,2121,5.9,297802580,14.7,21852134,4.3,1063683,21.9,381,8.8
"US000","5","486210","18","0","2026","1","",2296,37995,38202,38173,2322935162,524849822,5916155,4687,"",1.00,1.00,1.00,1.00,1.00,1.00,1.00,1.00,"",24,1.1,1813,5.0,1898,5.2,2121,5.9,297802580,14.7,21852134,4.3,1063683,21.9,381,8.8
"US000","5","4869","16","0","2026","1","",602,6827,6847,6871,297260436,97548681,1110205,3339,"",1.00,1.00,1.00,1.00,1.00,1.00,1.00,1.00,"",5,0.8,-228,-3.2,-242,-3.4,-245,-3.4,-5843200,-1.9,-7612528,-7.2,30077,2.8,49,1.5
"US000","5","48691","17","0","2026","1","",534,5641,5657,5655,249212073,85783516,926465,3392,"",1.00,1.00,1.00,1.00,1.00,1.00,1.00,1.00,"",10,1.9,-160,-2.8,-140,-2.4,-160,-2.8,-394515,-0.2,-3517708,-3.9,71498,8.4,84,2.5
"US000","5","486910","18","0","2026","1","",534,5641,5657,5655,249212073,85783516,926465,3392,"",1.00,1.00,1.00,1.00,1.00,1.00,1.00,1.00,"",10,1.9,-160,-2.8,-140,-2.4,-160,-2.8,-394515,-0.2,-3517708,-3.9,71498,8.4,84,2.5
"US000","5","48699","17","0","2026","1","",68,1186,1190,1216,48048363,11765165,183740,3087,"",1.00,1.00,1.00,1.00,1.00,1.00,1.00,1.00,"",-5,-6.8,-68,-5.4,-102,-7.9,-85,-6.5,-5448685,-10.2,-4094820,-25.8,-41421,-18.4,-122,-3.8
"US000","5","486990","18","0","2026","1","",68,1186,1190,1216,48048363,11765165,183740,3087,"",1.00,1.00,1.00,1.00,1.00,1.00,1.00,1.00,"",-5,-6.8,-68,-5.4,-102,-7.9,-85,-6.5,-5448685,-10.2,-4094820,-25.8,-41421,-18.4,-122,-3.8
"US000","5","487","15","0","2026","1","",3525,22556,22726,24351,259876381,197089258,4110875,861,"",1.00,1.00,1.00,1.00,1.00,1.00,1.00,1.00,"",34,1.0,-186,-0.8,-150,-0.7,-270,-1.1,-1331671,-0.5,4011994,2.1,27974,0.7,3,0.3
"US000","5","4871","16","0","2026","1","",812,8285,8234,8750,91251680,70964450,1453422,833,"",1.00,1.00,1.00,1.00,1.00,1.00,1.00,1.00,"",-2,-0.2,-262,-3.1,-286,-3.4,-292,-3.2,2139369,2.4,2785288,4.1,7750,0.5,45,5.7
"US000","5","48711","17","0","2026","1","",812,8285,8234,8750,91251680,70964450,1453422,833,"",1.00,1.00,1.00,1.00,1.00,1.00,1.00,1.00,"",-2,-0.2,-262,-3.1,-286,-3.4,-292,-3.2,2139369,2.4,2785288,4.1,7750,0.5,45,5.7
"US000","5","487110","18","0","2026","1","",812,8285,8234,8750,91251680,70964450,1453422,833,"",1.00,1.00,1.00,1.00,1.00,1.00,1.00,1.00,"",-2,-0.2,-262,-3.1,-286,-3.4,-292,-3.2,2139369,2.4,2785288,4.1,7750,0.5,45,5.7
"US000","5","4872","16","0","2026","1","",2429,12174,12349,13412,135897386,98512382,2305512,827,"",1.00,1.00,1.00,1.00,1.00,1.00,1.00,1.00,"",47,2.0,228,1.9,304,2.5,190,1.4,-1917659,-1.4,2737799,2.9,31728,1.4,-28,-3.3
"US000","5","48721","17","0","2026","1","",2429,12174,12349,13412,135897386,98512382,2305512,827,"",1.00,1.00,1.00,1.00,1.00,1.00,1.00,1.00,"",47,2.0,228,1.9,304,2.5,190,1.4,-1917659,-1.4,2737799,2.9,31728,1.4,-28,-3.3
"US000","5","487210","18","0","2026","1","",2429,12174,12349,13412,135897386,98512382,2305512,827,"",1.00,1.00,1.00,1.00,1.00,1.00,1.00,1.00,"",47,2.0,228,1.9,304,2.5,190,1.4,-1917659,-1.4,2737799,2.9,31728,1.4,-28,-3.3
"US000","5","4879","16","0","2026","1","",284,2097,2143,2189,32727315,27612426,351941,1175,"",1.00,1.00,1.00,1.00,1.00,1.00,1.00,1.00,"",-11,-3.7,-152,-6.8,-168,-7.3,-168,-7.1,-1553381,-4.5,-1511093,-5.2,-11504,-3.2,31,2.7
"US000","5","48799","17","0","2026","1","",284,2097,2143,2189,32727315,27612426,351941,1175,"",1.00,1.00,1.00,1.00,1.00,1.00,1.00,1.00,"",-11,-3.7,-152,-6.8,-168,-7.3,-168,-7.1,-1553381,-4.5,-1511093,-5.2,-11504,-3.2,31,2.7
"US000","5","487990","18","0","2026","1","",284,2097,2143,2189,32727315,27612426,351941,1175,"",1.00,1.00,1.00,1.00,1.00,1.00,1.00,1.00,"",-11,-3.7,-152,-6.8,-168,-7.3,-168,-7.1,-1553381,-4.5,-1511093,-5.2,-11504,-3.2,31,2.7
"US000","5","488","15","0","2026","1","",59026,815549,812067,815169,16360345954,8321994652,147539930,1546,"",1.00,1.00,1.00,1.00,1.00,1.00,1.00,1.00,"",1559,2.7,-3273,-0.4,-4127,-0.5,-3737,-0.5,632419687,4.0,85138606,1.0,1934926,1.3,67,4.5
"US000","5","4881","16","0","2026","1","",9725,271747,272232,272142,4604375910,2573030461,40330599,1302,"",1.00,1.00,1.00,1.00,1.00,1.00,1.00,1.00,"",369,3.9,1472,0.5,2351,0.9,2787,1.0,242272053,5.6,56369672,2.2,444854,1.1,58,4.7
"US000","5","48811","17","0","2026","1","",2501,128842,130375,130965,1508092174,1060999664,20725141,892,"",1.00,1.00,1.00,1.00,1.00,1.00,1.00,1.00,"",75,3.1,207,0.2,2210,1.7,3220,2.5,75226972,5.3,30199945,2.9,1443338,7.5,32,3.7
"US000","5","488111","18","0","2026","1","",250,2107,2101,2045,54760357,25700411,431976,2021,"",1.00,1.00,1.00,1.00,1.00,1.00,1.00,1.00,"",-24,-8.8,-26,-1.2,-160,-7.1,-68,-3.2,2411855,4.6,-204637,-0.8,-7360,-1.7,164,8.8
"US000","5","488119","18","0","2026","1","",2251,126735,128274,128920,1453331817,1035299253,20293165,874,"",1.00,1.00,1.00,1.00,1.00,1.00,1.00,1.00,"",99,4.6,233,0.2,2370,1.9,3288,2.6,72815117,5.3,30404582,3.0,1450698,7.7,31,3.7
"US000","5","48819","17","0","2026","1","",7224,142905,141857,141177,3096283736,1512030797,19605458,1678,"",1.00,1.00,1.00,1.00,1.00,1.00,1.00,1.00,"",294,4.2,1265,0.9,141,0.1,-433,-0.3,167045081,5.7,26169727,1.8,-998484,-4.8,87,5.5
"US000","5","488190","18","0","2026","1","",7224,142905,141857,141177,3096283736,1512030797,19605458,1678,"",1.00,1.00,1.00,1.00,1.00,1.00,1.00,1.00,"",294,4.2,1265,0.9,141,0.1,-433,-0.3,167045081,5.7,26169727,1.8,-998484,-4.8,87,5.5
"US000","5","4882","16","0","2026","1","",2138,41623,41502,41429,811285167,455943471,10052615,1503,"",1.00,1.00,1.00,1.00,1.00,1.00,1.00,1.00,"",146,7.3,2571,6.6,1921,4.9,1691,4.3,71492907,9.7,30413597,7.1,883254,9.6,61,4.2
"US000","5","48821","17","0","2026","1","",2138,41623,41502,41429,811285167,455943471,10052615,1503,"",1.00,1.00,1.00,1.00,1.00,1.00,1.00,1.00,"",146,7.3,2571,6.6,1921,4.9,1691,4.3,71492907,9.7,30413597,7.1,883254,9.6,61,4.2
"US000","5","488210","18","0","2026","1","",2138,41623,41502,41429,811285167,455943471,10052615,1503,"",1.00,1.00,1.00,1.00,1.00,1.00,1.00,1.00,"",146,7.3,2571,6.6,1921,4.9,1691,4.3,71492907,9.7,30413597,7.1,883254,9.6,61,4.2
"US000","5","4883","16","0","2026","1","",3062,93015,90067,93582,2723042780,1007027655,15603475,2271,"",1.00,1.00,1.00,1.00,1.00,1.00,1.00,1.00,"",93,3.1,-3094,-3.2,-2886,-3.1,-3787,-3.9,80623065,3.1,-35297269,-3.4,-376564,-2.4,142,6.7
"US000","5","48831","17","0","2026","1","",328,9411,9756,9680,310178272,107540203,1282137,2481,"",1.00,1.00,1.00,1.00,1.00,1.00,1.00,1.00,"",-18,-5.2,-303,-3.1,-117,-1.2,-284,-2.9,29465099,10.5,-46499701,-30.2,-572260,-30.9,289,13.2
"US000","5","488310","18","0","2026","1","",328,9411,9756,9680,310178272,107540203,1282137,2481,"",1.00,1.00,1.00,1.00,1.00,1.00,1.00,1.00,"",-18,-5.2,-303,-3.1,-117,-1.2,-284,-2.9,29465099,10.5,-46499701,-30.2,-572260,-30.9,289,13.2
"US000","5","48832","17","0","2026","1","",878,59308,56300,59837,1746345926,638250128,10388910,2297,"",1.00,1.00,1.00,1.00,1.00,1.00,1.00,1.00,"",75,9.3,-2591,-4.2,-2318,-4.0,-3042,-4.8,53169602,3.1,18324551,3.0,490666,5.0,166,7.8
"US000","5","488320","18","0","2026","1","",878,59308,56300,59837,1746345926,638250128,10388910,2297,"",1.00,1.00,1.00,1.00,1.00,1.00,1.00,1.00,"",75,9.3,-2591,-4.2,-2318,-4.0,-3042,-4.8,53169602,3.1,18324551,3.0,490666,5.0,166,7.8
"US000","5","48833","17","0","2026","1","",963,16708,16469,16502,478822488,189109397,2906109,2224,"",1.00,1.00,1.00,1.00,1.00,1.00,1.00,1.00,"",22,2.3,34,0.2,-170,-1.0,-137,-0.8,1397534,0.3,-3995817,-2.1,-218993,-7.0,18,0.8
"US000","5","488330","18","0","2026","1","",963,16708,16469,16502,478822488,189109397,2906109,2224,"",1.00,1.00,1.00,1.00,1.00,1.00,1.00,1.00,"",22,2.3,34,0.2,-170,-1.0,-137,-0.8,1397534,0.3,-3995817,-2.1,-218993,-7.0,18,0.8
"US000","5","48839","17","0","2026","1","",893,7588,7542,7563,187696094,72127927,1026319,1909,"",1.00,1.00,1.00,1.00,1.00,1.00,1.00,1.00,"",14,1.6,-234,-3.0,-281,-3.6,-324,-4.1,-3409170,-1.8,-3126302,-4.2,-75977,-6.9,35,1.9
"US000","5","488390","18","0","2026","1","",893,7588,7542,7563,187696094,72127927,1026319,1909,"",1.00,1.00,1.00,1.00,1.00,1.00,1.00,1.00,"",14,1.6,-234,-3.0,-281,-3.6,-324,-4.1,-3409170,-1.8,-3126302,-4.2,-75977,-6.9,35,1.9
"US000","5","4884","16","0","2026","1","",14978,114525,113991,113674,1721265964,1099461561,19312070,1161,"",1.00,1.00,1.00,1.00,1.00,1.00,1.00,1.00,"",139,0.9,225,0.2,-1098,-1.0,267,0.2,49468761,3.0,23407582,2.2,703875,3.8,36,3.2
"US000","5","48841","17","0","2026","1","",10794,73406,73399,73110,1083962164,699153118,11298773,1137,"",1.00,1.00,1.00,1.00,1.00,1.00,1.00,1.00,"",114,1.1,113,0.2,-168,-0.2,-273,-0.4,29711418,2.8,17119904,2.5,580606,5.4,32,2.9
"US000","5","488410","18","0","2026","1","",10794,73406,73399,73110,1083962164,699153118,11298773,1137,"",1.00,1.00,1.00,1.00,1.00,1.00,1.00,1.00,"",114,1.1,113,0.2,-168,-0.2,-273,-0.4,29711418,2.8,17119904,2.5,580606,5.4,32,2.9
"US000","5","48849","17","0","2026","1","",4184,41119,40592,40564,637303800,400308443,8013297,1203,"",1.00,1.00,1.00,1.00,1.00,1.00,1.00,1.00,"",25,0.6,112,0.3,-930,-2.2,540,1.3,19757343,3.2,6287678,1.6,123269,1.6,40,3.4
"US000","5","488490","18","0","2026","1","",4184,41119,40592,40564,637303800,400308443,8013297,1203,"",1.00,1.00,1.00,1.00,1.00,1.00,1.00,1.00,"",25,0.6,112,0.3,-930,-2.2,540,1.3,19757343,3.2,6287678,1.6,123269,1.6,40,3.4
"US000","5","4885","16","0","2026","1","",25241,257236,257254,257073,5644077143,2853423031,55939460,1688,"",1.00,1.00,1.00,1.00,1.00,1.00,1.00,1.00,"",606,2.5,-4795,-1.8,-4167,-1.6,-4662,-1.8,15314359,0.3,6355420,0.2,270096,0.5,34,2.1
"US000","5","48851","17","0","2026","1","",25241,257236,257254,257073,5644077143,2853423031,55939460,1688,"",1.00,1.00,1.00,1.00,1.00,1.00,1.00,1.00,"",606,2.5,-4795,-1.8,-4167,-1.6,-4662,-1.8,15314359,0.3,6355420,0.2,270096,0.5,34,2.1
"US000","5","488510","18","0","2026","1","",25241,257236,257254,257073,5644077143,2853423031,55939460,1688,"",1.00,1.00,1.00,1.00,1.00,1.00,1.00,1.00,"",606,2.5,-4795,-1.8,-4167,-1.6,-4662,-1.8,15314359,0.3,6355420,0.2,270096,0.5,34,2.1
"US000","5","4889","16","0","2026","1","",3882,37403,37021,37269,856298990,333108473,6301711,1769,"",1.00,1.00,1.00,1.00,1.00,1.00,1.00,1.00,"",206,5.6,348,0.9,-248,-0.7,-33,-0.1,173248542,25.4,3889604,1.2,9411,0.1,357,25.3
"US000","5","48899","17","0","2026","1","",3882,37403,37021,37269,856298990,333108473,6301711,1769,"",1.00,1.00,1.00,1.00,1.00,1.00,1.00,1.00,"",206,5.6,348,0.9,-248,-0.7,-33,-0.1,173248542,25.4,3889604,1.2,9411,0.1,357,25.3
"US000","5","488991","18","0","2026","1","",1379,20135,19865,19897,284969053,178798327,3415776,1098,"",1.00,1.00,1.00,1.00,1.00,1.00,1.00,1.00,"",3,0.2,-551,-2.7,-889,-4.3,-899,-4.3,-8857277,-3.0,-4950590,-2.7,-86947,-2.5,9,0.8
"US000","5","488999","18","0","2026","1","",2503,17268,17156,17372,571329937,154310146,2885935,2545,"",1.00,1.00,1.00,1.00,1.00,1.00,1.00,1.00,"",203,8.8,899,5.5,641,3.9,866,5.2,182105819,46.8,8840194,6.1,96358,3.5,726,39.9
"US000","5","491","15","0","2026","1","",963,7541,7367,7185,86266836,65590993,1138266,901,"",1.00,1.00,1.00,1.00,1.00,1.00,1.00,1.00,"",-19,-1.9,94,1.3,78,1.1,71,1.0,4432975,5.4,3745102,6.1,54429,5.0,37,4.3
"US000","5","4911","16","0","2026","1","",963,7541,7367,7185,86266836,65590993,1138266,901,"",1.00,1.00,1.00,1.00,1.00,1.00,1.00,1.00,"",-19,-1.9,94,1.3,78,1.1,71,1.0,4432975,5.4,3745102,6.1,54429,5.0,37,4.3
"US000","5","49111","17","0","2026","1","",963,7541,7367,7185,86266836,65590993,1138266,901,"",1.00,1.00,1.00,1.00,1.00,1.00,1.00,1.00,"",-19,-1.9,94,1.3,78,1.1,71,1.0,4432975,5.4,3745102,6.1,54429,5.0,37,4.3
"US000","5","491110","18","0","2026","1","",963,7541,7367,7185,86266836,65590993,1138266,901,"",1.00,1.00,1.00,1.00,1.00,1.00,1.00,1.00,"",-19,-1.9,94,1.3,78,1.1,71,1.0,4432975,5.4,3745102,6.1,54429,5.0,37,4.3
"US000","5","492","15","0","2026","1","",22337,1216012,1118030,1104259,15793142484,48996666331,189229633,1060,"",1.00,1.00,1.00,1.00,1.00,1.00,1.00,1.00,"",205,0.9,61504,5.3,3534,0.3,26096,2.4,480432095,3.1,39791251076,432.3,51516645,37.4,4,0.4
"US000","5","4921","16","0","2026","1","",14163,1008047,917032,903194,13179006052,8037417332,105731117,1075,"",1.00,1.00,1.00,1.00,1.00,1.00,1.00,1.00,"",359,2.6,54604,5.7,-3158,-0.3,14945,1.7,943665535,7.7,496457602,6.6,6947186,7.0,53,5.2
"US000","5","49211","17","0","2026","1","",14163,1008047,917032,903194,13179006052,8037417332,105731117,1075,"",1.00,1.00,1.00,1.00,1.00,1.00,1.00,1.00,"",359,2.6,54604,5.7,-3158,-0.3,14945,1.7,943665535,7.7,496457602,6.6,6947186,7.0,53,5.2
"US000","5","492110","18","0","2026","1","",14163,1008047,917032,903194,13179006052,8037417332,105731117,1075,"",1.00,1.00,1.00,1.00,1.00,1.00,1.00,1.00,"",359,2.6,54604,5.7,-3158,-0.3,14945,1.7,943665535,7.7,496457602,6.6,6947186,7.0,53,5.2
"US000","5","4922","16","0","2026","1","",8174,207965,200998,201065,2614136432,40959248999,83498516,989,"",1.00,1.00,1.00,1.00,1.00,1.00,1.00,1.00,"",-154,-1.8,6900,3.4,6692,3.4,11151,5.9,-463233440,-15.1,39294793474,2360.8,44569459,114.5,-224,-18.5
"US000","5","49221","17","0","2026","1","",8174,207965,200998,201065,2614136432,40959248999,83498516,989,"",1.00,1.00,1.00,1.00,1.00,1.00,1.00,1.00,"",-154,-1.8,6900,3.4,6692,3.4,11151,5.9,-463233440,-15.1,39294793474,2360.8,44569459,114.5,-224,-18.5
"US000","5","492210","18","0","2026","1","",8174,207965,200998,201065,2614136432,40959248999,83498516,989,"",1.00,1.00,1.00,1.00,1.00,1.00,1.00,1.00,"",-154,-1.8,6900,3.4,6692,3.4,11151,5.9,-463233440,-15.1,39294793474,2360.8,44569459,114.5,-224,-18.5
"US000","5","493","15","0","2026","1","",23848,1914099,1878412,1859296,26383449644,16962998173,268732227,1077,"",1.00,1.00,1.00,1.00,1.00,1.00,1.00,1.00,"",834,3.6,-33688,-1.7,-17398,-0.9,-8469,-0.5,-185337562,-0.7,-35229342,-0.2,-11915611,-4.2,3,0.3
"US000","5","4931","16","0","2026","1","",23848,1914099,1878412,1859296,26383449644,16962998173,268732227,1077,"",1.00,1.00,1.00,1.00,1.00,1.00,1.00,1.00,"",834,3.6,-33688,-1.7,-17398,-0.9,-8469,-0.5,-185337562,-0.7,-35229342,-0.2,-11915611,-4.2,3,0.3
"US000","5","49311","17","0","2026","1","",18291,1773087,1737284,1717624,23822823545,15452399680,240521234,1052,"",1.00,1.00,1.00,1.00,1.00,1.00,1.00,1.00,"",688,3.9,-37391,-2.1,-21073,-1.2,-12668,-0.7,-306269468,-1.3,-101556956,-0.7,-13074562,-5.2,1,0.1
"US000","5","493110","18","0","2026","1","",18291,1773087,1737284,1717624,23822823545,15452399680,240521234,1052,"",1.00,1.00,1.00,1.00,1.00,1.00,1.00,1.00,"",688,3.9,-37391,-2.1,-21073,-1.2,-12668,-0.7,-306269468,-1.3,-101556956,-0.7,-13074562,-5.2,1,0.1
"US000","5","49312","17","0","2026","1","",1850,76522,76464,76667,1345017729,847877577,16458565,1352,"",1.00,1.00,1.00,1.00,1.00,1.00,1.00,1.00,"",74,4.2,3217,4.4,3138,4.3,3421,4.7,54524512,4.2,43176227,5.4,714245,4.5,-2,-0.1
"US000","5","493120","18","0","2026","1","",1850,76522,76464,76667,1345017729,847877577,16458565,1352,"",1.00,1.00,1.00,1.00,1.00,1.00,1.00,1.00,"",74,4.2,3217,4.4,3138,4.3,3421,4.7,54524512,4.2,43176227,5.4,714245,4.5,-2,-0.1
"US000","5","49313","17","0","2026","1","",939,10373,10270,10284,175454767,115134727,1476242,1309,"",1.00,1.00,1.00,1.00,1.00,1.00,1.00,1.00,"",41,4.6,423,4.3,445,4.5,358,3.6,22731889,14.9,13548633,13.3,81852,5.9,122,10.3
"US000","5","493130","18","0","2026","1","",939,10373,10270,10284,175454767,115134727,1476242,1309,"",1.00,1.00,1.00,1.00,1.00,1.00,1.00,1.00,"",41,4.6,423,4.3,445,4.5,358,3.6,22731889,14.9,13548633,13.3,81852,5.9,122,10.3
"US000","5","49319","17","0","2026","1","",2768,54117,54394,54721,1040153603,547586189,10276186,1471,"",1.00,1.00,1.00,1.00,1.00,1.00,1.00,1.00,"",31,1.1,63,0.1,92,0.2,420,0.8,43675505,4.4,9602754,1.8,362854,3.7,57,4.0
"US000","5","493190","18","0","2026","1","",2768,54117,54394,54721,1040153603,547586189,10276186,1471,"",1.00,1.00,1.00,1.00,1.00,1.00,1.00,1.00,"",31,1.1,63,0.1,92,0.2,420,0.8,43675505,4.4,9602754,1.8,362854,3.7,57,4.0
"US000","5","51","14","0","2026","1","",301207,2817398,2870051,2853269,153490076725,41897329007,917071902,4147,"",1.00,1.00,1.00,1.00,1.00,1.00,1.00,1.00,"",8694,3.0,-29083,-1.0,-4505,-0.2,1036,0.0,5463419400,3.7,1448747732,3.6,85937681,10.3,163,4.1
"US000","5","512","15","0","2026","1","",39797,330527,385897,373860,8013974229,2754809720,102038303,1696,"",1.00,1.00,1.00,1.00,1.00,1.00,1.00,1.00,"",531,1.4,-3720,-1.1,17878,4.9,23844,6.8,123011741,1.6,30969195,1.1,4849389,5.0,-35,-2.0
"US000","5","5121","16","0","2026","1","",34405,310910,366325,354101,7317058664,2560736210,96864023,1637,"",1.00,1.00,1.00,1.00,1.00,1.00,1.00,1.00,"",439,1.3,-3255,-1.0,18527,5.3,24472,7.4,111363570,1.5,21287083,0.8,4118945,4.4,-40,-2.4
"US000","5","51211","17","0","2026","1","",24567,170595,231145,218931,5927266908,1869247626,83777715,2204,"",1.00,1.00,1.00,1.00,1.00,1.00,1.00,1.00,"",326,1.3,650,0.4,23589,11.4,26090,13.5,173947536,3.0,52247217,2.9,4081745,5.1,-124,-5.3
"US000","5","512110","18","0","2026","1","",24567,170595,231145,218931,5927266908,1869247626,83777715,2204,"",1.00,1.00,1.00,1.00,1.00,1.00,1.00,1.00,"",326,1.3,650,0.4,23589,11.4,26090,13.5,173947536,3.0,52247217,2.9,4081745,5.1,-124,-5.3
"US000","5","51212","17","0","2026","1","",831,6717,6849,6533,291830956,74232942,1992094,3351,"",1.00,1.00,1.00,1.00,1.00,1.00,1.00,1.00,"",39,4.9,-269,-3.9,-109,-1.6,-357,-5.2,11176219,4.0,4499956,6.5,191617,10.6,242,7.8
"US000","5","512120","18","0","2026","1","",831,6717,6849,6533,291830956,74232942,1992094,3351,"",1.00,1.00,1.00,1.00,1.00,1.00,1.00,1.00,"",39,4.9,-269,-3.9,-109,-1.6,-357,-5.2,11176219,4.0,4499956,6.5,191617,10.6,242,7.8
"US000","5","51213","17","0","2026","1","",4121,116003,110032,110682,630108393,452058287,5031317,432,"",1.00,1.00,1.00,1.00,1.00,1.00,1.00,1.00,"",-28,-0.7,-3613,-3.0,-4891,-4.3,-1637,-1.5,-47764695,-7.0,-35537793,-7.3,-315473,-5.9,-19,-4.2
"US000","5","512131","18","0","2026","1","",3918,115254,109284,109839,626117489,449482076,4986979,432,"",1.00,1.00,1.00,1.00,1.00,1.00,1.00,1.00,"",-32,-0.8,-3528,-3.0,-4802,-4.2,-1559,-1.4,-45351221,-6.8,-33890540,-7.0,-287333,-5.4,-18,-4.0
"US000","5","512132","18","0","2026","1","",203,749,748,843,3990904,2576211,44338,394,"",1.00,1.00,1.00,1.00,1.00,1.00,1.00,1.00,"",4,2.0,-85,-10.2,-89,-10.6,-78,-8.5,-2413474,-37.7,-1647253,-39.0,-28140,-38.8,-176,-30.9
"US000","5","51219","17","0","2026","1","",4886,17595,18299,17955,467852407,165197355,6062897,2005,"",1.00,1.00,1.00,1.00,1.00,1.00,1.00,1.00,"",102,2.1,-23,-0.1,-62,-0.3,376,2.1,-25995490,-5.3,77703,0.0,161056,2.7,-123,-5.8
"US000","5","512191","18","0","2026","1","",4049,13920,14103,14049,402080372,133935151,5316833,2205,"",1.00,1.00,1.00,1.00,1.00,1.00,1.00,1.00,"",69,1.7,-862,-5.8,-773,-5.2,-745,-5.0,-21589206,-5.1,-1347424,-1.0,83604,1.6,6,0.3
"US000","5","512199","18","0","2026","1","",837,3675,4196,3906,65772035,31262204,746064,1289,"",1.00,1.00,1.00,1.00,1.00,1.00,1.00,1.00,"",33,4.1,839,29.6,711,20.4,1121,40.3,-4406284,-6.3,1425127,4.8,77452,11.6,-489,-27.5
"US000","5","5122","16","0","2026","1","",5392,19617,19572,19759,696915565,194073510,5174280,2728,"",1.00,1.00,1.00,1.00,1.00,1.00,1.00,1.00,"",92,1.7,-465,-2.3,-649,-3.2,-628,-3.1,11648171,1.7,9682112,5.3,730444,16.4,122,4.7
"US000","5","51223","17","0","2026","1","",1208,5684,5703,5659,194003314,54179292,1346094,2626,"",1.00,1.00,1.00,1.00,1.00,1.00,1.00,1.00,"",7,0.6,-103,-1.8,-149,-2.5,-88,-1.5,2457310,1.3,2096250,4.0,194145,16.9,84,3.3
"US000","5","512230","18","0","2026","1","",1208,5684,5703,5659,194003314,54179292,1346094,2626,"",1.00,1.00,1.00,1.00,1.00,1.00,1.00,1.00,"",7,0.6,-103,-1.8,-149,-2.5,-88,-1.5,2457310,1.3,2096250,4.0,194145,16.9,84,3.3
"US000","5","51224","17","0","2026","1","",1993,4558,4541,4492,90712773,40741346,998751,1540,"",1.00,1.00,1.00,1.00,1.00,1.00,1.00,1.00,"",54,2.8,56,1.2,-33,-0.7,-130,-2.8,7318550,8.8,1768840,4.5,176969,21.5,135,9.6
"US000","5","512240","18","0","2026","1","",1993,4558,4541,4492,90712773,40741346,998751,1540,"",1.00,1.00,1.00,1.00,1.00,1.00,1.00,1.00,"",54,2.8,56,1.2,-33,-0.7,-130,-2.8,7318550,8.8,1768840,4.5,176969,21.5,135,9.6
"US000","5","51225","17","0","2026","1","",1370,6753,6814,6846,363107964,73884151,2220952,4105,"",1.00,1.00,1.00,1.00,1.00,1.00,1.00,1.00,"",29,2.2,-758,-10.1,-651,-8.7,-647,-8.6,4125012,1.1,5945738,8.8,354779,19.0,418,11.3
"US000","5","512250","18","0","2026","1","",1370,6753,6814,6846,363107964,73884151,2220952,4105,"",1.00,1.00,1.00,1.00,1.00,1.00,1.00,1.00,"",29,2.2,-758,-10.1,-651,-8.7,-647,-8.6,4125012,1.1,5945738,8.8,354779,19.0,418,11.3
"US000","5","51229","17","0","2026","1","",821,2622,2514,2762,49091514,25268721,608483,1434,"",1.00,1.00,1.00,1.00,1.00,1.00,1.00,1.00,"",2,0.2,340,14.9,184,7.9,237,9.4,-2252701,-4.4,-128716,-0.5,4551,0.8,-226,-13.6
"US000","5","512290","18","0","2026","1","",821,2622,2514,2762,49091514,25268721,608483,1434,"",1.00,1.00,1.00,1.00,1.00,1.00,1.00,1.00,"",2,0.2,340,14.9,184,7.9,237,9.4,-2252701,-4.4,-128716,-0.5,4551,0.8,-226,-13.6
"US000","5","513","15","0","2026","1","",133076,908007,907051,906080,47217605141,16337779921,334314562,4004,"",1.00,1.00,1.00,1.00,1.00,1.00,1.00,1.00,"",6912,5.5,193,0.0,1680,0.2,2300,0.3,910907980,2.0,648868225,4.1,40760858,13.9,71,1.8
"US000","5","5131","16","0","2026","1","",27121,235698,235178,233628,7918914661,2890806110,69509647,2594,"",1.00,1.00,1.00,1.00,1.00,1.00,1.00,1.00,"",-562,-2.0,-20175,-7.9,-19674,-7.7,-20121,-7.9,-289950390,-3.5,-88241184,-3.0,2373327,3.5,116,4.7
"US000","5","51311","17","0","2026","1","",6951,79009,78687,78078,2057928669,846416920,17314682,2014,"",1.00,1.00,1.00,1.00,1.00,1.00,1.00,1.00,"",-134,-1.9,-6551,-7.7,-6483,-7.6,-6474,-7.7,-12159455,-0.6,-15850769,-1.8,7739,0.0,143,7.6
"US000","5","513110","18","0","2026","1","",6951,79009,78687,78078,2057928669,846416920,17314682,2014,"",1.00,1.00,1.00,1.00,1.00,1.00,1.00,1.00,"",-134,-1.9,-6551,-7.7,-6483,-7.6,-6474,-7.7,-12159455,-0.6,-15850769,-1.8,7739,0.0,143,7.6
"US000","5","51312","17","0","2026","1","",7694,57301,57451,57032,2166329389,720383493,18153349,2910,"",1.00,1.00,1.00,1.00,1.00,1.00,1.00,1.00,"",-101,-1.3,-5094,-8.2,-4629,-7.5,-4804,-7.8,-86363126,-3.8,463916,0.1,1263471,7.5,120,4.3
"US000","5","513120","18","0","2026","1","",7694,57301,57451,57032,2166329389,720383493,18153349,2910,"",1.00,1.00,1.00,1.00,1.00,1.00,1.00,1.00,"",-101,-1.3,-5094,-8.2,-4629,-7.5,-4804,-7.8,-86363126,-3.8,463916,0.1,1263471,7.5,120,4.3
"US000","5","51313","17","0","2026","1","",5593,51719,51714,51649,1622124336,659901918,15008162,2414,"",1.00,1.00,1.00,1.00,1.00,1.00,1.00,1.00,"",146,2.7,-2018,-3.8,-2014,-3.7,-2142,-4.0,-23673516,-1.4,-29057673,-4.2,1764785,13.3,59,2.5
"US000","5","513130","18","0","2026","1","",5593,51719,51714,51649,1622124336,659901918,15008162,2414,"",1.00,1.00,1.00,1.00,1.00,1.00,1.00,1.00,"",146,2.7,-2018,-3.8,-2014,-3.7,-2142,-4.0,-23673516,-1.4,-29057673,-4.2,1764785,13.3,59,2.5
"US000","5","51314","17","0","2026","1","",1240,12979,12851,12767,476832486,212148039,5742785,2851,"",1.00,1.00,1.00,1.00,1.00,1.00,1.00,1.00,"",-88,-6.6,-1542,-10.6,-1496,-10.4,-1405,-9.9,-76448355,-13.8,-19326537,-8.3,-266296,-4.4,-116,-3.9
"US000","5","513140","18","0","2026","1","",1240,12979,12851,12767,476832486,212148039,5742785,2851,"",1.00,1.00,1.00,1.00,1.00,1.00,1.00,1.00,"",-88,-6.6,-1542,-10.6,-1496,-10.4,-1405,-9.9,-76448355,-13.8,-19326537,-8.3,-266296,-4.4,-116,-3.9
"US000","5","51319","17","0","2026","1","",5643,34690,34475,34102,1595699781,451955740,13290669,3566,"",1.00,1.00,1.00,1.00,1.00,1.00,1.00,1.00,"",-385,-6.4,-4970,-12.5,-5052,-12.8,-5296,-13.4,-91305938,-5.4,-24470121,-5.1,-396372,-2.9,283,8.6
"US000","5","513191","18","0","2026","1","",115,2316,2311,2282,32149624,18228489,214920,1074,"",1.00,1.00,1.00,1.00,1.00,1.00,1.00,1.00,"",4,3.6,-128,-5.2,-69,-2.9,-156,-6.4,-18558001,-36.6,-1641621,-8.3,10098,4.9,-537,-33.3
"US000","5","513199","18","0","2026","1","",5528,32374,32164,31820,1563550157,433727251,13075749,3745,"",1.00,1.00,1.00,1.00,1.00,1.00,1.00,1.00,"",-389,-6.6,-4842,-13.0,-4983,-13.4,-5140,-13.9,-72747937,-4.4,-22828500,-5.0,-406470,-3.0,353,10.4
"US000","5","5132","16","0","2026","1","",105955,672309,671873,672452,39298690480,13446973811,264804915,4497,"",1.00,1.00,1.00,1.00,1.00,1.00,1.00,1.00,"",7474,7.6,20368,3.1,21354,3.3,22421,3.4,1200858370,3.2,737109409,5.8,38387531,17.0,-6,-0.1
"US000","5","51321","17","0","2026","1","",105955,672309,671873,672452,39298690480,13446973811,264804915,4497,"",1.00,1.00,1.00,1.00,1.00,1.00,1.00,1.00,"",7474,7.6,20368,3.1,21354,3.3,22421,3.4,1200858370,3.2,737109409,5.8,38387531,17.0,-6,-0.1
"US000","5","513210","18","0","2026","1","",105955,672309,671873,672452,39298690480,13446973811,264804915,4497,"",1.00,1.00,1.00,1.00,1.00,1.00,1.00,1.00,"",7474,7.6,20368,3.1,21354,3.3,22421,3.4,1200858370,3.2,737109409,5.8,38387531,17.0,-6,-0.1
"US000","5","516","15","0","2026","1","",21228,339110,338697,338756,28242018824,4958812111,109010419,6411,"",1.00,1.00,1.00,1.00,1.00,1.00,1.00,1.00,"",544,2.6,-1159,-0.3,-1676,-0.5,-908,-0.3,446994116,1.6,384571616,8.4,12315827,12.7,124,2.0
"US000","5","5161","16","0","2026","1","",5986,109826,109655,109605,2892411053,1073276278,19788672,2028,"",1.00,1.00,1.00,1.00,1.00,1.00,1.00,1.00,"",42,0.7,-4913,-4.3,-4618,-4.0,-4311,-3.8,-15385526,-0.5,-22971549,-2.1,955696,5.1,71,3.6
"US000","5","51611","17","0","2026","1","",4175,47092,46911,46623,938681600,428450073,7668265,1540,"",1.00,1.00,1.00,1.00,1.00,1.00,1.00,1.00,"",-30,-0.7,-3296,-6.5,-3266,-6.5,-3013,-6.1,-59023171,-5.9,-15285220,-3.4,343791,4.7,7,0.5
"US000","5","516110","18","0","2026","1","",4175,47092,46911,46623,938681600,428450073,7668265,1540,"",1.00,1.00,1.00,1.00,1.00,1.00,1.00,1.00,"",-30,-0.7,-3296,-6.5,-3266,-6.5,-3013,-6.1,-59023171,-5.9,-15285220,-3.4,343791,4.7,7,0.5
"US000","5","51612","17","0","2026","1","",1811,62734,62744,62982,1953729453,644826205,12120407,2392,"",1.00,1.00,1.00,1.00,1.00,1.00,1.00,1.00,"",72,4.1,-1617,-2.5,-1352,-2.1,-1298,-2.0,43637645,2.3,-7686329,-1.2,611905,5.3,105,4.6
"US000","5","516120","18","0","2026","1","",1811,62734,62744,62982,1953729453,644826205,12120407,2392,"",1.00,1.00,1.00,1.00,1.00,1.00,1.00,1.00,"",72,4.1,-1617,-2.5,-1352,-2.1,-1298,-2.0,43637645,2.3,-7686329,-1.2,611905,5.3,105,4.6
"US000","5","5162","16","0","2026","1","",15242,229284,229042,229151,25349607771,3885535833,89221747,8509,"",1.00,1.00,1.00,1.00,1.00,1.00,1.00,1.00,"",502,3.4,3754,1.7,2942,1.3,3403,1.5,462379642,1.9,407543165,11.7,11360131,14.6,30,0.4
"US000","5","51621","17","0","2026","1","",15242,229284,229042,229151,25349607771,3885535833,89221747,8509,"",1.00,1.00,1.00,1.00,1.00,1.00,1.00,1.00,"",502,3.4,3754,1.7,2942,1.3,3403,1.5,462379642,1.9,407543165,11.7,11360131,14.6,30,0.4
"US000","5","516210","18","0","2026","1","",15242,229284,229042,229151,25349607771,3885535833,89221747,8509,"",1.00,1.00,1.00,1.00,1.00,1.00,1.00,1.00,"",502,3.4,3754,1.7,2942,1.3,3403,1.5,462379642,1.9,407543165,11.7,11360131,14.6,30,0.4
"US000","5","517","15","0","2026","1","",34818,581412,578885,575673,22402354330,8071114005,156405897,2978,"",1.00,1.00,1.00,1.00,1.00,1.00,1.00,1.00,"",-32,-0.1,-20131,-3.3,-19351,-3.2,-21857,-3.7,-49405013,-0.2,44236560,0.6,9979126,6.8,95,3.3
"US000","5","5171","16","0","2026","1","",28432,527132,525279,522107,19866327322,7383712316,142392349,2912,"",1.00,1.00,1.00,1.00,1.00,1.00,1.00,1.00,"",-163,-0.6,-20143,-3.7,-19228,-3.5,-21792,-4.0,-28667891,-0.1,29147500,0.4,9508901,7.2,105,3.7
"US000","5","51711","17","0","2026","1","",23933,492120,490462,487577,18804010684,6943582716,133209007,2952,"",1.00,1.00,1.00,1.00,1.00,1.00,1.00,1.00,"",-261,-1.1,-19340,-3.8,-18314,-3.6,-20836,-4.1,-14118333,-0.1,39939504,0.6,9269693,7.5,111,3.9
"US000","5","517111","18","0","2026","1","",17471,418192,416632,414289,15855094333,5663639612,107903299,2929,"",1.00,1.00,1.00,1.00,1.00,1.00,1.00,1.00,"",-325,-1.8,-16278,-3.7,-15144,-3.5,-17525,-4.1,151413602,1.0,983703,0.0,7679079,7.7,137,4.9
"US000","5","517112","18","0","2026","1","",6462,73928,73830,73288,2948916351,1279943104,25305708,3079,"",1.00,1.00,1.00,1.00,1.00,1.00,1.00,1.00,"",64,1.0,-3062,-4.0,-3170,-4.1,-3311,-4.3,-165531935,-5.3,38955801,3.1,1590614,6.7,-38,-1.2
"US000","5","51712","17","0","2026","1","",4499,35012,34817,34530,1062316638,440129600,9183342,2349,"",1.00,1.00,1.00,1.00,1.00,1.00,1.00,1.00,"",98,2.2,-803,-2.2,-914,-2.6,-956,-2.7,-14549558,-1.4,-10792004,-2.4,239208,2.7,27,1.2
"US000","5","517121","18","0","2026","1","",4499,35012,34817,34530,1062316638,440129600,9183342,2349,"",1.00,1.00,1.00,1.00,1.00,1.00,1.00,1.00,"",98,2.2,-803,-2.2,-914,-2.6,-956,-2.7,-14549558,-1.4,-10792004,-2.4,239208,2.7,27,1.2
"US000","5","5174","16","0","2026","1","",1073,9213,9150,9131,392409671,110659397,2972120,3294,"",1.00,1.00,1.00,1.00,1.00,1.00,1.00,1.00,"",39,3.8,-126,-1.3,-170,-1.8,-177,-1.9,29239837,8.1,2012038,1.9,72780,2.5,297,9.9
"US000","5","51741","17","0","2026","1","",1073,9213,9150,9131,392409671,110659397,2972120,3294,"",1.00,1.00,1.00,1.00,1.00,1.00,1.00,1.00,"",39,3.8,-126,-1.3,-170,-1.8,-177,-1.9,29239837,8.1,2012038,1.9,72780,2.5,297,9.9
"US000","5","517410","18","0","2026","1","",1073,9213,9150,9131,392409671,110659397,2972120,3294,"",1.00,1.00,1.00,1.00,1.00,1.00,1.00,1.00,"",39,3.8,-126,-1.3,-170,-1.8,-177,-1.9,29239837,8.1,2012038,1.9,72780,2.5,297,9.9
"US000","5","5178","16","0","2026","1","",5313,45067,44456,44435,2143617337,576742292,11041428,3693,"",1.00,1.00,1.00,1.00,1.00,1.00,1.00,1.00,"",92,1.8,138,0.3,47,0.1,112,0.3,-49976959,-2.3,13077022,2.3,397445,3.7,-94,-2.5
"US000","5","51781","17","0","2026","1","",5313,45067,44456,44435,2143617337,576742292,11041428,3693,"",1.00,1.00,1.00,1.00,1.00,1.00,1.00,1.00,"",92,1.8,138,0.3,47,0.1,112,0.3,-49976959,-2.3,13077022,2.3,397445,3.7,-94,-2.5
"US000","5","517810","18","0","2026","1","",5313,45067,44456,44435,2143617337,576742292,11041428,3693,"",1.00,1.00,1.00,1.00,1.00,1.00,1.00,1.00,"",92,1.8,138,0.3,47,0.1,112,0.3,-49976959,-2.3,13077022,2.3,397445,3.7,-94,-2.5
"US000","5","518","15","0","2026","1","",55979,488739,489673,488955,27547562948,7179488790,160734212,4332,"",1.00,1.00,1.00,1.00,1.00,1.00,1.00,1.00,"",1020,1.9,4903,1.0,6146,1.3,6117,1.3,1026262534,3.9,261841865,3.8,14566976,10.0,112,2.7
"US000","5","5182","16","0","2026","1","",55979,488739,489673,488955,27547562948,7179488790,160734212,4332,"",1.00,1.00,1.00,1.00,1.00,1.00,1.00,1.00,"",1020,1.9,4903,1.0,6146,1.3,6117,1.3,1026262534,3.9,261841865,3.8,14566976,10.0,112,2.7
"US000","5","51821","17","0","2026","1","",55979,488739,489673,488955,27547562948,7179488790,160734212,4332,"",1.00,1.00,1.00,1.00,1.00,1.00,1.00,1.00,"",1020,1.9,4903,1.0,6146,1.3,6117,1.3,1026262534,3.9,261841865,3.8,14566976,10.0,112,2.7
"US000","5","518210","18","0","2026","1","",55979,488739,489673,488955,27547562948,7179488790,160734212,4332,"",1.00,1.00,1.00,1.00,1.00,1.00,1.00,1.00,"",1020,1.9,4903,1.0,6146,1.3,6117,1.3,1026262534,3.9,261841865,3.8,14566976,10.0,112,2.7
"US000","5","519","15","0","2026","1","",16309,169603,169848,169945,20066561253,2595324460,54568509,9091,"",1.00,1.00,1.00,1.00,1.00,1.00,1.00,1.00,"",-281,-1.7,-9169,-5.1,-9182,-5.1,-8460,-4.7,3005648042,17.6,78260271,3.1,3465505,6.8,1748,23.8
"US000","5","5192","16","0","2026","1","",16309,169603,169848,169945,20066561253,2595324460,54568509,9091,"",1.00,1.00,1.00,1.00,1.00,1.00,1.00,1.00,"",-281,-1.7,-9169,-5.1,-9182,-5.1,-8460,-4.7,3005648042,17.6,78260271,3.1,3465505,6.8,1748,23.8
"US000","5","51921","17","0","2026","1","",2485,27623,27685,27645,363874667,114838533,2211250,1012,"",1.00,1.00,1.00,1.00,1.00,1.00,1.00,1.00,"",93,3.9,107,0.4,3,0.0,-90,-0.3,7260613,2.0,4324192,3.9,61189,2.8,20,2.0
"US000","5","519210","18","0","2026","1","",2485,27623,27685,27645,363874667,114838533,2211250,1012,"",1.00,1.00,1.00,1.00,1.00,1.00,1.00,1.00,"",93,3.9,107,0.4,3,0.0,-90,-0.3,7260613,2.0,4324192,3.9,61189,2.8,20,2.0
"US000","5","51929","17","0","2026","1","",13824,141980,142163,142300,19702686586,2480485927,52357259,10662,"",1.00,1.00,1.00,1.00,1.00,1.00,1.00,1.00,"",-374,-2.6,-9276,-6.1,-9185,-6.1,-8370,-5.6,2998387429,17.9,73936079,3.1,3404316,7.0,2158,25.4
"US000","5","519290","18","0","2026","1","",13824,141980,142163,142300,19702686586,2480485927,52357259,10662,"",1.00,1.00,1.00,1.00,1.00,1.00,1.00,1.00,"",-374,-2.6,-9276,-6.1,-9185,-6.1,-8370,-5.6,2998387429,17.9,73936079,3.1,3404316,7.0,2158,25.4
"US000","5","52","14","0","2026","1","",592531,6327667,6326726,6306484,361886883548,84109454911,1377828696,4404,"",1.00,1.00,1.00,1.00,1.00,1.00,1.00,1.00,"",13089,2.3,34276,0.5,28507,0.5,14207,0.2,30811357489,9.3,5275882644,6.7,112688395,8.9,358,8.8
"US000","5","521","15","0","2026","1","",575,19840,19833,19737,768126705,251323742,2983988,2984,"",1.00,1.00,1.00,1.00,1.00,1.00,1.00,1.00,"",28,5.1,-704,-3.4,-764,-3.7,-940,-4.5,3859990,0.5,1677106,0.7,94590,3.3,131,4.6
"US000","5","5211","16","0","2026","1","",575,19840,19833,19737,768126705,251323742,2983988,2984,"",1.00,1.00,1.00,1.00,1.00,1.00,1.00,1.00,"",28,5.1,-704,-3.4,-764,-3.7,-940,-4.5,3859990,0.5,1677106,0.7,94590,3.3,131,4.6
"US000","5","52111","17","0","2026","1","",575,19840,19833,19737,768126705,251323742,2983988,2984,"",1.00,1.00,1.00,1.00,1.00,1.00,1.00,1.00,"",28,5.1,-704,-3.4,-764,-3.7,-940,-4.5,3859990,0.5,1677106,0.7,94590,3.3,131,4.6
"US000","5","521110","18","0","2026","1","",575,19840,19833,19737,768126705,251323742,2983988,2984,"",1.00,1.00,1.00,1.00,1.00,1.00,1.00,1.00,"",28,5.1,-704,-3.4,-764,-3.7,-940,-4.5,3859990,0.5,1677106,0.7,94590,3.3,131,4.6
"US000","5","522","15","0","2026","1","",192145,2564622,2563387,2557920,113182478709,32364511243,532769394,3398,"",1.00,1.00,1.00,1.00,1.00,1.00,1.00,1.00,"",1561,0.8,6914,0.3,5352,0.2,-757,0.0,9154072506,8.8,2401115747,8.0,42987469,8.8,270,8.6
"US000","5","5221","16","0","2026","1","",107183,1781226,1779909,1778544,78007780924,22735850081,326426193,3371,"",1.00,1.00,1.00,1.00,1.00,1.00,1.00,1.00,"",870,0.8,4603,0.3,5133,0.3,1149,0.1,6608412713,9.3,1959369237,9.4,35276700,12.1,279,9.0
"US000","5","52211","17","0","2026","1","",79529,1370666,1369323,1368234,67539607301,17836693210,258380491,3794,"",1.00,1.00,1.00,1.00,1.00,1.00,1.00,1.00,"",722,0.9,-1299,-0.1,-535,0.0,-4226,-0.3,5706157042,9.2,1728665515,10.7,28117402,12.2,326,9.4
"US000","5","522110","18","0","2026","1","",79529,1370666,1369323,1368234,67539607301,17836693210,258380491,3794,"",1.00,1.00,1.00,1.00,1.00,1.00,1.00,1.00,"",722,0.9,-1299,-0.1,-535,0.0,-4226,-0.3,5706157042,9.2,1728665515,10.7,28117402,12.2,326,9.4
"US000","5","52213","17","0","2026","1","",20568,318719,319073,319079,7348861241,3683555975,46162828,1772,"",1.00,1.00,1.00,1.00,1.00,1.00,1.00,1.00,"",248,1.2,7204,2.3,7136,2.3,7130,2.3,656271024,9.8,203936706,5.9,4445093,10.7,121,7.3
"US000","5","522130","18","0","2026","1","",20568,318719,319073,319079,7348861241,3683555975,46162828,1772,"",1.00,1.00,1.00,1.00,1.00,1.00,1.00,1.00,"",248,1.2,7204,2.3,7136,2.3,7130,2.3,656271024,9.8,203936706,5.9,4445093,10.7,121,7.3
"US000","5","52218","17","0","2026","1","",7086,91841,91513,91231,3119312382,1215600896,21882874,2622,"",1.00,1.00,1.00,1.00,1.00,1.00,1.00,1.00,"",-100,-1.4,-1302,-1.4,-1468,-1.6,-1755,-1.9,245984647,8.6,26767016,2.3,2714205,14.2,246,10.4
"US000","5","522180","18","0","2026","1","",7086,91841,91513,91231,3119312382,1215600896,21882874,2622,"",1.00,1.00,1.00,1.00,1.00,1.00,1.00,1.00,"",-100,-1.4,-1302,-1.4,-1468,-1.6,-1755,-1.9,245984647,8.6,26767016,2.3,2714205,14.2,246,10.4
"US000","5","5222","16","0","2026","1","",50459,502305,503226,500901,21834786819,6152362293,125026203,3345,"",1.00,1.00,1.00,1.00,1.00,1.00,1.00,1.00,"",-86,-0.2,197,0.0,-395,-0.1,-1708,-0.3,1773961803,8.8,230088538,3.9,1539347,1.2,276,9.0
"US000","5","52221","17","0","2026","1","",1005,64797,65493,65159,3793723233,802092920,12616382,4479,"",1.00,1.00,1.00,1.00,1.00,1.00,1.00,1.00,"",19,1.9,1180,1.9,1255,2.0,1032,1.6,475062813,14.3,31254888,4.1,3109839,32.7,490,12.3
"US000","5","522210","18","0","2026","1","",1005,64797,65493,65159,3793723233,802092920,12616382,4479,"",1.00,1.00,1.00,1.00,1.00,1.00,1.00,1.00,"",19,1.9,1180,1.9,1255,2.0,1032,1.6,475062813,14.3,31254888,4.1,3109839,32.7,490,12.3
"US000","5","52222","17","0","2026","1","",6281,81050,81271,80780,3695445592,972624168,19407357,3508,"",1.00,1.00,1.00,1.00,1.00,1.00,1.00,1.00,"",-10,-0.2,-1900,-2.3,-1815,-2.2,-2318,-2.8,311044427,9.2,-20713632,-2.1,-595590,-3.0,373,11.9
"US000","5","522220","18","0","2026","1","",6281,81050,81271,80780,3695445592,972624168,19407357,3508,"",1.00,1.00,1.00,1.00,1.00,1.00,1.00,1.00,"",-10,-0.2,-1900,-2.3,-1815,-2.2,-2318,-2.8,311044427,9.2,-20713632,-2.1,-595590,-3.0,373,11.9
"US000","5","52229","17","0","2026","1","",43173,356458,356462,354962,14345617994,4377645205,93002464,3100,"",1.00,1.00,1.00,1.00,1.00,1.00,1.00,1.00,"",-95,-0.2,917,0.3,165,0.0,-422,-0.1,987854563,7.4,219547282,5.3,-974902,-1.0,212,7.3
"US000","5","522291","18","0","2026","1","",15528,90476,90623,90291,3302900614,1061117128,20935820,2809,"",1.00,1.00,1.00,1.00,1.00,1.00,1.00,1.00,"",163,1.1,2123,2.4,1960,2.2,1808,2.0,44582378,1.4,58109306,5.8,2161154,11.5,-23,-0.8
"US000","5","522292","18","0","2026","1","",17596,181475,181113,180257,7117063818,2278370506,58176494,3026,"",1.00,1.00,1.00,1.00,1.00,1.00,1.00,1.00,"",-197,-1.1,527,0.3,-39,0.0,-497,-0.3,726227722,11.4,125873770,5.8,-2774213,-4.6,309,11.4
"US000","5","522299","18","0","2026","1","",10049,84507,84726,84414,3925653562,1038157571,13890150,3572,"",1.00,1.00,1.00,1.00,1.00,1.00,1.00,1.00,"",-61,-0.6,-1733,-2.0,-1756,-2.0,-1733,-2.0,217044463,5.9,35564206,3.5,-361843,-2.5,266,8.0
"US000","5","5223","16","0","2026","1","",34503,281091,280252,278475,13339910966,3476298869,81316998,3666,"",1.00,1.00,1.00,1.00,1.00,1.00,1.00,1.00,"",777,2.3,2114,0.8,614,0.2,-198,-0.1,771697990,6.1,211657972,6.5,6171422,8.2,202,5.8
"US000","5","52231","17","0","2026","1","",17478,85570,86298,86039,3056374210,1073997759,30665839,2735,"",1.00,1.00,1.00,1.00,1.00,1.00,1.00,1.00,"",608,3.6,4451,5.5,5230,6.5,4727,5.8,484684206,18.8,106193983,11.0,1466636,5.0,298,12.2
"US000","5","522310","18","0","2026","1","",17478,85570,86298,86039,3056374210,1073997759,30665839,2735,"",1.00,1.00,1.00,1.00,1.00,1.00,1.00,1.00,"",608,3.6,4451,5.5,5230,6.5,4727,5.8,484684206,18.8,106193983,11.0,1466636,5.0,298,12.2
"US000","5","52232","17","0","2026","1","",9711,126554,124859,123989,6951134531,1645687142,34542879,4273,"",1.00,1.00,1.00,1.00,1.00,1.00,1.00,1.00,"",177,1.9,-1159,-0.9,-3447,-2.7,-3394,-2.7,93862008,1.4,64190078,4.1,3619793,11.7,146,3.5
"US000","5","522320","18","0","2026","1","",9711,126554,124859,123989,6951134531,1645687142,34542879,4273,"",1.00,1.00,1.00,1.00,1.00,1.00,1.00,1.00,"",177,1.9,-1159,-0.9,-3447,-2.7,-3394,-2.7,93862008,1.4,64190078,4.1,3619793,11.7,146,3.5
"US000","5","52239","17","0","2026","1","",7314,68967,69095,68447,3332402225,756613968,16108280,3724,"",1.00,1.00,1.00,1.00,1.00,1.00,1.00,1.00,"",-8,-0.1,-1178,-1.7,-1169,-1.7,-1531,-2.2,193151776,6.2,41273911,5.8,1084993,7.2,281,8.2
"US000","5","522390","18","0","2026","1","",7314,68967,69095,68447,3332402225,756613968,16108280,3724,"",1.00,1.00,1.00,1.00,1.00,1.00,1.00,1.00,"",-8,-0.1,-1178,-1.7,-1169,-1.7,-1531,-2.2,193151776,6.2,41273911,5.8,1084993,7.2,281,8.2
"US000","5","523","15","0","2026","1","",158388,1113638,1116417,1111745,147688374787,17982609614,323264698,10199,"",1.00,1.00,1.00,1.00,1.00,1.00,1.00,1.00,"",5602,3.7,26523,2.4,26543,2.4,24343,2.2,16890802377,12.9,1811776346,11.2,34729877,12.0,953,10.3
"US000","5","5231","16","0","2026","1","",40957,474140,474898,472581,70634159320,7810659848,125399217,11466,"",1.00,1.00,1.00,1.00,1.00,1.00,1.00,1.00,"",-256,-0.6,1745,0.4,1742,0.4,475,0.1,7270073697,11.5,592538975,8.2,11675003,10.3,1151,11.2
"US000","5","52315","17","0","2026","1","",37426,448014,448635,446467,66354459819,7402821787,115888360,11401,"",1.00,1.00,1.00,1.00,1.00,1.00,1.00,1.00,"",-293,-0.8,1165,0.3,1054,0.2,-184,0.0,6466409703,10.8,553254771,8.1,10207947,9.7,1096,10.6
"US000","5","523150","18","0","2026","1","",37426,448014,448635,446467,66354459819,7402821787,115888360,11401,"",1.00,1.00,1.00,1.00,1.00,1.00,1.00,1.00,"",-293,-0.8,1165,0.3,1054,0.2,-184,0.0,6466409703,10.8,553254771,8.1,10207947,9.7,1096,10.6
"US000","5","52316","17","0","2026","1","",3531,26126,26263,26114,4279699501,407838061,9510857,12581,"",1.00,1.00,1.00,1.00,1.00,1.00,1.00,1.00,"",37,1.1,580,2.3,688,2.7,659,2.6,803663994,23.1,39284204,10.7,1467056,18.2,2106,20.1
"US000","5","523160","18","0","2026","1","",3531,26126,26263,26114,4279699501,407838061,9510857,12581,"",1.00,1.00,1.00,1.00,1.00,1.00,1.00,1.00,"",37,1.1,580,2.3,688,2.7,659,2.6,803663994,23.1,39284204,10.7,1467056,18.2,2106,20.1
"US000","5","5232","16","0","2026","1","",1167,8564,8561,8588,1046982307,138450344,3310032,9396,"",1.00,1.00,1.00,1.00,1.00,1.00,1.00,1.00,"",156,15.4,252,3.0,192,2.3,161,1.9,167754518,19.1,13445050,10.8,-49724,-1.5,1315,16.3
"US000","5","52321","17","0","2026","1","",1167,8564,8561,8588,1046982307,138450344,3310032,9396,"",1.00,1.00,1.00,1.00,1.00,1.00,1.00,1.00,"",156,15.4,252,3.0,192,2.3,161,1.9,167754518,19.1,13445050,10.8,-49724,-1.5,1315,16.3
"US000","5","523210","18","0","2026","1","",1167,8564,8561,8588,1046982307,138450344,3310032,9396,"",1.00,1.00,1.00,1.00,1.00,1.00,1.00,1.00,"",156,15.4,252,3.0,192,2.3,161,1.9,167754518,19.1,13445050,10.8,-49724,-1.5,1315,16.3
"US000","5","5239","16","0","2026","1","",116264,630934,632958,630576,76007233160,10033499422,194555449,9259,"",1.00,1.00,1.00,1.00,1.00,1.00,1.00,1.00,"",5702,5.2,24526,4.0,24609,4.0,23707,3.9,9452974162,14.2,1205792321,13.7,23104598,13.5,828,9.8
"US000","5","52391","17","0","2026","1","",10126,34078,34118,34020,3457363013,474833213,10720235,7806,"",1.00,1.00,1.00,1.00,1.00,1.00,1.00,1.00,"",435,4.5,556,1.7,613,1.8,512,1.5,214900277,6.6,26817479,6.0,521365,5.1,363,4.9
"US000","5","523910","18","0","2026","1","",10126,34078,34118,34020,3457363013,474833213,10720235,7806,"",1.00,1.00,1.00,1.00,1.00,1.00,1.00,1.00,"",435,4.5,556,1.7,613,1.8,512,1.5,214900277,6.6,26817479,6.0,521365,5.1,363,4.9
"US000","5","52394","17","0","2026","1","",93928,533551,535296,533113,68089907507,8630683355,165156809,9809,"",1.00,1.00,1.00,1.00,1.00,1.00,1.00,1.00,"",4321,4.8,20223,3.9,20371,4.0,19559,3.8,9108075799,15.4,1074977409,14.2,19253991,13.2,981,11.1
"US000","5","523940","18","0","2026","1","",93928,533551,535296,533113,68089907507,8630683355,165156809,9809,"",1.00,1.00,1.00,1.00,1.00,1.00,1.00,1.00,"",4321,4.8,20223,3.9,20371,4.0,19559,3.8,9108075799,15.4,1074977409,14.2,19253991,13.2,981,11.1
"US000","5","52399","17","0","2026","1","",12210,63305,63544,63443,4459962640,927982854,18678405,5409,"",1.00,1.00,1.00,1.00,1.00,1.00,1.00,1.00,"",946,8.4,3747,6.3,3625,6.0,3636,6.1,129998086,3.0,103997433,12.6,3329242,21.7,-164,-2.9
"US000","5","523991","18","0","2026","1","",3007,22304,22396,22374,972809118,298374520,5038832,3347,"",1.00,1.00,1.00,1.00,1.00,1.00,1.00,1.00,"",52,1.8,824,3.8,824,3.8,838,3.9,93838802,10.7,24183002,8.8,696251,16.0,206,6.6
"US000","5","523999","18","0","2026","1","",9203,41001,41148,41069,3487153522,629608334,13639573,6531,"",1.00,1.00,1.00,1.00,1.00,1.00,1.00,1.00,"",894,10.8,2923,7.7,2801,7.3,2798,7.3,36159284,1.0,79814431,14.5,2632991,23.9,-412,-5.9
"US000","5","524","15","0","2026","1","",230857,2593878,2587520,2580737,97085496768,32871965373,504663177,2886,"",1.00,1.00,1.00,1.00,1.00,1.00,1.00,1.00,"",5555,2.5,-1324,-0.1,-9119,-0.4,-11805,-0.5,3974557150,4.3,932460849,2.9,32386611,6.9,126,4.6
"US000","5","5241","16","0","2026","1","",35544,1193159,1189677,1188787,51057761874,15889920729,248211633,3299,"",1.00,1.00,1.00,1.00,1.00,1.00,1.00,1.00,"",423,1.2,-13616,-1.1,-15830,-1.3,-16532,-1.4,2069983062,4.2,127788295,0.8,13865799,5.9,174,5.6
"US000","5","52411","17","0","2026","1","",13664,640464,636160,636556,25970217032,8502980013,131283062,3133,"",1.00,1.00,1.00,1.00,1.00,1.00,1.00,1.00,"",54,0.4,-8934,-1.4,-11174,-1.7,-10136,-1.6,877583265,3.5,-5800548,-0.1,7510267,6.1,153,5.1
"US000","5","524113","18","0","2026","1","",5203,205133,203715,204419,11177758861,3019746696,42289082,4206,"",1.00,1.00,1.00,1.00,1.00,1.00,1.00,1.00,"",17,0.3,-4032,-1.9,-4074,-2.0,-3861,-1.9,560561634,5.3,-98755121,-3.2,449220,1.1,287,7.3
"US000","5","524114","18","0","2026","1","",8461,435331,432445,432137,14792458171,5483233317,88993980,2626,"",1.00,1.00,1.00,1.00,1.00,1.00,1.00,1.00,"",37,0.4,-4902,-1.1,-7100,-1.6,-6275,-1.4,317021631,2.2,92954573,1.7,7061047,8.6,92,3.6
"US000","5","52412","17","0","2026","1","",20662,522347,523301,522061,22796992039,6838135040,109398307,3356,"",1.00,1.00,1.00,1.00,1.00,1.00,1.00,1.00,"",338,1.7,-4287,-0.8,-4097,-0.8,-5841,-1.1,1172688001,5.4,113806282,1.7,6333779,6.1,201,6.4
"US000","5","524126","18","0","2026","1","",12921,448420,449467,448143,20143884022,5918100986,87012482,3454,"",1.00,1.00,1.00,1.00,1.00,1.00,1.00,1.00,"",294,2.3,-5215,-1.1,-5003,-1.1,-6799,-1.5,970551856,5.1,72337015,1.2,6397720,7.9,208,6.4
"US000","5","524127","18","0","2026","1","",5512,54331,54249,54328,2050490423,688439942,17609499,2905,"",1.00,1.00,1.00,1.00,1.00,1.00,1.00,1.00,"",-51,-0.9,655,1.2,762,1.4,720,1.3,174404891,9.3,43172166,6.7,-53356,-0.3,212,7.9
"US000","5","524128","18","0","2026","1","",2229,19596,19585,19590,602617594,231594112,4776326,2366,"",1.00,1.00,1.00,1.00,1.00,1.00,1.00,1.00,"",95,4.5,273,1.4,144,0.7,238,1.2,27731254,4.8,-1702899,-0.7,-10585,-0.2,83,3.6
"US000","5","52413","17","0","2026","1","",1218,30348,30216,30170,2290552803,548805676,7530264,5826,"",1.00,1.00,1.00,1.00,1.00,1.00,1.00,1.00,"",31,2.6,-395,-1.3,-559,-1.8,-555,-1.8,19711796,0.9,19782561,3.7,21753,0.3,145,2.6
"US000","5","524130","18","0","2026","1","",1218,30348,30216,30170,2290552803,548805676,7530264,5826,"",1.00,1.00,1.00,1.00,1.00,1.00,1.00,1.00,"",31,2.6,-395,-1.3,-559,-1.8,-555,-1.8,19711796,0.9,19782561,3.7,21753,0.3,145,2.6
"US000","5","5242","16","0","2026","1","",195313,1400719,1397843,1391950,46027734894,16982044644,256451544,2535,"",1.00,1.00,1.00,1.00,1.00,1.00,1.00,1.00,"",5132,2.7,12292,0.9,6711,0.5,4727,0.3,1904574088,4.3,804672554,5.0,18520812,7.8,91,3.7
"US000","5","52421","17","0","2026","1","",164561,1010149,1008766,1003742,33691143633,12116879581,174130033,2572,"",1.00,1.00,1.00,1.00,1.00,1.00,1.00,1.00,"",4267,2.7,13722,1.4,10105,1.0,8373,0.8,1517288503,4.7,645317689,5.6,13641558,8.5,89,3.6
"US000","5","524210","18","0","2026","1","",164561,1010149,1008766,1003742,33691143633,12116879581,174130033,2572,"",1.00,1.00,1.00,1.00,1.00,1.00,1.00,1.00,"",4267,2.7,13722,1.4,10105,1.0,8373,0.8,1517288503,4.7,645317689,5.6,13641558,8.5,89,3.6
"US000","5","52429","17","0","2026","1","",30752,390570,389077,388208,12336591261,4865165063,82321511,2438,"",1.00,1.00,1.00,1.00,1.00,1.00,1.00,1.00,"",865,2.9,-1430,-0.4,-3394,-0.9,-3646,-0.9,387285585,3.2,159354865,3.4,4879254,6.3,94,4.0
"US000","5","524291","18","0","2026","1","",8629,58699,58497,58520,1669783231,710577621,11526964,2193,"",1.00,1.00,1.00,1.00,1.00,1.00,1.00,1.00,"",68,0.8,-3666,-5.9,-4618,-7.3,-4554,-7.2,-53803615,-3.1,-38719962,-5.2,-936636,-7.5,84,4.0
"US000","5","524292","18","0","2026","1","",10047,226440,225618,225085,6651665623,2830456695,46769771,2267,"",1.00,1.00,1.00,1.00,1.00,1.00,1.00,1.00,"",235,2.4,-1364,-0.6,-1918,-0.8,-2302,-1.0,199414906,3.1,116103145,4.3,2706556,6.1,86,3.9
"US000","5","524298","18","0","2026","1","",12076,105431,104962,104603,4015142407,1324130747,24024776,2942,"",1.00,1.00,1.00,1.00,1.00,1.00,1.00,1.00,"",562,4.9,3600,3.5,3142,3.1,3210,3.2,241674294,6.4,81971682,6.6,3109334,14.9,87,3.0
"US000","5","525","15","0","2026","1","",10566,35689,39569,36345,3162406579,639044939,14147439,6539,"",1.00,1.00,1.00,1.00,1.00,1.00,1.00,1.00,"",343,3.4,2867,8.7,6495,19.6,3366,10.2,788065466,33.2,128852596,25.3,2489848,21.4,997,18.0
"US000","5","5251","16","0","2026","1","",2194,13651,17058,13689,491780122,158740104,2685344,2556,"",1.00,1.00,1.00,1.00,1.00,1.00,1.00,1.00,"",58,2.7,253,1.9,3767,28.3,459,3.5,2392782,0.5,9214465,6.2,5823,0.2,-273,-9.7
"US000","5","52511","17","0","2026","1","",1011,5615,5644,5652,195856204,57635561,1284785,2673,"",1.00,1.00,1.00,1.00,1.00,1.00,1.00,1.00,"",25,2.5,21,0.4,52,0.9,63,1.1,-15409543,-7.3,1960463,3.5,37204,3.0,-233,-8.0
"US000","5","525110","18","0","2026","1","",1011,5615,5644,5652,195856204,57635561,1284785,2673,"",1.00,1.00,1.00,1.00,1.00,1.00,1.00,1.00,"",25,2.5,21,0.4,52,0.9,63,1.1,-15409543,-7.3,1960463,3.5,37204,3.0,-233,-8.0
"US000","5","52512","17","0","2026","1","",760,5549,8690,5536,190882260,60921823,1080030,2228,"",1.00,1.00,1.00,1.00,1.00,1.00,1.00,1.00,"",9,1.2,29,0.5,3290,60.9,243,4.6,7680041,4.2,2746848,4.7,-37431,-3.3,-380,-14.6
"US000","5","525120","18","0","2026","1","",760,5549,8690,5536,190882260,60921823,1080030,2228,"",1.00,1.00,1.00,1.00,1.00,1.00,1.00,1.00,"",9,1.2,29,0.5,3290,60.9,243,4.6,7680041,4.2,2746848,4.7,-37431,-3.3,-380,-14.6
"US000","5","52519","17","0","2026","1","",423,2487,2724,2501,105041658,40182720,320529,3143,"",1.00,1.00,1.00,1.00,1.00,1.00,1.00,1.00,"",24,6.0,203,8.9,425,18.5,153,6.5,10122284,10.7,4507154,12.6,6050,1.9,-17,-0.5
"US000","5","525190","18","0","2026","1","",423,2487,2724,2501,105041658,40182720,320529,3143,"",1.00,1.00,1.00,1.00,1.00,1.00,1.00,1.00,"",24,6.0,203,8.9,425,18.5,153,6.5,10122284,10.7,4507154,12.6,6050,1.9,-17,-0.5
"US000","5","5259","16","0","2026","1","",8372,22038,22511,22656,2670626457,480304835,11462095,9170,"",1.00,1.00,1.00,1.00,1.00,1.00,1.00,1.00,"",285,3.5,2614,13.5,2728,13.8,2907,14.7,785672684,41.7,119638131,33.2,2484025,27.7,1792,24.3
"US000","5","52591","17","0","2026","1","",1645,5559,5619,5645,1045302286,178159558,4839207,14339,"",1.00,1.00,1.00,1.00,1.00,1.00,1.00,1.00,"",173,11.8,1487,36.5,1535,37.6,1516,36.7,521514182,99.6,60607509,51.6,1277302,35.9,4500,45.7
"US000","5","525910","18","0","2026","1","",1645,5559,5619,5645,1045302286,178159558,4839207,14339,"",1.00,1.00,1.00,1.00,1.00,1.00,1.00,1.00,"",173,11.8,1487,36.5,1535,37.6,1516,36.7,521514182,99.6,60607509,51.6,1277302,35.9,4500,45.7
"US000","5","52592","17","0","2026","1","",3171,3559,3862,3968,212163330,90799497,1804410,4299,"",1.00,1.00,1.00,1.00,1.00,1.00,1.00,1.00,"",-31,-1.0,-232,-6.1,-89,-2.3,105,2.7,4425308,2.1,4950442,5.8,-40037,-2.2,168,4.1
"US000","5","525920","18","0","2026","1","",3171,3559,3862,3968,212163330,90799497,1804410,4299,"",1.00,1.00,1.00,1.00,1.00,1.00,1.00,1.00,"",-31,-1.0,-232,-6.1,-89,-2.3,105,2.7,4425308,2.1,4950442,5.8,-40037,-2.2,168,4.1
"US000","5","52599","17","0","2026","1","",3556,12920,13030,13043,1413160841,211345780,4818478,8363,"",1.00,1.00,1.00,1.00,1.00,1.00,1.00,1.00,"",143,4.2,1359,11.8,1282,10.9,1286,10.9,259733194,22.5,54080180,34.4,1246760,34.9,772,10.2
"US000","5","525990","18","0","2026","1","",3556,12920,13030,13043,1413160841,211345780,4818478,8363,"",1.00,1.00,1.00,1.00,1.00,1.00,1.00,1.00,"",143,4.2,1359,11.8,1282,10.9,1286,10.9,259733194,22.5,54080180,34.4,1246760,34.9,772,10.2
"US000","5","53","14","0","2026","1","",498881,2373447,2373764,2372997,52696091950,24249358327,454572605,1708,"",1.00,1.00,1.00,1.00,1.00,1.00,1.00,1.00,"",9794,2.0,8967,0.4,1845,0.1,-1729,-0.1,1442667576,2.8,880179383,3.8,20514393,4.7,45,2.7
"US000","5","531","15","0","2026","1","",435977,1795385,1795442,1790764,41053225369,18407718478,351386494,1760,"",1.00,1.00,1.00,1.00,1.00,1.00,1.00,1.00,"",8709,2.0,5971,0.3,756,0.0,-3980,-0.2,1682509483,4.3,752626644,4.3,16566545,4.9,71,4.2
"US000","5","5311","16","0","2026","1","",123583,622440,622416,621364,14128589539,6204753274,118597231,1747,"",1.00,1.00,1.00,1.00,1.00,1.00,1.00,1.00,"",1420,1.2,-2799,-0.4,-5210,-0.8,-6354,-1.0,375647624,2.7,274474190,4.6,4817528,4.2,59,3.5
"US000","5","53111","17","0","2026","1","",66252,367604,367228,366118,6541033734,3687522895,69150731,1371,"",1.00,1.00,1.00,1.00,1.00,1.00,1.00,1.00,"",187,0.3,-1655,-0.4,-2885,-0.8,-3765,-1.0,58479496,0.9,174274088,5.0,2112886,3.2,22,1.6
"US000","5","531110","18","0","2026","1","",66252,367604,367228,366118,6541033734,3687522895,69150731,1371,"",1.00,1.00,1.00,1.00,1.00,1.00,1.00,1.00,"",187,0.3,-1655,-0.4,-2885,-0.8,-3765,-1.0,58479496,0.9,174274088,5.0,2112886,3.2,22,1.6
"US000","5","53112","17","0","2026","1","",27039,152940,153453,153883,5670597936,1606068339,31483443,2843,"",1.00,1.00,1.00,1.00,1.00,1.00,1.00,1.00,"",26,0.1,-1649,-1.1,-2300,-1.5,-2081,-1.3,149684586,2.7,55927827,3.6,1229414,4.1,111,4.1
"US000","5","531120","18","0","2026","1","",27039,152940,153453,153883,5670597936,1606068339,31483443,2843,"",1.00,1.00,1.00,1.00,1.00,1.00,1.00,1.00,"",26,0.1,-1649,-1.1,-2300,-1.5,-2081,-1.3,149684586,2.7,55927827,3.6,1229414,4.1,111,4.1
"US000","5","53113","17","0","2026","1","",19557,59924,59790,59667,888050651,514731891,9950984,1142,"",1.00,1.00,1.00,1.00,1.00,1.00,1.00,1.00,"",975,5.2,-107,-0.2,-491,-0.8,-680,-1.1,63920593,7.8,18392766,3.7,648236,7.0,89,8.5
"US000","5","531130","18","0","2026","1","",19557,59924,59790,59667,888050651,514731891,9950984,1142,"",1.00,1.00,1.00,1.00,1.00,1.00,1.00,1.00,"",975,5.2,-107,-0.2,-491,-0.8,-680,-1.1,63920593,7.8,18392766,3.7,648236,7.0,89,8.5
"US000","5","53119","17","0","2026","1","",10735,41972,41945,41696,1028907218,396430149,8012073,1890,"",1.00,1.00,1.00,1.00,1.00,1.00,1.00,1.00,"",232,2.2,612,1.5,466,1.1,172,0.4,103562949,11.2,25879509,7.0,826992,11.5,173,10.1
"US000","5","531190","18","0","2026","1","",10735,41972,41945,41696,1028907218,396430149,8012073,1890,"",1.00,1.00,1.00,1.00,1.00,1.00,1.00,1.00,"",232,2.2,612,1.5,466,1.1,172,0.4,103562949,11.2,25879509,7.0,826992,11.5,173,10.1
"US000","5","5312","16","0","2026","1","",159989,326427,326372,324321,8088070084,3358974258,61709458,1910,"",1.00,1.00,1.00,1.00,1.00,1.00,1.00,1.00,"",2471,1.6,-5308,-1.6,-5122,-1.5,-6305,-1.9,223185895,2.8,66915345,2.0,803902,1.3,84,4.6
"US000","5","53121","17","0","2026","1","",159989,326427,326372,324321,8088070084,3358974258,61709458,1910,"",1.00,1.00,1.00,1.00,1.00,1.00,1.00,1.00,"",2471,1.6,-5308,-1.6,-5122,-1.5,-6305,-1.9,223185895,2.8,66915345,2.0,803902,1.3,84,4.6
"US000","5","531210","18","0","2026","1","",159989,326427,326372,324321,8088070084,3358974258,61709458,1910,"",1.00,1.00,1.00,1.00,1.00,1.00,1.00,1.00,"",2471,1.6,-5308,-1.6,-5122,-1.5,-6305,-1.9,223185895,2.8,66915345,2.0,803902,1.3,84,4.6
"US000","5","5313","16","0","2026","1","",152405,846518,846654,845079,18836565746,8843990946,171079805,1713,"",1.00,1.00,1.00,1.00,1.00,1.00,1.00,1.00,"",4818,3.3,14078,1.7,11088,1.3,8679,1.0,1083675964,6.1,411237109,4.9,10945115,6.8,77,4.7
"US000","5","53131","17","0","2026","1","",105079,719907,719797,718927,14750793622,7459133799,141617511,1577,"",1.00,1.00,1.00,1.00,1.00,1.00,1.00,1.00,"",2973,2.9,9039,1.3,6348,0.9,4904,0.7,760480073,5.4,316929603,4.4,8639717,6.5,67,4.4
"US000","5","531311","18","0","2026","1","",81004,547364,547179,545931,9518772015,5423804426,104991994,1339,"",1.00,1.00,1.00,1.00,1.00,1.00,1.00,1.00,"",2708,3.5,6865,1.3,5001,0.9,3492,0.6,505910948,5.6,226672344,4.4,6536906,6.6,59,4.6
"US000","5","531312","18","0","2026","1","",24075,172543,172618,172996,5232021607,2035329373,36625517,2330,"",1.00,1.00,1.00,1.00,1.00,1.00,1.00,1.00,"",265,1.1,2174,1.3,1347,0.8,1412,0.8,254569125,5.1,90257259,4.6,2102811,6.1,92,4.1
"US000","5","53132","17","0","2026","1","",12196,26732,26767,26559,577054288,271120187,4693345,1663,"",1.00,1.00,1.00,1.00,1.00,1.00,1.00,1.00,"",-335,-2.7,-589,-2.2,-510,-1.9,-695,-2.6,28542702,5.2,3750250,1.4,-19481,-0.4,117,7.6
"US000","5","531320","18","0","2026","1","",12196,26732,26767,26559,577054288,271120187,4693345,1663,"",1.00,1.00,1.00,1.00,1.00,1.00,1.00,1.00,"",-335,-2.7,-589,-2.2,-510,-1.9,-695,-2.6,28542702,5.2,3750250,1.4,-19481,-0.4,117,7.6
"US000","5","53139","17","0","2026","1","",35130,99879,100090,99593,3508717836,1113736960,24768949,2703,"",1.00,1.00,1.00,1.00,1.00,1.00,1.00,1.00,"",2180,6.6,5628,6.0,5250,5.5,4470,4.7,294653189,9.2,90557256,8.9,2324879,10.4,93,3.6
"US000","5","531390","18","0","2026","1","",35130,99879,100090,99593,3508717836,1113736960,24768949,2703,"",1.00,1.00,1.00,1.00,1.00,1.00,1.00,1.00,"",2180,6.6,5628,6.0,5250,5.5,4470,4.7,294653189,9.2,90557256,8.9,2324879,10.4,93,3.6
"US000","5","532","15","0","2026","1","",59029,556744,557120,561180,10693042000,5563726783,97421371,1473,"",1.00,1.00,1.00,1.00,1.00,1.00,1.00,1.00,"",981,1.7,3552,0.6,1714,0.3,3001,0.5,288378672,2.8,125400434,2.3,3845559,4.1,32,2.2
"US000","5","5321","16","0","2026","1","",18872,208836,208646,208692,3398317164,1940247266,28320061,1252,"",1.00,1.00,1.00,1.00,1.00,1.00,1.00,1.00,"",592,3.2,-909,-0.4,-1364,-0.6,-2116,-1.0,2516137,0.1,9930096,0.5,709552,2.6,9,0.7
"US000","5","53211","17","0","2026","1","",11296,117102,117360,117621,1801163317,1054842854,14556639,1181,"",1.00,1.00,1.00,1.00,1.00,1.00,1.00,1.00,"",678,6.4,571,0.5,703,0.6,318,0.3,11578082,0.6,12900344,1.2,253077,1.8,3,0.3
"US000","5","532111","18","0","2026","1","",10402,104751,105041,105299,1414380470,894614929,12363208,1036,"",1.00,1.00,1.00,1.00,1.00,1.00,1.00,1.00,"",639,6.5,221,0.2,342,0.3,-11,0.0,7682888,0.5,3591712,0.4,77325,0.6,4,0.4
"US000","5","532112","18","0","2026","1","",894,12351,12319,12322,386782847,160227925,2193431,2413,"",1.00,1.00,1.00,1.00,1.00,1.00,1.00,1.00,"",39,4.6,350,2.9,361,3.0,329,2.7,3895194,1.0,9308632,6.2,175752,8.7,-45,-1.8
"US000","5","53212","17","0","2026","1","",7576,91734,91286,91071,1597153847,885404412,13763422,1345,"",1.00,1.00,1.00,1.00,1.00,1.00,1.00,1.00,"",-86,-1.1,-1480,-1.6,-2067,-2.2,-2434,-2.6,-9061945,-0.6,-2970248,-0.3,456475,3.4,22,1.7
"US000","5","532120","18","0","2026","1","",7576,91734,91286,91071,1597153847,885404412,13763422,1345,"",1.00,1.00,1.00,1.00,1.00,1.00,1.00,1.00,"",-86,-1.1,-1480,-1.6,-2067,-2.2,-2434,-2.6,-9061945,-0.6,-2970248,-0.3,456475,3.4,22,1.7
"US000","5","5322","16","0","2026","1","",16996,116352,116585,118969,1762993319,1053070057,20007634,1156,"",1.00,1.00,1.00,1.00,1.00,1.00,1.00,1.00,"",-284,-1.6,-1740,-1.5,-1697,-1.4,-671,-0.6,33207639,1.9,11414581,1.1,775292,4.0,35,3.1
"US000","5","53221","17","0","2026","1","",1351,8246,8188,8274,149942567,71332253,1321692,1400,"",1.00,1.00,1.00,1.00,1.00,1.00,1.00,1.00,"",-19,-1.4,-61,-0.7,-192,-2.3,15,0.2,7305780,5.1,263088,0.4,80522,6.5,81,6.1
"US000","5","532210","18","0","2026","1","",1351,8246,8188,8274,149942567,71332253,1321692,1400,"",1.00,1.00,1.00,1.00,1.00,1.00,1.00,1.00,"",-19,-1.4,-61,-0.7,-192,-2.3,15,0.2,7305780,5.1,263088,0.4,80522,6.5,81,6.1
"US000","5","53228","17","0","2026","1","",15645,108106,108397,110695,1613050752,981737804,18685942,1138,"",1.00,1.00,1.00,1.00,1.00,1.00,1.00,1.00,"",-265,-1.7,-1679,-1.5,-1505,-1.4,-686,-0.6,25901859,1.6,11151493,1.1,694770,3.9,32,2.9
"US000","5","532281","18","0","2026","1","",682,4129,4147,4164,48020023,31108682,602905,891,"",1.00,1.00,1.00,1.00,1.00,1.00,1.00,1.00,"",-34,-4.7,-574,-12.2,-303,-6.8,-410,-9.0,-7594229,-13.7,-1300155,-4.0,-183279,-23.3,-44,-4.7
"US000","5","532282","18","0","2026","1","",384,1710,1720,1696,54469879,15025140,294704,2452,"",1.00,1.00,1.00,1.00,1.00,1.00,1.00,1.00,"",-38,-9.0,-139,-7.5,-147,-7.9,-193,-10.2,-17715726,-24.5,-723367,-4.6,-50238,-14.6,-520,-17.5
"US000","5","532283","18","0","2026","1","",2647,32641,32583,32493,529336639,333386907,4657072,1250,"",1.00,1.00,1.00,1.00,1.00,1.00,1.00,1.00,"",-61,-2.3,193,0.6,189,0.6,200,0.6,26578936,5.3,9344460,2.9,64037,1.4,56,4.7
"US000","5","532284","18","0","2026","1","",3259,14107,14141,15516,192580674,112940837,2432108,1015,"",1.00,1.00,1.00,1.00,1.00,1.00,1.00,1.00,"",2,0.1,-147,-1.0,-237,-1.6,56,0.4,11592089,6.4,2832519,2.6,3777,0.2,68,7.2
"US000","5","532289","18","0","2026","1","",8673,55519,55806,56826,788643537,489276238,10699153,1082,"",1.00,1.00,1.00,1.00,1.00,1.00,1.00,1.00,"",-134,-1.5,-1012,-1.8,-1007,-1.8,-339,-0.6,13040789,1.7,998036,0.2,860473,8.7,32,3.0
"US000","5","5323","16","0","2026","1","",3390,27485,27330,27720,501784608,268869296,4690889,1403,"",1.00,1.00,1.00,1.00,1.00,1.00,1.00,1.00,"",39,1.2,-255,-0.9,-716,-2.6,-514,-1.8,9444501,1.9,1551431,0.6,110429,2.4,51,3.8
"US000","5","53231","17","0","2026","1","",3390,27485,27330,27720,501784608,268869296,4690889,1403,"",1.00,1.00,1.00,1.00,1.00,1.00,1.00,1.00,"",39,1.2,-255,-0.9,-716,-2.6,-514,-1.8,9444501,1.9,1551431,0.6,110429,2.4,51,3.8
"US000","5","532310","18","0","2026","1","",3390,27485,27330,27720,501784608,268869296,4690889,1403,"",1.00,1.00,1.00,1.00,1.00,1.00,1.00,1.00,"",39,1.2,-255,-0.9,-716,-2.6,-514,-1.8,9444501,1.9,1551431,0.6,110429,2.4,51,3.8
"US000","5","5324","16","0","2026","1","",19771,204071,204559,205799,5029946909,2301540164,44402787,1889,"",1.00,1.00,1.00,1.00,1.00,1.00,1.00,1.00,"",634,3.3,6456,3.3,5491,2.8,6302,3.2,243210395,5.1,102504326,4.7,2250286,5.3,36,1.9
"US000","5","53241","17","0","2026","1","",8777,108397,108453,108642,2875906874,1255200706,21668065,2039,"",1.00,1.00,1.00,1.00,1.00,1.00,1.00,1.00,"",285,3.4,4319,4.1,4286,4.1,4466,4.3,177654553,6.6,67826785,5.7,1985145,10.1,46,2.3
"US000","5","532411","18","0","2026","1","",832,4713,4723,4704,268551834,52172911,910132,4383,"",1.00,1.00,1.00,1.00,1.00,1.00,1.00,1.00,"",-2,-0.2,-195,-4.0,-165,-3.4,-217,-4.4,31911408,13.5,-4301823,-7.6,-88414,-8.9,672,18.1
"US000","5","532412","18","0","2026","1","",7945,103684,103730,103938,2607355040,1203027795,20757933,1933,"",1.00,1.00,1.00,1.00,1.00,1.00,1.00,1.00,"",287,3.7,4514,4.6,4451,4.5,4683,4.7,145743145,5.9,72128608,6.4,2073559,11.1,25,1.3
"US000","5","53242","17","0","2026","1","",1165,9730,9694,9653,274455068,109353688,2051682,2178,"",1.00,1.00,1.00,1.00,1.00,1.00,1.00,1.00,"",25,2.2,-603,-5.8,-612,-5.9,-624,-6.1,-14813805,-5.1,-3284193,-2.9,-20800,-1.0,19,0.9
"US000","5","532420","18","0","2026","1","",1165,9730,9694,9653,274455068,109353688,2051682,2178,"",1.00,1.00,1.00,1.00,1.00,1.00,1.00,1.00,"",25,2.2,-603,-5.8,-612,-5.9,-624,-6.1,-14813805,-5.1,-3284193,-2.9,-20800,-1.0,19,0.9
"US000","5","53249","17","0","2026","1","",9829,85944,86412,87504,1879584967,936985770,20683040,1669,"",1.00,1.00,1.00,1.00,1.00,1.00,1.00,1.00,"",324,3.4,2740,3.3,1817,2.1,2460,2.9,80369647,4.5,37961734,4.2,285941,1.4,27,1.6
"US000","5","532490","18","0","2026","1","",9829,85944,86412,87504,1879584967,936985770,20683040,1669,"",1.00,1.00,1.00,1.00,1.00,1.00,1.00,1.00,"",324,3.4,2740,3.3,1817,2.1,2460,2.9,80369647,4.5,37961734,4.2,285941,1.4,27,1.6
"US000","5","533","15","0","2026","1","",3875,21318,21202,21053,949824581,277913066,5764740,3448,"",1.00,1.00,1.00,1.00,1.00,1.00,1.00,1.00,"",104,2.8,-556,-2.5,-625,-2.9,-750,-3.4,-528220579,-35.7,2152305,0.8,102289,1.8,-1759,-33.8
"US000","5","5331","16","0","2026","1","",3875,21318,21202,21053,949824581,277913066,5764740,3448,"",1.00,1.00,1.00,1.00,1.00,1.00,1.00,1.00,"",104,2.8,-556,-2.5,-625,-2.9,-750,-3.4,-528220579,-35.7,2152305,0.8,102289,1.8,-1759,-33.8
"US000","5","53311","17","0","2026","1","",3875,21318,21202,21053,949824581,277913066,5764740,3448,"",1.00,1.00,1.00,1.00,1.00,1.00,1.00,1.00,"",104,2.8,-556,-2.5,-625,-2.9,-750,-3.4,-528220579,-35.7,2152305,0.8,102289,1.8,-1759,-33.8
"US000","5","533110","18","0","2026","1","",3875,21318,21202,21053,949824581,277913066,5764740,3448,"",1.00,1.00,1.00,1.00,1.00,1.00,1.00,1.00,"",104,2.8,-556,-2.5,-625,-2.9,-750,-3.4,-528220579,-35.7,2152305,0.8,102289,1.8,-1759,-33.8
"US000","5","54","14","0","2026","1","",1782323,10685185,10726179,10676455,386278379700,132385816798,2657152467,2778,"",1.00,1.00,1.00,1.00,1.00,1.00,1.00,1.00,"",52030,3.0,-38129,-0.4,-55158,-0.5,-66550,-0.6,11442307730,3.1,4472951825,3.5,216492843,8.9,96,3.6
"US000","5","541","15","0","2026","1","",1782323,10685185,10726179,10676455,386278379700,132385816798,2657152467,2778,"",1.00,1.00,1.00,1.00,1.00,1.00,1.00,1.00,"",52030,3.0,-38129,-0.4,-55158,-0.5,-66550,-0.6,11442307730,3.1,4472951825,3.5,216492843,8.9,96,3.6
"US000","5","5411","16","0","2026","1","",214737,1224964,1226061,1222965,39918455534,14259907529,220979918,2507,"",1.00,1.00,1.00,1.00,1.00,1.00,1.00,1.00,"",5546,2.7,26018,2.2,22005,1.8,18718,1.6,2751207806,7.4,982281631,7.4,11738697,5.6,129,5.4
"US000","5","54111","17","0","2026","1","",192259,1123240,1123596,1120803,37515474319,13175232111,197402166,2571,"",1.00,1.00,1.00,1.00,1.00,1.00,1.00,1.00,"",4428,2.4,23444,2.1,19299,1.7,15918,1.4,2573154468,7.4,927612718,7.6,11514604,6.2,134,5.5
"US000","5","541110","18","0","2026","1","",192259,1123240,1123596,1120803,37515474319,13175232111,197402166,2571,"",1.00,1.00,1.00,1.00,1.00,1.00,1.00,1.00,"",4428,2.4,23444,2.1,19299,1.7,15918,1.4,2573154468,7.4,927612718,7.6,11514604,6.2,134,5.5
"US000","5","54119","17","0","2026","1","",22478,101724,102465,102162,2402981215,1084675418,23577752,1810,"",1.00,1.00,1.00,1.00,1.00,1.00,1.00,1.00,"",1118,5.2,2574,2.6,2706,2.7,2800,2.8,178053338,8.0,54668913,5.3,224093,1.0,89,5.2
"US000","5","541191","18","0","2026","1","",10142,56814,56872,57073,1167438179,612836757,13772762,1578,"",1.00,1.00,1.00,1.00,1.00,1.00,1.00,1.00,"",151,1.5,360,0.6,480,0.9,913,1.6,75341261,6.9,23558609,4.0,-575210,-4.0,87,5.8
"US000","5","541199","18","0","2026","1","",12336,44910,45593,45089,1235543036,471838661,9804990,2103,"",1.00,1.00,1.00,1.00,1.00,1.00,1.00,1.00,"",967,8.5,2214,5.2,2226,5.1,1887,4.4,102712077,9.1,31110304,7.1,799303,8.9,81,4.0
"US000","5","5412","16","0","2026","1","",189872,1135664,1178126,1177858,29155560411,12862349569,252983321,1927,"",1.00,1.00,1.00,1.00,1.00,1.00,1.00,1.00,"",3579,1.9,-17264,-1.5,-19708,-1.6,-18614,-1.6,1111313461,4.0,238218723,1.9,17378371,7.4,103,5.6
"US000","5","54121","17","0","2026","1","",189872,1135664,1178126,1177858,29155560411,12862349569,252983321,1927,"",1.00,1.00,1.00,1.00,1.00,1.00,1.00,1.00,"",3579,1.9,-17264,-1.5,-19708,-1.6,-18614,-1.6,1111313461,4.0,238218723,1.9,17378371,7.4,103,5.6
"US000","5","541211","18","0","2026","1","",63134,518153,528919,529046,15054668432,6672667371,110579966,2204,"",1.00,1.00,1.00,1.00,1.00,1.00,1.00,1.00,"",296,0.5,-15737,-2.9,-16493,-3.0,-16867,-3.1,305938427,2.1,152104900,2.3,8861364,8.7,110,5.3
"US000","5","541213","18","0","2026","1","",38103,134651,148592,146854,1696211872,1054263317,39913644,910,"",1.00,1.00,1.00,1.00,1.00,1.00,1.00,1.00,"",13,0.0,1259,0.9,1537,1.0,1433,1.0,84561372,5.2,41114046,4.1,1457397,3.8,37,4.2
"US000","5","541214","18","0","2026","1","",13133,197092,209444,211757,5989495900,2233143019,51232048,2235,"",1.00,1.00,1.00,1.00,1.00,1.00,1.00,1.00,"",312,2.4,-2626,-1.3,-3777,-1.8,-1308,-0.6,482506904,8.8,37042528,1.7,3204994,6.7,205,10.1
"US000","5","541219","18","0","2026","1","",75502,285768,291171,290201,6415184207,2902275862,51257663,1707,"",1.00,1.00,1.00,1.00,1.00,1.00,1.00,1.00,"",2958,4.1,-160,-0.1,-975,-0.3,-1872,-0.6,238306758,3.9,7957249,0.3,3854616,8.1,69,4.2
"US000","5","5413","16","0","2026","1","",176607,1712291,1712235,1709861,53163729976,22013538117,385611330,2389,"",1.00,1.00,1.00,1.00,1.00,1.00,1.00,1.00,"",3956,2.3,24862,1.5,22071,1.3,18165,1.1,3781259986,7.7,1174610196,5.6,27554205,7.7,141,6.3
"US000","5","54131","17","0","2026","1","",30215,198549,198023,197101,5110596254,2496110871,43955093,1987,"",1.00,1.00,1.00,1.00,1.00,1.00,1.00,1.00,"",472,1.6,-2431,-1.2,-2537,-1.3,-2826,-1.4,82047168,1.6,102342569,4.3,3571850,8.8,58,3.0
"US000","5","541310","18","0","2026","1","",30215,198549,198023,197101,5110596254,2496110871,43955093,1987,"",1.00,1.00,1.00,1.00,1.00,1.00,1.00,1.00,"",472,1.6,-2431,-1.2,-2537,-1.3,-2826,-1.4,82047168,1.6,102342569,4.3,3571850,8.8,58,3.0
"US000","5","54132","17","0","2026","1","",7455,30805,30606,31329,597341021,318081986,6184953,1486,"",1.00,1.00,1.00,1.00,1.00,1.00,1.00,1.00,"",7,0.1,-451,-1.4,-940,-3.0,-832,-2.6,7985299,1.4,3234680,1.0,213091,3.6,54,3.8
"US000","5","541320","18","0","2026","1","",7455,30805,30606,31329,597341021,318081986,6184953,1486,"",1.00,1.00,1.00,1.00,1.00,1.00,1.00,1.00,"",7,0.1,-451,-1.4,-940,-3.0,-832,-2.6,7985299,1.4,3234680,1.0,213091,3.6,54,3.8
"US000","5","54133","17","0","2026","1","",104140,1204319,1205028,1202748,40705462272,16055036775,270698226,2601,"",1.00,1.00,1.00,1.00,1.00,1.00,1.00,1.00,"",3147,3.1,28081,2.4,26623,2.3,23718,2.0,3532655449,9.5,1049210841,7.0,21838139,8.8,173,7.1
"US000","5","541330","18","0","2026","1","",104140,1204319,1205028,1202748,40705462272,16055036775,270698226,2601,"",1.00,1.00,1.00,1.00,1.00,1.00,1.00,1.00,"",3147,3.1,28081,2.4,26623,2.3,23718,2.0,3532655449,9.5,1049210841,7.0,21838139,8.8,173,7.1
"US000","5","54134","17","0","2026","1","",3654,9187,9200,9109,170553048,98908896,1563987,1431,"",1.00,1.00,1.00,1.00,1.00,1.00,1.00,1.00,"",66,1.8,-87,-0.9,-113,-1.2,-217,-2.3,2896212,1.7,714461,0.7,-46963,-2.9,45,3.2
"US000","5","541340","18","0","2026","1","",3654,9187,9200,9109,170553048,98908896,1563987,1431,"",1.00,1.00,1.00,1.00,1.00,1.00,1.00,1.00,"",66,1.8,-87,-0.9,-113,-1.2,-217,-2.3,2896212,1.7,714461,0.7,-46963,-2.9,45,3.2
"US000","5","54135","17","0","2026","1","",8479,25774,25996,26000,456937803,246970607,5085414,1356,"",1.00,1.00,1.00,1.00,1.00,1.00,1.00,1.00,"",80,1.0,55,0.2,-213,-0.8,-261,-1.0,3318066,0.7,2372239,1.0,-125786,-2.4,17,1.3
"US000","5","541350","18","0","2026","1","",8479,25774,25996,26000,456937803,246970607,5085414,1356,"",1.00,1.00,1.00,1.00,1.00,1.00,1.00,1.00,"",80,1.0,55,0.2,-213,-0.8,-261,-1.0,3318066,0.7,2372239,1.0,-125786,-2.4,17,1.3
"US000","5","54136","17","0","2026","1","",2519,14333,14417,14511,393449719,179534049,3525632,2099,"",1.00,1.00,1.00,1.00,1.00,1.00,1.00,1.00,"",36,1.4,128,0.9,396,2.8,388,2.7,-35435110,-8.3,-392932,-0.2,-177220,-4.8,-238,-10.2
"US000","5","541360","18","0","2026","1","",2519,14333,14417,14511,393449719,179534049,3525632,2099,"",1.00,1.00,1.00,1.00,1.00,1.00,1.00,1.00,"",36,1.4,128,0.9,396,2.8,388,2.7,-35435110,-8.3,-392932,-0.2,-177220,-4.8,-238,-10.2
"US000","5","54137","17","0","2026","1","",8613,55231,54922,55102,1062893072,575138138,9168578,1484,"",1.00,1.00,1.00,1.00,1.00,1.00,1.00,1.00,"",55,0.6,-164,-0.3,-261,-0.5,-261,-0.5,38397211,3.7,9363036,1.7,118481,1.3,59,4.1
"US000","5","541370","18","0","2026","1","",8613,55231,54922,55102,1062893072,575138138,9168578,1484,"",1.00,1.00,1.00,1.00,1.00,1.00,1.00,1.00,"",55,0.6,-164,-0.3,-261,-0.5,-261,-0.5,38397211,3.7,9363036,1.7,118481,1.3,59,4.1
"US000","5","54138","17","0","2026","1","",11532,174093,174043,173961,4666496787,2043756795,45429447,2063,"",1.00,1.00,1.00,1.00,1.00,1.00,1.00,1.00,"",93,0.8,-269,-0.2,-884,-0.5,-1544,-0.9,149395691,3.3,7765302,0.4,2162613,5.0,77,3.9
"US000","5","541380","18","0","2026","1","",11532,174093,174043,173961,4666496787,2043756795,45429447,2063,"",1.00,1.00,1.00,1.00,1.00,1.00,1.00,1.00,"",93,0.8,-269,-0.2,-884,-0.5,-1544,-0.9,149395691,3.3,7765302,0.4,2162613,5.0,77,3.9
"US000","5","5414","16","0","2026","1","",48665,143858,143808,142578,3553225279,1501354441,32698270,1906,"",1.00,1.00,1.00,1.00,1.00,1.00,1.00,1.00,"",678,1.4,-2860,-1.9,-3428,-2.3,-3555,-2.4,160552282,4.7,22885672,1.5,1020533,3.2,127,7.1
"US000","5","54141","17","0","2026","1","",19681,55107,55062,54597,985071608,540400969,10896632,1380,"",1.00,1.00,1.00,1.00,1.00,1.00,1.00,1.00,"",544,2.8,-212,-0.4,-701,-1.3,-747,-1.3,23381526,2.4,18160047,3.5,402213,3.8,47,3.5
"US000","5","541410","18","0","2026","1","",19681,55107,55062,54597,985071608,540400969,10896632,1380,"",1.00,1.00,1.00,1.00,1.00,1.00,1.00,1.00,"",544,2.8,-212,-0.4,-701,-1.3,-747,-1.3,23381526,2.4,18160047,3.5,402213,3.8,47,3.5
"US000","5","54142","17","0","2026","1","",2793,19502,19510,19493,823830332,226787405,5561675,3250,"",1.00,1.00,1.00,1.00,1.00,1.00,1.00,1.00,"",28,1.0,117,0.6,82,0.4,78,0.4,101679862,14.1,6041066,2.7,89619,1.6,388,13.6
"US000","5","541420","18","0","2026","1","",2793,19502,19510,19493,823830332,226787405,5561675,3250,"",1.00,1.00,1.00,1.00,1.00,1.00,1.00,1.00,"",28,1.0,117,0.6,82,0.4,78,0.4,101679862,14.1,6041066,2.7,89619,1.6,388,13.6
"US000","5","54143","17","0","2026","1","",19623,50165,50045,49460,1205835839,531141549,11184962,1859,"",1.00,1.00,1.00,1.00,1.00,1.00,1.00,1.00,"",37,0.2,-2167,-4.1,-2230,-4.3,-2142,-4.2,-4232058,-0.3,-5644977,-1.1,247887,2.3,71,4.0
"US000","5","541430","18","0","2026","1","",19623,50165,50045,49460,1205835839,531141549,11184962,1859,"",1.00,1.00,1.00,1.00,1.00,1.00,1.00,1.00,"",37,0.2,-2167,-4.1,-2230,-4.3,-2142,-4.2,-4232058,-0.3,-5644977,-1.1,247887,2.3,71,4.0
"US000","5","54149","17","0","2026","1","",6568,19084,19191,19028,538487500,203024518,5055001,2169,"",1.00,1.00,1.00,1.00,1.00,1.00,1.00,1.00,"",69,1.1,-598,-3.0,-579,-2.9,-744,-3.8,39722952,8.0,4329536,2.2,280814,5.9,226,11.6
"US000","5","541490","18","0","2026","1","",6568,19084,19191,19028,538487500,203024518,5055001,2169,"",1.00,1.00,1.00,1.00,1.00,1.00,1.00,1.00,"",69,1.1,-598,-3.0,-579,-2.9,-744,-3.8,39722952,8.0,4329536,2.2,280814,5.9,226,11.6
"US000","5","5415","16","0","2026","1","",425715,2384484,2378613,2343383,108732906434,32918045938,742876678,3531,"",1.00,1.00,1.00,1.00,1.00,1.00,1.00,1.00,"",11208,2.7,-35356,-1.5,-37052,-1.5,-41998,-1.8,-5300110004,-4.6,713036232,2.2,75685709,11.3,-113,-3.1
"US000","5","54151","17","0","2026","1","",425715,2384484,2378613,2343383,108732906434,32918045938,742876678,3531,"",1.00,1.00,1.00,1.00,1.00,1.00,1.00,1.00,"",11208,2.7,-35356,-1.5,-37052,-1.5,-41998,-1.8,-5300110004,-4.6,713036232,2.2,75685709,11.3,-113,-3.1
"US000","5","541511","18","0","2026","1","",202917,1061932,1059601,1045087,54104407361,14890490827,352119538,3943,"",1.00,1.00,1.00,1.00,1.00,1.00,1.00,1.00,"",5562,2.8,-5573,-0.5,-5957,-0.6,-7324,-0.7,-5751839980,-9.6,475686402,3.3,34660099,10.9,-393,-9.1
"US000","5","541512","18","0","2026","1","",179455,1099561,1096579,1078408,45328779530,15170663580,330210462,3194,"",1.00,1.00,1.00,1.00,1.00,1.00,1.00,1.00,"",3607,2.1,-36038,-3.2,-36766,-3.2,-39152,-3.5,12333731,0.0,110516548,0.7,34552090,11.7,106,3.4
"US000","5","541513","18","0","2026","1","",6972,76160,75943,75313,3258081892,881427902,17094623,3306,"",1.00,1.00,1.00,1.00,1.00,1.00,1.00,1.00,"",221,3.3,-422,-0.6,-743,-1.0,-1052,-1.4,-53184773,-1.6,-3293749,-0.4,702341,4.3,-22,-0.7
"US000","5","541519","18","0","2026","1","",36371,146831,146490,144575,6041637651,1975463629,43452055,3184,"",1.00,1.00,1.00,1.00,1.00,1.00,1.00,1.00,"",1818,5.3,6677,4.8,6414,4.6,5530,4.0,492581018,8.9,130127031,7.1,5771179,15.3,130,4.3
"US000","5","5416","16","0","2026","1","",438431,1825278,1826239,1815240,62924840299,22298858745,469665322,2656,"",1.00,1.00,1.00,1.00,1.00,1.00,1.00,1.00,"",19420,4.6,-17659,-1.0,-22219,-1.2,-21816,-1.2,2295111887,3.8,443296598,2.0,32166233,7.4,125,4.9
"US000","5","54161","17","0","2026","1","",363412,1515752,1516463,1507046,53022061354,18409805178,391099122,2696,"",1.00,1.00,1.00,1.00,1.00,1.00,1.00,1.00,"",17162,5.0,-13299,-0.9,-17114,-1.1,-16086,-1.1,1931805900,3.8,381087670,2.1,27425611,7.5,125,4.9
"US000","5","541611","18","0","2026","1","",187973,830559,830611,824510,32364282650,10495945718,216334102,3005,"",1.00,1.00,1.00,1.00,1.00,1.00,1.00,1.00,"",10158,5.7,-4235,-0.5,-6582,-0.8,-6832,-0.8,1434261171,4.6,284203658,2.8,17654342,8.9,154,5.4
"US000","5","541612","18","0","2026","1","",16787,89469,89179,88880,3061561320,1049904909,22850881,2641,"",1.00,1.00,1.00,1.00,1.00,1.00,1.00,1.00,"",213,1.3,-1952,-2.1,-2108,-2.3,-1887,-2.1,13609119,0.4,-21527857,-2.0,-234157,-1.0,69,2.7
"US000","5","541613","18","0","2026","1","",98456,312581,314301,312697,9625251032,3733516714,86504466,2364,"",1.00,1.00,1.00,1.00,1.00,1.00,1.00,1.00,"",4046,4.3,-920,-0.3,-1039,-0.3,-2244,-0.7,352251705,3.8,102884684,2.8,6081233,7.6,97,4.3
"US000","5","541614","18","0","2026","1","",20161,158511,157892,157587,3916444284,1710436917,34387738,1907,"",1.00,1.00,1.00,1.00,1.00,1.00,1.00,1.00,"",346,1.7,-3809,-2.3,-4598,-2.8,-2760,-1.7,41735679,1.1,-20626966,-1.2,1121922,3.4,64,3.5
"US000","5","541618","18","0","2026","1","",40035,124632,124480,123372,4054522068,1420000920,31021935,2512,"",1.00,1.00,1.00,1.00,1.00,1.00,1.00,1.00,"",2399,6.4,-2383,-1.9,-2787,-2.2,-2363,-1.9,89948226,2.3,36154151,2.6,2802271,9.9,104,4.3
"US000","5","54162","17","0","2026","1","",15931,102296,102250,101928,2645500015,1278733604,22597379,1992,"",1.00,1.00,1.00,1.00,1.00,1.00,1.00,1.00,"",328,2.1,851,0.8,426,0.4,94,0.1,107330473,4.2,41286804,3.3,1087703,5.1,72,3.8
"US000","5","541620","18","0","2026","1","",15931,102296,102250,101928,2645500015,1278733604,22597379,1992,"",1.00,1.00,1.00,1.00,1.00,1.00,1.00,1.00,"",328,2.1,851,0.8,426,0.4,94,0.1,107330473,4.2,41286804,3.3,1087703,5.1,72,3.8
"US000","5","54169","17","0","2026","1","",59088,207230,207526,206266,7257278930,2610319963,55968821,2697,"",1.00,1.00,1.00,1.00,1.00,1.00,1.00,1.00,"",1930,3.4,-5211,-2.5,-5531,-2.6,-5824,-2.7,255975514,3.7,20922124,0.8,3652919,7.0,163,6.4
"US000","5","541690","18","0","2026","1","",59088,207230,207526,206266,7257278930,2610319963,55968821,2697,"",1.00,1.00,1.00,1.00,1.00,1.00,1.00,1.00,"",1930,3.4,-5211,-2.5,-5531,-2.6,-5824,-2.7,255975514,3.7,20922124,0.8,3652919,7.0,163,6.4
"US000","5","5417","16","0","2026","1","",61022,914610,913500,915789,56112374738,12140633404,266161745,4719,"",1.00,1.00,1.00,1.00,1.00,1.00,1.00,1.00,"",1929,3.3,-9233,-1.0,-11252,-1.2,-9806,-1.1,5541377647,11.0,399178285,3.4,32330436,13.8,512,12.2
"US000","5","54171","17","0","2026","1","",54918,856695,855089,856001,54610310324,11670828092,255792046,4908,"",1.00,1.00,1.00,1.00,1.00,1.00,1.00,1.00,"",1988,3.8,-1412,-0.2,-3764,-0.4,-3311,-0.4,5745969634,11.8,437028394,3.9,31424159,14.0,531,12.1
"US000","5","541713","18","0","2026","1","",2524,21110,21023,21172,1018428837,308543903,5356981,3713,"",1.00,1.00,1.00,1.00,1.00,1.00,1.00,1.00,"",-6,-0.2,-613,-2.8,-632,-2.9,-492,-2.3,32087095,3.3,-4509994,-1.4,345818,6.9,213,6.1
"US000","5","541714","18","0","2026","1","",23504,280016,279782,280263,24413796611,4296324508,116201904,6707,"",1.00,1.00,1.00,1.00,1.00,1.00,1.00,1.00,"",872,3.9,-7728,-2.7,-7750,-2.7,-7601,-2.6,2538322366,11.6,66912876,1.6,16065695,16.0,858,14.7
"US000","5","541715","18","0","2026","1","",28890,555569,554284,554566,29178084876,7065959681,134233161,4045,"",1.00,1.00,1.00,1.00,1.00,1.00,1.00,1.00,"",1122,4.0,6929,1.3,4618,0.8,4782,0.9,3175560173,12.2,374625512,5.6,15012646,12.6,404,11.1
"US000","5","54172","17","0","2026","1","",6104,57915,58411,59788,1502064414,469805312,10369699,1968,"",1.00,1.00,1.00,1.00,1.00,1.00,1.00,1.00,"",-59,-1.0,-7821,-11.9,-7488,-11.4,-6495,-9.8,-204591987,-12.0,-37850109,-7.5,906277,9.6,-22,-1.1
"US000","5","541720","18","0","2026","1","",6104,57915,58411,59788,1502064414,469805312,10369699,1968,"",1.00,1.00,1.00,1.00,1.00,1.00,1.00,1.00,"",-59,-1.0,-7821,-11.9,-7488,-11.4,-6495,-9.8,-204591987,-12.0,-37850109,-7.5,906277,9.6,-22,-1.1
"US000","5","5418","16","0","2026","1","",79979,468079,469988,467985,13909566434,5538186017,134831181,2283,"",1.00,1.00,1.00,1.00,1.00,1.00,1.00,1.00,"",943,1.2,-9516,-2.0,-9433,-2.0,-11404,-2.4,80799620,0.6,186077244,3.5,11558617,9.4,61,2.7
"US000","5","54181","17","0","2026","1","",39801,202867,202180,200876,7106982206,2754872805,75921345,2707,"",1.00,1.00,1.00,1.00,1.00,1.00,1.00,1.00,"",898,2.3,-6448,-3.1,-7401,-3.5,-8194,-3.9,-87906168,-1.2,99924811,3.8,7223320,10.5,63,2.4
"US000","5","541810","18","0","2026","1","",39801,202867,202180,200876,7106982206,2754872805,75921345,2707,"",1.00,1.00,1.00,1.00,1.00,1.00,1.00,1.00,"",898,2.3,-6448,-3.1,-7401,-3.5,-8194,-3.9,-87906168,-1.2,99924811,3.8,7223320,10.5,63,2.4
"US000","5","54182","17","0","2026","1","",15326,60449,60983,61044,2446531389,758730347,18591883,3094,"",1.00,1.00,1.00,1.00,1.00,1.00,1.00,1.00,"",185,1.2,-1973,-3.2,-1925,-3.1,-2221,-3.5,82224376,3.5,31013490,4.3,1538634,9.0,201,6.9
"US000","5","541820","18","0","2026","1","",15326,60449,60983,61044,2446531389,758730347,18591883,3094,"",1.00,1.00,1.00,1.00,1.00,1.00,1.00,1.00,"",185,1.2,-1973,-3.2,-1925,-3.1,-2221,-3.5,82224376,3.5,31013490,4.3,1538634,9.0,201,6.9
"US000","5","54183","17","0","2026","1","",1593,16756,16618,16613,621998359,246412548,7017537,2872,"",1.00,1.00,1.00,1.00,1.00,1.00,1.00,1.00,"",12,0.8,-1337,-7.4,-1430,-7.9,-1259,-7.0,-11395131,-1.8,20120028,8.9,994592,16.5,166,6.1
"US000","5","541830","18","0","2026","1","",1593,16756,16618,16613,621998359,246412548,7017537,2872,"",1.00,1.00,1.00,1.00,1.00,1.00,1.00,1.00,"",12,0.8,-1337,-7.4,-1430,-7.9,-1259,-7.0,-11395131,-1.8,20120028,8.9,994592,16.5,166,6.1
"US000","5","54184","17","0","2026","1","",3481,15646,15603,15544,624556311,214559098,4485490,3080,"",1.00,1.00,1.00,1.00,1.00,1.00,1.00,1.00,"",-133,-3.7,-1194,-7.1,-1184,-7.1,-1202,-7.2,27888030,4.7,-169244,-0.1,-48733,-1.1,347,12.7
"US000","5","541840","18","0","2026","1","",3481,15646,15603,15544,624556311,214559098,4485490,3080,"",1.00,1.00,1.00,1.00,1.00,1.00,1.00,1.00,"",-133,-3.7,-1194,-7.1,-1184,-7.1,-1202,-7.2,27888030,4.7,-169244,-0.1,-48733,-1.1,347,12.7
"US000","5","54185","17","0","2026","1","",2963,30155,30186,30552,838682993,324993389,5830434,2129,"",1.00,1.00,1.00,1.00,1.00,1.00,1.00,1.00,"",-8,-0.3,440,1.5,125,0.4,293,1.0,70120496,9.1,20308440,6.7,787418,15.6,159,8.1
"US000","5","541850","18","0","2026","1","",2963,30155,30186,30552,838682993,324993389,5830434,2129,"",1.00,1.00,1.00,1.00,1.00,1.00,1.00,1.00,"",-8,-0.3,440,1.5,125,0.4,293,1.0,70120496,9.1,20308440,6.7,787418,15.6,159,8.1
"US000","5","54186","17","0","2026","1","",2500,29485,29455,29463,625684620,321275731,6876822,1633,"",1.00,1.00,1.00,1.00,1.00,1.00,1.00,1.00,"",-50,-2.0,-2060,-6.5,-2035,-6.5,-1926,-6.1,12902023,2.1,-12499211,-3.7,72837,1.1,135,9.0
"US000","5","541860","18","0","2026","1","",2500,29485,29455,29463,625684620,321275731,6876822,1633,"",1.00,1.00,1.00,1.00,1.00,1.00,1.00,1.00,"",-50,-2.0,-2060,-6.5,-2035,-6.5,-1926,-6.1,12902023,2.1,-12499211,-3.7,72837,1.1,135,9.0
"US000","5","54187","17","0","2026","1","",3712,17344,17799,17817,352294513,159396467,3640636,1535,"",1.00,1.00,1.00,1.00,1.00,1.00,1.00,1.00,"",-207,-5.3,589,3.5,871,5.1,766,4.5,8831967,2.6,8146577,5.4,261354,7.7,-27,-1.7
"US000","5","541870","18","0","2026","1","",3712,17344,17799,17817,352294513,159396467,3640636,1535,"",1.00,1.00,1.00,1.00,1.00,1.00,1.00,1.00,"",-207,-5.3,589,3.5,871,5.1,766,4.5,8831967,2.6,8146577,5.4,261354,7.7,-27,-1.7
"US000","5","54189","17","0","2026","1","",10603,95377,97164,96076,1292836043,757945632,12467034,1034,"",1.00,1.00,1.00,1.00,1.00,1.00,1.00,1.00,"",246,2.4,2467,2.7,3546,3.8,2339,2.5,-21865973,-1.7,19232353,2.6,729195,6.2,-49,-4.5
"US000","5","541890","18","0","2026","1","",10603,95377,97164,96076,1292836043,757945632,12467034,1034,"",1.00,1.00,1.00,1.00,1.00,1.00,1.00,1.00,"",246,2.4,2467,2.7,3546,3.8,2339,2.5,-21865973,-1.7,19232353,2.6,729195,6.2,-49,-4.5
"US000","5","5419","16","0","2026","1","",147295,875957,877609,880796,18807720595,8852943038,151344702,1648,"",1.00,1.00,1.00,1.00,1.00,1.00,1.00,1.00,"",4771,3.3,2879,0.3,3858,0.4,3760,0.4,1020795045,5.7,313367244,3.7,7060042,4.9,84,5.4
"US000","5","54191","17","0","2026","1","",10242,61419,61738,61523,2089463553,754142744,20165890,2611,"",1.00,1.00,1.00,1.00,1.00,1.00,1.00,1.00,"",-135,-1.3,-3332,-5.1,-2612,-4.1,-3005,-4.7,-66596246,-3.1,-5261352,-0.7,1444955,7.7,41,1.6
"US000","5","541910","18","0","2026","1","",10242,61419,61738,61523,2089463553,754142744,20165890,2611,"",1.00,1.00,1.00,1.00,1.00,1.00,1.00,1.00,"",-135,-1.3,-3332,-5.1,-2612,-4.1,-3005,-4.7,-66596246,-3.1,-5261352,-0.7,1444955,7.7,41,1.6
"US000","5","54192","17","0","2026","1","",17589,42616,44218,47640,465077013,322214848,7578026,798,"",1.00,1.00,1.00,1.00,1.00,1.00,1.00,1.00,"",567,3.3,692,1.7,628,1.4,1968,4.3,13105053,2.9,11852960,3.8,255088,3.5,3,0.4
"US000","5","541921","18","0","2026","1","",12336,31018,32579,35620,289007390,218365720,5154328,672,"",1.00,1.00,1.00,1.00,1.00,1.00,1.00,1.00,"",238,2.0,107,0.3,43,0.1,1188,3.5,2995610,1.0,3346715,1.6,-101203,-1.9,-2,-0.3
"US000","5","541922","18","0","2026","1","",5253,11598,11639,12020,176069623,103849128,2423698,1152,"",1.00,1.00,1.00,1.00,1.00,1.00,1.00,1.00,"",329,6.7,585,5.3,585,5.3,780,6.9,10109443,6.1,8506245,8.9,356291,17.2,2,0.2
"US000","5","54193","17","0","2026","1","",5266,34665,34669,34668,572785189,307231460,6425263,1271,"",1.00,1.00,1.00,1.00,1.00,1.00,1.00,1.00,"",52,1.0,-6031,-14.8,-6386,-15.6,-6052,-14.9,-63171212,-9.9,-48281849,-13.6,-743837,-10.4,73,6.1
"US000","5","541930","18","0","2026","1","",5266,34665,34669,34668,572785189,307231460,6425263,1271,"",1.00,1.00,1.00,1.00,1.00,1.00,1.00,1.00,"",52,1.0,-6031,-14.8,-6386,-15.6,-6052,-14.9,-63171212,-9.9,-48281849,-13.6,-743837,-10.4,73,6.1
"US000","5","54194","17","0","2026","1","",36732,474604,472615,472978,7219133128,4266383141,52222671,1173,"",1.00,1.00,1.00,1.00,1.00,1.00,1.00,1.00,"",745,2.1,4768,1.0,5122,1.1,4359,0.9,328416535,4.8,168975387,4.1,905294,1.8,42,3.7
"US000","5","541940","18","0","2026","1","",36732,474604,472615,472978,7219133128,4266383141,52222671,1173,"",1.00,1.00,1.00,1.00,1.00,1.00,1.00,1.00,"",745,2.1,4768,1.0,5122,1.1,4359,0.9,328416535,4.8,168975387,4.1,905294,1.8,42,3.7
"US000","5","54199","17","0","2026","1","",77466,262653,264369,263987,8461261712,3202970845,64952852,2468,"",1.00,1.00,1.00,1.00,1.00,1.00,1.00,1.00,"",3542,4.8,6782,2.7,7106,2.8,6490,2.5,809040915,10.6,186082098,6.2,5198542,8.7,177,7.7
"US000","5","541990","18","0","2026","1","",77466,262653,264369,263987,8461261712,3202970845,64952852,2468,"",1.00,1.00,1.00,1.00,1.00,1.00,1.00,1.00,"",3542,4.8,6782,2.7,7106,2.8,6490,2.5,809040915,10.6,186082098,6.2,5198542,8.7,177,7.7
"US000","5","55","14","0","2026","1","",107502,2596250,2590692,2591348,133753599316,40979610364,619334516,3968,"",1.00,1.00,1.00,1.00,1.00,1.00,1.00,1.00,"",3784,3.6,-2163,-0.1,-5675,-0.2,-7508,-0.3,5609612730,4.4,1666634369,4.2,34374598,5.9,174,4.6
"US000","5","551","15","0","2026","1","",107502,2596250,2590692,2591348,133753599316,40979610364,619334516,3968,"",1.00,1.00,1.00,1.00,1.00,1.00,1.00,1.00,"",3784,3.6,-2163,-0.1,-5675,-0.2,-7508,-0.3,5609612730,4.4,1666634369,4.2,34374598,5.9,174,4.6
"US000","5","5511","16","0","2026","1","",107502,2596250,2590692,2591348,133753599316,40979610364,619334516,3968,"",1.00,1.00,1.00,1.00,1.00,1.00,1.00,1.00,"",3784,3.6,-2163,-0.1,-5675,-0.2,-7508,-0.3,5609612730,4.4,1666634369,4.2,34374598,5.9,174,4.6
"US000","5","55111","17","0","2026","1","",107502,2596250,2590692,2591348,133753599316,40979610364,619334516,3968,"",1.00,1.00,1.00,1.00,1.00,1.00,1.00,1.00,"",3784,3.6,-2163,-0.1,-5675,-0.2,-7508,-0.3,5609612730,4.4,1666634369,4.2,34374598,5.9,174,4.6
"US000","5","551111","18","0","2026","1","",982,7890,7882,7873,541295213,122475312,1309035,5283,"",1.00,1.00,1.00,1.00,1.00,1.00,1.00,1.00,"",10,1.0,-789,-9.1,-883,-10.1,-872,-10.0,30146826,5.9,-81456,-0.1,-15340,-1.2,779,17.3
"US000","5","551112","18","0","2026","1","",16905,92572,92833,93018,5698065462,1168057416,21106656,4723,"",1.00,1.00,1.00,1.00,1.00,1.00,1.00,1.00,"",1135,7.2,2795,3.1,2615,2.9,2317,2.6,537004543,10.4,49373193,4.4,1110420,5.6,323,7.3
"US000","5","551114","18","0","2026","1","",89615,2495788,2489977,2490457,127514238641,39689077636,596918825,3936,"",1.00,1.00,1.00,1.00,1.00,1.00,1.00,1.00,"",2639,3.0,-4169,-0.2,-7407,-0.3,-8953,-0.4,5042461361,4.1,1617342632,4.2,33279518,5.9,166,4.4
"US000","5","56","14","0","2026","1","",697073,8718319,8738007,8797284,137535422695,78740759941,1657243918,1209,"",1.00,1.00,1.00,1.00,1.00,1.00,1.00,1.00,"",12843,1.9,-3013,0.0,-56248,-0.6,-37947,-0.4,3169928981,2.4,1674088822,2.2,58083101,3.6,32,2.7
"US000","5","561","15","0","2026","1","",658565,8204223,8225634,8282863,126873975718,72827414869,1542066939,1185,"",1.00,1.00,1.00,1.00,1.00,1.00,1.00,1.00,"",11792,1.8,-9046,-0.1,-59128,-0.7,-40609,-0.5,2906955557,2.3,1477275077,2.1,50046291,3.4,32,2.8
"US000","5","5611","16","0","2026","1","",86228,619864,619036,618037,19747441398,6579742135,117813942,2454,"",1.00,1.00,1.00,1.00,1.00,1.00,1.00,1.00,"",2196,2.6,2934,0.5,2128,0.3,1851,0.3,527251700,2.7,239270459,3.8,5229065,4.6,57,2.4
"US000","5","56111","17","0","2026","1","",86228,619864,619036,618037,19747441398,6579742135,117813942,2454,"",1.00,1.00,1.00,1.00,1.00,1.00,1.00,1.00,"",2196,2.6,2934,0.5,2128,0.3,1851,0.3,527251700,2.7,239270459,3.8,5229065,4.6,57,2.4
"US000","5","561110","18","0","2026","1","",86228,619864,619036,618037,19747441398,6579742135,117813942,2454,"",1.00,1.00,1.00,1.00,1.00,1.00,1.00,1.00,"",2196,2.6,2934,0.5,2128,0.3,1851,0.3,527251700,2.7,239270459,3.8,5229065,4.6,57,2.4
"US000","5","5612","16","0","2026","1","",8333,180845,179677,180622,3037936372,1667896825,32607697,1296,"",1.00,1.00,1.00,1.00,1.00,1.00,1.00,1.00,"",146,1.8,1704,1.0,899,0.5,1775,1.0,-147222520,-4.6,32440680,2.0,1714905,5.6,-73,-5.3
"US000","5","56121","17","0","2026","1","",8333,180845,179677,180622,3037936372,1667896825,32607697,1296,"",1.00,1.00,1.00,1.00,1.00,1.00,1.00,1.00,"",146,1.8,1704,1.0,899,0.5,1775,1.0,-147222520,-4.6,32440680,2.0,1714905,5.6,-73,-5.3
"US000","5","561210","18","0","2026","1","",8333,180845,179677,180622,3037936372,1667896825,32607697,1296,"",1.00,1.00,1.00,1.00,1.00,1.00,1.00,1.00,"",146,1.8,1704,1.0,899,0.5,1775,1.0,-147222520,-4.6,32440680,2.0,1714905,5.6,-73,-5.3
"US000","5","5613","16","0","2026","1","",151680,3116511,3164802,3175497,44944344510,27882087152,667024523,1097,"",1.00,1.00,1.00,1.00,1.00,1.00,1.00,1.00,"",2581,1.7,5931,0.2,9718,0.3,11133,0.4,715703708,1.6,519561817,1.9,14447702,2.2,15,1.4
"US000","5","56131","17","0","2026","1","",36648,281477,282911,283315,5870214454,2813504494,70923069,1598,"",1.00,1.00,1.00,1.00,1.00,1.00,1.00,1.00,"",621,1.7,-4729,-1.7,-3863,-1.3,-5497,-1.9,174768731,3.1,45299100,1.6,1955924,2.8,73,4.8
"US000","5","561311","18","0","2026","1","",27988,245686,247252,247880,4057507827,2347984028,57771866,1264,"",1.00,1.00,1.00,1.00,1.00,1.00,1.00,1.00,"",653,2.4,-3363,-1.4,-2797,-1.1,-4611,-1.8,34818627,0.9,27783530,1.2,747600,1.3,29,2.3
"US000","5","561312","18","0","2026","1","",8660,35791,35659,35435,1812706627,465520466,13151203,3914,"",1.00,1.00,1.00,1.00,1.00,1.00,1.00,1.00,"",-32,-0.4,-1366,-3.7,-1066,-2.9,-886,-2.4,139950104,8.4,17515570,3.9,1208324,10.1,411,11.7
"US000","5","56132","17","0","2026","1","",96110,2450973,2492964,2500536,30831255184,21174767222,513358981,956,"",1.00,1.00,1.00,1.00,1.00,1.00,1.00,1.00,"",1180,1.2,20988,0.9,21305,0.9,23348,0.9,791391852,2.6,413608618,2.0,17317226,3.5,17,1.8
"US000","5","561320","18","0","2026","1","",96110,2450973,2492964,2500536,30831255184,21174767222,513358981,956,"",1.00,1.00,1.00,1.00,1.00,1.00,1.00,1.00,"",1180,1.2,20988,0.9,21305,0.9,23348,0.9,791391852,2.6,413608618,2.0,17317226,3.5,17,1.8
"US000","5","56133","17","0","2026","1","",18922,384061,388927,391646,8242874872,3893815436,82742473,1633,"",1.00,1.00,1.00,1.00,1.00,1.00,1.00,1.00,"",780,4.3,-10328,-2.6,-7724,-1.9,-6718,-1.7,-250456875,-2.9,60654099,1.6,-4825448,-5.5,-15,-0.9
"US000","5","561330","18","0","2026","1","",18922,384061,388927,391646,8242874872,3893815436,82742473,1633,"",1.00,1.00,1.00,1.00,1.00,1.00,1.00,1.00,"",780,4.3,-10328,-2.6,-7724,-1.9,-6718,-1.7,-250456875,-2.9,60654099,1.6,-4825448,-5.5,-15,-0.9
"US000","5","5614","16","0","2026","1","",60734,634446,625884,619080,12618693458,5992776952,117645050,1549,"",1.00,1.00,1.00,1.00,1.00,1.00,1.00,1.00,"",-213,-0.3,-40692,-6.0,-42930,-6.4,-42707,-6.5,30842007,0.2,-162277751,-2.6,1378266,1.2,101,7.0
"US000","5","56141","17","0","2026","1","",7266,29743,29787,29419,475860154,266530835,4488454,1235,"",1.00,1.00,1.00,1.00,1.00,1.00,1.00,1.00,"",-204,-2.7,-6185,-17.2,-6377,-17.6,-6178,-17.4,-46835965,-9.0,-20693080,-7.2,39711,0.9,115,10.3
"US000","5","561410","18","0","2026","1","",7266,29743,29787,29419,475860154,266530835,4488454,1235,"",1.00,1.00,1.00,1.00,1.00,1.00,1.00,1.00,"",-204,-2.7,-6185,-17.2,-6377,-17.6,-6178,-17.4,-46835965,-9.0,-20693080,-7.2,39711,0.9,115,10.3
"US000","5","56142","17","0","2026","1","",14730,317090,308930,303285,5064828934,2891880341,55345988,1258,"",1.00,1.00,1.00,1.00,1.00,1.00,1.00,1.00,"",-490,-3.2,-27089,-7.9,-28664,-8.5,-28661,-8.6,-43891296,-0.9,-155241066,-5.1,-273656,-0.5,95,8.2
"US000","5","561421","18","0","2026","1","",3179,32618,32527,32226,535642732,299964891,5709429,1269,"",1.00,1.00,1.00,1.00,1.00,1.00,1.00,1.00,"",-56,-1.7,-1884,-5.5,-1623,-4.8,-1176,-3.5,43437395,8.8,976450,0.3,304797,5.6,156,14.0
"US000","5","561422","18","0","2026","1","",11551,284472,276403,271059,4529186202,2591915450,49636559,1256,"",1.00,1.00,1.00,1.00,1.00,1.00,1.00,1.00,"",-434,-3.6,-25205,-8.1,-27041,-8.9,-27485,-9.2,-87328691,-1.9,-156217516,-5.7,-578453,-1.2,87,7.4
"US000","5","56143","17","0","2026","1","",11619,73970,73694,73313,873960637,588615696,9596140,913,"",1.00,1.00,1.00,1.00,1.00,1.00,1.00,1.00,"",105,0.9,-1122,-1.5,-983,-1.3,-1226,-1.6,-12817928,-1.4,-347931,-0.1,-540011,-5.3,1,0.1
"US000","5","561431","18","0","2026","1","",5862,35696,35365,35159,297628069,230519854,3435842,647,"",1.00,1.00,1.00,1.00,1.00,1.00,1.00,1.00,"",99,1.7,235,0.7,187,0.5,175,0.5,4692621,1.6,1115661,0.5,-272736,-7.4,7,1.1
"US000","5","561439","18","0","2026","1","",5757,38274,38329,38154,576332568,358095842,6160298,1159,"",1.00,1.00,1.00,1.00,1.00,1.00,1.00,1.00,"",6,0.1,-1357,-3.4,-1170,-3.0,-1401,-3.5,-17510549,-2.9,-1463592,-0.4,-267275,-4.2,4,0.3
"US000","5","56144","17","0","2026","1","",6215,83272,83130,82707,1671291880,840615895,16940946,1548,"",1.00,1.00,1.00,1.00,1.00,1.00,1.00,1.00,"",43,0.7,-3752,-4.3,-3363,-3.9,-3487,-4.0,6004696,0.4,1366756,0.2,697148,4.3,68,4.6
"US000","5","561440","18","0","2026","1","",6215,83272,83130,82707,1671291880,840615895,16940946,1548,"",1.00,1.00,1.00,1.00,1.00,1.00,1.00,1.00,"",43,0.7,-3752,-4.3,-3363,-3.9,-3487,-4.0,6004696,0.4,1366756,0.2,697148,4.3,68,4.6
"US000","5","56145","17","0","2026","1","",1252,20873,20928,20573,1356784575,266418126,6534366,5020,"",1.00,1.00,1.00,1.00,1.00,1.00,1.00,1.00,"",-27,-2.1,-190,-0.9,-325,-1.5,-362,-1.7,86446326,6.8,5257088,2.0,910567,16.2,385,8.3
"US000","5","561450","18","0","2026","1","",1252,20873,20928,20573,1356784575,266418126,6534366,5020,"",1.00,1.00,1.00,1.00,1.00,1.00,1.00,1.00,"",-27,-2.1,-190,-0.9,-325,-1.5,-362,-1.7,86446326,6.8,5257088,2.0,910567,16.2,385,8.3
"US000","5","56149","17","0","2026","1","",19652,109498,109415,109783,3175967278,1138716059,24739156,2230,"",1.00,1.00,1.00,1.00,1.00,1.00,1.00,1.00,"",360,1.9,-2354,-2.1,-3218,-2.9,-2793,-2.5,41936174,1.3,7380482,0.7,544507,2.3,84,3.9
"US000","5","561491","18","0","2026","1","",894,8048,8028,8033,117920084,73769789,1325074,1129,"",1.00,1.00,1.00,1.00,1.00,1.00,1.00,1.00,"",39,4.6,544,7.2,420,5.5,378,4.9,9076671,8.3,6355289,9.4,106210,8.7,26,2.4
"US000","5","561492","18","0","2026","1","",3225,11156,11144,11116,216129587,107076742,1939078,1493,"",1.00,1.00,1.00,1.00,1.00,1.00,1.00,1.00,"",16,0.5,-275,-2.4,-354,-3.1,-341,-3.0,13829929,6.8,2489448,2.4,60322,3.2,135,9.9
"US000","5","561499","18","0","2026","1","",15533,90294,90243,90634,2841917607,957869528,21475004,2419,"",1.00,1.00,1.00,1.00,1.00,1.00,1.00,1.00,"",305,2.0,-2623,-2.8,-3284,-3.5,-2830,-3.0,19029574,0.7,-1464255,-0.2,377975,1.8,92,4.0
"US000","5","5615","16","0","2026","1","",23532,178120,178248,178694,5450703417,2095493264,35033007,2351,"",1.00,1.00,1.00,1.00,1.00,1.00,1.00,1.00,"",560,2.4,-4406,-2.4,-5792,-3.1,-6102,-3.3,220624383,4.2,31135119,1.5,-759458,-2.1,162,7.4
"US000","5","56151","17","0","2026","1","",14005,71368,71230,71063,2158139778,947194884,16444720,2331,"",1.00,1.00,1.00,1.00,1.00,1.00,1.00,1.00,"",377,2.8,-4194,-5.6,-4538,-6.0,-4481,-5.9,18159434,0.8,-20819093,-2.2,-1320577,-7.4,154,7.1
"US000","5","561510","18","0","2026","1","",14005,71368,71230,71063,2158139778,947194884,16444720,2331,"",1.00,1.00,1.00,1.00,1.00,1.00,1.00,1.00,"",377,2.8,-4194,-5.6,-4538,-6.0,-4481,-5.9,18159434,0.8,-20819093,-2.2,-1320577,-7.4,154,7.1
"US000","5","56152","17","0","2026","1","",3564,21927,22391,22783,442809157,240992125,4780737,1523,"",1.00,1.00,1.00,1.00,1.00,1.00,1.00,1.00,"",75,2.1,-279,-1.3,-237,-1.0,-576,-2.5,21818354,5.2,6619765,2.8,-50765,-1.1,98,6.9
"US000","5","561520","18","0","2026","1","",3564,21927,22391,22783,442809157,240992125,4780737,1523,"",1.00,1.00,1.00,1.00,1.00,1.00,1.00,1.00,"",75,2.1,-279,-1.3,-237,-1.0,-576,-2.5,21818354,5.2,6619765,2.8,-50765,-1.1,98,6.9
"US000","5","56159","17","0","2026","1","",5963,84825,84627,84848,2849754482,907306255,13807550,2586,"",1.00,1.00,1.00,1.00,1.00,1.00,1.00,1.00,"",108,1.8,67,0.1,-1017,-1.2,-1045,-1.2,180646595,6.8,45334447,5.3,611884,4.6,183,7.6
"US000","5","561591","18","0","2026","1","",1013,9691,9783,9877,200733448,93413311,1251564,1578,"",1.00,1.00,1.00,1.00,1.00,1.00,1.00,1.00,"",0,0.0,809,9.1,712,7.8,852,9.4,16610562,9.0,7474318,8.7,64010,5.4,3,0.2
"US000","5","561599","18","0","2026","1","",4950,75134,74844,74971,2649021034,813892944,12555986,2718,"",1.00,1.00,1.00,1.00,1.00,1.00,1.00,1.00,"",108,2.2,-742,-1.0,-1729,-2.3,-1897,-2.5,164036033,6.6,37860129,4.9,547874,4.6,217,8.7
"US000","5","5616","16","0","2026","1","",40351,1039234,1038119,1027846,12642535054,8583036595,177359680,940,"",1.00,1.00,1.00,1.00,1.00,1.00,1.00,1.00,"",779,2.0,-8830,-0.8,-4607,-0.4,-2960,-0.3,155331288,1.2,68796636,0.8,8638505,5.1,17,1.8
"US000","5","56161","17","0","2026","1","",24661,882283,881020,870710,9267012427,6868377098,148501736,812,"",1.00,1.00,1.00,1.00,1.00,1.00,1.00,1.00,"",525,2.2,-9393,-1.1,-5685,-0.6,-3884,-0.4,1911780,0.0,5499473,0.1,7402149,5.2,6,0.7
"US000","5","561611","18","0","2026","1","",5812,37424,37486,37338,659275094,345476226,8025623,1355,"",1.00,1.00,1.00,1.00,1.00,1.00,1.00,1.00,"",23,0.4,-3421,-8.4,-3502,-8.5,-3487,-8.5,-24239427,-3.5,-20821990,-5.7,-289967,-3.5,69,5.4
"US000","5","561612","18","0","2026","1","",17963,821408,820061,810198,8170182575,6280004420,135845773,769,"",1.00,1.00,1.00,1.00,1.00,1.00,1.00,1.00,"",520,3.0,-3882,-0.5,-57,0.0,1971,0.2,24085118,0.3,36565987,0.6,7667215,6.0,3,0.4
"US000","5","561613","18","0","2026","1","",886,23451,23473,23174,437554758,242896452,4630340,1440,"",1.00,1.00,1.00,1.00,1.00,1.00,1.00,1.00,"",-18,-2.0,-2090,-8.2,-2126,-8.3,-2368,-9.3,2066089,0.5,-10244524,-4.0,24901,0.5,129,9.8
"US000","5","56162","17","0","2026","1","",15690,156951,157099,157136,3375522627,1714659497,28857944,1653,"",1.00,1.00,1.00,1.00,1.00,1.00,1.00,1.00,"",254,1.6,563,0.4,1078,0.7,924,0.6,153419508,4.8,63297163,3.8,1236356,4.5,66,4.2
"US000","5","561621","18","0","2026","1","",11414,140437,140567,140740,3136697711,1558528243,26722877,1716,"",1.00,1.00,1.00,1.00,1.00,1.00,1.00,1.00,"",253,2.3,1176,0.8,1677,1.2,1703,1.2,160156504,5.4,66228069,4.4,1346423,5.3,70,4.3
"US000","5","561622","18","0","2026","1","",4276,16514,16532,16396,238824916,156131254,2135067,1115,"",1.00,1.00,1.00,1.00,1.00,1.00,1.00,1.00,"",1,0.0,-613,-3.6,-599,-3.5,-779,-4.5,-6736996,-2.7,-2930906,-1.8,-110067,-4.9,13,1.2
"US000","5","5617","16","0","2026","1","",254300,2113603,2094046,2151745,22918790190,16820093418,319845140,832,"",1.00,1.00,1.00,1.00,1.00,1.00,1.00,1.00,"",4754,1.9,26060,1.2,-25733,-1.2,-10713,-0.5,930205136,4.2,560532811,3.4,13233241,4.3,35,4.4
"US000","5","56171","17","0","2026","1","",17933,150249,150839,153141,2310533574,1430428572,22242233,1174,"",1.00,1.00,1.00,1.00,1.00,1.00,1.00,1.00,"",418,2.4,2908,2.0,3145,2.1,2600,1.7,169894841,7.9,83721476,6.2,2095437,10.4,65,5.9
"US000","5","561710","18","0","2026","1","",17933,150249,150839,153141,2310533574,1430428572,22242233,1174,"",1.00,1.00,1.00,1.00,1.00,1.00,1.00,1.00,"",418,2.4,2908,2.0,3145,2.1,2600,1.7,169894841,7.9,83721476,6.2,2095437,10.4,65,5.9
"US000","5","56172","17","0","2026","1","",83480,1061770,1062759,1060484,9158961670,7362272776,119044523,664,"",1.00,1.00,1.00,1.00,1.00,1.00,1.00,1.00,"",1064,1.3,5397,0.5,410,0.0,-1266,-0.1,284025872,3.2,229537621,3.2,3894876,3.4,20,3.1
"US000","5","561720","18","0","2026","1","",83480,1061770,1062759,1060484,9158961670,7362272776,119044523,664,"",1.00,1.00,1.00,1.00,1.00,1.00,1.00,1.00,"",1064,1.3,5397,0.5,410,0.0,-1266,-0.1,284025872,3.2,229537621,3.2,3894876,3.4,20,3.1
"US000","5","56173","17","0","2026","1","",124018,762355,743339,799090,9693722649,6826717947,154951173,971,"",1.00,1.00,1.00,1.00,1.00,1.00,1.00,1.00,"",2267,1.9,16760,2.2,-26359,-3.4,-11248,-1.4,411520234,4.4,218853355,3.3,6819127,4.6,50,5.4
"US000","5","561730","18","0","2026","1","",124018,762355,743339,799090,9693722649,6826717947,154951173,971,"",1.00,1.00,1.00,1.00,1.00,1.00,1.00,1.00,"",2267,1.9,16760,2.2,-26359,-3.4,-11248,-1.4,411520234,4.4,218853355,3.3,6819127,4.6,50,5.4
"US000","5","56174","17","0","2026","1","",6565,32091,31691,31527,361188748,266767187,4271442,875,"",1.00,1.00,1.00,1.00,1.00,1.00,1.00,1.00,"",-138,-2.1,-1703,-5.0,-2054,-6.1,-2111,-6.3,-8607352,-2.3,-9784177,-3.5,-162073,-3.7,32,3.8
"US000","5","561740","18","0","2026","1","",6565,32091,31691,31527,361188748,266767187,4271442,875,"",1.00,1.00,1.00,1.00,1.00,1.00,1.00,1.00,"",-138,-2.1,-1703,-5.0,-2054,-6.1,-2111,-6.3,-8607352,-2.3,-9784177,-3.5,-162073,-3.7,32,3.8
"US000","5","56179","17","0","2026","1","",22304,107138,105418,107503,1394383549,933906936,19335769,1005,"",1.00,1.00,1.00,1.00,1.00,1.00,1.00,1.00,"",1143,5.4,2698,2.6,-875,-0.8,1312,1.2,73371541,5.6,38204536,4.3,585874,3.1,43,4.5
"US000","5","561790","18","0","2026","1","",22304,107138,105418,107503,1394383549,933906936,19335769,1005,"",1.00,1.00,1.00,1.00,1.00,1.00,1.00,1.00,"",1143,5.4,2698,2.6,-875,-0.8,1312,1.2,73371541,5.6,38204536,4.3,585874,3.1,43,4.5
"US000","5","5619","16","0","2026","1","",33407,321600,325822,331342,5513531319,3206288528,74737900,1300,"",1.00,1.00,1.00,1.00,1.00,1.00,1.00,1.00,"",989,3.1,8253,2.6,7189,2.3,7114,2.2,474219855,9.4,187815306,6.2,6164065,9.0,84,6.9
"US000","5","56191","17","0","2026","1","",3053,59856,60084,60056,930067023,595372103,11638959,1192,"",1.00,1.00,1.00,1.00,1.00,1.00,1.00,1.00,"",48,1.6,-1139,-1.9,-1190,-1.9,-1217,-2.0,-1563619,-0.2,2512560,0.4,282115,2.5,21,1.8
"US000","5","561910","18","0","2026","1","",3053,59856,60084,60056,930067023,595372103,11638959,1192,"",1.00,1.00,1.00,1.00,1.00,1.00,1.00,1.00,"",48,1.6,-1139,-1.9,-1190,-1.9,-1217,-2.0,-1563619,-0.2,2512560,0.4,282115,2.5,21,1.8
"US000","5","56192","17","0","2026","1","",8474,56825,59353,61137,1210861216,665053069,20246200,1576,"",1.00,1.00,1.00,1.00,1.00,1.00,1.00,1.00,"",401,5.0,1906,3.5,2657,4.7,2118,3.6,82355566,7.3,39057401,6.2,837179,4.3,50,3.3
"US000","5","561920","18","0","2026","1","",8474,56825,59353,61137,1210861216,665053069,20246200,1576,"",1.00,1.00,1.00,1.00,1.00,1.00,1.00,1.00,"",401,5.0,1906,3.5,2657,4.7,2118,3.6,82355566,7.3,39057401,6.2,837179,4.3,50,3.3
"US000","5","56199","17","0","2026","1","",21880,204919,206385,210149,3372603080,1945863356,42852741,1252,"",1.00,1.00,1.00,1.00,1.00,1.00,1.00,1.00,"",540,2.5,7486,3.8,5722,2.9,6213,3.0,393427908,13.2,146245345,8.1,5044771,13.3,110,9.6
"US000","5","561990","18","0","2026","1","",21880,204919,206385,210149,3372603080,1945863356,42852741,1252,"",1.00,1.00,1.00,1.00,1.00,1.00,1.00,1.00,"",540,2.5,7486,3.8,5722,2.9,6213,3.0,393427908,13.2,146245345,8.1,5044771,13.3,110,9.6
"US000","5","562","15","0","2026","1","",38508,514096,512373,514421,10661446977,5913345072,115176979,1597,"",1.00,1.00,1.00,1.00,1.00,1.00,1.00,1.00,"",1051,2.8,6033,1.2,2880,0.6,2662,0.5,262973424,2.5,196813745,3.4,8036810,7.5,28,1.8
"US000","5","5621","16","0","2026","1","",14654,221245,220577,220972,4213468981,2411496267,41490592,1467,"",1.00,1.00,1.00,1.00,1.00,1.00,1.00,1.00,"",326,2.3,2688,1.2,2577,1.2,2403,1.1,141704559,3.5,91742697,4.0,3275248,8.6,33,2.3
"US000","5","56211","17","0","2026","1","",14654,221245,220577,220972,4213468981,2411496267,41490592,1467,"",1.00,1.00,1.00,1.00,1.00,1.00,1.00,1.00,"",326,2.3,2688,1.2,2577,1.2,2403,1.1,141704559,3.5,91742697,4.0,3275248,8.6,33,2.3
"US000","5","562111","18","0","2026","1","",11269,190389,189870,190040,3639540927,2098920921,35078224,1473,"",1.00,1.00,1.00,1.00,1.00,1.00,1.00,1.00,"",203,1.8,2962,1.6,2758,1.5,2244,1.2,133945819,3.8,85092837,4.2,2922844,9.1,34,2.4
"US000","5","562112","18","0","2026","1","",752,12939,12947,13016,297302267,138604490,3137635,1764,"",1.00,1.00,1.00,1.00,1.00,1.00,1.00,1.00,"",-16,-2.1,65,0.5,-82,-0.6,-93,-0.7,4393844,1.5,4887630,3.7,274425,9.6,31,1.8
"US000","5","562119","18","0","2026","1","",2633,17917,17760,17916,276625787,173970856,3274733,1191,"",1.00,1.00,1.00,1.00,1.00,1.00,1.00,1.00,"",139,5.6,-339,-1.9,-99,-0.6,252,1.4,3364896,1.2,1762230,1.0,77979,2.4,18,1.5
"US000","5","5622","16","0","2026","1","",4797,110969,110384,110519,2907843479,1399558034,22791429,2022,"",1.00,1.00,1.00,1.00,1.00,1.00,1.00,1.00,"",67,1.4,2181,2.0,950,0.9,832,0.8,51205781,1.8,45560205,3.4,2250481,11.0,12,0.6
"US000","5","56221","17","0","2026","1","",4797,110969,110384,110519,2907843479,1399558034,22791429,2022,"",1.00,1.00,1.00,1.00,1.00,1.00,1.00,1.00,"",67,1.4,2181,2.0,950,0.9,832,0.8,51205781,1.8,45560205,3.4,2250481,11.0,12,0.6
"US000","5","562211","18","0","2026","1","",1509,45653,45464,45488,1227652137,633525001,8449525,2074,"",1.00,1.00,1.00,1.00,1.00,1.00,1.00,1.00,"",55,3.8,1803,4.1,1438,3.3,1472,3.3,59557311,5.1,23522750,3.9,950806,12.7,30,1.5
"US000","5","562212","18","0","2026","1","",1657,38393,38123,38106,1025782363,429280191,7291628,2065,"",1.00,1.00,1.00,1.00,1.00,1.00,1.00,1.00,"",-23,-1.4,-271,-0.7,-586,-1.5,-728,-1.9,-20799313,-2.0,6723682,1.6,526674,7.8,-13,-0.6
"US000","5","562213","18","0","2026","1","",182,4484,4477,4450,146499152,60620801,1002617,2521,"",1.00,1.00,1.00,1.00,1.00,1.00,1.00,1.00,"",2,1.1,-165,-3.5,-142,-3.1,-149,-3.2,-9322617,-6.0,2930646,5.1,93891,10.3,-72,-2.8
"US000","5","562219","18","0","2026","1","",1449,22439,22320,22475,507909827,276132041,6047659,1743,"",1.00,1.00,1.00,1.00,1.00,1.00,1.00,1.00,"",33,2.3,814,3.8,240,1.1,237,1.1,21770400,4.5,12383127,4.7,679110,12.6,42,2.5
"US000","5","5629","16","0","2026","1","",19057,181882,181412,182930,3540134517,2102290771,50894958,1496,"",1.00,1.00,1.00,1.00,1.00,1.00,1.00,1.00,"",658,3.6,1164,0.6,-647,-0.4,-573,-0.3,70063084,2.0,59510843,2.9,2511081,5.2,30,2.0
"US000","5","56291","17","0","2026","1","",9365,95997,95929,96785,2026815808,1195978467,32188111,1620,"",1.00,1.00,1.00,1.00,1.00,1.00,1.00,1.00,"",244,2.7,-1408,-1.4,-2349,-2.4,-2267,-2.3,-5293433,-0.3,20650514,1.8,1308932,4.2,29,1.8
"US000","5","562910","18","0","2026","1","",9365,95997,95929,96785,2026815808,1195978467,32188111,1620,"",1.00,1.00,1.00,1.00,1.00,1.00,1.00,1.00,"",244,2.7,-1408,-1.4,-2349,-2.4,-2267,-2.3,-5293433,-0.3,20650514,1.8,1308932,4.2,29,1.8
"US000","5","56292","17","0","2026","1","",1949,26567,26132,26063,484728571,282379095,5711729,1420,"",1.00,1.00,1.00,1.00,1.00,1.00,1.00,1.00,"",117,6.4,599,2.3,-68,-0.3,-176,-0.7,16922602,3.6,8583080,3.1,313266,5.8,43,3.1
"US000","5","562920","18","0","2026","1","",1949,26567,26132,26063,484728571,282379095,5711729,1420,"",1.00,1.00,1.00,1.00,1.00,1.00,1.00,1.00,"",117,6.4,599,2.3,-68,-0.3,-176,-0.7,16922602,3.6,8583080,3.1,313266,5.8,43,3.1
"US000","5","56299","17","0","2026","1","",7743,59318,59351,60082,1028590138,623933209,12995118,1328,"",1.00,1.00,1.00,1.00,1.00,1.00,1.00,1.00,"",297,4.0,1973,3.4,1770,3.1,1870,3.2,58433915,6.0,30277249,5.1,888883,7.3,35,2.7
"US000","5","562991","18","0","2026","1","",4789,34537,34462,34768,549740175,354930023,7471928,1223,"",1.00,1.00,1.00,1.00,1.00,1.00,1.00,1.00,"",156,3.4,579,1.7,501,1.5,504,1.5,18725065,3.5,10945572,3.2,285329,4.0,24,2.0
"US000","5","562998","18","0","2026","1","",2954,24781,24889,25314,478849963,269003186,5523190,1474,"",1.00,1.00,1.00,1.00,1.00,1.00,1.00,1.00,"",141,5.0,1394,6.0,1269,5.4,1366,5.7,39708850,9.0,19331677,7.7,603554,12.3,46,3.2
"US000","5","61","14","0","2026","1","",173246,3225237,3346488,3329959,53467969118,12875727888,216141042,1246,"",1.00,1.00,1.00,1.00,1.00,1.00,1.00,1.00,"",4489,2.7,15032,0.5,4044,0.1,-971,0.0,1398303825,2.7,485927335,3.9,7054093,3.4,30,2.5
"US000","5","611","15","0","2026","1","",173246,3225237,3346488,3329959,53467969118,12875727888,216141042,1246,"",1.00,1.00,1.00,1.00,1.00,1.00,1.00,1.00,"",4489,2.7,15032,0.5,4044,0.1,-971,0.0,1398303825,2.7,485927335,3.9,7054093,3.4,30,2.5
"US000","5","6111","16","0","2026","1","",22493,1010112,1018924,1010620,13712433773,4705169252,66201408,1041,"",1.00,1.00,1.00,1.00,1.00,1.00,1.00,1.00,"",489,2.2,11536,1.2,9211,0.9,8358,0.8,553274330,4.2,239004907,5.4,1961880,3.1,32,3.2
"US000","5","61111","17","0","2026","1","",22493,1010112,1018924,1010620,13712433773,4705169252,66201408,1041,"",1.00,1.00,1.00,1.00,1.00,1.00,1.00,1.00,"",489,2.2,11536,1.2,9211,0.9,8358,0.8,553274330,4.2,239004907,5.4,1961880,3.1,32,3.2
"US000","5","611110","18","0","2026","1","",22493,1010112,1018924,1010620,13712433773,4705169252,66201408,1041,"",1.00,1.00,1.00,1.00,1.00,1.00,1.00,1.00,"",489,2.2,11536,1.2,9211,0.9,8358,0.8,553274330,4.2,239004907,5.4,1961880,3.1,32,3.2
"US000","5","6112","16","0","2026","1","",1056,17829,18914,18980,246864599,132879064,2497143,1022,"",1.00,1.00,1.00,1.00,1.00,1.00,1.00,1.00,"",-26,-2.4,-697,-3.8,-811,-4.1,-1017,-5.1,-15088178,-5.8,-2284538,-1.7,-446643,-15.2,-16,-1.5
"US000","5","61121","17","0","2026","1","",1056,17829,18914,18980,246864599,132879064,2497143,1022,"",1.00,1.00,1.00,1.00,1.00,1.00,1.00,1.00,"",-26,-2.4,-697,-3.8,-811,-4.1,-1017,-5.1,-15088178,-5.8,-2284538,-1.7,-446643,-15.2,-16,-1.5
"US000","5","611210","18","0","2026","1","",1056,17829,18914,18980,246864599,132879064,2497143,1022,"",1.00,1.00,1.00,1.00,1.00,1.00,1.00,1.00,"",-26,-2.4,-697,-3.8,-811,-4.1,-1017,-5.1,-15088178,-5.8,-2284538,-1.7,-446643,-15.2,-16,-1.5
"US000","5","6113","16","0","2026","1","",14683,1233974,1327128,1323064,28041587924,1695182978,22099436,1666,"",1.00,1.00,1.00,1.00,1.00,1.00,1.00,1.00,"",320,2.2,-10057,-0.8,-14158,-1.1,-16420,-1.2,577861181,2.1,108229208,6.8,836271,3.9,51,3.2
"US000","5","61131","17","0","2026","1","",14683,1233974,1327128,1323064,28041587924,1695182978,22099436,1666,"",1.00,1.00,1.00,1.00,1.00,1.00,1.00,1.00,"",320,2.2,-10057,-0.8,-14158,-1.1,-16420,-1.2,577861181,2.1,108229208,6.8,836271,3.9,51,3.2
"US000","5","611310","18","0","2026","1","",14683,1233974,1327128,1323064,28041587924,1695182978,22099436,1666,"",1.00,1.00,1.00,1.00,1.00,1.00,1.00,1.00,"",320,2.2,-10057,-0.8,-14158,-1.1,-16420,-1.2,577861181,2.1,108229208,6.8,836271,3.9,51,3.2
"US000","5","6114","16","0","2026","1","",20638,76023,76279,75569,2099902165,880611335,19348318,2127,"",1.00,1.00,1.00,1.00,1.00,1.00,1.00,1.00,"",462,2.3,-2999,-3.8,-3115,-3.9,-2935,-3.7,101159149,5.1,6193585,0.7,849047,4.6,180,9.2
"US000","5","61141","17","0","2026","1","",363,2823,2907,2888,46489137,23805488,655144,1245,"",1.00,1.00,1.00,1.00,1.00,1.00,1.00,1.00,"",-30,-7.6,-729,-20.5,-670,-18.7,-667,-18.8,-5064402,-9.8,-1263729,-5.0,28163,4.5,131,11.8
"US000","5","611410","18","0","2026","1","",363,2823,2907,2888,46489137,23805488,655144,1245,"",1.00,1.00,1.00,1.00,1.00,1.00,1.00,1.00,"",-30,-7.6,-729,-20.5,-670,-18.7,-667,-18.8,-5064402,-9.8,-1263729,-5.0,28163,4.5,131,11.8
"US000","5","61142","17","0","2026","1","",4116,16977,16926,16751,580484010,220638150,5708473,2645,"",1.00,1.00,1.00,1.00,1.00,1.00,1.00,1.00,"",-112,-2.6,-1626,-8.7,-1605,-8.7,-1519,-8.3,56785143,10.8,370795,0.2,312398,5.8,464,21.3
"US000","5","611420","18","0","2026","1","",4116,16977,16926,16751,580484010,220638150,5708473,2645,"",1.00,1.00,1.00,1.00,1.00,1.00,1.00,1.00,"",-112,-2.6,-1626,-8.7,-1605,-8.7,-1519,-8.3,56785143,10.8,370795,0.2,312398,5.8,464,21.3
"US000","5","61143","17","0","2026","1","",16159,56223,56446,55930,1472929018,636167697,12984701,2016,"",1.00,1.00,1.00,1.00,1.00,1.00,1.00,1.00,"",604,3.9,-644,-1.1,-840,-1.5,-749,-1.3,49438408,3.5,7086519,1.1,508486,4.1,93,4.8
"US000","5","611430","18","0","2026","1","",16159,56223,56446,55930,1472929018,636167697,12984701,2016,"",1.00,1.00,1.00,1.00,1.00,1.00,1.00,1.00,"",604,3.9,-644,-1.1,-840,-1.5,-749,-1.3,49438408,3.5,7086519,1.1,508486,4.1,93,4.8
"US000","5","6115","16","0","2026","1","",12326,130627,132912,132299,2132670553,1151585906,21521487,1243,"",1.00,1.00,1.00,1.00,1.00,1.00,1.00,1.00,"",195,1.6,1565,1.2,1555,1.2,1728,1.3,76268328,3.7,15120754,1.3,169948,0.8,29,2.4
"US000","5","61151","17","0","2026","1","",12326,130627,132912,132299,2132670553,1151585906,21521487,1243,"",1.00,1.00,1.00,1.00,1.00,1.00,1.00,1.00,"",195,1.6,1565,1.2,1555,1.2,1728,1.3,76268328,3.7,15120754,1.3,169948,0.8,29,2.4
"US000","5","611511","18","0","2026","1","",1968,17839,17907,17788,190128349,140528947,2844041,820,"",1.00,1.00,1.00,1.00,1.00,1.00,1.00,1.00,"",-18,-0.9,-765,-4.1,-927,-4.9,-828,-4.4,-8642692,-4.3,-4372274,-3.0,-157446,-5.2,2,0.2
"US000","5","611512","18","0","2026","1","",1934,29638,29795,29838,635079582,297487768,3333863,1642,"",1.00,1.00,1.00,1.00,1.00,1.00,1.00,1.00,"",120,6.6,1625,5.8,1566,5.5,1649,5.8,49370466,8.4,12298981,4.3,58199,1.8,41,2.6
"US000","5","611513","18","0","2026","1","",1702,18215,18825,18345,282539894,156226704,3229442,1177,"",1.00,1.00,1.00,1.00,1.00,1.00,1.00,1.00,"",20,1.2,706,4.0,663,3.7,640,3.6,10637877,3.9,1486106,1.0,-25286,-0.8,1,0.1
"US000","5","611519","18","0","2026","1","",6722,64935,66385,66328,1024922728,557342487,12114141,1197,"",1.00,1.00,1.00,1.00,1.00,1.00,1.00,1.00,"",73,1.1,-1,0.0,253,0.4,267,0.4,24902677,2.5,5707941,1.0,294481,2.5,26,2.2
"US000","5","6116","16","0","2026","1","",67839,534212,545168,542158,3631192962,2479814152,43135127,517,"",1.00,1.00,1.00,1.00,1.00,1.00,1.00,1.00,"",1579,2.4,4433,0.8,1157,0.2,-1909,-0.4,60776581,1.7,39405863,1.6,-2183,0.0,8,1.6
"US000","5","61161","17","0","2026","1","",16521,133860,136836,134487,755793212,542043866,9654364,430,"",1.00,1.00,1.00,1.00,1.00,1.00,1.00,1.00,"",363,2.2,4760,3.7,3095,2.3,2254,1.7,33078369,4.6,29073297,5.7,456924,5.0,8,1.9
"US000","5","611610","18","0","2026","1","",16521,133860,136836,134487,755793212,542043866,9654364,430,"",1.00,1.00,1.00,1.00,1.00,1.00,1.00,1.00,"",363,2.2,4760,3.7,3095,2.3,2254,1.7,33078369,4.6,29073297,5.7,456924,5.0,8,1.9
"US000","5","61162","17","0","2026","1","",22644,187041,188997,189342,1094222239,814929138,11934961,447,"",1.00,1.00,1.00,1.00,1.00,1.00,1.00,1.00,"",862,4.0,3177,1.7,2623,1.4,1887,1.0,36410065,3.4,27967897,3.6,-7880,-0.1,9,2.1
"US000","5","611620","18","0","2026","1","",22644,187041,188997,189342,1094222239,814929138,11934961,447,"",1.00,1.00,1.00,1.00,1.00,1.00,1.00,1.00,"",862,4.0,3177,1.7,2623,1.4,1887,1.0,36410065,3.4,27967897,3.6,-7880,-0.1,9,2.1
"US000","5","61163","17","0","2026","1","",2018,16799,17450,16821,125875711,89332438,1601205,569,"",1.00,1.00,1.00,1.00,1.00,1.00,1.00,1.00,"",-17,-0.8,-753,-4.3,-769,-4.2,-944,-5.3,-7620236,-5.7,-2151780,-2.4,24718,1.6,-6,-1.0
"US000","5","611630","18","0","2026","1","",2018,16799,17450,16821,125875711,89332438,1601205,569,"",1.00,1.00,1.00,1.00,1.00,1.00,1.00,1.00,"",-17,-0.8,-753,-4.3,-769,-4.2,-944,-5.3,-7620236,-5.7,-2151780,-2.4,24718,1.6,-6,-1.0
"US000","5","61169","17","0","2026","1","",26656,196512,201885,201508,1655301800,1033508710,19944597,637,"",1.00,1.00,1.00,1.00,1.00,1.00,1.00,1.00,"",371,1.4,-2751,-1.4,-3792,-1.8,-5106,-2.5,-1091617,-0.1,-15483551,-1.5,-475945,-2.3,12,1.9
"US000","5","611691","18","0","2026","1","",11474,98763,101996,100870,768589021,454714510,9452510,588,"",1.00,1.00,1.00,1.00,1.00,1.00,1.00,1.00,"",127,1.1,-3749,-3.7,-4195,-4.0,-4990,-4.7,-10590877,-1.4,-20092327,-4.2,-496942,-5.0,16,2.8
"US000","5","611692","18","0","2026","1","",2776,15847,16004,16236,116788719,92020459,1403506,560,"",1.00,1.00,1.00,1.00,1.00,1.00,1.00,1.00,"",-9,-0.3,-15,-0.1,8,0.1,-255,-1.5,1132892,1.0,700782,0.8,-8480,-0.6,8,1.4
"US000","5","611699","18","0","2026","1","",12406,81902,83885,84402,769924060,486773741,9088581,710,"",1.00,1.00,1.00,1.00,1.00,1.00,1.00,1.00,"",253,2.1,1013,1.3,395,0.5,139,0.2,8366368,1.1,3907994,0.8,29477,0.3,3,0.4
"US000","5","6117","16","0","2026","1","",34211,222460,227163,227269,3603317142,1830485201,41338123,1228,"",1.00,1.00,1.00,1.00,1.00,1.00,1.00,1.00,"",1470,4.5,11251,5.3,10205,4.7,11224,5.2,44052434,1.2,80257556,4.6,3685773,9.8,-47,-3.7
"US000","5","61171","17","0","2026","1","",34211,222460,227163,227269,3603317142,1830485201,41338123,1228,"",1.00,1.00,1.00,1.00,1.00,1.00,1.00,1.00,"",1470,4.5,11251,5.3,10205,4.7,11224,5.2,44052434,1.2,80257556,4.6,3685773,9.8,-47,-3.7
"US000","5","611710","18","0","2026","1","",34211,222460,227163,227269,3603317142,1830485201,41338123,1228,"",1.00,1.00,1.00,1.00,1.00,1.00,1.00,1.00,"",1470,4.5,11251,5.3,10205,4.7,11224,5.2,44052434,1.2,80257556,4.6,3685773,9.8,-47,-3.7
"US000","5","62","14","0","2026","1","",2176716,23288346,23290214,23288729,389835353757,133523600832,2074859398,1288,"",1.00,1.00,1.00,1.00,1.00,1.00,1.00,1.00,"",151494,7.5,631528,2.8,569726,2.5,531392,2.3,18044234140,4.9,7543025162,6.0,135435982,7.0,29,2.3
"US000","5","621","15","0","2026","1","",780298,9130226,9132535,9110663,181297724960,71641578335,1028913845,1528,"",1.00,1.00,1.00,1.00,1.00,1.00,1.00,1.00,"",29187,3.9,181600,2.0,146259,1.6,132542,1.5,8986111648,5.2,3007529572,4.4,20943382,2.1,50,3.4
"US000","5","6211","16","0","2026","1","",247620,3005646,3004707,2990948,85694969823,23934967514,314613235,2197,"",1.00,1.00,1.00,1.00,1.00,1.00,1.00,1.00,"",6298,2.6,32047,1.1,26103,0.9,19018,0.6,3914113793,4.8,671295480,2.9,4396544,1.4,82,3.9
"US000","5","62111","17","0","2026","1","",247620,3005646,3004707,2990948,85694969823,23934967514,314613235,2197,"",1.00,1.00,1.00,1.00,1.00,1.00,1.00,1.00,"",6298,2.6,32047,1.1,26103,0.9,19018,0.6,3914113793,4.8,671295480,2.9,4396544,1.4,82,3.9
"US000","5","621111","18","0","2026","1","",230053,2915455,2914016,2901000,83874952364,23113277349,301070668,2217,"",1.00,1.00,1.00,1.00,1.00,1.00,1.00,1.00,"",5187,2.3,26085,0.9,20331,0.7,13499,0.5,3749232543,4.7,592893153,2.6,4138725,1.4,84,3.9
"US000","5","621112","18","0","2026","1","",17567,90191,90691,89948,1820017459,821690165,13542567,1551,"",1.00,1.00,1.00,1.00,1.00,1.00,1.00,1.00,"",1111,6.8,5962,7.1,5772,6.8,5519,6.5,164881250,10.0,78402327,10.5,257819,1.9,45,3.0
"US000","5","6212","16","0","2026","1","",138982,1051088,1052320,1045431,16861375415,9836993358,128156550,1236,"",1.00,1.00,1.00,1.00,1.00,1.00,1.00,1.00,"",2281,1.7,8126,0.8,5630,0.5,2654,0.3,492946385,3.0,277040506,2.9,969181,0.8,30,2.5
"US000","5","62121","17","0","2026","1","",138982,1051088,1052320,1045431,16861375415,9836993358,128156550,1236,"",1.00,1.00,1.00,1.00,1.00,1.00,1.00,1.00,"",2281,1.7,8126,0.8,5630,0.5,2654,0.3,492946385,3.0,277040506,2.9,969181,0.8,30,2.5
"US000","5","621210","18","0","2026","1","",138982,1051088,1052320,1045431,16861375415,9836993358,128156550,1236,"",1.00,1.00,1.00,1.00,1.00,1.00,1.00,1.00,"",2281,1.7,8126,0.8,5630,0.5,2654,0.3,492946385,3.0,277040506,2.9,969181,0.8,30,2.5
"US000","5","6213","16","0","2026","1","",227643,1359145,1364247,1357419,18048525426,11406701582,163694106,1021,"",1.00,1.00,1.00,1.00,1.00,1.00,1.00,1.00,"",13729,6.4,74366,5.8,69557,5.4,63732,4.9,1339047526,8.0,834987454,7.9,6605003,4.2,25,2.5
"US000","5","62131","17","0","2026","1","",38940,143737,143702,142426,1533313357,1121640935,13053375,823,"",1.00,1.00,1.00,1.00,1.00,1.00,1.00,1.00,"",8,0.0,-1330,-0.9,-1837,-1.3,-2274,-1.6,17810736,1.2,7476156,0.7,-445866,-3.3,20,2.5
"US000","5","621310","18","0","2026","1","",38940,143737,143702,142426,1533313357,1121640935,13053375,823,"",1.00,1.00,1.00,1.00,1.00,1.00,1.00,1.00,"",8,0.0,-1330,-0.9,-1837,-1.3,-2274,-1.6,17810736,1.2,7476156,0.7,-445866,-3.3,20,2.5
"US000","5","62132","17","0","2026","1","",21597,154367,154353,153961,2134025363,1371880859,16056492,1064,"",1.00,1.00,1.00,1.00,1.00,1.00,1.00,1.00,"",273,1.3,-397,-0.3,-417,-0.3,-718,-0.5,54247451,2.6,24876033,1.8,-217628,-1.3,30,2.9
"US000","5","621320","18","0","2026","1","",21597,154367,154353,153961,2134025363,1371880859,16056492,1064,"",1.00,1.00,1.00,1.00,1.00,1.00,1.00,1.00,"",273,1.3,-397,-0.3,-417,-0.3,-718,-0.5,54247451,2.6,24876033,1.8,-217628,-1.3,30,2.9
"US000","5","62133","17","0","2026","1","",58930,319618,322626,319321,3968337015,2634976005,47445036,952,"",1.00,1.00,1.00,1.00,1.00,1.00,1.00,1.00,"",7182,13.9,41897,15.1,40347,14.3,37357,13.2,545434979,15.9,387357183,17.2,5084821,12.0,14,1.5
"US000","5","621330","18","0","2026","1","",58930,319618,322626,319321,3968337015,2634976005,47445036,952,"",1.00,1.00,1.00,1.00,1.00,1.00,1.00,1.00,"",7182,13.9,41897,15.1,40347,14.3,37357,13.2,545434979,15.9,387357183,17.2,5084821,12.0,14,1.5
"US000","5","62134","17","0","2026","1","",55463,526409,527576,526140,6978366815,4412329063,57597892,1019,"",1.00,1.00,1.00,1.00,1.00,1.00,1.00,1.00,"",1990,3.7,18002,3.5,15734,3.1,14063,2.7,355232267,5.4,238032247,5.7,-668105,-1.1,22,2.2
"US000","5","621340","18","0","2026","1","",55463,526409,527576,526140,6978366815,4412329063,57597892,1019,"",1.00,1.00,1.00,1.00,1.00,1.00,1.00,1.00,"",1990,3.7,18002,3.5,15734,3.1,14063,2.7,355232267,5.4,238032247,5.7,-668105,-1.1,22,2.2
"US000","5","62139","17","0","2026","1","",52713,215014,215990,215571,3434482876,1865874720,29541311,1226,"",1.00,1.00,1.00,1.00,1.00,1.00,1.00,1.00,"",4276,8.8,16194,8.1,15730,7.9,15304,7.6,366322093,11.9,177245835,10.5,2851781,10.7,45,3.8
"US000","5","621391","18","0","2026","1","",6479,31812,31757,31565,493732165,273052143,3795198,1198,"",1.00,1.00,1.00,1.00,1.00,1.00,1.00,1.00,"",-19,-0.3,-737,-2.3,-862,-2.6,-906,-2.8,8004948,1.6,2658971,1.0,-172569,-4.3,50,4.4
"US000","5","621399","18","0","2026","1","",46234,183202,184233,184006,2940750711,1592822577,25746113,1231,"",1.00,1.00,1.00,1.00,1.00,1.00,1.00,1.00,"",4295,10.2,16931,10.2,16592,9.9,16210,9.7,358317145,13.9,174586864,12.3,3024350,13.3,43,3.6
"US000","5","6214","16","0","2026","1","",55639,1190874,1179150,1186535,26029415449,7808618357,126112704,1689,"",1.00,1.00,1.00,1.00,1.00,1.00,1.00,1.00,"",1766,3.3,27950,2.4,12384,1.1,19725,1.7,980889571,3.9,341575595,4.6,7630077,6.4,36,2.2
"US000","5","62141","17","0","2026","1","",3165,29888,29882,29945,535669249,203546276,4098448,1378,"",1.00,1.00,1.00,1.00,1.00,1.00,1.00,1.00,"",74,2.4,2014,7.2,299,1.0,407,1.4,10916602,2.1,12561565,6.6,308935,8.2,-14,-1.0
"US000","5","621410","18","0","2026","1","",3165,29888,29882,29945,535669249,203546276,4098448,1378,"",1.00,1.00,1.00,1.00,1.00,1.00,1.00,1.00,"",74,2.4,2014,7.2,299,1.0,407,1.4,10916602,2.1,12561565,6.6,308935,8.2,-14,-1.0
"US000","5","62142","17","0","2026","1","",19346,334763,334980,333218,4990049739,2017482287,36984775,1148,"",1.00,1.00,1.00,1.00,1.00,1.00,1.00,1.00,"",773,4.2,11074,3.4,9889,3.0,8112,2.5,283433241,6.0,154184936,8.3,3940798,11.9,33,3.0
"US000","5","621420","18","0","2026","1","",19346,334763,334980,333218,4990049739,2017482287,36984775,1148,"",1.00,1.00,1.00,1.00,1.00,1.00,1.00,1.00,"",773,4.2,11074,3.4,9889,3.0,8112,2.5,283433241,6.0,154184936,8.3,3940798,11.9,33,3.0
"US000","5","62149","17","0","2026","1","",33128,826223,814288,823372,20503696461,5587589794,85029481,1920,"",1.00,1.00,1.00,1.00,1.00,1.00,1.00,1.00,"",919,2.9,14862,1.8,2196,0.3,11206,1.4,686539728,3.5,174829094,3.2,3380344,4.1,42,2.2
"US000","5","621491","18","0","2026","1","",2830,236708,225981,236319,8361953611,1111021030,18914133,2761,"",1.00,1.00,1.00,1.00,1.00,1.00,1.00,1.00,"",-62,-2.1,2998,1.3,-7255,-3.1,3069,1.3,92303213,1.1,15191422,1.4,621434,3.4,36,1.3
"US000","5","621492","18","0","2026","1","",8065,129171,128865,128832,2454047414,1264289395,15179903,1464,"",1.00,1.00,1.00,1.00,1.00,1.00,1.00,1.00,"",123,1.5,-620,-0.5,-933,-0.7,-1370,-1.1,76700417,3.2,34649036,2.8,386439,2.6,57,4.1
"US000","5","621493","18","0","2026","1","",9252,183011,182212,180953,3545648507,1491929534,22203039,1498,"",1.00,1.00,1.00,1.00,1.00,1.00,1.00,1.00,"",99,1.1,975,0.5,-294,-0.2,-1217,-0.7,112835488,3.3,26860392,1.8,274664,1.3,49,3.4
"US000","5","621498","18","0","2026","1","",12981,277333,277230,277268,6142046929,1720349835,28732406,1704,"",1.00,1.00,1.00,1.00,1.00,1.00,1.00,1.00,"",759,6.2,11509,4.3,10678,4.0,10724,4.0,404700610,7.1,98128244,6.0,2097807,7.9,47,2.8
"US000","5","6215","16","0","2026","1","",30567,315315,316049,314030,8389106013,3192194177,48055734,2048,"",1.00,1.00,1.00,1.00,1.00,1.00,1.00,1.00,"",782,2.6,6257,2.0,5290,1.7,4640,1.5,1208500368,16.8,268061016,9.2,2285995,5.0,265,14.9
"US000","5","62151","17","0","2026","1","",30567,315315,316049,314030,8389106013,3192194177,48055734,2048,"",1.00,1.00,1.00,1.00,1.00,1.00,1.00,1.00,"",782,2.6,6257,2.0,5290,1.7,4640,1.5,1208500368,16.8,268061016,9.2,2285995,5.0,265,14.9
"US000","5","621511","18","0","2026","1","",22616,225680,226652,224938,6380278410,2342733120,35292946,2174,"",1.00,1.00,1.00,1.00,1.00,1.00,1.00,1.00,"",490,2.2,4208,1.9,3765,1.7,3386,1.5,1112505330,21.1,214317332,10.1,1522069,4.5,348,19.1
"US000","5","621512","18","0","2026","1","",7951,89635,89397,89092,2008827603,849461057,12762788,1729,"",1.00,1.00,1.00,1.00,1.00,1.00,1.00,1.00,"",292,3.8,2049,2.3,1525,1.7,1254,1.4,95995038,5.0,53743684,6.8,763926,6.4,52,3.1
"US000","5","6216","16","0","2026","1","",56719,1840238,1847702,1846485,19597656647,12338387668,197521525,817,"",1.00,1.00,1.00,1.00,1.00,1.00,1.00,1.00,"",3083,5.7,25066,1.4,20253,1.1,15382,0.8,744241898,3.9,509084479,4.3,-3228342,-1.6,22,2.8
"US000","5","62161","17","0","2026","1","",56719,1840238,1847702,1846485,19597656647,12338387668,197521525,817,"",1.00,1.00,1.00,1.00,1.00,1.00,1.00,1.00,"",3083,5.7,25066,1.4,20253,1.1,15382,0.8,744241898,3.9,509084479,4.3,-3228342,-1.6,22,2.8
"US000","5","621610","18","0","2026","1","",56719,1840238,1847702,1846485,19597656647,12338387668,197521525,817,"",1.00,1.00,1.00,1.00,1.00,1.00,1.00,1.00,"",3083,5.7,25066,1.4,20253,1.1,15382,0.8,744241898,3.9,509084479,4.3,-3228342,-1.6,22,2.8
"US000","5","6219","16","0","2026","1","",23128,367920,368360,369815,6676676187,3123715679,50759991,1393,"",1.00,1.00,1.00,1.00,1.00,1.00,1.00,1.00,"",1248,5.7,7788,2.2,7042,1.9,7391,2.0,306372107,4.8,105485042,3.5,2284924,4.7,37,2.7
"US000","5","62191","17","0","2026","1","",5905,178679,179157,180275,2814818442,1567333541,20860681,1207,"",1.00,1.00,1.00,1.00,1.00,1.00,1.00,1.00,"",85,1.5,5700,3.3,5185,3.0,5015,2.9,146175057,5.5,68712674,4.6,453855,2.2,28,2.4
"US000","5","621910","18","0","2026","1","",5905,178679,179157,180275,2814818442,1567333541,20860681,1207,"",1.00,1.00,1.00,1.00,1.00,1.00,1.00,1.00,"",85,1.5,5700,3.3,5185,3.0,5015,2.9,146175057,5.5,68712674,4.6,453855,2.2,28,2.4
"US000","5","62199","17","0","2026","1","",17223,189241,189203,189540,3861857745,1556382138,29899310,1569,"",1.00,1.00,1.00,1.00,1.00,1.00,1.00,1.00,"",1163,7.2,2088,1.1,1857,1.0,2376,1.3,160197050,4.3,36772368,2.4,1831069,6.5,48,3.2
"US000","5","621991","18","0","2026","1","",2695,86024,86023,86479,1473821402,551076663,8021405,1316,"",1.00,1.00,1.00,1.00,1.00,1.00,1.00,1.00,"",208,8.4,-1880,-2.1,-1251,-1.4,-532,-0.6,13419565,0.9,-10181782,-1.8,-1246437,-13.4,31,2.4
"US000","5","621999","18","0","2026","1","",14528,103217,103180,103061,2388036343,1005305475,21877905,1781,"",1.00,1.00,1.00,1.00,1.00,1.00,1.00,1.00,"",955,7.0,3968,4.0,3108,3.1,2908,2.9,146777485,6.5,46954150,4.9,3077506,16.4,54,3.1
"US000","5","622","15","0","2026","1","",17997,5621626,5616969,5634654,123662449134,10854361027,122648667,1691,"",1.00,1.00,1.00,1.00,1.00,1.00,1.00,1.00,"",1457,8.8,109334,2.0,97567,1.8,96177,1.7,4325764552,3.6,1038754952,10.6,18471700,17.7,29,1.7
"US000","5","6221","16","0","2026","1","",13544,5205675,5199874,5216211,115285340034,8773807815,96463676,1703,"",1.00,1.00,1.00,1.00,1.00,1.00,1.00,1.00,"",1238,10.1,99059,1.9,88077,1.7,86324,1.7,3867637806,3.5,948677572,12.1,17020559,21.4,28,1.7
"US000","5","62211","17","0","2026","1","",13544,5205675,5199874,5216211,115285340034,8773807815,96463676,1703,"",1.00,1.00,1.00,1.00,1.00,1.00,1.00,1.00,"",1238,10.1,99059,1.9,88077,1.7,86324,1.7,3867637806,3.5,948677572,12.1,17020559,21.4,28,1.7
"US000","5","622110","18","0","2026","1","",13544,5205675,5199874,5216211,115285340034,8773807815,96463676,1703,"",1.00,1.00,1.00,1.00,1.00,1.00,1.00,1.00,"",1238,10.1,99059,1.9,88077,1.7,86324,1.7,3867637806,3.5,948677572,12.1,17020559,21.4,28,1.7
"US000","5","6222","16","0","2026","1","",1622,135027,135279,135473,2325666688,946635663,14091869,1323,"",1.00,1.00,1.00,1.00,1.00,1.00,1.00,1.00,"",43,2.7,3810,2.9,3309,2.5,3297,2.5,119339633,5.4,50509262,5.6,1803057,14.7,35,2.7
"US000","5","62221","17","0","2026","1","",1622,135027,135279,135473,2325666688,946635663,14091869,1323,"",1.00,1.00,1.00,1.00,1.00,1.00,1.00,1.00,"",43,2.7,3810,2.9,3309,2.5,3297,2.5,119339633,5.4,50509262,5.6,1803057,14.7,35,2.7
"US000","5","622210","18","0","2026","1","",1622,135027,135279,135473,2325666688,946635663,14091869,1323,"",1.00,1.00,1.00,1.00,1.00,1.00,1.00,1.00,"",43,2.7,3810,2.9,3309,2.5,3297,2.5,119339633,5.4,50509262,5.6,1803057,14.7,35,2.7
"US000","5","6223","16","0","2026","1","",2831,280924,281816,282970,6051442412,1133917549,12093122,1651,"",1.00,1.00,1.00,1.00,1.00,1.00,1.00,1.00,"",176,6.6,6465,2.4,6181,2.2,6556,2.4,338787113,5.9,39568118,3.6,-351916,-2.8,56,3.5
"US000","5","62231","17","0","2026","1","",2831,280924,281816,282970,6051442412,1133917549,12093122,1651,"",1.00,1.00,1.00,1.00,1.00,1.00,1.00,1.00,"",176,6.6,6465,2.4,6181,2.2,6556,2.4,338787113,5.9,39568118,3.6,-351916,-2.8,56,3.5
"US000","5","622310","18","0","2026","1","",2831,280924,281816,282970,6051442412,1133917549,12093122,1651,"",1.00,1.00,1.00,1.00,1.00,1.00,1.00,1.00,"",176,6.6,6465,2.4,6181,2.2,6556,2.4,338787113,5.9,39568118,3.6,-351916,-2.8,56,3.5
"US000","5","623","15","0","2026","1","",93367,3462976,3462590,3466391,40605204013,22508613660,330336060,902,"",1.00,1.00,1.00,1.00,1.00,1.00,1.00,1.00,"",1158,1.3,92955,2.8,83871,2.5,75309,2.2,1837335012,4.7,1111031534,5.2,19568910,6.3,20,2.3
"US000","5","6231","16","0","2026","1","",20233,1561213,1562685,1564273,19483519116,11835815370,163524886,959,"",1.00,1.00,1.00,1.00,1.00,1.00,1.00,1.00,"",78,0.4,42281,2.8,38908,2.6,33892,2.2,865549739,4.6,553790961,4.9,7032694,4.5,19,2.0
"US000","5","62311","17","0","2026","1","",20233,1561213,1562685,1564273,19483519116,11835815370,163524886,959,"",1.00,1.00,1.00,1.00,1.00,1.00,1.00,1.00,"",78,0.4,42281,2.8,38908,2.6,33892,2.2,865549739,4.6,553790961,4.9,7032694,4.5,19,2.0
"US000","5","623110","18","0","2026","1","",20233,1561213,1562685,1564273,19483519116,11835815370,163524886,959,"",1.00,1.00,1.00,1.00,1.00,1.00,1.00,1.00,"",78,0.4,42281,2.8,38908,2.6,33892,2.2,865549739,4.6,553790961,4.9,7032694,4.5,19,2.0
"US000","5","6232","16","0","2026","1","",35544,701036,700567,700665,8460001050,3362212526,54513390,929,"",1.00,1.00,1.00,1.00,1.00,1.00,1.00,1.00,"",342,1.0,22023,3.2,18144,2.7,15968,2.3,414290641,5.1,175505243,5.5,3842297,7.6,22,2.4
"US000","5","62321","17","0","2026","1","",25085,428065,428276,428598,4804570164,1790593233,23853131,863,"",1.00,1.00,1.00,1.00,1.00,1.00,1.00,1.00,"",104,0.4,14796,3.6,12652,3.0,11279,2.7,233349161,5.1,84965493,5.0,1505634,6.7,17,2.0
"US000","5","623210","18","0","2026","1","",25085,428065,428276,428598,4804570164,1790593233,23853131,863,"",1.00,1.00,1.00,1.00,1.00,1.00,1.00,1.00,"",104,0.4,14796,3.6,12652,3.0,11279,2.7,233349161,5.1,84965493,5.0,1505634,6.7,17,2.0
"US000","5","62322","17","0","2026","1","",10459,272971,272291,272067,3655430886,1571619293,30660259,1032,"",1.00,1.00,1.00,1.00,1.00,1.00,1.00,1.00,"",238,2.3,7227,2.7,5492,2.1,4689,1.8,180941480,5.2,90539750,6.1,2336663,8.2,30,3.0
"US000","5","623220","18","0","2026","1","",10459,272971,272291,272067,3655430886,1571619293,30660259,1032,"",1.00,1.00,1.00,1.00,1.00,1.00,1.00,1.00,"",238,2.3,7227,2.7,5492,2.1,4689,1.8,180941480,5.2,90539750,6.1,2336663,8.2,30,3.0
"US000","5","6233","16","0","2026","1","",29939,1034540,1032805,1035230,10668969128,6424532073,98901152,794,"",1.00,1.00,1.00,1.00,1.00,1.00,1.00,1.00,"",535,1.8,28246,2.8,26891,2.7,26796,2.7,529533602,5.2,332704429,5.5,7529585,8.2,19,2.5
"US000","5","62331","17","0","2026","1","",29939,1034540,1032805,1035230,10668969128,6424532073,98901152,794,"",1.00,1.00,1.00,1.00,1.00,1.00,1.00,1.00,"",535,1.8,28246,2.8,26891,2.7,26796,2.7,529533602,5.2,332704429,5.5,7529585,8.2,19,2.5
"US000","5","623311","18","0","2026","1","",7136,498924,497101,498665,5397072834,2593407038,36027816,833,"",1.00,1.00,1.00,1.00,1.00,1.00,1.00,1.00,"",-93,-1.3,4336,0.9,3356,0.7,3524,0.7,183558017,3.5,83548776,3.3,2125229,6.3,22,2.7
"US000","5","623312","18","0","2026","1","",22803,535616,535704,536565,5271896294,3831125035,62873336,757,"",1.00,1.00,1.00,1.00,1.00,1.00,1.00,1.00,"",628,2.8,23910,4.7,23535,4.6,23272,4.5,345975585,7.0,249155653,7.0,5404356,9.4,17,2.3
"US000","5","6239","16","0","2026","1","",7651,166187,166533,166223,1992714719,886053691,13396632,922,"",1.00,1.00,1.00,1.00,1.00,1.00,1.00,1.00,"",203,2.7,405,0.2,-72,0.0,-1347,-0.8,27961030,1.4,49030901,5.9,1164334,9.5,15,1.7
"US000","5","62399","17","0","2026","1","",7651,166187,166533,166223,1992714719,886053691,13396632,922,"",1.00,1.00,1.00,1.00,1.00,1.00,1.00,1.00,"",203,2.7,405,0.2,-72,0.0,-1347,-0.8,27961030,1.4,49030901,5.9,1164334,9.5,15,1.7
"US000","5","623990","18","0","2026","1","",7651,166187,166533,166223,1992714719,886053691,13396632,922,"",1.00,1.00,1.00,1.00,1.00,1.00,1.00,1.00,"",203,2.7,405,0.2,-72,0.0,-1347,-0.8,27961030,1.4,49030901,5.9,1164334,9.5,15,1.7
"US000","5","624","15","0","2026","1","",1285054,5073518,5078120,5077021,44269975650,28519047810,592960826,671,"",1.00,1.00,1.00,1.00,1.00,1.00,1.00,1.00,"",119692,10.3,247639,5.1,242029,5.0,227364,4.7,2895022928,7.0,2385709104,9.1,76451990,14.8,13,2.0
"US000","5","6241","16","0","2026","1","",1180516,3580573,3585675,3581761,30136678327,19935528592,443089039,647,"",1.00,1.00,1.00,1.00,1.00,1.00,1.00,1.00,"",118760,11.2,261724,7.9,259556,7.8,248232,7.4,2722808466,9.9,2284119940,12.9,73176328,19.8,13,2.1
"US000","5","62411","17","0","2026","1","",14679,236356,237280,237435,2753515805,1104552521,20732061,894,"",1.00,1.00,1.00,1.00,1.00,1.00,1.00,1.00,"",305,2.1,1756,0.7,908,0.4,896,0.4,71322640,2.7,35755599,3.3,1482579,7.7,19,2.2
"US000","5","624110","18","0","2026","1","",14679,236356,237280,237435,2753515805,1104552521,20732061,894,"",1.00,1.00,1.00,1.00,1.00,1.00,1.00,1.00,"",305,2.1,1756,0.7,908,0.4,896,0.4,71322640,2.7,35755599,3.3,1482579,7.7,19,2.2
"US000","5","62412","17","0","2026","1","",1118937,2823602,2826043,2823509,20574830866,15591340424,354273931,560,"",1.00,1.00,1.00,1.00,1.00,1.00,1.00,1.00,"",117114,11.7,265088,10.4,264144,10.3,251830,9.8,2513708014,13.9,2154130864,16.0,69454277,24.4,18,3.3
"US000","5","624120","18","0","2026","1","",1118937,2823602,2826043,2823509,20574830866,15591340424,354273931,560,"",1.00,1.00,1.00,1.00,1.00,1.00,1.00,1.00,"",117114,11.7,265088,10.4,264144,10.3,251830,9.8,2513708014,13.9,2154130864,16.0,69454277,24.4,18,3.3
"US000","5","62419","17","0","2026","1","",46900,520615,522352,520817,6808331656,3239635647,68083047,1005,"",1.00,1.00,1.00,1.00,1.00,1.00,1.00,1.00,"",1341,2.9,-5120,-1.0,-5496,-1.0,-4494,-0.9,137777812,2.1,94233477,3.0,2239472,3.4,30,3.1
"US000","5","624190","18","0","2026","1","",46900,520615,522352,520817,6808331656,3239635647,68083047,1005,"",1.00,1.00,1.00,1.00,1.00,1.00,1.00,1.00,"",1341,2.9,-5120,-1.0,-5496,-1.0,-4494,-0.9,137777812,2.1,94233477,3.0,2239472,3.4,30,3.1
"US000","5","6242","16","0","2026","1","",15327,230286,230189,230009,3246562825,1399818742,32958259,1085,"",1.00,1.00,1.00,1.00,1.00,1.00,1.00,1.00,"",296,2.0,-4862,-2.1,-3938,-1.7,-3863,-1.7,27950819,0.9,23974542,1.7,3463210,11.7,29,2.7
"US000","5","62421","17","0","2026","1","",4231,50789,50797,51078,653700272,309300528,5962896,988,"",1.00,1.00,1.00,1.00,1.00,1.00,1.00,1.00,"",76,1.8,572,1.1,468,0.9,677,1.3,26591825,4.2,13928436,4.7,592023,11.0,29,3.0
"US000","5","624210","18","0","2026","1","",4231,50789,50797,51078,653700272,309300528,5962896,988,"",1.00,1.00,1.00,1.00,1.00,1.00,1.00,1.00,"",76,1.8,572,1.1,468,0.9,677,1.3,26591825,4.2,13928436,4.7,592023,11.0,29,3.0
"US000","5","62422","17","0","2026","1","",8273,145416,145410,145131,1979543141,908260282,21712129,1048,"",1.00,1.00,1.00,1.00,1.00,1.00,1.00,1.00,"",114,1.4,-1520,-1.0,-1690,-1.1,-2193,-1.5,42545119,2.2,29440689,3.4,1843393,9.3,35,3.5
"US000","5","624221","18","0","2026","1","",4349,94398,94453,94243,1154624036,535834624,12413328,941,"",1.00,1.00,1.00,1.00,1.00,1.00,1.00,1.00,"",23,0.5,-2060,-2.1,-1957,-2.0,-2420,-2.5,3093150,0.3,11153156,2.1,919520,8.0,23,2.5
"US000","5","624229","18","0","2026","1","",3924,51018,50957,50888,824919105,372425658,9298801,1245,"",1.00,1.00,1.00,1.00,1.00,1.00,1.00,1.00,"",91,2.4,540,1.1,267,0.5,227,0.4,39451969,5.0,18287533,5.2,923873,11.0,51,4.3
"US000","5","62423","17","0","2026","1","",2823,34081,33982,33800,613319412,182257932,5283234,1389,"",1.00,1.00,1.00,1.00,1.00,1.00,1.00,1.00,"",106,3.9,-3914,-10.3,-2716,-7.4,-2347,-6.5,-41186125,-6.3,-19394583,-9.6,1027794,24.2,26,1.9
"US000","5","624230","18","0","2026","1","",2823,34081,33982,33800,613319412,182257932,5283234,1389,"",1.00,1.00,1.00,1.00,1.00,1.00,1.00,1.00,"",106,3.9,-3914,-10.3,-2716,-7.4,-2347,-6.5,-41186125,-6.3,-19394583,-9.6,1027794,24.2,26,1.9
"US000","5","6243","16","0","2026","1","",9594,275529,276100,276750,2777347132,946825050,15096410,774,"",1.00,1.00,1.00,1.00,1.00,1.00,1.00,1.00,"",-75,-0.8,-5743,-2.0,-6198,-2.2,-6315,-2.2,-6179257,-0.2,-10919268,-1.1,329956,2.2,15,2.0
"US000","5","62431","17","0","2026","1","",9594,275529,276100,276750,2777347132,946825050,15096410,774,"",1.00,1.00,1.00,1.00,1.00,1.00,1.00,1.00,"",-75,-0.8,-5743,-2.0,-6198,-2.2,-6315,-2.2,-6179257,-0.2,-10919268,-1.1,329956,2.2,15,2.0
"US000","5","624310","18","0","2026","1","",9594,275529,276100,276750,2777347132,946825050,15096410,774,"",1.00,1.00,1.00,1.00,1.00,1.00,1.00,1.00,"",-75,-0.8,-5743,-2.0,-6198,-2.2,-6315,-2.2,-6179257,-0.2,-10919268,-1.1,329956,2.2,15,2.0
"US000","5","6244","16","0","2026","1","",79617,987130,986156,988501,8109387366,6236875426,101817118,632,"",1.00,1.00,1.00,1.00,1.00,1.00,1.00,1.00,"",711,0.9,-3480,-0.4,-7391,-0.7,-10690,-1.1,150442900,1.9,88533890,1.4,-517504,-0.5,16,2.6
"US000","5","62441","17","0","2026","1","",79617,987130,986156,988501,8109387366,6236875426,101817118,632,"",1.00,1.00,1.00,1.00,1.00,1.00,1.00,1.00,"",711,0.9,-3480,-0.4,-7391,-0.7,-10690,-1.1,150442900,1.9,88533890,1.4,-517504,-0.5,16,2.6
"US000","5","624410","18","0","2026","1","",79617,987130,986156,988501,8109387366,6236875426,101817118,632,"",1.00,1.00,1.00,1.00,1.00,1.00,1.00,1.00,"",711,0.9,-3480,-0.4,-7391,-0.7,-10690,-1.1,150442900,1.9,88533890,1.4,-517504,-0.5,16,2.6
"US000","5","71","14","0","2026","1","",193065,2447385,2464680,2547779,32349793835,14834128535,276825766,1001,"",1.00,1.00,1.00,1.00,1.00,1.00,1.00,1.00,"",6498,3.5,70874,3.0,55394,2.3,45756,1.8,1276747591,4.1,641521794,4.5,8644238,3.2,17,1.7
"US000","5","711","15","0","2026","1","",84676,521240,538733,571305,15330482298,4145605004,92637117,2169,"",1.00,1.00,1.00,1.00,1.00,1.00,1.00,1.00,"",3802,4.7,16393,3.2,8304,1.6,7042,1.2,519180508,3.5,207220549,5.3,3071578,3.4,32,1.5
"US000","5","7111","16","0","2026","1","",13465,126351,134128,136522,1628049729,879046038,25734129,946,"",1.00,1.00,1.00,1.00,1.00,1.00,1.00,1.00,"",400,3.1,5106,4.2,1931,1.5,1083,0.8,26929577,1.7,36421819,4.3,156308,0.6,-4,-0.4
"US000","5","71111","17","0","2026","1","",4128,67358,71623,72503,821509326,493385341,15036973,896,"",1.00,1.00,1.00,1.00,1.00,1.00,1.00,1.00,"",28,0.7,2665,4.1,894,1.3,-344,-0.5,3313489,0.4,23811333,5.1,-150157,-1.0,-11,-1.2
"US000","5","711110","18","0","2026","1","",4128,67358,71623,72503,821509326,493385341,15036973,896,"",1.00,1.00,1.00,1.00,1.00,1.00,1.00,1.00,"",28,0.7,2665,4.1,894,1.3,-344,-0.5,3313489,0.4,23811333,5.1,-150157,-1.0,-11,-1.2
"US000","5","71112","17","0","2026","1","",1711,16176,17135,16963,159388203,107258480,4466927,732,"",1.00,1.00,1.00,1.00,1.00,1.00,1.00,1.00,"",92,5.7,847,5.5,336,2.0,309,1.9,7315601,4.8,7013646,7.0,239974,5.7,13,1.8
"US000","5","711120","18","0","2026","1","",1711,16176,17135,16963,159388203,107258480,4466927,732,"",1.00,1.00,1.00,1.00,1.00,1.00,1.00,1.00,"",92,5.7,847,5.5,336,2.0,309,1.9,7315601,4.8,7013646,7.0,239974,5.7,13,1.8
"US000","5","71113","17","0","2026","1","",6115,33107,35315,36493,508536841,190307258,4424779,1119,"",1.00,1.00,1.00,1.00,1.00,1.00,1.00,1.00,"",189,3.2,754,2.3,263,0.8,436,1.2,33828798,7.1,6059006,3.3,-43644,-1.0,60,5.7
"US000","5","711130","18","0","2026","1","",6115,33107,35315,36493,508536841,190307258,4424779,1119,"",1.00,1.00,1.00,1.00,1.00,1.00,1.00,1.00,"",189,3.2,754,2.3,263,0.8,436,1.2,33828798,7.1,6059006,3.3,-43644,-1.0,60,5.7
"US000","5","71119","17","0","2026","1","",1511,9710,10055,10563,138615359,88094959,1805450,1055,"",1.00,1.00,1.00,1.00,1.00,1.00,1.00,1.00,"",91,6.4,840,9.5,438,4.6,682,6.9,-17528311,-11.2,-462166,-0.5,110135,6.5,-215,-16.9
"US000","5","711190","18","0","2026","1","",1511,9710,10055,10563,138615359,88094959,1805450,1055,"",1.00,1.00,1.00,1.00,1.00,1.00,1.00,1.00,"",91,6.4,840,9.5,438,4.6,682,6.9,-17528311,-11.2,-462166,-0.5,110135,6.5,-215,-16.9
"US000","5","7112","16","0","2026","1","",9268,145863,149404,169669,8430613817,1379103958,20914344,4185,"",1.00,1.00,1.00,1.00,1.00,1.00,1.00,1.00,"",554,6.4,4946,3.5,4006,2.8,5346,3.3,383082218,4.8,84902687,6.6,817091,4.1,64,1.6
"US000","5","71121","17","0","2026","1","",9268,145863,149404,169669,8430613817,1379103958,20914344,4185,"",1.00,1.00,1.00,1.00,1.00,1.00,1.00,1.00,"",554,6.4,4946,3.5,4006,2.8,5346,3.3,383082218,4.8,84902687,6.6,817091,4.1,64,1.6
"US000","5","711211","18","0","2026","1","",4235,104858,107875,126456,7664982608,986036089,15806484,5215,"",1.00,1.00,1.00,1.00,1.00,1.00,1.00,1.00,"",348,9.0,5073,5.1,4706,4.6,6518,5.4,357487088,4.9,74016514,8.1,1221262,8.4,-8,-0.2
"US000","5","711212","18","0","2026","1","",757,19447,19903,21455,360329979,151750022,2536946,1368,"",1.00,1.00,1.00,1.00,1.00,1.00,1.00,1.00,"",28,3.8,-35,-0.2,-312,-1.5,-714,-3.2,3615088,1.0,-1438615,-0.9,-132478,-5.0,37,2.8
"US000","5","711219","18","0","2026","1","",4276,21558,21626,21758,405301230,241317847,2570914,1440,"",1.00,1.00,1.00,1.00,1.00,1.00,1.00,1.00,"",178,4.3,-92,-0.4,-388,-1.8,-458,-2.1,21980042,5.7,12324788,5.4,-271693,-9.6,97,7.2
"US000","5","7113","16","0","2026","1","",12099,166168,169722,180557,2804723477,1149168080,27798132,1253,"",1.00,1.00,1.00,1.00,1.00,1.00,1.00,1.00,"",486,4.2,5651,3.5,2025,1.2,1805,1.0,115914479,4.3,50551653,4.6,1523215,5.8,29,2.4
"US000","5","71131","17","0","2026","1","",5058,128787,131920,140405,1880091642,798455591,20234003,1082,"",1.00,1.00,1.00,1.00,1.00,1.00,1.00,1.00,"",129,2.6,5274,4.3,1994,1.5,1438,1.0,-1724377,-0.1,25410396,3.3,972582,5.0,-25,-2.3
"US000","5","711310","18","0","2026","1","",5058,128787,131920,140405,1880091642,798455591,20234003,1082,"",1.00,1.00,1.00,1.00,1.00,1.00,1.00,1.00,"",129,2.6,5274,4.3,1994,1.5,1438,1.0,-1724377,-0.1,25410396,3.3,972582,5.0,-25,-2.3
"US000","5","71132","17","0","2026","1","",7041,37381,37802,40152,924631835,350712489,7564129,1850,"",1.00,1.00,1.00,1.00,1.00,1.00,1.00,1.00,"",357,5.3,377,1.0,31,0.1,367,0.9,117638856,14.6,25141257,7.7,550633,7.9,224,13.8
"US000","5","711320","18","0","2026","1","",7041,37381,37802,40152,924631835,350712489,7564129,1850,"",1.00,1.00,1.00,1.00,1.00,1.00,1.00,1.00,"",357,5.3,377,1.0,31,0.1,367,0.9,117638856,14.6,25141257,7.7,550633,7.9,224,13.8
"US000","5","7114","16","0","2026","1","",7527,28105,29370,29142,1167338142,265510147,7451792,3110,"",1.00,1.00,1.00,1.00,1.00,1.00,1.00,1.00,"",358,5.0,299,1.1,459,1.6,-609,-2.0,-27181082,-2.3,16552811,6.6,388123,5.5,-78,-2.4
"US000","5","71141","17","0","2026","1","",7527,28105,29370,29142,1167338142,265510147,7451792,3110,"",1.00,1.00,1.00,1.00,1.00,1.00,1.00,1.00,"",358,5.0,299,1.1,459,1.6,-609,-2.0,-27181082,-2.3,16552811,6.6,388123,5.5,-78,-2.4
"US000","5","711410","18","0","2026","1","",7527,28105,29370,29142,1167338142,265510147,7451792,3110,"",1.00,1.00,1.00,1.00,1.00,1.00,1.00,1.00,"",358,5.0,299,1.1,459,1.6,-609,-2.0,-27181082,-2.3,16552811,6.6,388123,5.5,-78,-2.4
"US000","5","7115","16","0","2026","1","",42317,54753,56109,55415,1299757133,472776781,10738720,1804,"",1.00,1.00,1.00,1.00,1.00,1.00,1.00,1.00,"",2004,5.0,391,0.7,-117,-0.2,-583,-1.0,20435316,1.6,18791579,4.1,186841,1.8,32,1.8
"US000","5","71151","17","0","2026","1","",42317,54753,56109,55415,1299757133,472776781,10738720,1804,"",1.00,1.00,1.00,1.00,1.00,1.00,1.00,1.00,"",2004,5.0,391,0.7,-117,-0.2,-583,-1.0,20435316,1.6,18791579,4.1,186841,1.8,32,1.8
"US000","5","711510","18","0","2026","1","",42317,54753,56109,55415,1299757133,472776781,10738720,1804,"",1.00,1.00,1.00,1.00,1.00,1.00,1.00,1.00,"",2004,5.0,391,0.7,-117,-0.2,-583,-1.0,20435316,1.6,18791579,4.1,186841,1.8,32,1.8
"US000","5","712","15","0","2026","1","",8069,167109,166828,172462,2144020956,721037042,11463209,977,"",1.00,1.00,1.00,1.00,1.00,1.00,1.00,1.00,"",107,1.3,661,0.4,736,0.4,1144,0.7,44681294,2.1,28389989,4.1,930817,8.8,15,1.6
"US000","5","7121","16","0","2026","1","",8069,167109,166828,172462,2144020956,721037042,11463209,977,"",1.00,1.00,1.00,1.00,1.00,1.00,1.00,1.00,"",107,1.3,661,0.4,736,0.4,1144,0.7,44681294,2.1,28389989,4.1,930817,8.8,15,1.6
"US000","5","71211","17","0","2026","1","",5447,99021,99280,100478,1325842450,429585572,7660524,1024,"",1.00,1.00,1.00,1.00,1.00,1.00,1.00,1.00,"",92,1.7,746,0.8,467,0.5,591,0.6,24502470,1.9,17397268,4.2,666081,9.5,13,1.3
"US000","5","712110","18","0","2026","1","",5447,99021,99280,100478,1325842450,429585572,7660524,1024,"",1.00,1.00,1.00,1.00,1.00,1.00,1.00,1.00,"",92,1.7,746,0.8,467,0.5,591,0.6,24502470,1.9,17397268,4.2,666081,9.5,13,1.3
"US000","5","71212","17","0","2026","1","",709,11924,11995,12637,136674996,66223043,834082,863,"",1.00,1.00,1.00,1.00,1.00,1.00,1.00,1.00,"",6,0.9,-103,-0.9,47,0.4,-59,-0.5,1221151,0.9,3299029,5.2,54524,7.0,11,1.3
"US000","5","712120","18","0","2026","1","",709,11924,11995,12637,136674996,66223043,834082,863,"",1.00,1.00,1.00,1.00,1.00,1.00,1.00,1.00,"",6,0.9,-103,-0.9,47,0.4,-59,-0.5,1221151,0.9,3299029,5.2,54524,7.0,11,1.3
"US000","5","71213","17","0","2026","1","",960,44023,43381,46285,536728786,157496772,1850985,926,"",1.00,1.00,1.00,1.00,1.00,1.00,1.00,1.00,"",5,0.5,-45,-0.1,172,0.4,443,1.0,10656238,2.0,3962016,2.6,109947,6.3,14,1.5
"US000","5","712130","18","0","2026","1","",960,44023,43381,46285,536728786,157496772,1850985,926,"",1.00,1.00,1.00,1.00,1.00,1.00,1.00,1.00,"",5,0.5,-45,-0.1,172,0.4,443,1.0,10656238,2.0,3962016,2.6,109947,6.3,14,1.5
"US000","5","71219","17","0","2026","1","",953,12141,12172,13062,144774724,67731655,1117618,894,"",1.00,1.00,1.00,1.00,1.00,1.00,1.00,1.00,"",4,0.4,63,0.5,50,0.4,169,1.3,8301435,6.1,3731676,5.8,100265,9.9,45,5.3
"US000","5","712190","18","0","2026","1","",953,12141,12172,13062,144774724,67731655,1117618,894,"",1.00,1.00,1.00,1.00,1.00,1.00,1.00,1.00,"",4,0.4,63,0.5,50,0.4,169,1.3,8301435,6.1,3731676,5.8,100265,9.9,45,5.3
"US000","5","713","15","0","2026","1","",100320,1759036,1759119,1804012,14875290581,9967486489,172725440,645,"",1.00,1.00,1.00,1.00,1.00,1.00,1.00,1.00,"",2589,2.6,53820,3.2,46354,2.7,37570,2.1,712885789,5.0,405911256,4.2,4641843,2.8,15,2.4
"US000","5","7131","16","0","2026","1","",4407,202614,205683,223887,2094938790,1207789362,14986207,765,"",1.00,1.00,1.00,1.00,1.00,1.00,1.00,1.00,"",233,5.6,498,0.2,3570,1.8,3438,1.6,49472163,2.4,36525135,3.1,1709763,12.9,9,1.2
"US000","5","71311","17","0","2026","1","",1400,169015,171878,189478,1890607131,1040345270,12193565,823,"",1.00,1.00,1.00,1.00,1.00,1.00,1.00,1.00,"",39,2.9,470,0.3,3269,1.9,3867,2.1,44544152,2.4,32046024,3.2,1615893,15.3,8,1.0
"US000","5","713110","18","0","2026","1","",1400,169015,171878,189478,1890607131,1040345270,12193565,823,"",1.00,1.00,1.00,1.00,1.00,1.00,1.00,1.00,"",39,2.9,470,0.3,3269,1.9,3867,2.1,44544152,2.4,32046024,3.2,1615893,15.3,8,1.0
"US000","5","71312","17","0","2026","1","",3007,33599,33805,34409,204331659,167444092,2792642,463,"",1.00,1.00,1.00,1.00,1.00,1.00,1.00,1.00,"",194,6.9,28,0.1,301,0.9,-429,-1.2,4928011,2.5,4479111,2.7,93870,3.5,11,2.4
"US000","5","713120","18","0","2026","1","",3007,33599,33805,34409,204331659,167444092,2792642,463,"",1.00,1.00,1.00,1.00,1.00,1.00,1.00,1.00,"",194,6.9,28,0.1,301,0.9,-429,-1.2,4928011,2.5,4479111,2.7,93870,3.5,11,2.4
"US000","5","7132","16","0","2026","1","",4470,130884,131162,131342,1991395871,1228136971,23361795,1168,"",1.00,1.00,1.00,1.00,1.00,1.00,1.00,1.00,"",38,0.9,3761,3.0,2594,2.0,2489,1.9,85968149,4.5,47474245,4.0,156274,0.7,25,2.2
"US000","5","71321","17","0","2026","1","",483,66864,67025,67402,846779998,582082929,9116824,971,"",1.00,1.00,1.00,1.00,1.00,1.00,1.00,1.00,"",21,4.5,2328,3.6,933,1.4,1028,1.5,11291783,1.4,8792624,1.5,-203636,-2.2,-8,-0.8
"US000","5","713210","18","0","2026","1","",483,66864,67025,67402,846779998,582082929,9116824,971,"",1.00,1.00,1.00,1.00,1.00,1.00,1.00,1.00,"",21,4.5,2328,3.6,933,1.4,1028,1.5,11291783,1.4,8792624,1.5,-203636,-2.2,-8,-0.8
"US000","5","71329","17","0","2026","1","",3987,64020,64137,63940,1144615873,646054042,14244971,1375,"",1.00,1.00,1.00,1.00,1.00,1.00,1.00,1.00,"",17,0.4,1433,2.3,1661,2.7,1461,2.3,74676366,7.0,38681621,6.4,359910,2.6,58,4.4
"US000","5","713290","18","0","2026","1","",3987,64020,64137,63940,1144615873,646054042,14244971,1375,"",1.00,1.00,1.00,1.00,1.00,1.00,1.00,1.00,"",17,0.4,1433,2.3,1661,2.7,1461,2.3,74676366,7.0,38681621,6.4,359910,2.6,58,4.4
"US000","5","7139","16","0","2026","1","",91443,1425538,1422274,1448783,10788955920,7531560156,134377438,579,"",1.00,1.00,1.00,1.00,1.00,1.00,1.00,1.00,"",2318,2.6,49561,3.6,40190,2.9,31643,2.2,577445477,5.7,321911876,4.5,2775806,2.1,15,2.7
"US000","5","71391","17","0","2026","1","",11124,341022,339475,368647,3666652915,2350361811,46465694,807,"",1.00,1.00,1.00,1.00,1.00,1.00,1.00,1.00,"",-17,-0.2,15454,4.7,11266,3.4,6505,1.8,241320616,7.0,116820482,5.2,1472603,3.3,29,3.7
"US000","5","713910","18","0","2026","1","",11124,341022,339475,368647,3666652915,2350361811,46465694,807,"",1.00,1.00,1.00,1.00,1.00,1.00,1.00,1.00,"",-17,-0.2,15454,4.7,11266,3.4,6505,1.8,241320616,7.0,116820482,5.2,1472603,3.3,29,3.7
"US000","5","71392","17","0","2026","1","",421,91040,87498,72195,658901011,582147315,12942900,606,"",1.00,1.00,1.00,1.00,1.00,1.00,1.00,1.00,"",-1,-0.2,257,0.3,-683,-0.8,-3050,-4.1,-10253155,-1.5,-8221862,-1.4,-1070702,-7.6,-1,-0.2
"US000","5","713920","18","0","2026","1","",421,91040,87498,72195,658901011,582147315,12942900,606,"",1.00,1.00,1.00,1.00,1.00,1.00,1.00,1.00,"",-1,-0.2,257,0.3,-683,-0.8,-3050,-4.1,-10253155,-1.5,-8221862,-1.4,-1070702,-7.6,-1,-0.2
"US000","5","71393","17","0","2026","1","",3984,32315,32419,34087,434914689,274164984,5259049,1016,"",1.00,1.00,1.00,1.00,1.00,1.00,1.00,1.00,"",9,0.2,18,0.1,-45,-0.1,115,0.3,14096076,3.3,6625969,2.5,210769,4.2,32,3.3
"US000","5","713930","18","0","2026","1","",3984,32315,32419,34087,434914689,274164984,5259049,1016,"",1.00,1.00,1.00,1.00,1.00,1.00,1.00,1.00,"",9,0.2,18,0.1,-45,-0.1,115,0.3,14096076,3.3,6625969,2.5,210769,4.2,32,3.3
"US000","5","71394","17","0","2026","1","",47160,671428,671913,674922,3876584796,2731619919,43728114,443,"",1.00,1.00,1.00,1.00,1.00,1.00,1.00,1.00,"",1811,4.0,29580,4.6,27684,4.3,25928,4.0,230712184,6.3,147669697,5.7,1764477,4.2,8,1.8
"US000","5","713940","18","0","2026","1","",47160,671428,671913,674922,3876584796,2731619919,43728114,443,"",1.00,1.00,1.00,1.00,1.00,1.00,1.00,1.00,"",1811,4.0,29580,4.6,27684,4.3,25928,4.0,230712184,6.3,147669697,5.7,1764477,4.2,8,1.8
"US000","5","71395","17","0","2026","1","",3274,69217,69227,69102,455685882,381795166,5548974,507,"",1.00,1.00,1.00,1.00,1.00,1.00,1.00,1.00,"",-53,-1.6,-1513,-2.1,-1763,-2.5,-2548,-3.6,3678985,0.8,4030664,1.1,27666,0.5,18,3.7
"US000","5","713950","18","0","2026","1","",3274,69217,69227,69102,455685882,381795166,5548974,507,"",1.00,1.00,1.00,1.00,1.00,1.00,1.00,1.00,"",-53,-1.6,-1513,-2.1,-1763,-2.5,-2548,-3.6,3678985,0.8,4030664,1.1,27666,0.5,18,3.7
"US000","5","71399","17","0","2026","1","",25480,220516,221742,229830,1696216627,1211470961,20432707,582,"",1.00,1.00,1.00,1.00,1.00,1.00,1.00,1.00,"",569,2.3,5765,2.7,3731,1.7,4693,2.1,97890771,6.1,54986926,4.8,370993,1.8,21,3.7
"US000","5","713990","18","0","2026","1","",25480,220516,221742,229830,1696216627,1211470961,20432707,582,"",1.00,1.00,1.00,1.00,1.00,1.00,1.00,1.00,"",569,2.3,5765,2.7,3731,1.7,4693,2.1,97890771,6.1,54986926,4.8,370993,1.8,21,3.7
"US000","5","72","14","0","2026","1","",806681,13734250,13773043,13905190,106337738022,85393161890,1253264960,593,"",1.00,1.00,1.00,1.00,1.00,1.00,1.00,1.00,"",14222,1.8,84925,0.6,52541,0.4,22538,0.2,3260727892,3.2,2317097677,2.8,1633529,0.1,16,2.8
"US000","5","721","15","0","2026","1","",78789,1822141,1831187,1846619,21690759292,15334355963,244224391,910,"",1.00,1.00,1.00,1.00,1.00,1.00,1.00,1.00,"",970,1.2,-7921,-0.4,-13145,-0.7,-21053,-1.1,378894923,1.8,203809567,1.3,682593,0.3,23,2.6
"US000","5","7211","16","0","2026","1","",67995,1763021,1771318,1783839,21097796468,14951626539,236825625,915,"",1.00,1.00,1.00,1.00,1.00,1.00,1.00,1.00,"",854,1.3,-7846,-0.4,-12815,-0.7,-20610,-1.1,367011294,1.8,197802383,1.3,502058,0.2,22,2.5
"US000","5","72111","17","0","2026","1","",62092,1490311,1495781,1507488,17450567494,11815630303,196278599,896,"",1.00,1.00,1.00,1.00,1.00,1.00,1.00,1.00,"",810,1.3,-6156,-0.4,-10793,-0.7,-17798,-1.2,417186383,2.4,228750414,2.0,5893421,3.1,28,3.2
"US000","5","721110","18","0","2026","1","",62092,1490311,1495781,1507488,17450567494,11815630303,196278599,896,"",1.00,1.00,1.00,1.00,1.00,1.00,1.00,1.00,"",810,1.3,-6156,-0.4,-10793,-0.7,-17798,-1.2,417186383,2.4,228750414,2.0,5893421,3.1,28,3.2
"US000","5","72112","17","0","2026","1","",421,245085,247587,247978,3370179608,2936502422,36887362,1050,"",1.00,1.00,1.00,1.00,1.00,1.00,1.00,1.00,"",3,0.7,-680,-0.3,-1300,-0.5,-2075,-0.8,-25507535,-0.8,-24760220,-0.8,-4959861,-11.9,-2,-0.2
"US000","5","721120","18","0","2026","1","",421,245085,247587,247978,3370179608,2936502422,36887362,1050,"",1.00,1.00,1.00,1.00,1.00,1.00,1.00,1.00,"",3,0.7,-680,-0.3,-1300,-0.5,-2075,-0.8,-25507535,-0.8,-24760220,-0.8,-4959861,-11.9,-2,-0.2
"US000","5","72119","17","0","2026","1","",5482,27625,27950,28373,277049366,199493814,3659664,762,"",1.00,1.00,1.00,1.00,1.00,1.00,1.00,1.00,"",41,0.8,-1010,-3.5,-722,-2.5,-737,-2.5,-24667554,-8.2,-6187811,-3.0,-431502,-10.5,-44,-5.5
"US000","5","721191","18","0","2026","1","",2217,11557,11765,11931,89956190,71040880,1334066,589,"",1.00,1.00,1.00,1.00,1.00,1.00,1.00,1.00,"",-38,-1.7,-256,-2.2,-282,-2.3,-225,-1.9,-1282763,-1.4,-1848249,-2.5,-94391,-6.6,4,0.7
"US000","5","721199","18","0","2026","1","",3265,16068,16185,16442,187093176,128452934,2325598,887,"",1.00,1.00,1.00,1.00,1.00,1.00,1.00,1.00,"",79,2.5,-754,-4.5,-440,-2.6,-512,-3.0,-23384791,-11.1,-4339562,-3.3,-337111,-12.7,-77,-8.0
"US000","5","7212","16","0","2026","1","",9103,49953,50402,53412,500610533,318828846,5964770,751,"",1.00,1.00,1.00,1.00,1.00,1.00,1.00,1.00,"",143,1.6,424,0.9,398,0.8,382,0.7,17361377,3.6,8775558,2.8,195452,3.4,20,2.7
"US000","5","72121","17","0","2026","1","",9103,49953,50402,53412,500610533,318828846,5964770,751,"",1.00,1.00,1.00,1.00,1.00,1.00,1.00,1.00,"",143,1.6,424,0.9,398,0.8,382,0.7,17361377,3.6,8775558,2.8,195452,3.4,20,2.7
"US000","5","721211","18","0","2026","1","",5746,25764,25823,27693,239413406,175204574,3570346,697,"",1.00,1.00,1.00,1.00,1.00,1.00,1.00,1.00,"",100,1.8,165,0.6,209,0.8,-132,-0.5,10074648,4.4,4736104,2.8,153846,4.5,27,4.0
"US000","5","721214","18","0","2026","1","",3357,24189,24579,25719,261197127,143624272,2394424,809,"",1.00,1.00,1.00,1.00,1.00,1.00,1.00,1.00,"",43,1.3,259,1.1,189,0.8,514,2.0,7286729,2.9,4039454,2.9,41606,1.8,12,1.5
"US000","5","7213","16","0","2026","1","",1691,9167,9467,9368,92352291,63900578,1433996,761,"",1.00,1.00,1.00,1.00,1.00,1.00,1.00,1.00,"",-27,-1.6,-499,-5.2,-728,-7.1,-825,-8.1,-5477748,-5.6,-2768374,-4.2,-14917,-1.0,10,1.3
"US000","5","72131","17","0","2026","1","",1691,9167,9467,9368,92352291,63900578,1433996,761,"",1.00,1.00,1.00,1.00,1.00,1.00,1.00,1.00,"",-27,-1.6,-499,-5.2,-728,-7.1,-825,-8.1,-5477748,-5.6,-2768374,-4.2,-14917,-1.0,10,1.3
"US000","5","721310","18","0","2026","1","",1691,9167,9467,9368,92352291,63900578,1433996,761,"",1.00,1.00,1.00,1.00,1.00,1.00,1.00,1.00,"",-27,-1.6,-499,-5.2,-728,-7.1,-825,-8.1,-5477748,-5.6,-2768374,-4.2,-14917,-1.0,10,1.3
"US000","5","722","15","0","2026","1","",727892,11912109,11941856,12058571,84646978730,70058805927,1009040569,544,"",1.00,1.00,1.00,1.00,1.00,1.00,1.00,1.00,"",13252,1.9,92846,0.8,65686,0.6,43591,0.4,2881832969,3.5,2113288110,3.1,950936,0.1,16,3.0
"US000","5","7223","16","0","2026","1","",53644,757314,781754,795224,7293236049,5597034818,169988824,721,"",1.00,1.00,1.00,1.00,1.00,1.00,1.00,1.00,"",2037,3.9,20433,2.8,18003,2.4,15275,2.0,263657492,3.8,220436903,4.1,10673179,6.7,10,1.4
"US000","5","72231","17","0","2026","1","",26464,568088,588210,589979,5681408459,4371900717,143374469,751,"",1.00,1.00,1.00,1.00,1.00,1.00,1.00,1.00,"",649,2.5,13272,2.4,11118,1.9,6388,1.1,165970904,3.0,141991998,3.4,8893624,6.6,9,1.2
"US000","5","722310","18","0","2026","1","",26464,568088,588210,589979,5681408459,4371900717,143374469,751,"",1.00,1.00,1.00,1.00,1.00,1.00,1.00,1.00,"",649,2.5,13272,2.4,11118,1.9,6388,1.1,165970904,3.0,141991998,3.4,8893624,6.6,9,1.2
"US000","5","72232","17","0","2026","1","",14105,151012,153974,162259,1338060991,1001469726,22566931,661,"",1.00,1.00,1.00,1.00,1.00,1.00,1.00,1.00,"",379,2.8,4469,3.0,3740,2.5,5844,3.7,71500987,5.6,58092504,6.2,1600997,7.6,16,2.5
"US000","5","722320","18","0","2026","1","",14105,151012,153974,162259,1338060991,1001469726,22566931,661,"",1.00,1.00,1.00,1.00,1.00,1.00,1.00,1.00,"",379,2.8,4469,3.0,3740,2.5,5844,3.7,71500987,5.6,58092504,6.2,1600997,7.6,16,2.5
"US000","5","72233","17","0","2026","1","",13075,38214,39570,42986,273766599,223664375,4047424,523,"",1.00,1.00,1.00,1.00,1.00,1.00,1.00,1.00,"",1009,8.4,2692,7.6,3145,8.6,3043,7.6,26185601,10.6,20352401,10.0,178558,4.6,12,2.3
"US000","5","722330","18","0","2026","1","",13075,38214,39570,42986,273766599,223664375,4047424,523,"",1.00,1.00,1.00,1.00,1.00,1.00,1.00,1.00,"",1009,8.4,2692,7.6,3145,8.6,3043,7.6,26185601,10.6,20352401,10.0,178558,4.6,12,2.3
"US000","5","7224","16","0","2026","1","",41912,390256,392867,395676,2632428402,2224455905,35509159,515,"",1.00,1.00,1.00,1.00,1.00,1.00,1.00,1.00,"",-256,-0.6,-4194,-1.1,-5500,-1.4,-8199,-2.0,20595481,0.8,9888891,0.4,-822964,-2.3,11,2.2
"US000","5","72241","17","0","2026","1","",41912,390256,392867,395676,2632428402,2224455905,35509159,515,"",1.00,1.00,1.00,1.00,1.00,1.00,1.00,1.00,"",-256,-0.6,-4194,-1.1,-5500,-1.4,-8199,-2.0,20595481,0.8,9888891,0.4,-822964,-2.3,11,2.2
"US000","5","722410","18","0","2026","1","",41912,390256,392867,395676,2632428402,2224455905,35509159,515,"",1.00,1.00,1.00,1.00,1.00,1.00,1.00,1.00,"",-256,-0.6,-4194,-1.1,-5500,-1.4,-8199,-2.0,20595481,0.8,9888891,0.4,-822964,-2.3,11,2.2
"US000","5","7225","16","0","2026","1","",632336,10764539,10767235,10867671,74721314279,62237315204,803542586,532,"",1.00,1.00,1.00,1.00,1.00,1.00,1.00,1.00,"",11471,1.8,76607,0.7,53183,0.5,36515,0.3,2597579996,3.6,1882962316,3.1,-8899279,-1.1,16,3.1
"US000","5","72251","17","0","2026","1","",632336,10764539,10767235,10867671,74721314279,62237315204,803542586,532,"",1.00,1.00,1.00,1.00,1.00,1.00,1.00,1.00,"",11471,1.8,76607,0.7,53183,0.5,36515,0.3,2597579996,3.6,1882962316,3.1,-8899279,-1.1,16,3.1
"US000","5","722511","18","0","2026","1","",265527,5194282,5208002,5242690,40845122634,33357742731,450316189,602,"",1.00,1.00,1.00,1.00,1.00,1.00,1.00,1.00,"",2741,1.0,-822,0.0,-7986,-0.2,-23105,-0.4,1130240336,2.8,725823015,2.2,-6435772,-1.4,17,2.9
"US000","5","722513","18","0","2026","1","",272118,4524630,4515443,4552657,27336855728,23301155238,273876044,464,"",1.00,1.00,1.00,1.00,1.00,1.00,1.00,1.00,"",4392,1.6,20106,0.4,8219,0.2,7738,0.2,1049686776,4.0,783854240,3.5,-2438058,-0.9,17,3.8
"US000","5","722514","18","0","2026","1","",5179,72549,73086,73865,492007413,403439467,5221903,517,"",1.00,1.00,1.00,1.00,1.00,1.00,1.00,1.00,"",61,1.2,-522,-0.7,-911,-1.2,-1184,-1.6,3019405,0.6,3928191,1.0,163511,3.2,9,1.8
"US000","5","722515","18","0","2026","1","",89512,973078,970704,998459,6047328504,5174977768,74128450,474,"",1.00,1.00,1.00,1.00,1.00,1.00,1.00,1.00,"",4277,5.0,57845,6.3,53861,5.9,53066,5.6,414633479,7.4,369356870,7.7,-188960,-0.3,6,1.3
"US000","5","81","14","0","2026","1","",890394,4599780,4608453,4625306,63977724583,35917464614,593110661,1067,"",1.00,1.00,1.00,1.00,1.00,1.00,1.00,1.00,"",14690,1.7,5059,0.1,-10138,-0.2,-18726,-0.4,1918698483,3.1,846589910,2.4,19226758,3.4,34,3.3
"US000","5","811","15","0","2026","1","",249269,1441703,1448213,1454331,22906886601,14083521578,223675446,1217,"",1.00,1.00,1.00,1.00,1.00,1.00,1.00,1.00,"",3289,1.3,-1612,-0.1,-6146,-0.4,-8098,-0.6,590762486,2.6,202665634,1.5,7041058,3.3,36,3.0
"US000","5","8111","16","0","2026","1","",176086,1019519,1023294,1026617,14162944481,9453572444,139690522,1065,"",1.00,1.00,1.00,1.00,1.00,1.00,1.00,1.00,"",2514,1.4,-3494,-0.3,-5318,-0.5,-7181,-0.7,320044961,2.3,121253825,1.3,3447600,2.5,30,2.9
"US000","5","81111","17","0","2026","1","",96489,440269,440759,440685,6592459421,4396256141,63353239,1151,"",1.00,1.00,1.00,1.00,1.00,1.00,1.00,1.00,"",985,1.0,1292,0.3,-621,-0.1,-1079,-0.2,211536737,3.3,98636139,2.3,2325292,3.8,37,3.3
"US000","5","811111","18","0","2026","1","",86416,396684,397082,396968,5957338850,3974293210,57409810,1155,"",1.00,1.00,1.00,1.00,1.00,1.00,1.00,1.00,"",950,1.1,1615,0.4,-205,-0.1,-659,-0.2,195392996,3.4,94455880,2.4,2162866,3.9,38,3.4
"US000","5","811114","18","0","2026","1","",10073,43585,43677,43717,635120571,421962931,5943429,1119,"",1.00,1.00,1.00,1.00,1.00,1.00,1.00,1.00,"",35,0.3,-323,-0.7,-416,-0.9,-420,-1.0,16143741,2.6,4180259,1.0,162426,2.8,38,3.5
"US000","5","81112","17","0","2026","1","",42761,282439,282747,282345,4799849722,2959201310,46429307,1307,"",1.00,1.00,1.00,1.00,1.00,1.00,1.00,1.00,"",448,1.1,-8257,-2.8,-9253,-3.2,-9201,-3.2,23312841,0.5,-46772022,-1.6,1084450,2.4,46,3.6
"US000","5","811121","18","0","2026","1","",35392,245537,245482,244536,4216108880,2585224534,39385218,1323,"",1.00,1.00,1.00,1.00,1.00,1.00,1.00,1.00,"",270,0.8,-8227,-3.2,-9202,-3.6,-9467,-3.7,-22282775,-0.5,-58730990,-2.2,63862,0.2,40,3.1
"US000","5","811122","18","0","2026","1","",7369,36902,37265,37809,583740842,373976776,7044089,1203,"",1.00,1.00,1.00,1.00,1.00,1.00,1.00,1.00,"",178,2.5,-30,-0.1,-51,-0.1,266,0.7,45595616,8.5,11958968,3.3,1020588,16.9,92,8.3
"US000","5","81119","17","0","2026","1","",36836,296811,299788,303587,2770635338,2098114993,29907976,710,"",1.00,1.00,1.00,1.00,1.00,1.00,1.00,1.00,"",1081,3.0,3471,1.2,4556,1.5,3099,1.0,85195383,3.2,69389708,3.4,37858,0.1,13,1.9
"US000","5","811191","18","0","2026","1","",8728,76441,76812,77067,764341778,591790964,7705910,766,"",1.00,1.00,1.00,1.00,1.00,1.00,1.00,1.00,"",265,3.1,878,1.2,1052,1.4,1093,1.4,24931725,3.4,19216763,3.4,-99211,-1.3,15,2.0
"US000","5","811192","18","0","2026","1","",20042,187826,190237,193601,1564713848,1217134009,17651952,632,"",1.00,1.00,1.00,1.00,1.00,1.00,1.00,1.00,"",469,2.4,1799,1.0,2869,1.5,1269,0.7,35104848,2.3,38883839,3.3,268301,1.5,8,1.3
"US000","5","811198","18","0","2026","1","",8066,32544,32739,32919,441579712,289190020,4550114,1038,"",1.00,1.00,1.00,1.00,1.00,1.00,1.00,1.00,"",347,4.5,794,2.5,635,2.0,737,2.3,25158810,6.0,11289106,4.1,-131232,-2.8,37,3.7
"US000","5","8112","16","0","2026","1","",15792,100653,100683,100235,2281054462,1098447418,20260265,1746,"",1.00,1.00,1.00,1.00,1.00,1.00,1.00,1.00,"",-9,-0.1,-1091,-1.1,-1192,-1.2,-1234,-1.2,61434113,2.8,16984887,1.6,1291761,6.8,67,4.0
"US000","5","81121","17","0","2026","1","",15792,100653,100683,100235,2281054462,1098447418,20260265,1746,"",1.00,1.00,1.00,1.00,1.00,1.00,1.00,1.00,"",-9,-0.1,-1091,-1.1,-1192,-1.2,-1234,-1.2,61434113,2.8,16984887,1.6,1291761,6.8,67,4.0
"US000","5","811210","18","0","2026","1","",15792,100653,100683,100235,2281054462,1098447418,20260265,1746,"",1.00,1.00,1.00,1.00,1.00,1.00,1.00,1.00,"",-9,-0.1,-1091,-1.1,-1192,-1.2,-1234,-1.2,61434113,2.8,16984887,1.6,1291761,6.8,67,4.0
"US000","5","8113","16","0","2026","1","",32212,241649,244448,247044,5423855690,2836666937,52418609,1707,"",1.00,1.00,1.00,1.00,1.00,1.00,1.00,1.00,"",477,1.5,2935,1.2,885,0.4,768,0.3,180362945,3.4,54227645,1.9,2085578,4.1,46,2.8
"US000","5","81131","17","0","2026","1","",32212,241649,244448,247044,5423855690,2836666937,52418609,1707,"",1.00,1.00,1.00,1.00,1.00,1.00,1.00,1.00,"",477,1.5,2935,1.2,885,0.4,768,0.3,180362945,3.4,54227645,1.9,2085578,4.1,46,2.8
"US000","5","811310","18","0","2026","1","",32212,241649,244448,247044,5423855690,2836666937,52418609,1707,"",1.00,1.00,1.00,1.00,1.00,1.00,1.00,1.00,"",477,1.5,2935,1.2,885,0.4,768,0.3,180362945,3.4,54227645,1.9,2085578,4.1,46,2.8
"US000","5","8114","16","0","2026","1","",25179,79882,79788,80435,1039031968,694834779,11306050,999,"",1.00,1.00,1.00,1.00,1.00,1.00,1.00,1.00,"",307,1.2,38,0.0,-521,-0.6,-451,-0.6,28920467,2.9,10199277,1.5,216119,1.9,32,3.3
"US000","5","81141","17","0","2026","1","",8484,29033,28933,29040,407534886,265825942,4488085,1081,"",1.00,1.00,1.00,1.00,1.00,1.00,1.00,1.00,"",213,2.6,78,0.3,-228,-0.8,-108,-0.4,12722892,3.2,1367331,0.5,-18644,-0.4,37,3.5
"US000","5","811411","18","0","2026","1","",2060,5220,5215,5442,64955096,42553342,750580,944,"",1.00,1.00,1.00,1.00,1.00,1.00,1.00,1.00,"",67,3.4,84,1.6,37,0.7,103,1.9,2578507,4.1,218958,0.5,4906,0.7,24,2.6
"US000","5","811412","18","0","2026","1","",6424,23813,23718,23598,342579790,223272600,3737505,1111,"",1.00,1.00,1.00,1.00,1.00,1.00,1.00,1.00,"",146,2.3,-6,0.0,-265,-1.1,-211,-0.9,10144385,3.1,1148373,0.5,-23550,-0.6,40,3.7
"US000","5","81142","17","0","2026","1","",3264,11602,11714,11747,138854314,100266210,1486719,914,"",1.00,1.00,1.00,1.00,1.00,1.00,1.00,1.00,"",-98,-2.9,-514,-4.2,-506,-4.1,-569,-4.6,-2099841,-1.5,-1683429,-1.7,-69109,-4.4,27,3.0
"US000","5","811420","18","0","2026","1","",3264,11602,11714,11747,138854314,100266210,1486719,914,"",1.00,1.00,1.00,1.00,1.00,1.00,1.00,1.00,"",-98,-2.9,-514,-4.2,-506,-4.1,-569,-4.6,-2099841,-1.5,-1683429,-1.7,-69109,-4.4,27,3.0
"US000","5","81143","17","0","2026","1","",647,1736,1742,1741,18086846,13709666,230980,800,"",1.00,1.00,1.00,1.00,1.00,1.00,1.00,1.00,"",-25,-3.7,-95,-5.2,-81,-4.4,-80,-4.4,57791,0.3,65839,0.5,18892,8.9,40,5.3
"US000","5","811430","18","0","2026","1","",647,1736,1742,1741,18086846,13709666,230980,800,"",1.00,1.00,1.00,1.00,1.00,1.00,1.00,1.00,"",-25,-3.7,-95,-5.2,-81,-4.4,-80,-4.4,57791,0.3,65839,0.5,18892,8.9,40,5.3
"US000","5","81149","17","0","2026","1","",12784,37511,37399,37907,474555922,315032961,5100266,971,"",1.00,1.00,1.00,1.00,1.00,1.00,1.00,1.00,"",217,1.7,569,1.5,294,0.8,306,0.8,18239625,4.0,10449536,3.4,284980,5.9,28,3.0
"US000","5","811490","18","0","2026","1","",12784,37511,37399,37907,474555922,315032961,5100266,971,"",1.00,1.00,1.00,1.00,1.00,1.00,1.00,1.00,"",217,1.7,569,1.5,294,0.8,306,0.8,18239625,4.0,10449536,3.4,284980,5.9,28,3.0
"US000","5","812","15","0","2026","1","",271970,1564282,1561792,1568780,15051270417,11036286214,168849905,740,"",1.00,1.00,1.00,1.00,1.00,1.00,1.00,1.00,"",5220,2.0,17797,1.2,12597,0.8,6117,0.4,505007754,3.5,328337817,3.1,3091848,1.9,19,2.6
"US000","5","8121","16","0","2026","1","",157371,747944,747493,749836,6253156199,4985106566,73043001,643,"",1.00,1.00,1.00,1.00,1.00,1.00,1.00,1.00,"",2782,1.8,12302,1.7,9999,1.4,5228,0.7,243222310,4.0,157465982,3.3,-201701,-0.3,18,2.9
"US000","5","81211","17","0","2026","1","",120867,548054,545877,547676,4458910279,3650565308,49540465,627,"",1.00,1.00,1.00,1.00,1.00,1.00,1.00,1.00,"",1515,1.3,5518,1.0,3985,0.7,144,0.0,159767464,3.7,96341962,2.7,-1202903,-2.4,19,3.1
"US000","5","812111","18","0","2026","1","",8688,35157,35355,35351,341195117,270273678,3593128,744,"",1.00,1.00,1.00,1.00,1.00,1.00,1.00,1.00,"",276,3.3,-327,-0.9,151,0.4,39,0.1,9293613,2.8,4626219,1.7,-51731,-1.4,21,2.9
"US000","5","812112","18","0","2026","1","",77594,358726,357943,357931,3118201683,2479019631,30869697,670,"",1.00,1.00,1.00,1.00,1.00,1.00,1.00,1.00,"",465,0.6,-806,-0.2,-1822,-0.5,-3060,-0.8,84470207,2.8,37165589,1.5,-1245637,-3.9,22,3.4
"US000","5","812113","18","0","2026","1","",34585,154171,152579,154394,999513479,901271999,15077640,500,"",1.00,1.00,1.00,1.00,1.00,1.00,1.00,1.00,"",774,2.3,6651,4.5,5656,3.8,3165,2.1,66003644,7.1,54550154,6.4,94465,0.6,17,3.5
"US000","5","81219","17","0","2026","1","",36504,199890,201616,202160,1794245920,1334541258,23502536,686,"",1.00,1.00,1.00,1.00,1.00,1.00,1.00,1.00,"",1267,3.6,6784,3.5,6014,3.1,5084,2.6,83454846,4.9,61124020,4.8,1001202,4.4,12,1.8
"US000","5","812191","18","0","2026","1","",2307,9981,9896,9894,127625880,65678282,1320250,989,"",1.00,1.00,1.00,1.00,1.00,1.00,1.00,1.00,"",-90,-3.8,-306,-3.0,-478,-4.6,-460,-4.4,-4239686,-3.2,-1511387,-2.2,14076,1.1,8,0.8
"US000","5","812199","18","0","2026","1","",34197,189909,191720,192266,1666620040,1268862976,22182286,670,"",1.00,1.00,1.00,1.00,1.00,1.00,1.00,1.00,"",1357,4.1,7090,3.9,6492,3.5,5544,3.0,87694532,5.6,62635407,5.2,987126,4.7,13,2.0
"US000","5","8122","16","0","2026","1","",18206,131138,130771,130520,1731341173,1042610554,14630942,1018,"",1.00,1.00,1.00,1.00,1.00,1.00,1.00,1.00,"",-43,-0.2,-841,-0.6,-1317,-1.0,-1920,-1.4,32297690,1.9,13961781,1.4,634091,4.5,29,2.9
"US000","5","81221","17","0","2026","1","",13732,101556,101244,100627,1281969791,784394974,8751509,975,"",1.00,1.00,1.00,1.00,1.00,1.00,1.00,1.00,"",-71,-0.5,-963,-0.9,-1434,-1.4,-1951,-1.9,12427608,1.0,1102026,0.1,171077,2.0,23,2.4
"US000","5","812210","18","0","2026","1","",13732,101556,101244,100627,1281969791,784394974,8751509,975,"",1.00,1.00,1.00,1.00,1.00,1.00,1.00,1.00,"",-71,-0.5,-963,-0.9,-1434,-1.4,-1951,-1.9,12427608,1.0,1102026,0.1,171077,2.0,23,2.4
"US000","5","81222","17","0","2026","1","",4474,29582,29527,29893,449371382,258215580,5879433,1165,"",1.00,1.00,1.00,1.00,1.00,1.00,1.00,1.00,"",28,0.6,122,0.4,117,0.4,31,0.1,19870082,4.6,12859755,5.2,463014,8.5,48,4.3
"US000","5","812220","18","0","2026","1","",4474,29582,29527,29893,449371382,258215580,5879433,1165,"",1.00,1.00,1.00,1.00,1.00,1.00,1.00,1.00,"",28,0.6,122,0.4,117,0.4,31,0.1,19870082,4.6,12859755,5.2,463014,8.5,48,4.3
"US000","5","8123","16","0","2026","1","",26902,252916,251659,251687,2844232668,2056532238,28210126,868,"",1.00,1.00,1.00,1.00,1.00,1.00,1.00,1.00,"",-289,-1.1,-3199,-1.2,-4996,-1.9,-5720,-2.2,25328062,0.9,22200365,1.1,94241,0.3,23,2.7
"US000","5","81231","17","0","2026","1","",10091,40460,40360,40484,294762503,240749578,3854027,561,"",1.00,1.00,1.00,1.00,1.00,1.00,1.00,1.00,"",86,0.9,872,2.2,715,1.8,579,1.5,13419205,4.8,10143070,4.4,35165,0.9,16,2.9
"US000","5","812310","18","0","2026","1","",10091,40460,40360,40484,294762503,240749578,3854027,561,"",1.00,1.00,1.00,1.00,1.00,1.00,1.00,1.00,"",86,0.9,872,2.2,715,1.8,579,1.5,13419205,4.8,10143070,4.4,35165,0.9,16,2.9
"US000","5","81232","17","0","2026","1","",14031,85930,85218,85488,699204796,571602779,7701506,629,"",1.00,1.00,1.00,1.00,1.00,1.00,1.00,1.00,"",-359,-2.5,-1987,-2.3,-2669,-3.0,-2580,-2.9,1456999,0.2,656203,0.1,566,0.0,19,3.1
"US000","5","812320","18","0","2026","1","",14031,85930,85218,85488,699204796,571602779,7701506,629,"",1.00,1.00,1.00,1.00,1.00,1.00,1.00,1.00,"",-359,-2.5,-1987,-2.3,-2669,-3.0,-2580,-2.9,1456999,0.2,656203,0.1,566,0.0,19,3.1
"US000","5","81233","17","0","2026","1","",2780,126526,126081,125715,1850265369,1244179881,16654593,1129,"",1.00,1.00,1.00,1.00,1.00,1.00,1.00,1.00,"",-16,-0.6,-2084,-1.6,-3042,-2.4,-3719,-2.9,10451858,0.6,11401092,0.9,58510,0.4,32,2.9
"US000","5","812331","18","0","2026","1","",1431,63728,63617,63536,849142551,617745256,8605115,1027,"",1.00,1.00,1.00,1.00,1.00,1.00,1.00,1.00,"",5,0.4,-140,-0.2,-502,-0.8,-710,-1.1,14947390,1.8,9707953,1.6,17798,0.2,26,2.6
"US000","5","812332","18","0","2026","1","",1349,62798,62464,62179,1001122818,626434625,8049478,1233,"",1.00,1.00,1.00,1.00,1.00,1.00,1.00,1.00,"",-21,-1.5,-1944,-3.0,-2540,-3.9,-3009,-4.6,-4495532,-0.4,1693139,0.3,40712,0.5,43,3.6
"US000","5","8129","16","0","2026","1","",69491,432284,431869,436737,4222540377,2952036856,52965836,749,"",1.00,1.00,1.00,1.00,1.00,1.00,1.00,1.00,"",2770,4.2,9535,2.3,8911,2.1,8529,2.0,204159692,5.1,134709689,4.8,2565217,5.1,21,2.9
"US000","5","81291","17","0","2026","1","",28651,198642,197018,198925,1554060055,1220330612,18025386,603,"",1.00,1.00,1.00,1.00,1.00,1.00,1.00,1.00,"",978,3.5,5822,3.0,5602,2.9,4911,2.5,89219035,6.1,59554166,5.1,453959,2.6,18,3.1
"US000","5","812910","18","0","2026","1","",28651,198642,197018,198925,1554060055,1220330612,18025386,603,"",1.00,1.00,1.00,1.00,1.00,1.00,1.00,1.00,"",978,3.5,5822,3.0,5602,2.9,4911,2.5,89219035,6.1,59554166,5.1,453959,2.6,18,3.1
"US000","5","81292","17","0","2026","1","",586,4796,4805,4876,77042961,42857769,1227137,1228,"",1.00,1.00,1.00,1.00,1.00,1.00,1.00,1.00,"",-25,-4.1,-478,-9.1,-415,-8.0,-433,-8.2,-2885236,-3.6,-938251,-2.1,17250,1.4,61,5.2
"US000","5","812921","18","0","2026","1","",465,4374,4387,4451,73580784,40173879,1188108,1285,"",1.00,1.00,1.00,1.00,1.00,1.00,1.00,1.00,"",-25,-5.1,-484,-10.0,-412,-8.6,-449,-9.2,-2799651,-3.7,-1041004,-2.5,18118,1.5,74,6.1
"US000","5","812922","18","0","2026","1","",121,422,418,425,3462177,2683890,39029,632,"",1.00,1.00,1.00,1.00,1.00,1.00,1.00,1.00,"",0,0.0,6,1.4,-3,-0.7,16,3.9,-85585,-2.4,102753,4.0,-868,-2.2,-25,-3.8
"US000","5","81293","17","0","2026","1","",7899,133602,133970,136443,1272415039,952710796,18874865,727,"",1.00,1.00,1.00,1.00,1.00,1.00,1.00,1.00,"",26,0.3,2048,1.6,1629,1.2,2583,1.9,71301162,5.9,49625501,5.5,1641560,9.5,30,4.3
"US000","5","812930","18","0","2026","1","",7899,133602,133970,136443,1272415039,952710796,18874865,727,"",1.00,1.00,1.00,1.00,1.00,1.00,1.00,1.00,"",26,0.3,2048,1.6,1629,1.2,2583,1.9,71301162,5.9,49625501,5.5,1641560,9.5,30,4.3
"US000","5","81299","17","0","2026","1","",32355,95244,96076,96493,1319022322,736137679,14838448,1058,"",1.00,1.00,1.00,1.00,1.00,1.00,1.00,1.00,"",1791,5.9,2143,2.3,2095,2.2,1468,1.5,46524731,3.7,26468273,3.7,452448,3.1,17,1.6
"US000","5","812990","18","0","2026","1","",32355,95244,96076,96493,1319022322,736137679,14838448,1058,"",1.00,1.00,1.00,1.00,1.00,1.00,1.00,1.00,"",1791,5.9,2143,2.3,2095,2.2,1468,1.5,46524731,3.7,26468273,3.7,452448,3.1,17,1.6
"US000","5","813","15","0","2026","1","",182883,1390895,1395325,1398724,23747953513,9268302942,171260734,1310,"",1.00,1.00,1.00,1.00,1.00,1.00,1.00,1.00,"",1902,1.1,-11112,-0.8,-15334,-1.1,-15490,-1.1,737227584,3.2,260503802,2.9,8411119,5.2,54,4.3
"US000","5","8131","16","0","2026","1","",26381,206188,206899,205739,2054879300,720837369,13107291,766,"",1.00,1.00,1.00,1.00,1.00,1.00,1.00,1.00,"",193,0.7,63,0.0,302,0.1,-102,0.0,51530145,2.6,40184389,5.9,228392,1.8,19,2.5
"US000","5","81311","17","0","2026","1","",26381,206188,206899,205739,2054879300,720837369,13107291,766,"",1.00,1.00,1.00,1.00,1.00,1.00,1.00,1.00,"",193,0.7,63,0.0,302,0.1,-102,0.0,51530145,2.6,40184389,5.9,228392,1.8,19,2.5
"US000","5","813110","18","0","2026","1","",26381,206188,206899,205739,2054879300,720837369,13107291,766,"",1.00,1.00,1.00,1.00,1.00,1.00,1.00,1.00,"",193,0.7,63,0.0,302,0.1,-102,0.0,51530145,2.6,40184389,5.9,228392,1.8,19,2.5
"US000","5","8132","16","0","2026","1","",23764,164691,165964,166247,4215635333,1353584047,27731057,1958,"",1.00,1.00,1.00,1.00,1.00,1.00,1.00,1.00,"",356,1.5,-12,0.0,-964,-0.6,-472,-0.3,247110497,6.2,53328992,4.1,1794096,6.9,120,6.5
"US000","5","81321","17","0","2026","1","",23764,164691,165964,166247,4215635333,1353584047,27731057,1958,"",1.00,1.00,1.00,1.00,1.00,1.00,1.00,1.00,"",356,1.5,-12,0.0,-964,-0.6,-472,-0.3,247110497,6.2,53328992,4.1,1794096,6.9,120,6.5
"US000","5","813211","18","0","2026","1","",11940,77524,78758,78635,2282587194,734784819,13629011,2242,"",1.00,1.00,1.00,1.00,1.00,1.00,1.00,1.00,"",82,0.7,-340,-0.4,-925,-1.2,-1014,-1.3,162482000,7.7,40367500,5.8,1015862,8.1,179,8.7
"US000","5","813212","18","0","2026","1","",5450,41471,41355,41661,1027148050,301339323,7223424,1904,"",1.00,1.00,1.00,1.00,1.00,1.00,1.00,1.00,"",171,3.2,1030,2.5,853,2.1,1290,3.2,62806284,6.5,4295232,1.4,265418,3.8,70,3.8
"US000","5","813219","18","0","2026","1","",6374,45696,45851,45951,905900089,317459905,6878622,1520,"",1.00,1.00,1.00,1.00,1.00,1.00,1.00,1.00,"",103,1.6,-702,-1.5,-892,-1.9,-748,-1.6,21822213,2.5,8666260,2.8,512816,8.1,61,4.2
"US000","5","8133","16","0","2026","1","",38229,252500,253403,254039,4621810470,2098624601,43847023,1403,"",1.00,1.00,1.00,1.00,1.00,1.00,1.00,1.00,"",735,2.0,-8693,-3.3,-8791,-3.4,-7964,-3.0,-69352790,-1.5,29860986,1.4,2204526,5.3,25,1.8
"US000","5","81331","17","0","2026","1","",38229,252500,253403,254039,4621810470,2098624601,43847023,1403,"",1.00,1.00,1.00,1.00,1.00,1.00,1.00,1.00,"",735,2.0,-8693,-3.3,-8791,-3.4,-7964,-3.0,-69352790,-1.5,29860986,1.4,2204526,5.3,25,1.8
"US000","5","813311","18","0","2026","1","",6991,51336,51466,51546,916338156,416230143,8901562,1370,"",1.00,1.00,1.00,1.00,1.00,1.00,1.00,1.00,"",-55,-0.8,-4636,-8.3,-4714,-8.4,-4396,-7.9,-112050027,-10.9,-20533000,-4.7,-104108,-1.2,-42,-3.0
"US000","5","813312","18","0","2026","1","",9845,77598,77654,78434,1425273386,603093431,10509519,1407,"",1.00,1.00,1.00,1.00,1.00,1.00,1.00,1.00,"",217,2.3,932,1.2,689,0.9,759,1.0,60142419,4.4,34926696,6.1,676303,6.9,45,3.3
"US000","5","813319","18","0","2026","1","",21393,123566,124283,124059,2280198928,1079301027,24435942,1415,"",1.00,1.00,1.00,1.00,1.00,1.00,1.00,1.00,"",573,2.8,-4989,-3.9,-4766,-3.7,-4327,-3.4,-17445182,-0.8,15467290,1.5,1632331,7.2,41,3.0
"US000","5","8134","16","0","2026","1","",28649,347588,349318,351492,2735138513,1041700036,18729405,602,"",1.00,1.00,1.00,1.00,1.00,1.00,1.00,1.00,"",149,0.5,570,0.2,-2171,-0.6,-2644,-0.7,44005893,1.6,28384198,2.8,948618,5.3,12,2.0
"US000","5","81341","17","0","2026","1","",28649,347588,349318,351492,2735138513,1041700036,18729405,602,"",1.00,1.00,1.00,1.00,1.00,1.00,1.00,1.00,"",149,0.5,570,0.2,-2171,-0.6,-2644,-0.7,44005893,1.6,28384198,2.8,948618,5.3,12,2.0
"US000","5","813410","18","0","2026","1","",28649,347588,349318,351492,2735138513,1041700036,18729405,602,"",1.00,1.00,1.00,1.00,1.00,1.00,1.00,1.00,"",149,0.5,570,0.2,-2171,-0.6,-2644,-0.7,44005893,1.6,28384198,2.8,948618,5.3,12,2.0
"US000","5","8139","16","0","2026","1","",65860,419928,419741,421207,10120489897,4053556889,67845958,1852,"",1.00,1.00,1.00,1.00,1.00,1.00,1.00,1.00,"",469,0.7,-3040,-0.7,-3710,-0.9,-4308,-1.0,463933839,4.8,108745237,2.8,3235487,5.0,100,5.7
"US000","5","81391","17","0","2026","1","",21858,115119,114944,114837,3590208083,1292511533,19879619,2402,"",1.00,1.00,1.00,1.00,1.00,1.00,1.00,1.00,"",119,0.5,-2230,-1.9,-2584,-2.2,-2523,-2.1,31915361,0.9,-1249254,-0.1,285906,1.5,71,3.0
"US000","5","813910","18","0","2026","1","",21858,115119,114944,114837,3590208083,1292511533,19879619,2402,"",1.00,1.00,1.00,1.00,1.00,1.00,1.00,1.00,"",119,0.5,-2230,-1.9,-2584,-2.2,-2523,-2.1,31915361,0.9,-1249254,-0.1,285906,1.5,71,3.0
"US000","5","81392","17","0","2026","1","",12597,86836,86886,86780,2813552991,893171728,16957789,2492,"",1.00,1.00,1.00,1.00,1.00,1.00,1.00,1.00,"",259,2.1,-2215,-2.5,-2309,-2.6,-2217,-2.5,149836835,5.6,-4721969,-0.5,1133925,7.2,192,8.3
"US000","5","813920","18","0","2026","1","",12597,86836,86886,86780,2813552991,893171728,16957789,2492,"",1.00,1.00,1.00,1.00,1.00,1.00,1.00,1.00,"",259,2.1,-2215,-2.5,-2309,-2.6,-2217,-2.5,149836835,5.6,-4721969,-0.5,1133925,7.2,192,8.3
"US000","5","81393","17","0","2026","1","",12615,102706,102371,104677,1649131347,849524663,13713510,1229,"",1.00,1.00,1.00,1.00,1.00,1.00,1.00,1.00,"",-73,-0.6,-1011,-1.0,-1292,-1.2,-1536,-1.4,52373309,3.3,43373849,5.4,436372,3.3,54,4.6
"US000","5","813930","18","0","2026","1","",12615,102706,102371,104677,1649131347,849524663,13713510,1229,"",1.00,1.00,1.00,1.00,1.00,1.00,1.00,1.00,"",-73,-0.6,-1011,-1.0,-1292,-1.2,-1536,-1.4,52373309,3.3,43373849,5.4,436372,3.3,54,4.6
"US000","5","81394","17","0","2026","1","",3585,9839,10438,11041,221427880,103554107,2819931,1632,"",1.00,1.00,1.00,1.00,1.00,1.00,1.00,1.00,"",172,5.0,1980,25.2,2658,34.2,2928,36.1,46356771,26.5,24222021,30.5,858365,43.8,-69,-4.1
"US000","5","813940","18","0","2026","1","",3585,9839,10438,11041,221427880,103554107,2819931,1632,"",1.00,1.00,1.00,1.00,1.00,1.00,1.00,1.00,"",172,5.0,1980,25.2,2658,34.2,2928,36.1,46356771,26.5,24222021,30.5,858365,43.8,-69,-4.1
"US000","5","81399","17","0","2026","1","",15205,105428,105102,103872,1846169596,914794858,14475109,1355,"",1.00,1.00,1.00,1.00,1.00,1.00,1.00,1.00,"",-8,-0.1,436,0.4,-183,-0.2,-960,-0.9,183451563,11.0,47120590,5.4,520919,3.7,137,11.2
"US000","5","813990","18","0","2026","1","",15205,105428,105102,103872,1846169596,914794858,14475109,1355,"",1.00,1.00,1.00,1.00,1.00,1.00,1.00,1.00,"",-8,-0.1,436,0.4,-183,-0.2,-960,-0.9,183451563,11.0,47120590,5.4,520919,3.7,137,11.2
"US000","5","814","15","0","2026","1","",186272,202900,203123,203471,2271614052,1529353880,29324576,860,"",1.00,1.00,1.00,1.00,1.00,1.00,1.00,1.00,"",4279,2.4,-14,0.0,-1255,-0.6,-1255,-0.6,85700659,3.9,55082657,3.7,682733,2.4,36,4.4
"US000","5","8141","16","0","2026","1","",186272,202900,203123,203471,2271614052,1529353880,29324576,860,"",1.00,1.00,1.00,1.00,1.00,1.00,1.00,1.00,"",4279,2.4,-14,0.0,-1255,-0.6,-1255,-0.6,85700659,3.9,55082657,3.7,682733,2.4,36,4.4
"US000","5","81411","17","0","2026","1","",186272,202900,203123,203471,2271614052,1529353880,29324576,860,"",1.00,1.00,1.00,1.00,1.00,1.00,1.00,1.00,"",4279,2.4,-14,0.0,-1255,-0.6,-1255,-0.6,85700659,3.9,55082657,3.7,682733,2.4,36,4.4
"US000","5","814110","18","0","2026","1","",186272,202900,203123,203471,2271614052,1529353880,29324576,860,"",1.00,1.00,1.00,1.00,1.00,1.00,1.00,1.00,"",4279,2.4,-14,0.0,-1255,-0.6,-1255,-0.6,85700659,3.9,55082657,3.7,682733,2.4,36,4.4
"US000","5","99","14","0","2026","1","",325286,286398,309227,329328,6360797172,3331247979,88892029,1587,"",1.00,1.00,1.00,1.00,1.00,1.00,1.00,1.00,"",100200,44.5,108261,60.8,127065,69.8,146342,80.0,2747177498,76.0,1429728436,75.2,39093062,78.5,52,3.4
"US000","5","999","15","0","2026","1","",325286,286398,309227,329328,6360797172,3331247979,88892029,1587,"",1.00,1.00,1.00,1.00,1.00,1.00,1.00,1.00,"",100200,44.5,108261,60.8,127065,69.8,146342,80.0,2747177498,76.0,1429728436,75.2,39093062,78.5,52,3.4
"US000","5","9999","16","0","2026","1","",325286,286398,309227,329328,6360797172,3331247979,88892029,1587,"",1.00,1.00,1.00,1.00,1.00,1.00,1.00,1.00,"",100200,44.5,108261,60.8,127065,69.8,146342,80.0,2747177498,76.0,1429728436,75.2,39093062,78.5,52,3.4
"US000","5","99999","17","0","2026","1","",325286,286398,309227,329328,6360797172,3331247979,88892029,1587,"",1.00,1.00,1.00,1.00,1.00,1.00,1.00,1.00,"",100200,44.5,108261,60.8,127065,69.8,146342,80.0,2747177498,76.0,1429728436,75.2,39093062,78.5,52,3.4
"US000","5","999999","18","0","2026","1","",325286,286398,309227,329328,6360797172,3331247979,88892029,1587,"",1.00,1.00,1.00,1.00,1.00,1.00,1.00,1.00,"",100200,44.5,108261,60.8,127065,69.8,146342,80.0,2747177498,76.0,1429728436,75.2,39093062,78.5,52,3.4
"US000","8","10","95","0","2026","1","",305860,22567000,22731874,22768045,441255905332,16609016773,116311012,1496,"",1.00,1.00,1.00,1.00,1.00,1.00,1.00,1.00,"",-154,-0.1,-128595,-0.6,-158644,-0.7,-165812,-0.7,9898869270,2.3,365642314,2.3,10234304,9.6,43,3.0
"US000","9","10","94","0","2026","1","",12321626,151443205,151653777,152058967,3239882359732,1248591815398,21241971315,1643,"",1.00,1.00,1.00,1.00,1.00,1.00,1.00,1.00,"",419010,3.5,816181,0.5,427091,0.3,356427,0.2,130479070439,4.2,76374285110,6.5,984144571,4.9,61,3.9
